beam_y_cm,run,slice,frame,gantry_x_mm,gantry_z_mm,max_counts,exposure_us,rate_c_per_us,ratio_to_slice_best,n_sat_px,excluded_run
18.0,auto_scan-2026-07-22_19-26-20,y0018.00cm,jul22-001-tableyp000180.000mm-gantryxp000055.500mm-yp000010.000mm-zm000090.000mm-shot0000.npy,55.5,-90.0,123,64000.0,0.0019,0.918,0,False
18.0,auto_scan-2026-07-22_19-26-20,y0018.00cm,jul22-001-tableyp000180.000mm-gantryxp000060.500mm-yp000010.000mm-zm000090.000mm-shot0000.npy,60.5,-90.0,116,64000.0,0.0018,0.866,0,False
18.0,auto_scan-2026-07-22_19-26-20,y0018.00cm,jul22-001-tableyp000180.000mm-gantryxp000050.500mm-yp000010.000mm-zm000090.000mm-shot0000.npy,50.5,-90.0,115,64000.0,0.0018,0.858,0,False
18.0,auto_scan-2026-07-22_19-26-20,y0018.00cm,jul22-001-tableyp000180.000mm-gantryxp000050.500mm-yp000010.000mm-zm000086.000mm-shot0000.npy,50.5,-86.0,105,64000.0,0.0016,0.784,0,False
18.0,auto_scan-2026-07-22_19-26-20,y0018.00cm,jul22-001-tableyp000180.000mm-gantryxp000055.500mm-yp000010.000mm-zm000086.000mm-shot0000.npy,55.5,-86.0,121,64000.0,0.0019,0.903,0,False
18.0,auto_scan-2026-07-22_19-26-20,y0018.00cm,jul22-001-tableyp000180.000mm-gantryxp000060.500mm-yp000010.000mm-zm000086.000mm-shot0000.npy,60.5,-86.0,134,64000.0,0.0021,1.0,0,False
18.0,auto_scan-2026-07-22_19-26-20,y0018.00cm,jul22-001-tableyp000180.000mm-gantryxp000050.500mm-yp000010.000mm-zm000082.000mm-shot0000.npy,50.5,-82.0,120,64000.0,0.0019,0.896,0,False
18.0,auto_scan-2026-07-22_19-26-20,y0018.00cm,jul22-001-tableyp000180.000mm-gantryxp000055.500mm-yp000010.000mm-zm000082.000mm-shot0000.npy,55.5,-82.0,123,64000.0,0.0019,0.918,0,False
18.0,auto_scan-2026-07-22_19-26-20,y0018.00cm,jul22-001-tableyp000180.000mm-gantryxp000060.500mm-yp000010.000mm-zm000082.000mm-shot0000.npy,60.5,-82.0,114,64000.0,0.0018,0.851,0,False
18.0,auto_scan-2026-07-22_19-26-20,y0018.00cm,jul22-001-tableyp000180.000mm-gantryxp000050.500mm-yp000010.000mm-zm000078.000mm-shot0000.npy,50.5,-78.0,114,64000.0,0.0018,0.851,0,False
18.0,auto_scan-2026-07-22_19-26-20,y0018.00cm,jul22-001-tableyp000180.000mm-gantryxp000055.500mm-yp000010.000mm-zm000078.000mm-shot0000.npy,55.5,-78.0,110,64000.0,0.0017,0.821,0,False
18.0,auto_scan-2026-07-22_19-26-20,y0018.00cm,jul22-001-tableyp000180.000mm-gantryxp000060.500mm-yp000010.000mm-zm000078.000mm-shot0000.npy,60.5,-78.0,119,64000.0,0.0019,0.888,0,False
7.0,auto_scan-2026-07-22_19-52-49,y0007.00cm,jul22-001-tableyp000070.000mm-gantryxp000060.500mm-yp000120.000mm-zm000083.000mm-shot0000.npy,60.5,-83.0,136,82940.9,0.0016,0.805,0,False
7.0,auto_scan-2026-07-22_19-52-49,y0007.00cm,jul22-001-tableyp000070.000mm-gantryxp000055.500mm-yp000120.000mm-zm000083.000mm-shot0000.npy,55.5,-83.0,138,82940.9,0.0017,0.817,0,False
7.0,auto_scan-2026-07-22_19-52-49,y0007.00cm,jul22-001-tableyp000070.000mm-gantryxp000055.500mm-yp000120.000mm-zm000079.000mm-shot0000.npy,55.5,-79.0,143,82940.9,0.0017,0.846,0,False
7.0,auto_scan-2026-07-22_19-52-49,y0007.00cm,jul22-001-tableyp000070.000mm-gantryxp000060.500mm-yp000120.000mm-zm000079.000mm-shot0000.npy,60.5,-79.0,123,82940.9,0.0015,0.728,0,False
7.0,auto_scan-2026-07-22_19-52-49,y0007.00cm,jul22-001-tableyp000070.000mm-gantryxp000055.500mm-yp000120.000mm-zm000087.000mm-shot0000.npy,55.5,-87.0,169,82940.9,0.002,1.0,0,False
7.0,auto_scan-2026-07-22_19-52-49,y0007.00cm,jul22-001-tableyp000070.000mm-gantryxp000060.500mm-yp000120.000mm-zm000087.000mm-shot0000.npy,60.5,-87.0,146,82940.9,0.0018,0.864,0,False
7.0,auto_scan-2026-07-22_19-52-49,y0007.00cm,jul22-001-tableyp000070.000mm-gantryxp000050.500mm-yp000120.000mm-zm000087.000mm-shot0000.npy,50.5,-87.0,122,82940.9,0.0015,0.722,0,False
7.0,auto_scan-2026-07-22_19-52-49,y0007.00cm,jul22-001-tableyp000070.000mm-gantryxp000050.500mm-yp000120.000mm-zm000083.000mm-shot0000.npy,50.5,-83.0,114,82940.9,0.0014,0.675,0,False
7.0,auto_scan-2026-07-22_19-52-49,y0007.00cm,jul22-001-tableyp000070.000mm-gantryxp000050.500mm-yp000120.000mm-zm000079.000mm-shot0000.npy,50.5,-79.0,130,82940.9,0.0016,0.769,0,False
7.0,auto_scan-2026-07-22_19-52-49,y0007.00cm,jul22-001-tableyp000070.000mm-gantryxp000050.500mm-yp000120.000mm-zm000075.000mm-shot0000.npy,50.5,-75.0,111,82940.9,0.0013,0.657,0,False
7.0,auto_scan-2026-07-22_19-52-49,y0007.00cm,jul22-001-tableyp000070.000mm-gantryxp000055.500mm-yp000120.000mm-zm000075.000mm-shot0000.npy,55.5,-75.0,95,82940.9,0.0011,0.562,0,False
7.0,auto_scan-2026-07-22_19-52-49,y0007.00cm,jul22-001-tableyp000070.000mm-gantryxp000050.500mm-yp000120.000mm-zm000091.000mm-shot0000.npy,50.5,-91.0,131,82940.9,0.0016,0.775,0,False
7.0,auto_scan-2026-07-22_19-52-49,y0007.00cm,jul22-001-tableyp000070.000mm-gantryxp000055.500mm-yp000120.000mm-zm000091.000mm-shot0000.npy,55.5,-91.0,132,82940.9,0.0016,0.781,0,False
7.0,auto_scan-2026-07-22_19-52-49,y0007.00cm,jul22-001-tableyp000070.000mm-gantryxp000060.500mm-yp000120.000mm-zm000091.000mm-shot0000.npy,60.5,-91.0,117,82940.9,0.0014,0.692,0,False
7.0,auto_scan-2026-07-22_19-52-49,y0007.00cm,jul22-001-tableyp000070.000mm-gantryxp000045.500mm-yp000120.000mm-zm000091.000mm-shot0000.npy,45.5,-91.0,129,82940.9,0.0016,0.763,0,False
7.0,auto_scan-2026-07-22_19-52-49,y0007.00cm,jul22-001-tableyp000070.000mm-gantryxp000045.500mm-yp000120.000mm-zm000087.000mm-shot0000.npy,45.5,-87.0,130,82940.9,0.0016,0.769,0,False
7.0,auto_scan-2026-07-22_19-52-49,y0007.00cm,jul22-001-tableyp000070.000mm-gantryxp000045.500mm-yp000120.000mm-zm000083.000mm-shot0000.npy,45.5,-83.0,132,82940.9,0.0016,0.781,0,False
7.0,auto_scan-2026-07-22_19-52-49,y0007.00cm,jul22-001-tableyp000070.000mm-gantryxp000045.500mm-yp000120.000mm-zm000079.000mm-shot0000.npy,45.5,-79.0,121,82940.9,0.0015,0.716,0,False
8.0,auto_scan-2026-07-22_19-52-49,y0008.00cm,jul22-001-tableyp000080.000mm-gantryxp000060.500mm-yp000110.000mm-zm000091.000mm-shot0000.npy,60.5,-91.0,124,82940.9,0.0015,0.844,0,False
8.0,auto_scan-2026-07-22_19-52-49,y0008.00cm,jul22-001-tableyp000080.000mm-gantryxp000055.500mm-yp000110.000mm-zm000091.000mm-shot0000.npy,55.5,-91.0,140,82940.9,0.0017,0.952,0,False
8.0,auto_scan-2026-07-22_19-52-49,y0008.00cm,jul22-001-tableyp000080.000mm-gantryxp000055.500mm-yp000110.000mm-zm000087.000mm-shot0000.npy,55.5,-87.0,143,82940.9,0.0017,0.973,0,False
8.0,auto_scan-2026-07-22_19-52-49,y0008.00cm,jul22-001-tableyp000080.000mm-gantryxp000060.500mm-yp000110.000mm-zm000087.000mm-shot0000.npy,60.5,-87.0,133,82940.9,0.0016,0.905,0,False
8.0,auto_scan-2026-07-22_19-52-49,y0008.00cm,jul22-001-tableyp000080.000mm-gantryxp000050.500mm-yp000110.000mm-zm000091.000mm-shot0000.npy,50.5,-91.0,133,82940.9,0.0016,0.905,0,False
8.0,auto_scan-2026-07-22_19-52-49,y0008.00cm,jul22-001-tableyp000080.000mm-gantryxp000050.500mm-yp000110.000mm-zm000087.000mm-shot0000.npy,50.5,-87.0,124,82940.9,0.0015,0.844,0,False
8.0,auto_scan-2026-07-22_19-52-49,y0008.00cm,jul22-001-tableyp000080.000mm-gantryxp000050.500mm-yp000110.000mm-zm000083.000mm-shot0000.npy,50.5,-83.0,122,82940.9,0.0015,0.83,0,False
8.0,auto_scan-2026-07-22_19-52-49,y0008.00cm,jul22-001-tableyp000080.000mm-gantryxp000055.500mm-yp000110.000mm-zm000083.000mm-shot0000.npy,55.5,-83.0,139,82940.9,0.0017,0.946,0,False
8.0,auto_scan-2026-07-22_19-52-49,y0008.00cm,jul22-001-tableyp000080.000mm-gantryxp000060.500mm-yp000110.000mm-zm000083.000mm-shot0000.npy,60.5,-83.0,147,82940.9,0.0018,1.0,0,False
8.0,auto_scan-2026-07-22_19-52-49,y0008.00cm,jul22-001-tableyp000080.000mm-gantryxp000045.500mm-yp000110.000mm-zm000091.000mm-shot0000.npy,45.5,-91.0,124,82940.9,0.0015,0.844,0,False
8.0,auto_scan-2026-07-22_19-52-49,y0008.00cm,jul22-001-tableyp000080.000mm-gantryxp000045.500mm-yp000110.000mm-zm000087.000mm-shot0000.npy,45.5,-87.0,126,82940.9,0.0015,0.857,0,False
8.0,auto_scan-2026-07-22_19-52-49,y0008.00cm,jul22-001-tableyp000080.000mm-gantryxp000045.500mm-yp000110.000mm-zm000083.000mm-shot0000.npy,45.5,-83.0,128,82940.9,0.0015,0.871,0,False
8.0,auto_scan-2026-07-22_19-52-49,y0008.00cm,jul22-001-tableyp000080.000mm-gantryxp000045.500mm-yp000110.000mm-zm000079.000mm-shot0000.npy,45.5,-79.0,116,82940.9,0.0014,0.789,0,False
8.0,auto_scan-2026-07-22_19-52-49,y0008.00cm,jul22-001-tableyp000080.000mm-gantryxp000050.500mm-yp000110.000mm-zm000079.000mm-shot0000.npy,50.5,-79.0,123,82940.9,0.0015,0.837,0,False
8.0,auto_scan-2026-07-22_19-52-49,y0008.00cm,jul22-001-tableyp000080.000mm-gantryxp000055.500mm-yp000110.000mm-zm000079.000mm-shot0000.npy,55.5,-79.0,132,82940.9,0.0016,0.898,0,False
8.0,auto_scan-2026-07-22_19-52-49,y0008.00cm,jul22-001-tableyp000080.000mm-gantryxp000060.500mm-yp000110.000mm-zm000079.000mm-shot0000.npy,60.5,-79.0,132,82940.9,0.0016,0.898,0,False
8.0,auto_scan-2026-07-22_19-52-49,y0008.00cm,jul22-001-tableyp000080.000mm-gantryxp000050.500mm-yp000110.000mm-zm000075.000mm-shot0000.npy,50.5,-75.0,107,82940.9,0.0013,0.728,0,False
9.0,auto_scan-2026-07-22_19-52-49,y0009.00cm,jul22-001-tableyp000090.000mm-gantryxp000055.500mm-yp000100.000mm-zm000087.000mm-shot0000.npy,55.5,-87.0,145,82940.9,0.0017,0.973,0,False
9.0,auto_scan-2026-07-22_19-52-49,y0009.00cm,jul22-001-tableyp000090.000mm-gantryxp000060.500mm-yp000100.000mm-zm000087.000mm-shot0000.npy,60.5,-87.0,140,82940.9,0.0017,0.94,0,False
9.0,auto_scan-2026-07-22_19-52-49,y0009.00cm,jul22-001-tableyp000090.000mm-gantryxp000050.500mm-yp000100.000mm-zm000087.000mm-shot0000.npy,50.5,-87.0,128,82940.9,0.0015,0.859,0,False
9.0,auto_scan-2026-07-22_19-52-49,y0009.00cm,jul22-001-tableyp000090.000mm-gantryxp000050.500mm-yp000100.000mm-zm000083.000mm-shot0000.npy,50.5,-83.0,136,82940.9,0.0016,0.913,0,False
9.0,auto_scan-2026-07-22_19-52-49,y0009.00cm,jul22-001-tableyp000090.000mm-gantryxp000055.500mm-yp000100.000mm-zm000083.000mm-shot0000.npy,55.5,-83.0,144,82940.9,0.0017,0.966,0,False
9.0,auto_scan-2026-07-22_19-52-49,y0009.00cm,jul22-001-tableyp000090.000mm-gantryxp000060.500mm-yp000100.000mm-zm000083.000mm-shot0000.npy,60.5,-83.0,141,82940.9,0.0017,0.946,0,False
9.0,auto_scan-2026-07-22_19-52-49,y0009.00cm,jul22-001-tableyp000090.000mm-gantryxp000050.500mm-yp000100.000mm-zm000091.000mm-shot0000.npy,50.5,-91.0,136,82940.9,0.0016,0.913,0,False
9.0,auto_scan-2026-07-22_19-52-49,y0009.00cm,jul22-001-tableyp000090.000mm-gantryxp000055.500mm-yp000100.000mm-zm000091.000mm-shot0000.npy,55.5,-91.0,136,82940.9,0.0016,0.913,0,False
9.0,auto_scan-2026-07-22_19-52-49,y0009.00cm,jul22-001-tableyp000090.000mm-gantryxp000060.500mm-yp000100.000mm-zm000091.000mm-shot0000.npy,60.5,-91.0,149,82940.9,0.0018,1.0,0,False
9.0,auto_scan-2026-07-22_19-52-49,y0009.00cm,jul22-001-tableyp000090.000mm-gantryxp000045.500mm-yp000100.000mm-zm000091.000mm-shot0000.npy,45.5,-91.0,120,82940.9,0.0014,0.805,0,False
9.0,auto_scan-2026-07-22_19-52-49,y0009.00cm,jul22-001-tableyp000090.000mm-gantryxp000045.500mm-yp000100.000mm-zm000087.000mm-shot0000.npy,45.5,-87.0,120,82940.9,0.0014,0.805,0,False
9.0,auto_scan-2026-07-22_19-52-49,y0009.00cm,jul22-001-tableyp000090.000mm-gantryxp000045.500mm-yp000100.000mm-zm000083.000mm-shot0000.npy,45.5,-83.0,125,82940.9,0.0015,0.839,0,False
9.0,auto_scan-2026-07-22_19-52-49,y0009.00cm,jul22-001-tableyp000090.000mm-gantryxp000045.500mm-yp000100.000mm-zm000079.000mm-shot0000.npy,45.5,-79.0,141,82940.9,0.0017,0.946,0,False
9.0,auto_scan-2026-07-22_19-52-49,y0009.00cm,jul22-001-tableyp000090.000mm-gantryxp000050.500mm-yp000100.000mm-zm000079.000mm-shot0000.npy,50.5,-79.0,128,82940.9,0.0015,0.859,0,False
9.0,auto_scan-2026-07-22_19-52-49,y0009.00cm,jul22-001-tableyp000090.000mm-gantryxp000055.500mm-yp000100.000mm-zm000079.000mm-shot0000.npy,55.5,-79.0,143,82940.9,0.0017,0.96,0,False
9.0,auto_scan-2026-07-22_19-52-49,y0009.00cm,jul22-001-tableyp000090.000mm-gantryxp000060.500mm-yp000100.000mm-zm000079.000mm-shot0000.npy,60.5,-79.0,129,82940.9,0.0016,0.866,0,False
10.0,auto_scan-2026-07-22_19-52-49,y0010.00cm,jul22-001-tableyp000100.000mm-gantryxp000060.500mm-yp000090.000mm-zm000087.000mm-shot0000.npy,60.5,-87.0,139,82940.9,0.0017,0.952,0,False
10.0,auto_scan-2026-07-22_19-52-49,y0010.00cm,jul22-001-tableyp000100.000mm-gantryxp000055.500mm-yp000090.000mm-zm000087.000mm-shot0000.npy,55.5,-87.0,146,82940.9,0.0018,1.0,0,False
10.0,auto_scan-2026-07-22_19-52-49,y0010.00cm,jul22-001-tableyp000100.000mm-gantryxp000055.500mm-yp000090.000mm-zm000083.000mm-shot0000.npy,55.5,-83.0,136,82940.9,0.0016,0.932,0,False
10.0,auto_scan-2026-07-22_19-52-49,y0010.00cm,jul22-001-tableyp000100.000mm-gantryxp000060.500mm-yp000090.000mm-zm000083.000mm-shot0000.npy,60.5,-83.0,140,82940.9,0.0017,0.959,0,False
10.0,auto_scan-2026-07-22_19-52-49,y0010.00cm,jul22-001-tableyp000100.000mm-gantryxp000055.500mm-yp000090.000mm-zm000091.000mm-shot0000.npy,55.5,-91.0,138,82940.9,0.0017,0.945,0,False
10.0,auto_scan-2026-07-22_19-52-49,y0010.00cm,jul22-001-tableyp000100.000mm-gantryxp000060.500mm-yp000090.000mm-zm000091.000mm-shot0000.npy,60.5,-91.0,138,82940.9,0.0017,0.945,0,False
10.0,auto_scan-2026-07-22_19-52-49,y0010.00cm,jul22-001-tableyp000100.000mm-gantryxp000050.500mm-yp000090.000mm-zm000091.000mm-shot0000.npy,50.5,-91.0,144,82940.9,0.0017,0.986,0,False
10.0,auto_scan-2026-07-22_19-52-49,y0010.00cm,jul22-001-tableyp000100.000mm-gantryxp000050.500mm-yp000090.000mm-zm000087.000mm-shot0000.npy,50.5,-87.0,135,82940.9,0.0016,0.925,0,False
10.0,auto_scan-2026-07-22_19-52-49,y0010.00cm,jul22-001-tableyp000100.000mm-gantryxp000050.500mm-yp000090.000mm-zm000083.000mm-shot0000.npy,50.5,-83.0,140,82940.9,0.0017,0.959,0,False
10.0,auto_scan-2026-07-22_19-52-49,y0010.00cm,jul22-001-tableyp000100.000mm-gantryxp000050.500mm-yp000090.000mm-zm000079.000mm-shot0000.npy,50.5,-79.0,144,82940.9,0.0017,0.986,0,False
10.0,auto_scan-2026-07-22_19-52-49,y0010.00cm,jul22-001-tableyp000100.000mm-gantryxp000055.500mm-yp000090.000mm-zm000079.000mm-shot0000.npy,55.5,-79.0,141,82940.9,0.0017,0.966,0,False
10.0,auto_scan-2026-07-22_19-52-49,y0010.00cm,jul22-001-tableyp000100.000mm-gantryxp000060.500mm-yp000090.000mm-zm000079.000mm-shot0000.npy,60.5,-79.0,139,82940.9,0.0017,0.952,0,False
10.0,auto_scan-2026-07-22_19-52-49,y0010.00cm,jul22-001-tableyp000100.000mm-gantryxp000045.500mm-yp000090.000mm-zm000091.000mm-shot0000.npy,45.5,-91.0,123,82940.9,0.0015,0.842,0,False
10.0,auto_scan-2026-07-22_19-52-49,y0010.00cm,jul22-001-tableyp000100.000mm-gantryxp000045.500mm-yp000090.000mm-zm000087.000mm-shot0000.npy,45.5,-87.0,127,82940.9,0.0015,0.87,0,False
10.0,auto_scan-2026-07-22_19-52-49,y0010.00cm,jul22-001-tableyp000100.000mm-gantryxp000045.500mm-yp000090.000mm-zm000083.000mm-shot0000.npy,45.5,-83.0,143,82940.9,0.0017,0.979,0,False
10.0,auto_scan-2026-07-22_19-52-49,y0010.00cm,jul22-001-tableyp000100.000mm-gantryxp000045.500mm-yp000090.000mm-zm000079.000mm-shot0000.npy,45.5,-79.0,127,82940.9,0.0015,0.87,0,False
11.0,auto_scan-2026-07-22_19-52-49,y0011.00cm,jul22-001-tableyp000110.000mm-gantryxp000055.500mm-yp000080.000mm-zm000087.000mm-shot0000.npy,55.5,-87.0,149,82940.9,0.0018,0.98,0,False
11.0,auto_scan-2026-07-22_19-52-49,y0011.00cm,jul22-001-tableyp000110.000mm-gantryxp000060.500mm-yp000080.000mm-zm000087.000mm-shot0000.npy,60.5,-87.0,152,82940.9,0.0018,1.0,0,False
11.0,auto_scan-2026-07-22_19-52-49,y0011.00cm,jul22-001-tableyp000110.000mm-gantryxp000050.500mm-yp000080.000mm-zm000087.000mm-shot0000.npy,50.5,-87.0,137,82940.9,0.0017,0.901,0,False
11.0,auto_scan-2026-07-22_19-52-49,y0011.00cm,jul22-001-tableyp000110.000mm-gantryxp000050.500mm-yp000080.000mm-zm000083.000mm-shot0000.npy,50.5,-83.0,137,82940.9,0.0017,0.901,0,False
11.0,auto_scan-2026-07-22_19-52-49,y0011.00cm,jul22-001-tableyp000110.000mm-gantryxp000055.500mm-yp000080.000mm-zm000083.000mm-shot0000.npy,55.5,-83.0,144,82940.9,0.0017,0.947,0,False
11.0,auto_scan-2026-07-22_19-52-49,y0011.00cm,jul22-001-tableyp000110.000mm-gantryxp000060.500mm-yp000080.000mm-zm000083.000mm-shot0000.npy,60.5,-83.0,140,82940.9,0.0017,0.921,0,False
11.0,auto_scan-2026-07-22_19-52-49,y0011.00cm,jul22-001-tableyp000110.000mm-gantryxp000050.500mm-yp000080.000mm-zm000091.000mm-shot0000.npy,50.5,-91.0,141,82940.9,0.0017,0.928,0,False
11.0,auto_scan-2026-07-22_19-52-49,y0011.00cm,jul22-001-tableyp000110.000mm-gantryxp000055.500mm-yp000080.000mm-zm000091.000mm-shot0000.npy,55.5,-91.0,143,82940.9,0.0017,0.941,0,False
11.0,auto_scan-2026-07-22_19-52-49,y0011.00cm,jul22-001-tableyp000110.000mm-gantryxp000060.500mm-yp000080.000mm-zm000091.000mm-shot0000.npy,60.5,-91.0,140,82940.9,0.0017,0.921,0,False
11.0,auto_scan-2026-07-22_19-52-49,y0011.00cm,jul22-001-tableyp000110.000mm-gantryxp000045.500mm-yp000080.000mm-zm000091.000mm-shot0000.npy,45.5,-91.0,135,82940.9,0.0016,0.888,0,False
11.0,auto_scan-2026-07-22_19-52-49,y0011.00cm,jul22-001-tableyp000110.000mm-gantryxp000045.500mm-yp000080.000mm-zm000087.000mm-shot0000.npy,45.5,-87.0,138,82940.9,0.0017,0.908,0,False
11.0,auto_scan-2026-07-22_19-52-49,y0011.00cm,jul22-001-tableyp000110.000mm-gantryxp000045.500mm-yp000080.000mm-zm000083.000mm-shot0000.npy,45.5,-83.0,132,82940.9,0.0016,0.868,0,False
11.0,auto_scan-2026-07-22_19-52-49,y0011.00cm,jul22-001-tableyp000110.000mm-gantryxp000045.500mm-yp000080.000mm-zm000079.000mm-shot0000.npy,45.5,-79.0,139,82940.9,0.0017,0.914,0,False
11.0,auto_scan-2026-07-22_19-52-49,y0011.00cm,jul22-001-tableyp000110.000mm-gantryxp000050.500mm-yp000080.000mm-zm000079.000mm-shot0000.npy,50.5,-79.0,133,82940.9,0.0016,0.875,0,False
11.0,auto_scan-2026-07-22_19-52-49,y0011.00cm,jul22-001-tableyp000110.000mm-gantryxp000055.500mm-yp000080.000mm-zm000079.000mm-shot0000.npy,55.5,-79.0,140,82940.9,0.0017,0.921,0,False
11.0,auto_scan-2026-07-22_19-52-49,y0011.00cm,jul22-001-tableyp000110.000mm-gantryxp000060.500mm-yp000080.000mm-zm000079.000mm-shot0000.npy,60.5,-79.0,138,82940.9,0.0017,0.908,0,False
12.0,auto_scan-2026-07-22_19-52-49,y0012.00cm,jul22-001-tableyp000120.000mm-gantryxp000060.500mm-yp000070.000mm-zm000079.000mm-shot0000.npy,60.5,-79.0,137,82940.9,0.0017,0.792,0,False
12.0,auto_scan-2026-07-22_19-52-49,y0012.00cm,jul22-001-tableyp000120.000mm-gantryxp000055.500mm-yp000070.000mm-zm000079.000mm-shot0000.npy,55.5,-79.0,144,82940.9,0.0017,0.832,0,False
12.0,auto_scan-2026-07-22_19-52-49,y0012.00cm,jul22-001-tableyp000120.000mm-gantryxp000055.500mm-yp000070.000mm-zm000083.000mm-shot0000.npy,55.5,-83.0,132,82940.9,0.0016,0.763,0,False
12.0,auto_scan-2026-07-22_19-52-49,y0012.00cm,jul22-001-tableyp000120.000mm-gantryxp000060.500mm-yp000070.000mm-zm000083.000mm-shot0000.npy,60.5,-83.0,142,82940.9,0.0017,0.821,0,False
12.0,auto_scan-2026-07-22_19-52-49,y0012.00cm,jul22-001-tableyp000120.000mm-gantryxp000050.500mm-yp000070.000mm-zm000083.000mm-shot0000.npy,50.5,-83.0,137,82940.9,0.0017,0.792,0,False
12.0,auto_scan-2026-07-22_19-52-49,y0012.00cm,jul22-001-tableyp000120.000mm-gantryxp000050.500mm-yp000070.000mm-zm000079.000mm-shot0000.npy,50.5,-79.0,145,82940.9,0.0017,0.838,0,False
12.0,auto_scan-2026-07-22_19-52-49,y0012.00cm,jul22-001-tableyp000120.000mm-gantryxp000050.500mm-yp000070.000mm-zm000087.000mm-shot0000.npy,50.5,-87.0,155,82940.9,0.0019,0.896,0,False
12.0,auto_scan-2026-07-22_19-52-49,y0012.00cm,jul22-001-tableyp000120.000mm-gantryxp000055.500mm-yp000070.000mm-zm000087.000mm-shot0000.npy,55.5,-87.0,173,82940.9,0.0021,1.0,0,False
12.0,auto_scan-2026-07-22_19-52-49,y0012.00cm,jul22-001-tableyp000120.000mm-gantryxp000060.500mm-yp000070.000mm-zm000087.000mm-shot0000.npy,60.5,-87.0,153,82940.9,0.0018,0.884,0,False
12.0,auto_scan-2026-07-22_19-52-49,y0012.00cm,jul22-001-tableyp000120.000mm-gantryxp000045.500mm-yp000070.000mm-zm000087.000mm-shot0000.npy,45.5,-87.0,145,82940.9,0.0017,0.838,0,False
12.0,auto_scan-2026-07-22_19-52-49,y0012.00cm,jul22-001-tableyp000120.000mm-gantryxp000045.500mm-yp000070.000mm-zm000083.000mm-shot0000.npy,45.5,-83.0,141,82940.9,0.0017,0.815,0,False
12.0,auto_scan-2026-07-22_19-52-49,y0012.00cm,jul22-001-tableyp000120.000mm-gantryxp000045.500mm-yp000070.000mm-zm000079.000mm-shot0000.npy,45.5,-79.0,134,82940.9,0.0016,0.775,0,False
12.0,auto_scan-2026-07-22_19-52-49,y0012.00cm,jul22-001-tableyp000120.000mm-gantryxp000045.500mm-yp000070.000mm-zm000091.000mm-shot0000.npy,45.5,-91.0,99,82940.9,0.0012,0.572,0,False
12.0,auto_scan-2026-07-22_19-52-49,y0012.00cm,jul22-001-tableyp000120.000mm-gantryxp000050.500mm-yp000070.000mm-zm000091.000mm-shot0000.npy,50.5,-91.0,147,82940.9,0.0018,0.85,0,False
12.0,auto_scan-2026-07-22_19-52-49,y0012.00cm,jul22-001-tableyp000120.000mm-gantryxp000055.500mm-yp000070.000mm-zm000091.000mm-shot0000.npy,55.5,-91.0,144,82940.9,0.0017,0.832,0,False
12.0,auto_scan-2026-07-22_19-52-49,y0012.00cm,jul22-001-tableyp000120.000mm-gantryxp000060.500mm-yp000070.000mm-zm000091.000mm-shot0000.npy,60.5,-91.0,143,82940.9,0.0017,0.827,0,False
13.0,auto_scan-2026-07-22_19-52-49,y0013.00cm,jul22-001-tableyp000130.000mm-gantryxp000050.500mm-yp000060.000mm-zm000091.000mm-shot0000.npy,50.5,-91.0,146,82940.9,0.0018,0.88,0,False
13.0,auto_scan-2026-07-22_19-52-49,y0013.00cm,jul22-001-tableyp000130.000mm-gantryxp000055.500mm-yp000060.000mm-zm000091.000mm-shot0000.npy,55.5,-91.0,155,82940.9,0.0019,0.934,0,False
13.0,auto_scan-2026-07-22_19-52-49,y0013.00cm,jul22-001-tableyp000130.000mm-gantryxp000045.500mm-yp000060.000mm-zm000087.000mm-shot0000.npy,45.5,-87.0,132,82940.9,0.0016,0.795,0,False
13.0,auto_scan-2026-07-22_19-52-49,y0013.00cm,jul22-001-tableyp000130.000mm-gantryxp000050.500mm-yp000060.000mm-zm000087.000mm-shot0000.npy,50.5,-87.0,135,82940.9,0.0016,0.813,0,False
13.0,auto_scan-2026-07-22_19-52-49,y0013.00cm,jul22-001-tableyp000130.000mm-gantryxp000055.500mm-yp000060.000mm-zm000087.000mm-shot0000.npy,55.5,-87.0,152,82940.9,0.0018,0.916,0,False
13.0,auto_scan-2026-07-22_19-52-49,y0013.00cm,jul22-001-tableyp000130.000mm-gantryxp000060.500mm-yp000060.000mm-zm000091.000mm-shot0000.npy,60.5,-91.0,144,82940.9,0.0017,0.867,0,False
13.0,auto_scan-2026-07-22_19-52-49,y0013.00cm,jul22-001-tableyp000130.000mm-gantryxp000060.500mm-yp000060.000mm-zm000087.000mm-shot0000.npy,60.5,-87.0,147,82940.9,0.0018,0.886,0,False
13.0,auto_scan-2026-07-22_19-52-49,y0013.00cm,jul22-001-tableyp000130.000mm-gantryxp000045.500mm-yp000060.000mm-zm000083.000mm-shot0000.npy,45.5,-83.0,159,82940.9,0.0019,0.958,0,False
13.0,auto_scan-2026-07-22_19-52-49,y0013.00cm,jul22-001-tableyp000130.000mm-gantryxp000050.500mm-yp000060.000mm-zm000083.000mm-shot0000.npy,50.5,-83.0,137,82940.9,0.0017,0.825,0,False
13.0,auto_scan-2026-07-22_19-52-49,y0013.00cm,jul22-001-tableyp000130.000mm-gantryxp000055.500mm-yp000060.000mm-zm000083.000mm-shot0000.npy,55.5,-83.0,133,82940.9,0.0016,0.801,0,False
13.0,auto_scan-2026-07-22_19-52-49,y0013.00cm,jul22-001-tableyp000130.000mm-gantryxp000060.500mm-yp000060.000mm-zm000083.000mm-shot0000.npy,60.5,-83.0,148,82940.9,0.0018,0.892,0,False
13.0,auto_scan-2026-07-22_19-52-49,y0013.00cm,jul22-001-tableyp000130.000mm-gantryxp000045.500mm-yp000060.000mm-zm000079.000mm-shot0000.npy,45.5,-79.0,131,82940.9,0.0016,0.789,0,False
13.0,auto_scan-2026-07-22_19-52-49,y0013.00cm,jul22-001-tableyp000130.000mm-gantryxp000050.500mm-yp000060.000mm-zm000079.000mm-shot0000.npy,50.5,-79.0,139,82940.9,0.0017,0.837,0,False
13.0,auto_scan-2026-07-22_19-52-49,y0013.00cm,jul22-001-tableyp000130.000mm-gantryxp000055.500mm-yp000060.000mm-zm000079.000mm-shot0000.npy,55.5,-79.0,139,82940.9,0.0017,0.837,0,False
13.0,auto_scan-2026-07-22_19-52-49,y0013.00cm,jul22-001-tableyp000130.000mm-gantryxp000060.500mm-yp000060.000mm-zm000079.000mm-shot0000.npy,60.5,-79.0,166,82940.9,0.002,1.0,0,False
14.0,auto_scan-2026-07-22_19-52-49,y0014.00cm,jul22-001-tableyp000140.000mm-gantryxp000060.500mm-yp000050.000mm-zm000087.000mm-shot0000.npy,60.5,-87.0,153,82940.9,0.0018,0.939,0,False
14.0,auto_scan-2026-07-22_19-52-49,y0014.00cm,jul22-001-tableyp000140.000mm-gantryxp000055.500mm-yp000050.000mm-zm000087.000mm-shot0000.npy,55.5,-87.0,145,82940.9,0.0017,0.89,0,False
14.0,auto_scan-2026-07-22_19-52-49,y0014.00cm,jul22-001-tableyp000140.000mm-gantryxp000055.500mm-yp000050.000mm-zm000083.000mm-shot0000.npy,55.5,-83.0,135,82940.9,0.0016,0.828,0,False
14.0,auto_scan-2026-07-22_19-52-49,y0014.00cm,jul22-001-tableyp000140.000mm-gantryxp000060.500mm-yp000050.000mm-zm000083.000mm-shot0000.npy,60.5,-83.0,140,82940.9,0.0017,0.859,0,False
14.0,auto_scan-2026-07-22_19-52-49,y0014.00cm,jul22-001-tableyp000140.000mm-gantryxp000055.500mm-yp000050.000mm-zm000091.000mm-shot0000.npy,55.5,-91.0,156,82940.9,0.0019,0.957,0,False
14.0,auto_scan-2026-07-22_19-52-49,y0014.00cm,jul22-001-tableyp000140.000mm-gantryxp000060.500mm-yp000050.000mm-zm000091.000mm-shot0000.npy,60.5,-91.0,146,82940.9,0.0018,0.896,0,False
14.0,auto_scan-2026-07-22_19-52-49,y0014.00cm,jul22-001-tableyp000140.000mm-gantryxp000050.500mm-yp000050.000mm-zm000091.000mm-shot0000.npy,50.5,-91.0,163,82940.9,0.002,1.0,0,False
14.0,auto_scan-2026-07-22_19-52-49,y0014.00cm,jul22-001-tableyp000140.000mm-gantryxp000050.500mm-yp000050.000mm-zm000087.000mm-shot0000.npy,50.5,-87.0,137,82940.9,0.0017,0.84,0,False
14.0,auto_scan-2026-07-22_19-52-49,y0014.00cm,jul22-001-tableyp000140.000mm-gantryxp000050.500mm-yp000050.000mm-zm000083.000mm-shot0000.npy,50.5,-83.0,150,82940.9,0.0018,0.92,0,False
14.0,auto_scan-2026-07-22_19-52-49,y0014.00cm,jul22-001-tableyp000140.000mm-gantryxp000050.500mm-yp000050.000mm-zm000079.000mm-shot0000.npy,50.5,-79.0,139,82940.9,0.0017,0.853,0,False
14.0,auto_scan-2026-07-22_19-52-49,y0014.00cm,jul22-001-tableyp000140.000mm-gantryxp000055.500mm-yp000050.000mm-zm000079.000mm-shot0000.npy,55.5,-79.0,142,82940.9,0.0017,0.871,0,False
14.0,auto_scan-2026-07-22_19-52-49,y0014.00cm,jul22-001-tableyp000140.000mm-gantryxp000060.500mm-yp000050.000mm-zm000079.000mm-shot0000.npy,60.5,-79.0,139,82940.9,0.0017,0.853,0,False
14.0,auto_scan-2026-07-22_19-52-49,y0014.00cm,jul22-001-tableyp000140.000mm-gantryxp000045.500mm-yp000050.000mm-zm000087.000mm-shot0000.npy,45.5,-87.0,131,82940.9,0.0016,0.804,0,False
14.0,auto_scan-2026-07-22_19-52-49,y0014.00cm,jul22-001-tableyp000140.000mm-gantryxp000045.500mm-yp000050.000mm-zm000083.000mm-shot0000.npy,45.5,-83.0,134,82940.9,0.0016,0.822,0,False
14.0,auto_scan-2026-07-22_19-52-49,y0014.00cm,jul22-001-tableyp000140.000mm-gantryxp000045.500mm-yp000050.000mm-zm000079.000mm-shot0000.npy,45.5,-79.0,124,82940.9,0.0015,0.761,0,False
15.0,auto_scan-2026-07-22_19-52-49,y0015.00cm,jul22-001-tableyp000150.000mm-gantryxp000055.500mm-yp000040.000mm-zm000087.000mm-shot0000.npy,55.5,-87.0,145,82940.9,0.0017,0.912,0,False
15.0,auto_scan-2026-07-22_19-52-49,y0015.00cm,jul22-001-tableyp000150.000mm-gantryxp000060.500mm-yp000040.000mm-zm000087.000mm-shot0000.npy,60.5,-87.0,159,82940.9,0.0019,1.0,0,False
15.0,auto_scan-2026-07-22_19-52-49,y0015.00cm,jul22-001-tableyp000150.000mm-gantryxp000050.500mm-yp000040.000mm-zm000087.000mm-shot0000.npy,50.5,-87.0,136,82940.9,0.0016,0.855,0,False
15.0,auto_scan-2026-07-22_19-52-49,y0015.00cm,jul22-001-tableyp000150.000mm-gantryxp000050.500mm-yp000040.000mm-zm000083.000mm-shot0000.npy,50.5,-83.0,148,82940.9,0.0018,0.931,0,False
15.0,auto_scan-2026-07-22_19-52-49,y0015.00cm,jul22-001-tableyp000150.000mm-gantryxp000055.500mm-yp000040.000mm-zm000083.000mm-shot0000.npy,55.5,-83.0,138,82940.9,0.0017,0.868,0,False
15.0,auto_scan-2026-07-22_19-52-49,y0015.00cm,jul22-001-tableyp000150.000mm-gantryxp000060.500mm-yp000040.000mm-zm000083.000mm-shot0000.npy,60.5,-83.0,155,82940.9,0.0019,0.975,0,False
15.0,auto_scan-2026-07-22_19-52-49,y0015.00cm,jul22-001-tableyp000150.000mm-gantryxp000050.500mm-yp000040.000mm-zm000091.000mm-shot0000.npy,50.5,-91.0,155,82940.9,0.0019,0.975,0,False
15.0,auto_scan-2026-07-22_19-52-49,y0015.00cm,jul22-001-tableyp000150.000mm-gantryxp000055.500mm-yp000040.000mm-zm000091.000mm-shot0000.npy,55.5,-91.0,147,82940.9,0.0018,0.925,0,False
15.0,auto_scan-2026-07-22_19-52-49,y0015.00cm,jul22-001-tableyp000150.000mm-gantryxp000060.500mm-yp000040.000mm-zm000091.000mm-shot0000.npy,60.5,-91.0,146,82940.9,0.0018,0.918,0,False
15.0,auto_scan-2026-07-22_19-52-49,y0015.00cm,jul22-001-tableyp000150.000mm-gantryxp000045.500mm-yp000040.000mm-zm000087.000mm-shot0000.npy,45.5,-87.0,153,82940.9,0.0018,0.962,0,False
15.0,auto_scan-2026-07-22_19-52-49,y0015.00cm,jul22-001-tableyp000150.000mm-gantryxp000045.500mm-yp000040.000mm-zm000083.000mm-shot0000.npy,45.5,-83.0,133,82940.9,0.0016,0.836,0,False
15.0,auto_scan-2026-07-22_19-52-49,y0015.00cm,jul22-001-tableyp000150.000mm-gantryxp000045.500mm-yp000040.000mm-zm000079.000mm-shot0000.npy,45.5,-79.0,100,82940.9,0.0012,0.629,0,False
15.0,auto_scan-2026-07-22_19-52-49,y0015.00cm,jul22-001-tableyp000150.000mm-gantryxp000050.500mm-yp000040.000mm-zm000079.000mm-shot0000.npy,50.5,-79.0,138,82940.9,0.0017,0.868,0,False
15.0,auto_scan-2026-07-22_19-52-49,y0015.00cm,jul22-001-tableyp000150.000mm-gantryxp000055.500mm-yp000040.000mm-zm000079.000mm-shot0000.npy,55.5,-79.0,151,82940.9,0.0018,0.95,0,False
15.0,auto_scan-2026-07-22_19-52-49,y0015.00cm,jul22-001-tableyp000150.000mm-gantryxp000060.500mm-yp000040.000mm-zm000079.000mm-shot0000.npy,60.5,-79.0,141,82940.9,0.0017,0.887,0,False
16.0,auto_scan-2026-07-22_19-52-49,y0016.00cm,jul22-001-tableyp000160.000mm-gantryxp000055.500mm-yp000030.000mm-zm000079.000mm-shot0000.npy,55.5,-79.0,158,82940.9,0.0019,0.987,0,False
16.0,auto_scan-2026-07-22_19-52-49,y0016.00cm,jul22-001-tableyp000160.000mm-gantryxp000060.500mm-yp000030.000mm-zm000079.000mm-shot0000.npy,60.5,-79.0,149,82940.9,0.0018,0.931,0,False
16.0,auto_scan-2026-07-22_19-52-49,y0016.00cm,jul22-001-tableyp000160.000mm-gantryxp000050.500mm-yp000030.000mm-zm000079.000mm-shot0000.npy,50.5,-79.0,139,82940.9,0.0017,0.869,0,False
16.0,auto_scan-2026-07-22_19-52-49,y0016.00cm,jul22-001-tableyp000160.000mm-gantryxp000050.500mm-yp000030.000mm-zm000083.000mm-shot0000.npy,50.5,-83.0,136,82940.9,0.0016,0.85,0,False
16.0,auto_scan-2026-07-22_19-52-49,y0016.00cm,jul22-001-tableyp000160.000mm-gantryxp000055.500mm-yp000030.000mm-zm000083.000mm-shot0000.npy,55.5,-83.0,147,82940.9,0.0018,0.919,0,False
16.0,auto_scan-2026-07-22_19-52-49,y0016.00cm,jul22-001-tableyp000160.000mm-gantryxp000060.500mm-yp000030.000mm-zm000083.000mm-shot0000.npy,60.5,-83.0,144,82940.9,0.0017,0.9,0,False
16.0,auto_scan-2026-07-22_19-52-49,y0016.00cm,jul22-001-tableyp000160.000mm-gantryxp000045.500mm-yp000030.000mm-zm000083.000mm-shot0000.npy,45.5,-83.0,147,82940.9,0.0018,0.919,0,False
16.0,auto_scan-2026-07-22_19-52-49,y0016.00cm,jul22-001-tableyp000160.000mm-gantryxp000045.500mm-yp000030.000mm-zm000087.000mm-shot0000.npy,45.5,-87.0,143,82940.9,0.0017,0.894,0,False
16.0,auto_scan-2026-07-22_19-52-49,y0016.00cm,jul22-001-tableyp000160.000mm-gantryxp000050.500mm-yp000030.000mm-zm000087.000mm-shot0000.npy,50.5,-87.0,132,82940.9,0.0016,0.825,0,False
16.0,auto_scan-2026-07-22_19-52-49,y0016.00cm,jul22-001-tableyp000160.000mm-gantryxp000055.500mm-yp000030.000mm-zm000087.000mm-shot0000.npy,55.5,-87.0,160,82940.9,0.0019,1.0,0,False
16.0,auto_scan-2026-07-22_19-52-49,y0016.00cm,jul22-001-tableyp000160.000mm-gantryxp000060.500mm-yp000030.000mm-zm000087.000mm-shot0000.npy,60.5,-87.0,154,82940.9,0.0019,0.963,0,False
16.0,auto_scan-2026-07-22_19-52-49,y0016.00cm,jul22-001-tableyp000160.000mm-gantryxp000050.500mm-yp000030.000mm-zm000091.000mm-shot0000.npy,50.5,-91.0,156,82940.9,0.0019,0.975,0,False
16.0,auto_scan-2026-07-22_19-52-49,y0016.00cm,jul22-001-tableyp000160.000mm-gantryxp000055.500mm-yp000030.000mm-zm000091.000mm-shot0000.npy,55.5,-91.0,151,82940.9,0.0018,0.944,0,False
16.0,auto_scan-2026-07-22_19-52-49,y0016.00cm,jul22-001-tableyp000160.000mm-gantryxp000060.500mm-yp000030.000mm-zm000091.000mm-shot0000.npy,60.5,-91.0,149,82940.9,0.0018,0.931,0,False
17.0,auto_scan-2026-07-22_19-52-49,y0017.00cm,jul22-001-tableyp000170.000mm-gantryxp000050.500mm-yp000020.000mm-zm000091.000mm-shot0000.npy,50.5,-91.0,146,82940.9,0.0018,0.82,0,False
17.0,auto_scan-2026-07-22_19-52-49,y0017.00cm,jul22-001-tableyp000170.000mm-gantryxp000055.500mm-yp000020.000mm-zm000091.000mm-shot0000.npy,55.5,-91.0,151,82940.9,0.0018,0.848,0,False
17.0,auto_scan-2026-07-22_19-52-49,y0017.00cm,jul22-001-tableyp000170.000mm-gantryxp000045.500mm-yp000020.000mm-zm000087.000mm-shot0000.npy,45.5,-87.0,135,82940.9,0.0016,0.758,0,False
17.0,auto_scan-2026-07-22_19-52-49,y0017.00cm,jul22-001-tableyp000170.000mm-gantryxp000050.500mm-yp000020.000mm-zm000087.000mm-shot0000.npy,50.5,-87.0,147,82940.9,0.0018,0.826,0,False
17.0,auto_scan-2026-07-22_19-52-49,y0017.00cm,jul22-001-tableyp000170.000mm-gantryxp000055.500mm-yp000020.000mm-zm000087.000mm-shot0000.npy,55.5,-87.0,155,82940.9,0.0019,0.871,0,False
17.0,auto_scan-2026-07-22_19-52-49,y0017.00cm,jul22-001-tableyp000170.000mm-gantryxp000060.500mm-yp000020.000mm-zm000091.000mm-shot0000.npy,60.5,-91.0,155,82940.9,0.0019,0.871,0,False
17.0,auto_scan-2026-07-22_19-52-49,y0017.00cm,jul22-001-tableyp000170.000mm-gantryxp000060.500mm-yp000020.000mm-zm000087.000mm-shot0000.npy,60.5,-87.0,157,82940.9,0.0019,0.882,0,False
17.0,auto_scan-2026-07-22_19-52-49,y0017.00cm,jul22-001-tableyp000170.000mm-gantryxp000045.500mm-yp000020.000mm-zm000083.000mm-shot0000.npy,45.5,-83.0,127,82940.9,0.0015,0.713,0,False
17.0,auto_scan-2026-07-22_19-52-49,y0017.00cm,jul22-001-tableyp000170.000mm-gantryxp000050.500mm-yp000020.000mm-zm000083.000mm-shot0000.npy,50.5,-83.0,148,82940.9,0.0018,0.831,0,False
17.0,auto_scan-2026-07-22_19-52-49,y0017.00cm,jul22-001-tableyp000170.000mm-gantryxp000055.500mm-yp000020.000mm-zm000083.000mm-shot0000.npy,55.5,-83.0,146,82940.9,0.0018,0.82,0,False
17.0,auto_scan-2026-07-22_19-52-49,y0017.00cm,jul22-001-tableyp000170.000mm-gantryxp000060.500mm-yp000020.000mm-zm000083.000mm-shot0000.npy,60.5,-83.0,150,82940.9,0.0018,0.843,0,False
17.0,auto_scan-2026-07-22_19-52-49,y0017.00cm,jul22-001-tableyp000170.000mm-gantryxp000050.500mm-yp000020.000mm-zm000079.000mm-shot0000.npy,50.5,-79.0,138,82940.9,0.0017,0.775,0,False
17.0,auto_scan-2026-07-22_19-52-49,y0017.00cm,jul22-001-tableyp000170.000mm-gantryxp000055.500mm-yp000020.000mm-zm000079.000mm-shot0000.npy,55.5,-79.0,178,82940.9,0.0021,1.0,0,False
17.0,auto_scan-2026-07-22_19-52-49,y0017.00cm,jul22-001-tableyp000170.000mm-gantryxp000060.500mm-yp000020.000mm-zm000079.000mm-shot0000.npy,60.5,-79.0,144,82940.9,0.0017,0.809,0,False
18.0,auto_scan-2026-07-22_19-52-49,y0018.00cm,jul22-001-tableyp000180.000mm-gantryxp000055.500mm-yp000010.000mm-zm000095.000mm-shot0000-dark.npy,55.5,-95.0,153,403466.7,0.0004,0.6,0,False
18.0,auto_scan-2026-07-22_19-52-49,y0018.00cm,jul22-001-tableyp000180.000mm-gantryxp000060.500mm-yp000010.000mm-zm000095.000mm-shot0000-dark.npy,60.5,-95.0,153,403466.7,0.0004,0.6,0,False
18.0,auto_scan-2026-07-22_19-52-49,y0018.00cm,jul22-001-tableyp000180.000mm-gantryxp000050.500mm-yp000010.000mm-zm000095.000mm-shot0000-dark.npy,50.5,-95.0,155,403466.7,0.0004,0.608,0,False
18.0,auto_scan-2026-07-22_19-52-49,y0018.00cm,jul22-001-tableyp000180.000mm-gantryxp000050.500mm-yp000010.000mm-zm000091.000mm-shot0000.npy,50.5,-91.0,255,403466.7,0.0006,1.0,234073,False
18.0,auto_scan-2026-07-22_19-52-49,y0018.00cm,jul22-001-tableyp000180.000mm-gantryxp000055.500mm-yp000010.000mm-zm000091.000mm-shot0000.npy,55.5,-91.0,255,403466.7,0.0006,1.0,643219,False
18.0,auto_scan-2026-07-22_19-52-49,y0018.00cm,jul22-001-tableyp000180.000mm-gantryxp000060.500mm-yp000010.000mm-zm000091.000mm-shot0000.npy,60.5,-91.0,255,403466.7,0.0006,1.0,226006,False
18.0,auto_scan-2026-07-22_19-52-49,y0018.00cm,jul22-001-tableyp000180.000mm-gantryxp000065.500mm-yp000010.000mm-zm000095.000mm-shot0000-dark.npy,65.5,-95.0,150,403466.7,0.0004,0.588,0,False
18.0,auto_scan-2026-07-22_19-52-49,y0018.00cm,jul22-001-tableyp000180.000mm-gantryxp000065.500mm-yp000010.000mm-zm000091.000mm-shot0000-dark.npy,65.5,-91.0,155,403466.7,0.0004,0.608,0,False
18.0,auto_scan-2026-07-22_19-52-49,y0018.00cm,jul22-001-tableyp000180.000mm-gantryxp000045.500mm-yp000010.000mm-zm000095.000mm-shot0000-dark.npy,45.5,-95.0,151,403466.7,0.0004,0.592,0,False
18.0,auto_scan-2026-07-22_19-52-49,y0018.00cm,jul22-001-tableyp000180.000mm-gantryxp000045.500mm-yp000010.000mm-zm000091.000mm-shot0000-dark.npy,45.5,-91.0,151,403466.7,0.0004,0.592,0,False
18.0,auto_scan-2026-07-22_19-52-49,y0018.00cm,jul22-001-tableyp000180.000mm-gantryxp000045.500mm-yp000010.000mm-zm000087.000mm-shot0000.npy,45.5,-87.0,150,403466.7,0.0004,0.588,0,False
18.0,auto_scan-2026-07-22_19-52-49,y0018.00cm,jul22-001-tableyp000180.000mm-gantryxp000050.500mm-yp000010.000mm-zm000087.000mm-shot0000.npy,50.5,-87.0,255,403466.7,0.0006,1.0,532049,False
18.0,auto_scan-2026-07-22_19-52-49,y0018.00cm,jul22-001-tableyp000180.000mm-gantryxp000055.500mm-yp000010.000mm-zm000087.000mm-shot0000.npy,55.5,-87.0,255,403466.7,0.0006,1.0,465031,False
18.0,auto_scan-2026-07-22_19-52-49,y0018.00cm,jul22-001-tableyp000180.000mm-gantryxp000060.500mm-yp000010.000mm-zm000087.000mm-shot0000.npy,60.5,-87.0,255,403466.7,0.0006,1.0,663639,False
18.0,auto_scan-2026-07-22_19-52-49,y0018.00cm,jul22-001-tableyp000180.000mm-gantryxp000065.500mm-yp000010.000mm-zm000087.000mm-shot0000-dark.npy,65.5,-87.0,149,403466.7,0.0004,0.584,0,False
18.0,auto_scan-2026-07-22_19-52-49,y0018.00cm,jul22-001-tableyp000180.000mm-gantryxp000040.500mm-yp000010.000mm-zm000095.000mm-shot0000-dark.npy,40.5,-95.0,150,403466.7,0.0004,0.588,0,False
18.0,auto_scan-2026-07-22_19-52-49,y0018.00cm,jul22-001-tableyp000180.000mm-gantryxp000040.500mm-yp000010.000mm-zm000091.000mm-shot0000-dark.npy,40.5,-91.0,151,403466.7,0.0004,0.592,0,False
18.0,auto_scan-2026-07-22_19-52-49,y0018.00cm,jul22-001-tableyp000180.000mm-gantryxp000040.500mm-yp000010.000mm-zm000087.000mm-shot0000-dark.npy,40.5,-87.0,151,403466.7,0.0004,0.592,0,False
18.0,auto_scan-2026-07-22_19-52-49,y0018.00cm,jul22-001-tableyp000180.000mm-gantryxp000040.500mm-yp000010.000mm-zm000083.000mm-shot0000-dark.npy,40.5,-83.0,153,403466.7,0.0004,0.6,0,False
18.0,auto_scan-2026-07-22_19-52-49,y0018.00cm,jul22-001-tableyp000180.000mm-gantryxp000045.500mm-yp000010.000mm-zm000083.000mm-shot0000.npy,45.5,-83.0,150,403466.7,0.0004,0.588,0,False
18.0,auto_scan-2026-07-22_19-52-49,y0018.00cm,jul22-001-tableyp000180.000mm-gantryxp000050.500mm-yp000010.000mm-zm000083.000mm-shot0000.npy,50.5,-83.0,255,403466.7,0.0006,1.0,456820,False
18.0,auto_scan-2026-07-22_19-52-49,y0018.00cm,jul22-001-tableyp000180.000mm-gantryxp000055.500mm-yp000010.000mm-zm000083.000mm-shot0000.npy,55.5,-83.0,255,403466.7,0.0006,1.0,129125,False
18.0,auto_scan-2026-07-22_19-52-49,y0018.00cm,jul22-001-tableyp000180.000mm-gantryxp000060.500mm-yp000010.000mm-zm000083.000mm-shot0000.npy,60.5,-83.0,255,403466.7,0.0006,1.0,625728,False
18.0,auto_scan-2026-07-22_19-52-49,y0018.00cm,jul22-001-tableyp000180.000mm-gantryxp000065.500mm-yp000010.000mm-zm000083.000mm-shot0000-dark.npy,65.5,-83.0,153,403466.7,0.0004,0.6,0,False
18.0,auto_scan-2026-07-22_19-52-49,y0018.00cm,jul22-001-tableyp000180.000mm-gantryxp000040.500mm-yp000010.000mm-zm000079.000mm-shot0000-dark.npy,40.5,-79.0,152,403466.7,0.0004,0.596,0,False
18.0,auto_scan-2026-07-22_19-52-49,y0018.00cm,jul22-001-tableyp000180.000mm-gantryxp000045.500mm-yp000010.000mm-zm000079.000mm-shot0000-dark.npy,45.5,-79.0,151,403466.7,0.0004,0.592,0,False
18.0,auto_scan-2026-07-22_19-52-49,y0018.00cm,jul22-001-tableyp000180.000mm-gantryxp000050.500mm-yp000010.000mm-zm000079.000mm-shot0000.npy,50.5,-79.0,255,403466.7,0.0006,1.0,329529,False
18.0,auto_scan-2026-07-22_19-52-49,y0018.00cm,jul22-001-tableyp000180.000mm-gantryxp000055.500mm-yp000010.000mm-zm000079.000mm-shot0000.npy,55.5,-79.0,255,403466.7,0.0006,1.0,655041,False
18.0,auto_scan-2026-07-22_19-52-49,y0018.00cm,jul22-001-tableyp000180.000mm-gantryxp000060.500mm-yp000010.000mm-zm000079.000mm-shot0000.npy,60.5,-79.0,255,403466.7,0.0006,1.0,315504,False
18.0,auto_scan-2026-07-22_19-52-49,y0018.00cm,jul22-001-tableyp000180.000mm-gantryxp000065.500mm-yp000010.000mm-zm000079.000mm-shot0000-dark.npy,65.5,-79.0,151,403466.7,0.0004,0.592,0,False
18.0,auto_scan-2026-07-22_19-52-49,y0018.00cm,jul22-001-tableyp000180.000mm-gantryxp000040.500mm-yp000010.000mm-zm000075.000mm-shot0000-dark.npy,40.5,-75.0,149,403466.7,0.0004,0.584,0,False
18.0,auto_scan-2026-07-22_19-52-49,y0018.00cm,jul22-001-tableyp000180.000mm-gantryxp000045.500mm-yp000010.000mm-zm000075.000mm-shot0000-dark.npy,45.5,-75.0,153,403466.7,0.0004,0.6,0,False
18.0,auto_scan-2026-07-22_19-52-49,y0018.00cm,jul22-001-tableyp000180.000mm-gantryxp000050.500mm-yp000010.000mm-zm000075.000mm-shot0000-dark.npy,50.5,-75.0,151,403466.7,0.0004,0.592,0,False
18.0,auto_scan-2026-07-22_19-52-49,y0018.00cm,jul22-001-tableyp000180.000mm-gantryxp000055.500mm-yp000010.000mm-zm000075.000mm-shot0000-dark.npy,55.5,-75.0,152,403466.7,0.0004,0.596,0,False
18.0,auto_scan-2026-07-22_19-52-49,y0018.00cm,jul22-001-tableyp000180.000mm-gantryxp000060.500mm-yp000010.000mm-zm000075.000mm-shot0000-dark.npy,60.5,-75.0,150,403466.7,0.0004,0.588,0,False
18.0,auto_scan-2026-07-22_19-52-49,y0018.00cm,jul22-001-tableyp000180.000mm-gantryxp000065.500mm-yp000010.000mm-zm000075.000mm-shot0000-dark.npy,65.5,-75.0,152,403466.7,0.0004,0.596,0,False
25.0,auto_scan-2026-07-23_09-48-16,y0025.00cm,jul23-002-tableyp000250.000mm-gantryxp000060.500mm-yp000130.000mm-zm000090.000mm-shot0000-dark.npy,60.5,-90.0,148,354223.4,0.0004,0.58,0,False
25.0,auto_scan-2026-07-23_09-48-16,y0025.00cm,jul23-002-tableyp000250.000mm-gantryxp000065.500mm-yp000130.000mm-zm000090.000mm-shot0000-dark.npy,65.5,-90.0,145,354223.4,0.0004,0.569,0,False
25.0,auto_scan-2026-07-23_09-48-16,y0025.00cm,jul23-002-tableyp000250.000mm-gantryxp000055.500mm-yp000130.000mm-zm000090.000mm-shot0000-dark.npy,55.5,-90.0,147,354223.4,0.0004,0.576,0,False
25.0,auto_scan-2026-07-23_09-48-16,y0025.00cm,jul23-002-tableyp000250.000mm-gantryxp000055.500mm-yp000130.000mm-zm000086.000mm-shot0000-dark.npy,55.5,-86.0,146,354223.4,0.0004,0.573,0,False
25.0,auto_scan-2026-07-23_09-48-16,y0025.00cm,jul23-002-tableyp000250.000mm-gantryxp000060.500mm-yp000130.000mm-zm000086.000mm-shot0000-dark.npy,60.5,-86.0,146,354223.4,0.0004,0.573,0,False
25.0,auto_scan-2026-07-23_09-48-16,y0025.00cm,jul23-002-tableyp000250.000mm-gantryxp000065.500mm-yp000130.000mm-zm000086.000mm-shot0000-dark.npy,65.5,-86.0,146,354223.4,0.0004,0.573,0,False
25.0,auto_scan-2026-07-23_09-48-16,y0025.00cm,jul23-002-tableyp000250.000mm-gantryxp000055.500mm-yp000130.000mm-zm000094.000mm-shot0000-dark.npy,55.5,-94.0,148,354223.4,0.0004,0.58,0,False
25.0,auto_scan-2026-07-23_09-48-16,y0025.00cm,jul23-002-tableyp000250.000mm-gantryxp000060.500mm-yp000130.000mm-zm000094.000mm-shot0000-dark.npy,60.5,-94.0,148,354223.4,0.0004,0.58,0,False
25.0,auto_scan-2026-07-23_09-48-16,y0025.00cm,jul23-002-tableyp000250.000mm-gantryxp000065.500mm-yp000130.000mm-zm000094.000mm-shot0000-dark.npy,65.5,-94.0,150,354223.4,0.0004,0.588,0,False
25.0,auto_scan-2026-07-23_09-48-16,y0025.00cm,jul23-002-tableyp000250.000mm-gantryxp000070.500mm-yp000130.000mm-zm000094.000mm-shot0000-dark.npy,70.5,-94.0,148,354223.4,0.0004,0.58,0,False
25.0,auto_scan-2026-07-23_09-48-16,y0025.00cm,jul23-002-tableyp000250.000mm-gantryxp000070.500mm-yp000130.000mm-zm000090.000mm-shot0000-dark.npy,70.5,-90.0,147,354223.4,0.0004,0.576,0,False
25.0,auto_scan-2026-07-23_09-48-16,y0025.00cm,jul23-002-tableyp000250.000mm-gantryxp000070.500mm-yp000130.000mm-zm000086.000mm-shot0000-dark.npy,70.5,-86.0,148,354223.4,0.0004,0.58,0,False
25.0,auto_scan-2026-07-23_09-48-16,y0025.00cm,jul23-002-tableyp000250.000mm-gantryxp000050.500mm-yp000130.000mm-zm000094.000mm-shot0000-dark.npy,50.5,-94.0,147,354223.4,0.0004,0.576,0,False
25.0,auto_scan-2026-07-23_09-48-16,y0025.00cm,jul23-002-tableyp000250.000mm-gantryxp000050.500mm-yp000130.000mm-zm000090.000mm-shot0000-dark.npy,50.5,-90.0,148,354223.4,0.0004,0.58,0,False
25.0,auto_scan-2026-07-23_09-48-16,y0025.00cm,jul23-002-tableyp000250.000mm-gantryxp000050.500mm-yp000130.000mm-zm000086.000mm-shot0000.npy,50.5,-86.0,255,354223.4,0.0007,1.0,12914,False
25.0,auto_scan-2026-07-23_09-48-16,y0025.00cm,jul23-002-tableyp000250.000mm-gantryxp000050.500mm-yp000130.000mm-zm000082.000mm-shot0000.npy,50.5,-82.0,255,354223.4,0.0007,1.0,145829,False
25.0,auto_scan-2026-07-23_09-48-16,y0025.00cm,jul23-002-tableyp000250.000mm-gantryxp000055.500mm-yp000130.000mm-zm000082.000mm-shot0000.npy,55.5,-82.0,255,354223.4,0.0007,1.0,285031,False
25.0,auto_scan-2026-07-23_09-48-16,y0025.00cm,jul23-002-tableyp000250.000mm-gantryxp000060.500mm-yp000130.000mm-zm000082.000mm-shot0000.npy,60.5,-82.0,255,354223.4,0.0007,1.0,430262,False
25.0,auto_scan-2026-07-23_09-48-16,y0025.00cm,jul23-002-tableyp000250.000mm-gantryxp000065.500mm-yp000130.000mm-zm000082.000mm-shot0000.npy,65.5,-82.0,255,354223.4,0.0007,1.0,642333,False
25.0,auto_scan-2026-07-23_09-48-16,y0025.00cm,jul23-002-tableyp000250.000mm-gantryxp000070.500mm-yp000130.000mm-zm000082.000mm-shot0000-dark.npy,70.5,-82.0,146,354223.4,0.0004,0.573,0,False
25.0,auto_scan-2026-07-23_09-48-16,y0025.00cm,jul23-002-tableyp000250.000mm-gantryxp000045.500mm-yp000130.000mm-zm000094.000mm-shot0000-dark.npy,45.5,-94.0,147,354223.4,0.0004,0.576,0,False
25.0,auto_scan-2026-07-23_09-48-16,y0025.00cm,jul23-002-tableyp000250.000mm-gantryxp000045.500mm-yp000130.000mm-zm000090.000mm-shot0000-dark.npy,45.5,-90.0,149,354223.4,0.0004,0.584,0,False
25.0,auto_scan-2026-07-23_09-48-16,y0025.00cm,jul23-002-tableyp000250.000mm-gantryxp000045.500mm-yp000130.000mm-zm000086.000mm-shot0000-dark.npy,45.5,-86.0,144,354223.4,0.0004,0.565,0,False
25.0,auto_scan-2026-07-23_09-48-16,y0025.00cm,jul23-002-tableyp000250.000mm-gantryxp000045.500mm-yp000130.000mm-zm000082.000mm-shot0000-dark.npy,45.5,-82.0,147,354223.4,0.0004,0.576,0,False
25.0,auto_scan-2026-07-23_09-48-16,y0025.00cm,jul23-002-tableyp000250.000mm-gantryxp000045.500mm-yp000130.000mm-zm000078.000mm-shot0000-dark.npy,45.5,-78.0,148,354223.4,0.0004,0.58,0,False
25.0,auto_scan-2026-07-23_09-48-16,y0025.00cm,jul23-002-tableyp000250.000mm-gantryxp000050.500mm-yp000130.000mm-zm000078.000mm-shot0000.npy,50.5,-78.0,255,354223.4,0.0007,1.0,49829,False
25.0,auto_scan-2026-07-23_09-48-16,y0025.00cm,jul23-002-tableyp000250.000mm-gantryxp000055.500mm-yp000130.000mm-zm000078.000mm-shot0000.npy,55.5,-78.0,255,354223.4,0.0007,1.0,418861,False
25.0,auto_scan-2026-07-23_09-48-16,y0025.00cm,jul23-002-tableyp000250.000mm-gantryxp000060.500mm-yp000130.000mm-zm000078.000mm-shot0000.npy,60.5,-78.0,255,354223.4,0.0007,1.0,733607,False
25.0,auto_scan-2026-07-23_09-48-16,y0025.00cm,jul23-002-tableyp000250.000mm-gantryxp000065.500mm-yp000130.000mm-zm000078.000mm-shot0000.npy,65.5,-78.0,255,354223.4,0.0007,1.0,405338,False
25.0,auto_scan-2026-07-23_09-48-16,y0025.00cm,jul23-002-tableyp000250.000mm-gantryxp000070.500mm-yp000130.000mm-zm000078.000mm-shot0000-dark.npy,70.5,-78.0,148,354223.4,0.0004,0.58,0,False
25.0,auto_scan-2026-07-23_09-48-16,y0025.00cm,jul23-002-tableyp000250.000mm-gantryxp000045.500mm-yp000130.000mm-zm000074.000mm-shot0000-dark.npy,45.5,-74.0,147,354223.4,0.0004,0.576,0,False
25.0,auto_scan-2026-07-23_09-48-16,y0025.00cm,jul23-002-tableyp000250.000mm-gantryxp000050.500mm-yp000130.000mm-zm000074.000mm-shot0000-dark.npy,50.5,-74.0,149,354223.4,0.0004,0.584,0,False
25.0,auto_scan-2026-07-23_09-48-16,y0025.00cm,jul23-002-tableyp000250.000mm-gantryxp000055.500mm-yp000130.000mm-zm000074.000mm-shot0000.npy,55.5,-74.0,255,354223.4,0.0007,1.0,115151,False
25.0,auto_scan-2026-07-23_09-48-16,y0025.00cm,jul23-002-tableyp000250.000mm-gantryxp000060.500mm-yp000130.000mm-zm000074.000mm-shot0000.npy,60.5,-74.0,255,354223.4,0.0007,1.0,213165,False
25.0,auto_scan-2026-07-23_09-48-16,y0025.00cm,jul23-002-tableyp000250.000mm-gantryxp000065.500mm-yp000130.000mm-zm000074.000mm-shot0000.npy,65.5,-74.0,255,354223.4,0.0007,1.0,309,False
25.0,auto_scan-2026-07-23_09-48-16,y0025.00cm,jul23-002-tableyp000250.000mm-gantryxp000070.500mm-yp000130.000mm-zm000074.000mm-shot0000-dark.npy,70.5,-74.0,148,354223.4,0.0004,0.58,0,False
25.0,auto_scan-2026-07-23_09-48-16,y0025.00cm,jul23-002-tableyp000250.000mm-gantryxp000045.500mm-yp000130.000mm-zm000070.000mm-shot0000-dark.npy,45.5,-70.0,151,354223.4,0.0004,0.592,0,False
25.0,auto_scan-2026-07-23_09-48-16,y0025.00cm,jul23-002-tableyp000250.000mm-gantryxp000050.500mm-yp000130.000mm-zm000070.000mm-shot0000-dark.npy,50.5,-70.0,149,354223.4,0.0004,0.584,0,False
25.0,auto_scan-2026-07-23_09-48-16,y0025.00cm,jul23-002-tableyp000250.000mm-gantryxp000055.500mm-yp000130.000mm-zm000070.000mm-shot0000-dark.npy,55.5,-70.0,148,354223.4,0.0004,0.58,0,False
25.0,auto_scan-2026-07-23_09-48-16,y0025.00cm,jul23-002-tableyp000250.000mm-gantryxp000060.500mm-yp000130.000mm-zm000070.000mm-shot0000-dark.npy,60.5,-70.0,153,354223.4,0.0004,0.6,0,False
25.0,auto_scan-2026-07-23_09-48-16,y0025.00cm,jul23-002-tableyp000250.000mm-gantryxp000065.500mm-yp000130.000mm-zm000070.000mm-shot0000-dark.npy,65.5,-70.0,154,354223.4,0.0004,0.604,0,False
25.0,auto_scan-2026-07-23_09-48-16,y0025.00cm,jul23-002-tableyp000250.000mm-gantryxp000070.500mm-yp000130.000mm-zm000070.000mm-shot0000-dark.npy,70.5,-70.0,150,354223.4,0.0004,0.588,0,False
26.0,auto_scan-2026-07-23_09-48-16,y0026.00cm,jul23-002-tableyp000260.000mm-gantryxp000060.500mm-yp000120.000mm-zm000086.000mm-shot0000.npy,60.5,-86.0,112,51506.4,0.0022,0.836,0,False
26.0,auto_scan-2026-07-23_09-48-16,y0026.00cm,jul23-002-tableyp000260.000mm-gantryxp000065.500mm-yp000120.000mm-zm000086.000mm-shot0000.npy,65.5,-86.0,113,51506.4,0.0022,0.843,0,False
26.0,auto_scan-2026-07-23_09-48-16,y0026.00cm,jul23-002-tableyp000260.000mm-gantryxp000055.500mm-yp000120.000mm-zm000086.000mm-shot0000.npy,55.5,-86.0,90,51506.4,0.0017,0.672,0,False
26.0,auto_scan-2026-07-23_09-48-16,y0026.00cm,jul23-002-tableyp000260.000mm-gantryxp000055.500mm-yp000120.000mm-zm000082.000mm-shot0000.npy,55.5,-82.0,107,51506.4,0.0021,0.799,0,False
26.0,auto_scan-2026-07-23_09-48-16,y0026.00cm,jul23-002-tableyp000260.000mm-gantryxp000060.500mm-yp000120.000mm-zm000082.000mm-shot0000.npy,60.5,-82.0,106,51506.4,0.0021,0.791,0,False
26.0,auto_scan-2026-07-23_09-48-16,y0026.00cm,jul23-002-tableyp000260.000mm-gantryxp000065.500mm-yp000120.000mm-zm000082.000mm-shot0000.npy,65.5,-82.0,113,51506.4,0.0022,0.843,0,False
26.0,auto_scan-2026-07-23_09-48-16,y0026.00cm,jul23-002-tableyp000260.000mm-gantryxp000055.500mm-yp000120.000mm-zm000090.000mm-shot0000.npy,55.5,-90.0,102,51506.4,0.002,0.761,0,False
26.0,auto_scan-2026-07-23_09-48-16,y0026.00cm,jul23-002-tableyp000260.000mm-gantryxp000060.500mm-yp000120.000mm-zm000090.000mm-shot0000.npy,60.5,-90.0,134,51506.4,0.0026,1.0,0,False
26.0,auto_scan-2026-07-23_09-48-16,y0026.00cm,jul23-002-tableyp000260.000mm-gantryxp000065.500mm-yp000120.000mm-zm000090.000mm-shot0000.npy,65.5,-90.0,110,51506.4,0.0021,0.821,0,False
26.0,auto_scan-2026-07-23_09-48-16,y0026.00cm,jul23-002-tableyp000260.000mm-gantryxp000050.500mm-yp000120.000mm-zm000086.000mm-shot0000.npy,50.5,-86.0,100,51506.4,0.0019,0.746,0,False
26.0,auto_scan-2026-07-23_09-48-16,y0026.00cm,jul23-002-tableyp000260.000mm-gantryxp000050.500mm-yp000120.000mm-zm000082.000mm-shot0000.npy,50.5,-82.0,85,51506.4,0.0017,0.634,0,False
26.0,auto_scan-2026-07-23_09-48-16,y0026.00cm,jul23-002-tableyp000260.000mm-gantryxp000055.500mm-yp000120.000mm-zm000078.000mm-shot0000.npy,55.5,-78.0,92,51506.4,0.0018,0.687,0,False
26.0,auto_scan-2026-07-23_09-48-16,y0026.00cm,jul23-002-tableyp000260.000mm-gantryxp000060.500mm-yp000120.000mm-zm000078.000mm-shot0000.npy,60.5,-78.0,99,51506.4,0.0019,0.739,0,False
26.0,auto_scan-2026-07-23_09-48-16,y0026.00cm,jul23-002-tableyp000260.000mm-gantryxp000065.500mm-yp000120.000mm-zm000078.000mm-shot0000.npy,65.5,-78.0,102,51506.4,0.002,0.761,0,False
26.0,auto_scan-2026-07-23_09-48-16,y0026.00cm,jul23-002-tableyp000260.000mm-gantryxp000050.500mm-yp000120.000mm-zm000074.000mm-shot0000.npy,50.5,-74.0,92,51506.4,0.0018,0.687,0,False
26.0,auto_scan-2026-07-23_09-48-16,y0026.00cm,jul23-002-tableyp000260.000mm-gantryxp000055.500mm-yp000120.000mm-zm000074.000mm-shot0000.npy,55.5,-74.0,95,51506.4,0.0018,0.709,0,False
26.0,auto_scan-2026-07-23_09-48-16,y0026.00cm,jul23-002-tableyp000260.000mm-gantryxp000060.500mm-yp000120.000mm-zm000074.000mm-shot0000.npy,60.5,-74.0,119,51506.4,0.0023,0.888,0,False
26.0,auto_scan-2026-07-23_09-48-16,y0026.00cm,jul23-002-tableyp000260.000mm-gantryxp000065.500mm-yp000120.000mm-zm000074.000mm-shot0000.npy,65.5,-74.0,117,51506.4,0.0023,0.873,0,False
26.0,auto_scan-2026-07-23_09-48-16,y0026.00cm,jul23-002-tableyp000260.000mm-gantryxp000050.500mm-yp000120.000mm-zm000070.000mm-shot0000.npy,50.5,-70.0,84,51506.4,0.0016,0.627,0,False
26.0,auto_scan-2026-07-23_09-48-16,y0026.00cm,jul23-002-tableyp000260.000mm-gantryxp000055.500mm-yp000120.000mm-zm000070.000mm-shot0000.npy,55.5,-70.0,99,51506.4,0.0019,0.739,0,False
26.0,auto_scan-2026-07-23_09-48-16,y0026.00cm,jul23-002-tableyp000260.000mm-gantryxp000060.500mm-yp000120.000mm-zm000070.000mm-shot0000.npy,60.5,-70.0,110,51506.4,0.0021,0.821,0,False
26.0,auto_scan-2026-07-23_09-48-16,y0026.00cm,jul23-002-tableyp000260.000mm-gantryxp000065.500mm-yp000120.000mm-zm000070.000mm-shot0000.npy,65.5,-70.0,105,51506.4,0.002,0.784,0,False
27.0,auto_scan-2026-07-23_09-48-16,y0027.00cm,jul23-002-tableyp000270.000mm-gantryxp000060.500mm-yp000110.000mm-zm000086.000mm-shot0000.npy,60.5,-86.0,128,51506.4,0.0025,1.0,0,False
27.0,auto_scan-2026-07-23_09-48-16,y0027.00cm,jul23-002-tableyp000270.000mm-gantryxp000065.500mm-yp000110.000mm-zm000086.000mm-shot0000.npy,65.5,-86.0,117,51506.4,0.0023,0.914,0,False
27.0,auto_scan-2026-07-23_09-48-16,y0027.00cm,jul23-002-tableyp000270.000mm-gantryxp000055.500mm-yp000110.000mm-zm000086.000mm-shot0000.npy,55.5,-86.0,89,51506.4,0.0017,0.695,0,False
27.0,auto_scan-2026-07-23_09-48-16,y0027.00cm,jul23-002-tableyp000270.000mm-gantryxp000055.500mm-yp000110.000mm-zm000082.000mm-shot0000.npy,55.5,-82.0,105,51506.4,0.002,0.82,0,False
27.0,auto_scan-2026-07-23_09-48-16,y0027.00cm,jul23-002-tableyp000270.000mm-gantryxp000060.500mm-yp000110.000mm-zm000082.000mm-shot0000.npy,60.5,-82.0,114,51506.4,0.0022,0.891,0,False
27.0,auto_scan-2026-07-23_09-48-16,y0027.00cm,jul23-002-tableyp000270.000mm-gantryxp000065.500mm-yp000110.000mm-zm000082.000mm-shot0000.npy,65.5,-82.0,109,51506.4,0.0021,0.852,0,False
27.0,auto_scan-2026-07-23_09-48-16,y0027.00cm,jul23-002-tableyp000270.000mm-gantryxp000055.500mm-yp000110.000mm-zm000090.000mm-shot0000.npy,55.5,-90.0,100,51506.4,0.0019,0.781,0,False
27.0,auto_scan-2026-07-23_09-48-16,y0027.00cm,jul23-002-tableyp000270.000mm-gantryxp000060.500mm-yp000110.000mm-zm000090.000mm-shot0000.npy,60.5,-90.0,110,51506.4,0.0021,0.859,0,False
27.0,auto_scan-2026-07-23_09-48-16,y0027.00cm,jul23-002-tableyp000270.000mm-gantryxp000065.500mm-yp000110.000mm-zm000090.000mm-shot0000.npy,65.5,-90.0,113,51506.4,0.0022,0.883,0,False
27.0,auto_scan-2026-07-23_09-48-16,y0027.00cm,jul23-002-tableyp000270.000mm-gantryxp000050.500mm-yp000110.000mm-zm000086.000mm-shot0000.npy,50.5,-86.0,102,51506.4,0.002,0.797,0,False
27.0,auto_scan-2026-07-23_09-48-16,y0027.00cm,jul23-002-tableyp000270.000mm-gantryxp000050.500mm-yp000110.000mm-zm000082.000mm-shot0000.npy,50.5,-82.0,86,51506.4,0.0017,0.672,0,False
27.0,auto_scan-2026-07-23_09-48-16,y0027.00cm,jul23-002-tableyp000270.000mm-gantryxp000055.500mm-yp000110.000mm-zm000078.000mm-shot0000.npy,55.5,-78.0,95,51506.4,0.0018,0.742,0,False
27.0,auto_scan-2026-07-23_09-48-16,y0027.00cm,jul23-002-tableyp000270.000mm-gantryxp000060.500mm-yp000110.000mm-zm000078.000mm-shot0000.npy,60.5,-78.0,100,51506.4,0.0019,0.781,0,False
27.0,auto_scan-2026-07-23_09-48-16,y0027.00cm,jul23-002-tableyp000270.000mm-gantryxp000065.500mm-yp000110.000mm-zm000078.000mm-shot0000.npy,65.5,-78.0,101,51506.4,0.002,0.789,0,False
28.0,auto_scan-2026-07-23_09-48-16,y0028.00cm,jul23-002-tableyp000280.000mm-gantryxp000060.500mm-yp000100.000mm-zm000086.000mm-shot0000.npy,60.5,-86.0,116,51506.4,0.0023,1.0,0,False
28.0,auto_scan-2026-07-23_09-48-16,y0028.00cm,jul23-002-tableyp000280.000mm-gantryxp000065.500mm-yp000100.000mm-zm000086.000mm-shot0000.npy,65.5,-86.0,116,51506.4,0.0023,1.0,0,False
28.0,auto_scan-2026-07-23_09-48-16,y0028.00cm,jul23-002-tableyp000280.000mm-gantryxp000055.500mm-yp000100.000mm-zm000086.000mm-shot0000.npy,55.5,-86.0,87,51506.4,0.0017,0.75,0,False
28.0,auto_scan-2026-07-23_09-48-16,y0028.00cm,jul23-002-tableyp000280.000mm-gantryxp000055.500mm-yp000100.000mm-zm000082.000mm-shot0000.npy,55.5,-82.0,109,51506.4,0.0021,0.94,0,False
28.0,auto_scan-2026-07-23_09-48-16,y0028.00cm,jul23-002-tableyp000280.000mm-gantryxp000060.500mm-yp000100.000mm-zm000082.000mm-shot0000.npy,60.5,-82.0,114,51506.4,0.0022,0.983,0,False
28.0,auto_scan-2026-07-23_09-48-16,y0028.00cm,jul23-002-tableyp000280.000mm-gantryxp000065.500mm-yp000100.000mm-zm000082.000mm-shot0000.npy,65.5,-82.0,113,51506.4,0.0022,0.974,0,False
28.0,auto_scan-2026-07-23_09-48-16,y0028.00cm,jul23-002-tableyp000280.000mm-gantryxp000055.500mm-yp000100.000mm-zm000090.000mm-shot0000.npy,55.5,-90.0,98,51506.4,0.0019,0.845,0,False
28.0,auto_scan-2026-07-23_09-48-16,y0028.00cm,jul23-002-tableyp000280.000mm-gantryxp000060.500mm-yp000100.000mm-zm000090.000mm-shot0000.npy,60.5,-90.0,109,51506.4,0.0021,0.94,0,False
28.0,auto_scan-2026-07-23_09-48-16,y0028.00cm,jul23-002-tableyp000280.000mm-gantryxp000065.500mm-yp000100.000mm-zm000090.000mm-shot0000.npy,65.5,-90.0,113,51506.4,0.0022,0.974,0,False
28.0,auto_scan-2026-07-23_09-48-16,y0028.00cm,jul23-002-tableyp000280.000mm-gantryxp000050.500mm-yp000100.000mm-zm000086.000mm-shot0000.npy,50.5,-86.0,99,51506.4,0.0019,0.853,0,False
28.0,auto_scan-2026-07-23_09-48-16,y0028.00cm,jul23-002-tableyp000280.000mm-gantryxp000050.500mm-yp000100.000mm-zm000082.000mm-shot0000.npy,50.5,-82.0,88,51506.4,0.0017,0.759,0,False
28.0,auto_scan-2026-07-23_09-48-16,y0028.00cm,jul23-002-tableyp000280.000mm-gantryxp000055.500mm-yp000100.000mm-zm000078.000mm-shot0000.npy,55.5,-78.0,100,51506.4,0.0019,0.862,0,False
28.0,auto_scan-2026-07-23_09-48-16,y0028.00cm,jul23-002-tableyp000280.000mm-gantryxp000060.500mm-yp000100.000mm-zm000078.000mm-shot0000.npy,60.5,-78.0,106,51506.4,0.0021,0.914,0,False
28.0,auto_scan-2026-07-23_09-48-16,y0028.00cm,jul23-002-tableyp000280.000mm-gantryxp000065.500mm-yp000100.000mm-zm000078.000mm-shot0000.npy,65.5,-78.0,102,51506.4,0.002,0.879,0,False
29.0,auto_scan-2026-07-23_09-48-16,y0029.00cm,jul23-002-tableyp000290.000mm-gantryxp000060.500mm-yp000090.000mm-zm000086.000mm-shot0000.npy,60.5,-86.0,134,51506.4,0.0026,1.0,0,False
29.0,auto_scan-2026-07-23_09-48-16,y0029.00cm,jul23-002-tableyp000290.000mm-gantryxp000065.500mm-yp000090.000mm-zm000086.000mm-shot0000.npy,65.5,-86.0,115,51506.4,0.0022,0.858,0,False
29.0,auto_scan-2026-07-23_09-48-16,y0029.00cm,jul23-002-tableyp000290.000mm-gantryxp000055.500mm-yp000090.000mm-zm000086.000mm-shot0000.npy,55.5,-86.0,132,51506.4,0.0026,0.985,0,False
29.0,auto_scan-2026-07-23_09-48-16,y0029.00cm,jul23-002-tableyp000290.000mm-gantryxp000055.500mm-yp000090.000mm-zm000082.000mm-shot0000.npy,55.5,-82.0,110,51506.4,0.0021,0.821,0,False
29.0,auto_scan-2026-07-23_09-48-16,y0029.00cm,jul23-002-tableyp000290.000mm-gantryxp000060.500mm-yp000090.000mm-zm000082.000mm-shot0000.npy,60.5,-82.0,117,51506.4,0.0023,0.873,0,False
29.0,auto_scan-2026-07-23_09-48-16,y0029.00cm,jul23-002-tableyp000290.000mm-gantryxp000065.500mm-yp000090.000mm-zm000082.000mm-shot0000.npy,65.5,-82.0,109,51506.4,0.0021,0.813,0,False
29.0,auto_scan-2026-07-23_09-48-16,y0029.00cm,jul23-002-tableyp000290.000mm-gantryxp000055.500mm-yp000090.000mm-zm000090.000mm-shot0000.npy,55.5,-90.0,111,51506.4,0.0022,0.828,0,False
29.0,auto_scan-2026-07-23_09-48-16,y0029.00cm,jul23-002-tableyp000290.000mm-gantryxp000060.500mm-yp000090.000mm-zm000090.000mm-shot0000.npy,60.5,-90.0,110,51506.4,0.0021,0.821,0,False
29.0,auto_scan-2026-07-23_09-48-16,y0029.00cm,jul23-002-tableyp000290.000mm-gantryxp000065.500mm-yp000090.000mm-zm000090.000mm-shot0000.npy,65.5,-90.0,116,51506.4,0.0023,0.866,0,False
29.0,auto_scan-2026-07-23_09-48-16,y0029.00cm,jul23-002-tableyp000290.000mm-gantryxp000050.500mm-yp000090.000mm-zm000086.000mm-shot0000.npy,50.5,-86.0,103,51506.4,0.002,0.769,0,False
29.0,auto_scan-2026-07-23_09-48-16,y0029.00cm,jul23-002-tableyp000290.000mm-gantryxp000050.500mm-yp000090.000mm-zm000082.000mm-shot0000.npy,50.5,-82.0,86,51506.4,0.0017,0.642,0,False
29.0,auto_scan-2026-07-23_09-48-16,y0029.00cm,jul23-002-tableyp000290.000mm-gantryxp000055.500mm-yp000090.000mm-zm000078.000mm-shot0000.npy,55.5,-78.0,97,51506.4,0.0019,0.724,0,False
29.0,auto_scan-2026-07-23_09-48-16,y0029.00cm,jul23-002-tableyp000290.000mm-gantryxp000060.500mm-yp000090.000mm-zm000078.000mm-shot0000.npy,60.5,-78.0,105,51506.4,0.002,0.784,0,False
29.0,auto_scan-2026-07-23_09-48-16,y0029.00cm,jul23-002-tableyp000290.000mm-gantryxp000065.500mm-yp000090.000mm-zm000078.000mm-shot0000.npy,65.5,-78.0,107,51506.4,0.0021,0.799,0,False
30.0,auto_scan-2026-07-23_09-48-16,y0030.00cm,jul23-002-tableyp000300.000mm-gantryxp000060.500mm-yp000080.000mm-zm000086.000mm-shot0000.npy,60.5,-86.0,132,51506.4,0.0026,1.0,0,False
30.0,auto_scan-2026-07-23_09-48-16,y0030.00cm,jul23-002-tableyp000300.000mm-gantryxp000065.500mm-yp000080.000mm-zm000086.000mm-shot0000.npy,65.5,-86.0,116,51506.4,0.0023,0.879,0,False
30.0,auto_scan-2026-07-23_09-48-16,y0030.00cm,jul23-002-tableyp000300.000mm-gantryxp000055.500mm-yp000080.000mm-zm000086.000mm-shot0000.npy,55.5,-86.0,128,51506.4,0.0025,0.97,0,False
30.0,auto_scan-2026-07-23_09-48-16,y0030.00cm,jul23-002-tableyp000300.000mm-gantryxp000055.500mm-yp000080.000mm-zm000082.000mm-shot0000.npy,55.5,-82.0,108,51506.4,0.0021,0.818,0,False
30.0,auto_scan-2026-07-23_09-48-16,y0030.00cm,jul23-002-tableyp000300.000mm-gantryxp000060.500mm-yp000080.000mm-zm000082.000mm-shot0000.npy,60.5,-82.0,118,51506.4,0.0023,0.894,0,False
30.0,auto_scan-2026-07-23_09-48-16,y0030.00cm,jul23-002-tableyp000300.000mm-gantryxp000065.500mm-yp000080.000mm-zm000082.000mm-shot0000.npy,65.5,-82.0,109,51506.4,0.0021,0.826,0,False
30.0,auto_scan-2026-07-23_09-48-16,y0030.00cm,jul23-002-tableyp000300.000mm-gantryxp000055.500mm-yp000080.000mm-zm000090.000mm-shot0000.npy,55.5,-90.0,103,51506.4,0.002,0.78,0,False
30.0,auto_scan-2026-07-23_09-48-16,y0030.00cm,jul23-002-tableyp000300.000mm-gantryxp000060.500mm-yp000080.000mm-zm000090.000mm-shot0000.npy,60.5,-90.0,110,51506.4,0.0021,0.833,0,False
30.0,auto_scan-2026-07-23_09-48-16,y0030.00cm,jul23-002-tableyp000300.000mm-gantryxp000065.500mm-yp000080.000mm-zm000090.000mm-shot0000.npy,65.5,-90.0,116,51506.4,0.0023,0.879,0,False
30.0,auto_scan-2026-07-23_09-48-16,y0030.00cm,jul23-002-tableyp000300.000mm-gantryxp000050.500mm-yp000080.000mm-zm000086.000mm-shot0000.npy,50.5,-86.0,106,51506.4,0.0021,0.803,0,False
30.0,auto_scan-2026-07-23_09-48-16,y0030.00cm,jul23-002-tableyp000300.000mm-gantryxp000050.500mm-yp000080.000mm-zm000082.000mm-shot0000.npy,50.5,-82.0,87,51506.4,0.0017,0.659,0,False
30.0,auto_scan-2026-07-23_09-48-16,y0030.00cm,jul23-002-tableyp000300.000mm-gantryxp000055.500mm-yp000080.000mm-zm000078.000mm-shot0000.npy,55.5,-78.0,97,51506.4,0.0019,0.735,0,False
30.0,auto_scan-2026-07-23_09-48-16,y0030.00cm,jul23-002-tableyp000300.000mm-gantryxp000060.500mm-yp000080.000mm-zm000078.000mm-shot0000.npy,60.5,-78.0,107,51506.4,0.0021,0.811,0,False
30.0,auto_scan-2026-07-23_09-48-16,y0030.00cm,jul23-002-tableyp000300.000mm-gantryxp000065.500mm-yp000080.000mm-zm000078.000mm-shot0000.npy,65.5,-78.0,108,51506.4,0.0021,0.818,0,False
31.0,auto_scan-2026-07-23_09-48-16,y0031.00cm,jul23-002-tableyp000310.000mm-gantryxp000060.500mm-yp000070.000mm-zm000086.000mm-shot0000.npy,60.5,-86.0,156,51506.4,0.003,1.0,0,False
31.0,auto_scan-2026-07-23_09-48-16,y0031.00cm,jul23-002-tableyp000310.000mm-gantryxp000065.500mm-yp000070.000mm-zm000086.000mm-shot0000.npy,65.5,-86.0,126,51506.4,0.0024,0.808,0,False
31.0,auto_scan-2026-07-23_09-48-16,y0031.00cm,jul23-002-tableyp000310.000mm-gantryxp000055.500mm-yp000070.000mm-zm000086.000mm-shot0000.npy,55.5,-86.0,154,51506.4,0.003,0.987,0,False
31.0,auto_scan-2026-07-23_09-48-16,y0031.00cm,jul23-002-tableyp000310.000mm-gantryxp000055.500mm-yp000070.000mm-zm000082.000mm-shot0000.npy,55.5,-82.0,105,51506.4,0.002,0.673,0,False
31.0,auto_scan-2026-07-23_09-48-16,y0031.00cm,jul23-002-tableyp000310.000mm-gantryxp000060.500mm-yp000070.000mm-zm000082.000mm-shot0000.npy,60.5,-82.0,108,51506.4,0.0021,0.692,0,False
31.0,auto_scan-2026-07-23_09-48-16,y0031.00cm,jul23-002-tableyp000310.000mm-gantryxp000065.500mm-yp000070.000mm-zm000082.000mm-shot0000.npy,65.5,-82.0,112,51506.4,0.0022,0.718,0,False
31.0,auto_scan-2026-07-23_09-48-16,y0031.00cm,jul23-002-tableyp000310.000mm-gantryxp000055.500mm-yp000070.000mm-zm000090.000mm-shot0000.npy,55.5,-90.0,106,51506.4,0.0021,0.679,0,False
31.0,auto_scan-2026-07-23_09-48-16,y0031.00cm,jul23-002-tableyp000310.000mm-gantryxp000060.500mm-yp000070.000mm-zm000090.000mm-shot0000.npy,60.5,-90.0,111,51506.4,0.0022,0.712,0,False
31.0,auto_scan-2026-07-23_09-48-16,y0031.00cm,jul23-002-tableyp000310.000mm-gantryxp000065.500mm-yp000070.000mm-zm000090.000mm-shot0000.npy,65.5,-90.0,117,51506.4,0.0023,0.75,0,False
31.0,auto_scan-2026-07-23_09-48-16,y0031.00cm,jul23-002-tableyp000310.000mm-gantryxp000050.500mm-yp000070.000mm-zm000086.000mm-shot0000.npy,50.5,-86.0,102,51506.4,0.002,0.654,0,False
31.0,auto_scan-2026-07-23_09-48-16,y0031.00cm,jul23-002-tableyp000310.000mm-gantryxp000050.500mm-yp000070.000mm-zm000082.000mm-shot0000.npy,50.5,-82.0,92,51506.4,0.0018,0.59,0,False
31.0,auto_scan-2026-07-23_09-48-16,y0031.00cm,jul23-002-tableyp000310.000mm-gantryxp000055.500mm-yp000070.000mm-zm000078.000mm-shot0000.npy,55.5,-78.0,100,51506.4,0.0019,0.641,0,False
31.0,auto_scan-2026-07-23_09-48-16,y0031.00cm,jul23-002-tableyp000310.000mm-gantryxp000060.500mm-yp000070.000mm-zm000078.000mm-shot0000.npy,60.5,-78.0,123,51506.4,0.0024,0.788,0,False
31.0,auto_scan-2026-07-23_09-48-16,y0031.00cm,jul23-002-tableyp000310.000mm-gantryxp000065.500mm-yp000070.000mm-zm000078.000mm-shot0000.npy,65.5,-78.0,106,51506.4,0.0021,0.679,0,False
32.0,auto_scan-2026-07-23_09-48-16,y0032.00cm,jul23-002-tableyp000320.000mm-gantryxp000055.500mm-yp000060.000mm-zm000086.000mm-shot0000.npy,55.5,-86.0,141,51506.4,0.0027,0.916,0,False
32.0,auto_scan-2026-07-23_09-48-16,y0032.00cm,jul23-002-tableyp000320.000mm-gantryxp000060.500mm-yp000060.000mm-zm000086.000mm-shot0000.npy,60.5,-86.0,154,51506.4,0.003,1.0,0,False
32.0,auto_scan-2026-07-23_09-48-16,y0032.00cm,jul23-002-tableyp000320.000mm-gantryxp000050.500mm-yp000060.000mm-zm000086.000mm-shot0000.npy,50.5,-86.0,105,51506.4,0.002,0.682,0,False
32.0,auto_scan-2026-07-23_09-48-16,y0032.00cm,jul23-002-tableyp000320.000mm-gantryxp000050.500mm-yp000060.000mm-zm000082.000mm-shot0000.npy,50.5,-82.0,89,51506.4,0.0017,0.578,0,False
32.0,auto_scan-2026-07-23_09-48-16,y0032.00cm,jul23-002-tableyp000320.000mm-gantryxp000055.500mm-yp000060.000mm-zm000082.000mm-shot0000.npy,55.5,-82.0,110,51506.4,0.0021,0.714,0,False
32.0,auto_scan-2026-07-23_09-48-16,y0032.00cm,jul23-002-tableyp000320.000mm-gantryxp000060.500mm-yp000060.000mm-zm000082.000mm-shot0000.npy,60.5,-82.0,114,51506.4,0.0022,0.74,0,False
32.0,auto_scan-2026-07-23_09-48-16,y0032.00cm,jul23-002-tableyp000320.000mm-gantryxp000055.500mm-yp000060.000mm-zm000090.000mm-shot0000.npy,55.5,-90.0,109,51506.4,0.0021,0.708,0,False
32.0,auto_scan-2026-07-23_09-48-16,y0032.00cm,jul23-002-tableyp000320.000mm-gantryxp000060.500mm-yp000060.000mm-zm000090.000mm-shot0000.npy,60.5,-90.0,114,51506.4,0.0022,0.74,0,False
32.0,auto_scan-2026-07-23_09-48-16,y0032.00cm,jul23-002-tableyp000320.000mm-gantryxp000065.500mm-yp000060.000mm-zm000090.000mm-shot0000.npy,65.5,-90.0,115,51506.4,0.0022,0.747,0,False
32.0,auto_scan-2026-07-23_09-48-16,y0032.00cm,jul23-002-tableyp000320.000mm-gantryxp000065.500mm-yp000060.000mm-zm000086.000mm-shot0000.npy,65.5,-86.0,126,51506.4,0.0024,0.818,0,False
32.0,auto_scan-2026-07-23_09-48-16,y0032.00cm,jul23-002-tableyp000320.000mm-gantryxp000065.500mm-yp000060.000mm-zm000082.000mm-shot0000.npy,65.5,-82.0,129,51506.4,0.0025,0.838,0,False
32.0,auto_scan-2026-07-23_09-48-16,y0032.00cm,jul23-002-tableyp000320.000mm-gantryxp000055.500mm-yp000060.000mm-zm000078.000mm-shot0000.npy,55.5,-78.0,101,51506.4,0.002,0.656,0,False
32.0,auto_scan-2026-07-23_09-48-16,y0032.00cm,jul23-002-tableyp000320.000mm-gantryxp000060.500mm-yp000060.000mm-zm000078.000mm-shot0000.npy,60.5,-78.0,123,51506.4,0.0024,0.799,0,False
32.0,auto_scan-2026-07-23_09-48-16,y0032.00cm,jul23-002-tableyp000320.000mm-gantryxp000065.500mm-yp000060.000mm-zm000078.000mm-shot0000.npy,65.5,-78.0,108,51506.4,0.0021,0.701,0,False
33.0,auto_scan-2026-07-23_09-48-16,y0033.00cm,jul23-002-tableyp000330.000mm-gantryxp000060.500mm-yp000050.000mm-zm000082.000mm-shot0000.npy,60.5,-82.0,126,51506.4,0.0024,0.92,0,False
33.0,auto_scan-2026-07-23_09-48-16,y0033.00cm,jul23-002-tableyp000330.000mm-gantryxp000065.500mm-yp000050.000mm-zm000082.000mm-shot0000.npy,65.5,-82.0,117,51506.4,0.0023,0.854,0,False
33.0,auto_scan-2026-07-23_09-48-16,y0033.00cm,jul23-002-tableyp000330.000mm-gantryxp000055.500mm-yp000050.000mm-zm000082.000mm-shot0000.npy,55.5,-82.0,115,51506.4,0.0022,0.839,0,False
33.0,auto_scan-2026-07-23_09-48-16,y0033.00cm,jul23-002-tableyp000330.000mm-gantryxp000055.500mm-yp000050.000mm-zm000078.000mm-shot0000.npy,55.5,-78.0,96,51506.4,0.0019,0.701,0,False
33.0,auto_scan-2026-07-23_09-48-16,y0033.00cm,jul23-002-tableyp000330.000mm-gantryxp000060.500mm-yp000050.000mm-zm000078.000mm-shot0000.npy,60.5,-78.0,126,51506.4,0.0024,0.92,0,False
33.0,auto_scan-2026-07-23_09-48-16,y0033.00cm,jul23-002-tableyp000330.000mm-gantryxp000065.500mm-yp000050.000mm-zm000078.000mm-shot0000.npy,65.5,-78.0,98,51506.4,0.0019,0.715,0,False
33.0,auto_scan-2026-07-23_09-48-16,y0033.00cm,jul23-002-tableyp000330.000mm-gantryxp000055.500mm-yp000050.000mm-zm000086.000mm-shot0000.npy,55.5,-86.0,137,51506.4,0.0027,1.0,0,False
33.0,auto_scan-2026-07-23_09-48-16,y0033.00cm,jul23-002-tableyp000330.000mm-gantryxp000060.500mm-yp000050.000mm-zm000086.000mm-shot0000.npy,60.5,-86.0,130,51506.4,0.0025,0.949,0,False
33.0,auto_scan-2026-07-23_09-48-16,y0033.00cm,jul23-002-tableyp000330.000mm-gantryxp000065.500mm-yp000050.000mm-zm000086.000mm-shot0000.npy,65.5,-86.0,127,51506.4,0.0025,0.927,0,False
33.0,auto_scan-2026-07-23_09-48-16,y0033.00cm,jul23-002-tableyp000330.000mm-gantryxp000050.500mm-yp000050.000mm-zm000086.000mm-shot0000.npy,50.5,-86.0,101,51506.4,0.002,0.737,0,False
33.0,auto_scan-2026-07-23_09-48-16,y0033.00cm,jul23-002-tableyp000330.000mm-gantryxp000050.500mm-yp000050.000mm-zm000082.000mm-shot0000.npy,50.5,-82.0,92,51506.4,0.0018,0.672,0,False
33.0,auto_scan-2026-07-23_09-48-16,y0033.00cm,jul23-002-tableyp000330.000mm-gantryxp000055.500mm-yp000050.000mm-zm000090.000mm-shot0000.npy,55.5,-90.0,110,51506.4,0.0021,0.803,0,False
33.0,auto_scan-2026-07-23_09-48-16,y0033.00cm,jul23-002-tableyp000330.000mm-gantryxp000060.500mm-yp000050.000mm-zm000090.000mm-shot0000.npy,60.5,-90.0,119,51506.4,0.0023,0.869,0,False
33.0,auto_scan-2026-07-23_09-48-16,y0033.00cm,jul23-002-tableyp000330.000mm-gantryxp000065.500mm-yp000050.000mm-zm000090.000mm-shot0000.npy,65.5,-90.0,118,51506.4,0.0023,0.861,0,False
34.0,auto_scan-2026-07-23_09-48-16,y0034.00cm,jul23-002-tableyp000340.000mm-gantryxp000060.500mm-yp000040.000mm-zm000082.000mm-shot0000.npy,60.5,-82.0,154,51506.4,0.003,1.0,0,False
34.0,auto_scan-2026-07-23_09-48-16,y0034.00cm,jul23-002-tableyp000340.000mm-gantryxp000065.500mm-yp000040.000mm-zm000082.000mm-shot0000.npy,65.5,-82.0,118,51506.4,0.0023,0.766,0,False
34.0,auto_scan-2026-07-23_09-48-16,y0034.00cm,jul23-002-tableyp000340.000mm-gantryxp000055.500mm-yp000040.000mm-zm000082.000mm-shot0000.npy,55.5,-82.0,153,51506.4,0.003,0.994,0,False
34.0,auto_scan-2026-07-23_09-48-16,y0034.00cm,jul23-002-tableyp000340.000mm-gantryxp000055.500mm-yp000040.000mm-zm000078.000mm-shot0000.npy,55.5,-78.0,114,51506.4,0.0022,0.74,0,False
34.0,auto_scan-2026-07-23_09-48-16,y0034.00cm,jul23-002-tableyp000340.000mm-gantryxp000060.500mm-yp000040.000mm-zm000078.000mm-shot0000.npy,60.5,-78.0,109,51506.4,0.0021,0.708,0,False
34.0,auto_scan-2026-07-23_09-48-16,y0034.00cm,jul23-002-tableyp000340.000mm-gantryxp000065.500mm-yp000040.000mm-zm000078.000mm-shot0000.npy,65.5,-78.0,108,51506.4,0.0021,0.701,0,False
34.0,auto_scan-2026-07-23_09-48-16,y0034.00cm,jul23-002-tableyp000340.000mm-gantryxp000055.500mm-yp000040.000mm-zm000086.000mm-shot0000.npy,55.5,-86.0,153,51506.4,0.003,0.994,0,False
34.0,auto_scan-2026-07-23_09-48-16,y0034.00cm,jul23-002-tableyp000340.000mm-gantryxp000060.500mm-yp000040.000mm-zm000086.000mm-shot0000.npy,60.5,-86.0,153,51506.4,0.003,0.994,0,False
34.0,auto_scan-2026-07-23_09-48-16,y0034.00cm,jul23-002-tableyp000340.000mm-gantryxp000065.500mm-yp000040.000mm-zm000086.000mm-shot0000.npy,65.5,-86.0,121,51506.4,0.0023,0.786,0,False
34.0,auto_scan-2026-07-23_09-48-16,y0034.00cm,jul23-002-tableyp000340.000mm-gantryxp000050.500mm-yp000040.000mm-zm000086.000mm-shot0000.npy,50.5,-86.0,104,51506.4,0.002,0.675,0,False
34.0,auto_scan-2026-07-23_09-48-16,y0034.00cm,jul23-002-tableyp000340.000mm-gantryxp000050.500mm-yp000040.000mm-zm000082.000mm-shot0000.npy,50.5,-82.0,92,51506.4,0.0018,0.597,0,False
34.0,auto_scan-2026-07-23_09-48-16,y0034.00cm,jul23-002-tableyp000340.000mm-gantryxp000055.500mm-yp000040.000mm-zm000090.000mm-shot0000.npy,55.5,-90.0,105,51506.4,0.002,0.682,0,False
34.0,auto_scan-2026-07-23_09-48-16,y0034.00cm,jul23-002-tableyp000340.000mm-gantryxp000060.500mm-yp000040.000mm-zm000090.000mm-shot0000.npy,60.5,-90.0,127,51506.4,0.0025,0.825,0,False
34.0,auto_scan-2026-07-23_09-48-16,y0034.00cm,jul23-002-tableyp000340.000mm-gantryxp000065.500mm-yp000040.000mm-zm000090.000mm-shot0000.npy,65.5,-90.0,120,51506.4,0.0023,0.779,0,False
35.0,auto_scan-2026-07-23_09-48-16,y0035.00cm,jul23-002-tableyp000350.000mm-gantryxp000060.500mm-yp000030.000mm-zm000086.000mm-shot0000.npy,60.5,-86.0,156,51506.4,0.003,0.963,0,False
35.0,auto_scan-2026-07-23_09-48-16,y0035.00cm,jul23-002-tableyp000350.000mm-gantryxp000065.500mm-yp000030.000mm-zm000086.000mm-shot0000.npy,65.5,-86.0,124,51506.4,0.0024,0.765,0,False
35.0,auto_scan-2026-07-23_09-48-16,y0035.00cm,jul23-002-tableyp000350.000mm-gantryxp000055.500mm-yp000030.000mm-zm000086.000mm-shot0000.npy,55.5,-86.0,157,51506.4,0.003,0.969,0,False
35.0,auto_scan-2026-07-23_09-48-16,y0035.00cm,jul23-002-tableyp000350.000mm-gantryxp000055.500mm-yp000030.000mm-zm000082.000mm-shot0000.npy,55.5,-82.0,150,51506.4,0.0029,0.926,0,False
35.0,auto_scan-2026-07-23_09-48-16,y0035.00cm,jul23-002-tableyp000350.000mm-gantryxp000060.500mm-yp000030.000mm-zm000082.000mm-shot0000.npy,60.5,-82.0,162,51506.4,0.0031,1.0,0,False
35.0,auto_scan-2026-07-23_09-48-16,y0035.00cm,jul23-002-tableyp000350.000mm-gantryxp000065.500mm-yp000030.000mm-zm000082.000mm-shot0000.npy,65.5,-82.0,122,51506.4,0.0024,0.753,0,False
35.0,auto_scan-2026-07-23_09-48-16,y0035.00cm,jul23-002-tableyp000350.000mm-gantryxp000055.500mm-yp000030.000mm-zm000090.000mm-shot0000.npy,55.5,-90.0,107,51506.4,0.0021,0.66,0,False
35.0,auto_scan-2026-07-23_09-48-16,y0035.00cm,jul23-002-tableyp000350.000mm-gantryxp000060.500mm-yp000030.000mm-zm000090.000mm-shot0000.npy,60.5,-90.0,116,51506.4,0.0023,0.716,0,False
35.0,auto_scan-2026-07-23_09-48-16,y0035.00cm,jul23-002-tableyp000350.000mm-gantryxp000065.500mm-yp000030.000mm-zm000090.000mm-shot0000.npy,65.5,-90.0,119,51506.4,0.0023,0.735,0,False
35.0,auto_scan-2026-07-23_09-48-16,y0035.00cm,jul23-002-tableyp000350.000mm-gantryxp000050.500mm-yp000030.000mm-zm000086.000mm-shot0000.npy,50.5,-86.0,103,51506.4,0.002,0.636,0,False
35.0,auto_scan-2026-07-23_09-48-16,y0035.00cm,jul23-002-tableyp000350.000mm-gantryxp000050.500mm-yp000030.000mm-zm000082.000mm-shot0000.npy,50.5,-82.0,110,51506.4,0.0021,0.679,0,False
35.0,auto_scan-2026-07-23_09-48-16,y0035.00cm,jul23-002-tableyp000350.000mm-gantryxp000055.500mm-yp000030.000mm-zm000078.000mm-shot0000.npy,55.5,-78.0,116,51506.4,0.0023,0.716,0,False
35.0,auto_scan-2026-07-23_09-48-16,y0035.00cm,jul23-002-tableyp000350.000mm-gantryxp000060.500mm-yp000030.000mm-zm000078.000mm-shot0000.npy,60.5,-78.0,110,51506.4,0.0021,0.679,0,False
35.0,auto_scan-2026-07-23_09-48-16,y0035.00cm,jul23-002-tableyp000350.000mm-gantryxp000065.500mm-yp000030.000mm-zm000078.000mm-shot0000.npy,65.5,-78.0,114,51506.4,0.0022,0.704,0,False
36.0,auto_scan-2026-07-23_09-48-16,y0036.00cm,jul23-002-tableyp000360.000mm-gantryxp000060.500mm-yp000020.000mm-zm000082.000mm-shot0000.npy,60.5,-82.0,145,51506.4,0.0028,0.935,0,False
36.0,auto_scan-2026-07-23_09-48-16,y0036.00cm,jul23-002-tableyp000360.000mm-gantryxp000065.500mm-yp000020.000mm-zm000082.000mm-shot0000.npy,65.5,-82.0,121,51506.4,0.0023,0.781,0,False
36.0,auto_scan-2026-07-23_09-48-16,y0036.00cm,jul23-002-tableyp000360.000mm-gantryxp000055.500mm-yp000020.000mm-zm000082.000mm-shot0000.npy,55.5,-82.0,154,51506.4,0.003,0.994,0,False
36.0,auto_scan-2026-07-23_09-48-16,y0036.00cm,jul23-002-tableyp000360.000mm-gantryxp000055.500mm-yp000020.000mm-zm000078.000mm-shot0000.npy,55.5,-78.0,118,51506.4,0.0023,0.761,0,False
36.0,auto_scan-2026-07-23_09-48-16,y0036.00cm,jul23-002-tableyp000360.000mm-gantryxp000060.500mm-yp000020.000mm-zm000078.000mm-shot0000.npy,60.5,-78.0,104,51506.4,0.002,0.671,0,False
36.0,auto_scan-2026-07-23_09-48-16,y0036.00cm,jul23-002-tableyp000360.000mm-gantryxp000065.500mm-yp000020.000mm-zm000078.000mm-shot0000.npy,65.5,-78.0,110,51506.4,0.0021,0.71,0,False
36.0,auto_scan-2026-07-23_09-48-16,y0036.00cm,jul23-002-tableyp000360.000mm-gantryxp000055.500mm-yp000020.000mm-zm000086.000mm-shot0000.npy,55.5,-86.0,144,51506.4,0.0028,0.929,0,False
36.0,auto_scan-2026-07-23_09-48-16,y0036.00cm,jul23-002-tableyp000360.000mm-gantryxp000060.500mm-yp000020.000mm-zm000086.000mm-shot0000.npy,60.5,-86.0,155,51506.4,0.003,1.0,0,False
36.0,auto_scan-2026-07-23_09-48-16,y0036.00cm,jul23-002-tableyp000360.000mm-gantryxp000065.500mm-yp000020.000mm-zm000086.000mm-shot0000.npy,65.5,-86.0,118,51506.4,0.0023,0.761,0,False
36.0,auto_scan-2026-07-23_09-48-16,y0036.00cm,jul23-002-tableyp000360.000mm-gantryxp000050.500mm-yp000020.000mm-zm000086.000mm-shot0000.npy,50.5,-86.0,96,51506.4,0.0019,0.619,0,False
36.0,auto_scan-2026-07-23_09-48-16,y0036.00cm,jul23-002-tableyp000360.000mm-gantryxp000050.500mm-yp000020.000mm-zm000082.000mm-shot0000.npy,50.5,-82.0,104,51506.4,0.002,0.671,0,False
36.0,auto_scan-2026-07-23_09-48-16,y0036.00cm,jul23-002-tableyp000360.000mm-gantryxp000055.500mm-yp000020.000mm-zm000090.000mm-shot0000.npy,55.5,-90.0,105,51506.4,0.002,0.677,0,False
36.0,auto_scan-2026-07-23_09-48-16,y0036.00cm,jul23-002-tableyp000360.000mm-gantryxp000060.500mm-yp000020.000mm-zm000090.000mm-shot0000.npy,60.5,-90.0,128,51506.4,0.0025,0.826,0,False
36.0,auto_scan-2026-07-23_09-48-16,y0036.00cm,jul23-002-tableyp000360.000mm-gantryxp000065.500mm-yp000020.000mm-zm000090.000mm-shot0000.npy,65.5,-90.0,134,51506.4,0.0026,0.865,0,False
37.0,auto_scan-2026-07-23_09-48-16,y0037.00cm,jul23-002-tableyp000370.000mm-gantryxp000055.500mm-yp000010.000mm-zm000090.000mm-shot0000.npy,55.5,-90.0,130,64000.0,0.002,0.722,0,False
37.0,auto_scan-2026-07-23_09-48-16,y0037.00cm,jul23-002-tableyp000370.000mm-gantryxp000060.500mm-yp000010.000mm-zm000090.000mm-shot0000.npy,60.5,-90.0,159,64000.0,0.0025,0.883,0,False
37.0,auto_scan-2026-07-23_09-48-16,y0037.00cm,jul23-002-tableyp000370.000mm-gantryxp000050.500mm-yp000010.000mm-zm000086.000mm-shot0000.npy,50.5,-86.0,122,64000.0,0.0019,0.678,0,False
37.0,auto_scan-2026-07-23_09-48-16,y0037.00cm,jul23-002-tableyp000370.000mm-gantryxp000055.500mm-yp000010.000mm-zm000086.000mm-shot0000.npy,55.5,-86.0,178,64000.0,0.0028,0.989,0,False
37.0,auto_scan-2026-07-23_09-48-16,y0037.00cm,jul23-002-tableyp000370.000mm-gantryxp000060.500mm-yp000010.000mm-zm000086.000mm-shot0000.npy,60.5,-86.0,175,64000.0,0.0027,0.972,0,False
37.0,auto_scan-2026-07-23_09-48-16,y0037.00cm,jul23-002-tableyp000370.000mm-gantryxp000065.500mm-yp000010.000mm-zm000090.000mm-shot0000.npy,65.5,-90.0,155,64000.0,0.0024,0.861,0,False
37.0,auto_scan-2026-07-23_09-48-16,y0037.00cm,jul23-002-tableyp000370.000mm-gantryxp000065.500mm-yp000010.000mm-zm000086.000mm-shot0000.npy,65.5,-86.0,149,64000.0,0.0023,0.828,0,False
37.0,auto_scan-2026-07-23_09-48-16,y0037.00cm,jul23-002-tableyp000370.000mm-gantryxp000050.500mm-yp000010.000mm-zm000082.000mm-shot0000.npy,50.5,-82.0,123,64000.0,0.0019,0.683,0,False
37.0,auto_scan-2026-07-23_09-48-16,y0037.00cm,jul23-002-tableyp000370.000mm-gantryxp000055.500mm-yp000010.000mm-zm000082.000mm-shot0000.npy,55.5,-82.0,174,64000.0,0.0027,0.967,0,False
37.0,auto_scan-2026-07-23_09-48-16,y0037.00cm,jul23-002-tableyp000370.000mm-gantryxp000060.500mm-yp000010.000mm-zm000082.000mm-shot0000.npy,60.5,-82.0,180,64000.0,0.0028,1.0,0,False
37.0,auto_scan-2026-07-23_09-48-16,y0037.00cm,jul23-002-tableyp000370.000mm-gantryxp000065.500mm-yp000010.000mm-zm000082.000mm-shot0000.npy,65.5,-82.0,163,64000.0,0.0025,0.906,0,False
37.0,auto_scan-2026-07-23_09-48-16,y0037.00cm,jul23-002-tableyp000370.000mm-gantryxp000055.500mm-yp000010.000mm-zm000078.000mm-shot0000.npy,55.5,-78.0,141,64000.0,0.0022,0.783,0,False
37.0,auto_scan-2026-07-23_09-48-16,y0037.00cm,jul23-002-tableyp000370.000mm-gantryxp000060.500mm-yp000010.000mm-zm000078.000mm-shot0000.npy,60.5,-78.0,142,64000.0,0.0022,0.789,0,False
37.0,auto_scan-2026-07-23_09-48-16,y0037.00cm,jul23-002-tableyp000370.000mm-gantryxp000065.500mm-yp000010.000mm-zm000078.000mm-shot0000.npy,65.5,-78.0,136,64000.0,0.0021,0.756,0,False
46.0,auto_scan-2026-07-23_10-16-43,y0046.00cm,jul23-003-tableyp000460.000mm-gantryxp000060.500mm-yp000090.000mm-zm000086.000mm-shot0000.npy,60.5,-86.0,140,32819.6,0.0043,1.0,0,False
46.0,auto_scan-2026-07-23_10-16-43,y0046.00cm,jul23-003-tableyp000460.000mm-gantryxp000065.500mm-yp000090.000mm-zm000086.000mm-shot0000.npy,65.5,-86.0,93,32819.6,0.0028,0.664,0,False
46.0,auto_scan-2026-07-23_10-16-43,y0046.00cm,jul23-003-tableyp000460.000mm-gantryxp000055.500mm-yp000090.000mm-zm000086.000mm-shot0000.npy,55.5,-86.0,82,32819.6,0.0025,0.586,0,False
46.0,auto_scan-2026-07-23_10-16-43,y0046.00cm,jul23-003-tableyp000460.000mm-gantryxp000055.500mm-yp000090.000mm-zm000082.000mm-shot0000.npy,55.5,-82.0,83,32819.6,0.0025,0.593,0,False
46.0,auto_scan-2026-07-23_10-16-43,y0046.00cm,jul23-003-tableyp000460.000mm-gantryxp000060.500mm-yp000090.000mm-zm000082.000mm-shot0000.npy,60.5,-82.0,140,32819.6,0.0043,1.0,0,False
46.0,auto_scan-2026-07-23_10-16-43,y0046.00cm,jul23-003-tableyp000460.000mm-gantryxp000065.500mm-yp000090.000mm-zm000082.000mm-shot0000.npy,65.5,-82.0,92,32819.6,0.0028,0.657,0,False
46.0,auto_scan-2026-07-23_10-16-43,y0046.00cm,jul23-003-tableyp000460.000mm-gantryxp000055.500mm-yp000090.000mm-zm000090.000mm-shot0000.npy,55.5,-90.0,82,32819.6,0.0025,0.586,0,False
46.0,auto_scan-2026-07-23_10-16-43,y0046.00cm,jul23-003-tableyp000460.000mm-gantryxp000060.500mm-yp000090.000mm-zm000090.000mm-shot0000.npy,60.5,-90.0,89,32819.6,0.0027,0.636,0,False
46.0,auto_scan-2026-07-23_10-16-43,y0046.00cm,jul23-003-tableyp000460.000mm-gantryxp000065.500mm-yp000090.000mm-zm000090.000mm-shot0000.npy,65.5,-90.0,79,32819.6,0.0024,0.564,0,False
46.0,auto_scan-2026-07-23_10-16-43,y0046.00cm,jul23-003-tableyp000460.000mm-gantryxp000055.500mm-yp000090.000mm-zm000078.000mm-shot0000.npy,55.5,-78.0,79,32819.6,0.0024,0.564,0,False
46.0,auto_scan-2026-07-23_10-16-43,y0046.00cm,jul23-003-tableyp000460.000mm-gantryxp000060.500mm-yp000090.000mm-zm000078.000mm-shot0000.npy,60.5,-78.0,90,32819.6,0.0027,0.643,0,False
46.0,auto_scan-2026-07-23_10-16-43,y0046.00cm,jul23-003-tableyp000460.000mm-gantryxp000065.500mm-yp000090.000mm-zm000078.000mm-shot0000.npy,65.5,-78.0,86,32819.6,0.0026,0.614,0,False
47.0,auto_scan-2026-07-23_10-16-43,y0047.00cm,jul23-003-tableyp000470.000mm-gantryxp000060.500mm-yp000080.000mm-zm000082.000mm-shot0000.npy,60.5,-82.0,121,32819.6,0.0037,0.984,0,False
47.0,auto_scan-2026-07-23_10-16-43,y0047.00cm,jul23-003-tableyp000470.000mm-gantryxp000065.500mm-yp000080.000mm-zm000082.000mm-shot0000.npy,65.5,-82.0,91,32819.6,0.0028,0.74,0,False
47.0,auto_scan-2026-07-23_10-16-43,y0047.00cm,jul23-003-tableyp000470.000mm-gantryxp000055.500mm-yp000080.000mm-zm000082.000mm-shot0000.npy,55.5,-82.0,81,32819.6,0.0025,0.659,0,False
47.0,auto_scan-2026-07-23_10-16-43,y0047.00cm,jul23-003-tableyp000470.000mm-gantryxp000055.500mm-yp000080.000mm-zm000078.000mm-shot0000.npy,55.5,-78.0,80,32819.6,0.0024,0.65,0,False
47.0,auto_scan-2026-07-23_10-16-43,y0047.00cm,jul23-003-tableyp000470.000mm-gantryxp000060.500mm-yp000080.000mm-zm000078.000mm-shot0000.npy,60.5,-78.0,89,32819.6,0.0027,0.724,0,False
47.0,auto_scan-2026-07-23_10-16-43,y0047.00cm,jul23-003-tableyp000470.000mm-gantryxp000065.500mm-yp000080.000mm-zm000078.000mm-shot0000.npy,65.5,-78.0,87,32819.6,0.0027,0.707,0,False
47.0,auto_scan-2026-07-23_10-16-43,y0047.00cm,jul23-003-tableyp000470.000mm-gantryxp000055.500mm-yp000080.000mm-zm000086.000mm-shot0000.npy,55.5,-86.0,82,32819.6,0.0025,0.667,0,False
47.0,auto_scan-2026-07-23_10-16-43,y0047.00cm,jul23-003-tableyp000470.000mm-gantryxp000060.500mm-yp000080.000mm-zm000086.000mm-shot0000.npy,60.5,-86.0,123,32819.6,0.0037,1.0,0,False
47.0,auto_scan-2026-07-23_10-16-43,y0047.00cm,jul23-003-tableyp000470.000mm-gantryxp000065.500mm-yp000080.000mm-zm000086.000mm-shot0000.npy,65.5,-86.0,98,32819.6,0.003,0.797,0,False
47.0,auto_scan-2026-07-23_10-16-43,y0047.00cm,jul23-003-tableyp000470.000mm-gantryxp000055.500mm-yp000080.000mm-zm000090.000mm-shot0000.npy,55.5,-90.0,81,32819.6,0.0025,0.659,0,False
47.0,auto_scan-2026-07-23_10-16-43,y0047.00cm,jul23-003-tableyp000470.000mm-gantryxp000060.500mm-yp000080.000mm-zm000090.000mm-shot0000.npy,60.5,-90.0,91,32819.6,0.0028,0.74,0,False
47.0,auto_scan-2026-07-23_10-16-43,y0047.00cm,jul23-003-tableyp000470.000mm-gantryxp000065.500mm-yp000080.000mm-zm000090.000mm-shot0000.npy,65.5,-90.0,76,32819.6,0.0023,0.618,0,False
48.0,auto_scan-2026-07-23_10-16-43,y0048.00cm,jul23-003-tableyp000480.000mm-gantryxp000060.500mm-yp000070.000mm-zm000082.000mm-shot0000.npy,60.5,-82.0,140,32819.6,0.0043,1.0,0,False
48.0,auto_scan-2026-07-23_10-16-43,y0048.00cm,jul23-003-tableyp000480.000mm-gantryxp000065.500mm-yp000070.000mm-zm000082.000mm-shot0000.npy,65.5,-82.0,95,32819.6,0.0029,0.679,0,False
48.0,auto_scan-2026-07-23_10-16-43,y0048.00cm,jul23-003-tableyp000480.000mm-gantryxp000055.500mm-yp000070.000mm-zm000082.000mm-shot0000.npy,55.5,-82.0,79,32819.6,0.0024,0.564,0,False
48.0,auto_scan-2026-07-23_10-16-43,y0048.00cm,jul23-003-tableyp000480.000mm-gantryxp000055.500mm-yp000070.000mm-zm000078.000mm-shot0000.npy,55.5,-78.0,83,32819.6,0.0025,0.593,0,False
48.0,auto_scan-2026-07-23_10-16-43,y0048.00cm,jul23-003-tableyp000480.000mm-gantryxp000060.500mm-yp000070.000mm-zm000078.000mm-shot0000.npy,60.5,-78.0,85,32819.6,0.0026,0.607,0,False
48.0,auto_scan-2026-07-23_10-16-43,y0048.00cm,jul23-003-tableyp000480.000mm-gantryxp000065.500mm-yp000070.000mm-zm000078.000mm-shot0000.npy,65.5,-78.0,84,32819.6,0.0026,0.6,0,False
48.0,auto_scan-2026-07-23_10-16-43,y0048.00cm,jul23-003-tableyp000480.000mm-gantryxp000055.500mm-yp000070.000mm-zm000086.000mm-shot0000.npy,55.5,-86.0,88,32819.6,0.0027,0.629,0,False
48.0,auto_scan-2026-07-23_10-16-43,y0048.00cm,jul23-003-tableyp000480.000mm-gantryxp000060.500mm-yp000070.000mm-zm000086.000mm-shot0000.npy,60.5,-86.0,140,32819.6,0.0043,1.0,0,False
48.0,auto_scan-2026-07-23_10-16-43,y0048.00cm,jul23-003-tableyp000480.000mm-gantryxp000065.500mm-yp000070.000mm-zm000086.000mm-shot0000.npy,65.5,-86.0,92,32819.6,0.0028,0.657,0,False
48.0,auto_scan-2026-07-23_10-16-43,y0048.00cm,jul23-003-tableyp000480.000mm-gantryxp000055.500mm-yp000070.000mm-zm000090.000mm-shot0000.npy,55.5,-90.0,85,32819.6,0.0026,0.607,0,False
48.0,auto_scan-2026-07-23_10-16-43,y0048.00cm,jul23-003-tableyp000480.000mm-gantryxp000060.500mm-yp000070.000mm-zm000090.000mm-shot0000.npy,60.5,-90.0,96,32819.6,0.0029,0.686,0,False
48.0,auto_scan-2026-07-23_10-16-43,y0048.00cm,jul23-003-tableyp000480.000mm-gantryxp000065.500mm-yp000070.000mm-zm000090.000mm-shot0000.npy,65.5,-90.0,77,32819.6,0.0023,0.55,0,False
49.0,auto_scan-2026-07-23_10-16-43,y0049.00cm,jul23-003-tableyp000490.000mm-gantryxp000060.500mm-yp000060.000mm-zm000082.000mm-shot0000.npy,60.5,-82.0,129,32819.6,0.0039,1.0,0,False
49.0,auto_scan-2026-07-23_10-16-43,y0049.00cm,jul23-003-tableyp000490.000mm-gantryxp000065.500mm-yp000060.000mm-zm000082.000mm-shot0000.npy,65.5,-82.0,98,32819.6,0.003,0.76,0,False
49.0,auto_scan-2026-07-23_10-16-43,y0049.00cm,jul23-003-tableyp000490.000mm-gantryxp000055.500mm-yp000060.000mm-zm000082.000mm-shot0000.npy,55.5,-82.0,81,32819.6,0.0025,0.628,0,False
49.0,auto_scan-2026-07-23_10-16-43,y0049.00cm,jul23-003-tableyp000490.000mm-gantryxp000055.500mm-yp000060.000mm-zm000078.000mm-shot0000.npy,55.5,-78.0,81,32819.6,0.0025,0.628,0,False
49.0,auto_scan-2026-07-23_10-16-43,y0049.00cm,jul23-003-tableyp000490.000mm-gantryxp000060.500mm-yp000060.000mm-zm000078.000mm-shot0000.npy,60.5,-78.0,91,32819.6,0.0028,0.705,0,False
49.0,auto_scan-2026-07-23_10-16-43,y0049.00cm,jul23-003-tableyp000490.000mm-gantryxp000065.500mm-yp000060.000mm-zm000078.000mm-shot0000.npy,65.5,-78.0,93,32819.6,0.0028,0.721,0,False
49.0,auto_scan-2026-07-23_10-16-43,y0049.00cm,jul23-003-tableyp000490.000mm-gantryxp000055.500mm-yp000060.000mm-zm000086.000mm-shot0000.npy,55.5,-86.0,87,32819.6,0.0027,0.674,0,False
49.0,auto_scan-2026-07-23_10-16-43,y0049.00cm,jul23-003-tableyp000490.000mm-gantryxp000060.500mm-yp000060.000mm-zm000086.000mm-shot0000.npy,60.5,-86.0,128,32819.6,0.0039,0.992,0,False
49.0,auto_scan-2026-07-23_10-16-43,y0049.00cm,jul23-003-tableyp000490.000mm-gantryxp000065.500mm-yp000060.000mm-zm000086.000mm-shot0000.npy,65.5,-86.0,98,32819.6,0.003,0.76,0,False
49.0,auto_scan-2026-07-23_10-16-43,y0049.00cm,jul23-003-tableyp000490.000mm-gantryxp000055.500mm-yp000060.000mm-zm000090.000mm-shot0000.npy,55.5,-90.0,84,32819.6,0.0026,0.651,0,False
49.0,auto_scan-2026-07-23_10-16-43,y0049.00cm,jul23-003-tableyp000490.000mm-gantryxp000060.500mm-yp000060.000mm-zm000090.000mm-shot0000.npy,60.5,-90.0,93,32819.6,0.0028,0.721,0,False
49.0,auto_scan-2026-07-23_10-16-43,y0049.00cm,jul23-003-tableyp000490.000mm-gantryxp000065.500mm-yp000060.000mm-zm000090.000mm-shot0000.npy,65.5,-90.0,72,32819.6,0.0022,0.558,0,False
50.0,auto_scan-2026-07-23_10-16-43,y0050.00cm,jul23-003-tableyp000500.000mm-gantryxp000060.500mm-yp000050.000mm-zm000082.000mm-shot0000.npy,60.5,-82.0,154,32819.6,0.0047,1.0,0,False
50.0,auto_scan-2026-07-23_10-16-43,y0050.00cm,jul23-003-tableyp000500.000mm-gantryxp000065.500mm-yp000050.000mm-zm000082.000mm-shot0000.npy,65.5,-82.0,97,32819.6,0.003,0.63,0,False
50.0,auto_scan-2026-07-23_10-16-43,y0050.00cm,jul23-003-tableyp000500.000mm-gantryxp000055.500mm-yp000050.000mm-zm000082.000mm-shot0000.npy,55.5,-82.0,84,32819.6,0.0026,0.545,0,False
50.0,auto_scan-2026-07-23_10-16-43,y0050.00cm,jul23-003-tableyp000500.000mm-gantryxp000055.500mm-yp000050.000mm-zm000078.000mm-shot0000.npy,55.5,-78.0,83,32819.6,0.0025,0.539,0,False
50.0,auto_scan-2026-07-23_10-16-43,y0050.00cm,jul23-003-tableyp000500.000mm-gantryxp000060.500mm-yp000050.000mm-zm000078.000mm-shot0000.npy,60.5,-78.0,91,32819.6,0.0028,0.591,0,False
50.0,auto_scan-2026-07-23_10-16-43,y0050.00cm,jul23-003-tableyp000500.000mm-gantryxp000065.500mm-yp000050.000mm-zm000078.000mm-shot0000.npy,65.5,-78.0,91,32819.6,0.0028,0.591,0,False
50.0,auto_scan-2026-07-23_10-16-43,y0050.00cm,jul23-003-tableyp000500.000mm-gantryxp000055.500mm-yp000050.000mm-zm000086.000mm-shot0000.npy,55.5,-86.0,93,32819.6,0.0028,0.604,0,False
50.0,auto_scan-2026-07-23_10-16-43,y0050.00cm,jul23-003-tableyp000500.000mm-gantryxp000060.500mm-yp000050.000mm-zm000086.000mm-shot0000.npy,60.5,-86.0,148,32819.6,0.0045,0.961,0,False
50.0,auto_scan-2026-07-23_10-16-43,y0050.00cm,jul23-003-tableyp000500.000mm-gantryxp000065.500mm-yp000050.000mm-zm000086.000mm-shot0000.npy,65.5,-86.0,103,32819.6,0.0031,0.669,0,False
50.0,auto_scan-2026-07-23_10-16-43,y0050.00cm,jul23-003-tableyp000500.000mm-gantryxp000055.500mm-yp000050.000mm-zm000090.000mm-shot0000.npy,55.5,-90.0,88,32819.6,0.0027,0.571,0,False
50.0,auto_scan-2026-07-23_10-16-43,y0050.00cm,jul23-003-tableyp000500.000mm-gantryxp000060.500mm-yp000050.000mm-zm000090.000mm-shot0000.npy,60.5,-90.0,99,32819.6,0.003,0.643,0,False
51.0,auto_scan-2026-07-23_10-16-43,y0051.00cm,jul23-003-tableyp000510.000mm-gantryxp000060.500mm-yp000040.000mm-zm000082.000mm-shot0000.npy,60.5,-82.0,146,32819.6,0.0044,1.0,0,False
51.0,auto_scan-2026-07-23_10-16-43,y0051.00cm,jul23-003-tableyp000510.000mm-gantryxp000065.500mm-yp000040.000mm-zm000082.000mm-shot0000.npy,65.5,-82.0,100,32819.6,0.003,0.685,0,False
51.0,auto_scan-2026-07-23_10-16-43,y0051.00cm,jul23-003-tableyp000510.000mm-gantryxp000055.500mm-yp000040.000mm-zm000082.000mm-shot0000.npy,55.5,-82.0,85,32819.6,0.0026,0.582,0,False
51.0,auto_scan-2026-07-23_10-16-43,y0051.00cm,jul23-003-tableyp000510.000mm-gantryxp000055.500mm-yp000040.000mm-zm000078.000mm-shot0000.npy,55.5,-78.0,81,32819.6,0.0025,0.555,0,False
51.0,auto_scan-2026-07-23_10-16-43,y0051.00cm,jul23-003-tableyp000510.000mm-gantryxp000060.500mm-yp000040.000mm-zm000078.000mm-shot0000.npy,60.5,-78.0,91,32819.6,0.0028,0.623,0,False
51.0,auto_scan-2026-07-23_10-16-43,y0051.00cm,jul23-003-tableyp000510.000mm-gantryxp000065.500mm-yp000040.000mm-zm000078.000mm-shot0000.npy,65.5,-78.0,94,32819.6,0.0029,0.644,0,False
51.0,auto_scan-2026-07-23_10-16-43,y0051.00cm,jul23-003-tableyp000510.000mm-gantryxp000055.500mm-yp000040.000mm-zm000086.000mm-shot0000.npy,55.5,-86.0,91,32819.6,0.0028,0.623,0,False
51.0,auto_scan-2026-07-23_10-16-43,y0051.00cm,jul23-003-tableyp000510.000mm-gantryxp000060.500mm-yp000040.000mm-zm000086.000mm-shot0000.npy,60.5,-86.0,143,32819.6,0.0044,0.979,0,False
51.0,auto_scan-2026-07-23_10-16-43,y0051.00cm,jul23-003-tableyp000510.000mm-gantryxp000065.500mm-yp000040.000mm-zm000086.000mm-shot0000.npy,65.5,-86.0,100,32819.6,0.003,0.685,0,False
51.0,auto_scan-2026-07-23_10-16-43,y0051.00cm,jul23-003-tableyp000510.000mm-gantryxp000055.500mm-yp000040.000mm-zm000090.000mm-shot0000.npy,55.5,-90.0,86,32819.6,0.0026,0.589,0,False
51.0,auto_scan-2026-07-23_10-16-43,y0051.00cm,jul23-003-tableyp000510.000mm-gantryxp000060.500mm-yp000040.000mm-zm000090.000mm-shot0000.npy,60.5,-90.0,95,32819.6,0.0029,0.651,0,False
52.0,auto_scan-2026-07-23_10-16-43,y0052.00cm,jul23-003-tableyp000520.000mm-gantryxp000060.500mm-yp000030.000mm-zm000082.000mm-shot0000.npy,60.5,-82.0,160,32819.6,0.0049,1.0,0,False
52.0,auto_scan-2026-07-23_10-16-43,y0052.00cm,jul23-003-tableyp000520.000mm-gantryxp000065.500mm-yp000030.000mm-zm000082.000mm-shot0000.npy,65.5,-82.0,100,32819.6,0.003,0.625,0,False
52.0,auto_scan-2026-07-23_10-16-43,y0052.00cm,jul23-003-tableyp000520.000mm-gantryxp000055.500mm-yp000030.000mm-zm000082.000mm-shot0000.npy,55.5,-82.0,83,32819.6,0.0025,0.519,0,False
52.0,auto_scan-2026-07-23_10-16-43,y0052.00cm,jul23-003-tableyp000520.000mm-gantryxp000055.500mm-yp000030.000mm-zm000078.000mm-shot0000.npy,55.5,-78.0,82,32819.6,0.0025,0.512,0,False
52.0,auto_scan-2026-07-23_10-16-43,y0052.00cm,jul23-003-tableyp000520.000mm-gantryxp000060.500mm-yp000030.000mm-zm000078.000mm-shot0000.npy,60.5,-78.0,95,32819.6,0.0029,0.594,0,False
52.0,auto_scan-2026-07-23_10-16-43,y0052.00cm,jul23-003-tableyp000520.000mm-gantryxp000065.500mm-yp000030.000mm-zm000078.000mm-shot0000.npy,65.5,-78.0,95,32819.6,0.0029,0.594,0,False
52.0,auto_scan-2026-07-23_10-16-43,y0052.00cm,jul23-003-tableyp000520.000mm-gantryxp000055.500mm-yp000030.000mm-zm000086.000mm-shot0000.npy,55.5,-86.0,92,32819.6,0.0028,0.575,0,False
52.0,auto_scan-2026-07-23_10-16-43,y0052.00cm,jul23-003-tableyp000520.000mm-gantryxp000060.500mm-yp000030.000mm-zm000086.000mm-shot0000.npy,60.5,-86.0,156,32819.6,0.0048,0.975,0,False
52.0,auto_scan-2026-07-23_10-16-43,y0052.00cm,jul23-003-tableyp000520.000mm-gantryxp000065.500mm-yp000030.000mm-zm000086.000mm-shot0000.npy,65.5,-86.0,99,32819.6,0.003,0.619,0,False
52.0,auto_scan-2026-07-23_10-16-43,y0052.00cm,jul23-003-tableyp000520.000mm-gantryxp000055.500mm-yp000030.000mm-zm000090.000mm-shot0000.npy,55.5,-90.0,91,32819.6,0.0028,0.569,0,False
52.0,auto_scan-2026-07-23_10-16-43,y0052.00cm,jul23-003-tableyp000520.000mm-gantryxp000060.500mm-yp000030.000mm-zm000090.000mm-shot0000.npy,60.5,-90.0,88,32819.6,0.0027,0.55,0,False
53.0,auto_scan-2026-07-23_10-16-43,y0053.00cm,jul23-003-tableyp000530.000mm-gantryxp000060.500mm-yp000020.000mm-zm000082.000mm-shot0000.npy,60.5,-82.0,144,32819.6,0.0044,1.0,0,False
53.0,auto_scan-2026-07-23_10-16-43,y0053.00cm,jul23-003-tableyp000530.000mm-gantryxp000065.500mm-yp000020.000mm-zm000082.000mm-shot0000.npy,65.5,-82.0,97,32819.6,0.003,0.674,0,False
53.0,auto_scan-2026-07-23_10-16-43,y0053.00cm,jul23-003-tableyp000530.000mm-gantryxp000055.500mm-yp000020.000mm-zm000082.000mm-shot0000.npy,55.5,-82.0,86,32819.6,0.0026,0.597,0,False
53.0,auto_scan-2026-07-23_10-16-43,y0053.00cm,jul23-003-tableyp000530.000mm-gantryxp000055.500mm-yp000020.000mm-zm000078.000mm-shot0000.npy,55.5,-78.0,83,32819.6,0.0025,0.576,0,False
53.0,auto_scan-2026-07-23_10-16-43,y0053.00cm,jul23-003-tableyp000530.000mm-gantryxp000060.500mm-yp000020.000mm-zm000078.000mm-shot0000.npy,60.5,-78.0,94,32819.6,0.0029,0.653,0,False
53.0,auto_scan-2026-07-23_10-16-43,y0053.00cm,jul23-003-tableyp000530.000mm-gantryxp000065.500mm-yp000020.000mm-zm000078.000mm-shot0000.npy,65.5,-78.0,96,32819.6,0.0029,0.667,0,False
53.0,auto_scan-2026-07-23_10-16-43,y0053.00cm,jul23-003-tableyp000530.000mm-gantryxp000055.500mm-yp000020.000mm-zm000086.000mm-shot0000.npy,55.5,-86.0,91,32819.6,0.0028,0.632,0,False
53.0,auto_scan-2026-07-23_10-16-43,y0053.00cm,jul23-003-tableyp000530.000mm-gantryxp000060.500mm-yp000020.000mm-zm000086.000mm-shot0000.npy,60.5,-86.0,141,32819.6,0.0043,0.979,0,False
53.0,auto_scan-2026-07-23_10-16-43,y0053.00cm,jul23-003-tableyp000530.000mm-gantryxp000065.500mm-yp000020.000mm-zm000086.000mm-shot0000.npy,65.5,-86.0,97,32819.6,0.003,0.674,0,False
53.0,auto_scan-2026-07-23_10-16-43,y0053.00cm,jul23-003-tableyp000530.000mm-gantryxp000055.500mm-yp000020.000mm-zm000090.000mm-shot0000.npy,55.5,-90.0,93,32819.6,0.0028,0.646,0,False
53.0,auto_scan-2026-07-23_10-16-43,y0053.00cm,jul23-003-tableyp000530.000mm-gantryxp000060.500mm-yp000020.000mm-zm000090.000mm-shot0000.npy,60.5,-90.0,92,32819.6,0.0028,0.639,0,False
54.0,auto_scan-2026-07-23_10-16-43,y0054.00cm,jul23-003-tableyp000540.000mm-gantryxp000055.500mm-yp000010.000mm-zm000090.000mm-shot0000.npy,55.5,-90.0,111,40346.7,0.0028,0.569,0,False
54.0,auto_scan-2026-07-23_10-16-43,y0054.00cm,jul23-003-tableyp000540.000mm-gantryxp000060.500mm-yp000010.000mm-zm000090.000mm-shot0000.npy,60.5,-90.0,118,40346.7,0.0029,0.605,0,False
54.0,auto_scan-2026-07-23_10-16-43,y0054.00cm,jul23-003-tableyp000540.000mm-gantryxp000055.500mm-yp000010.000mm-zm000086.000mm-shot0000.npy,55.5,-86.0,116,40346.7,0.0029,0.595,0,False
54.0,auto_scan-2026-07-23_10-16-43,y0054.00cm,jul23-003-tableyp000540.000mm-gantryxp000060.500mm-yp000010.000mm-zm000086.000mm-shot0000.npy,60.5,-86.0,188,40346.7,0.0047,0.964,0,False
54.0,auto_scan-2026-07-23_10-16-43,y0054.00cm,jul23-003-tableyp000540.000mm-gantryxp000065.500mm-yp000010.000mm-zm000086.000mm-shot0000.npy,65.5,-86.0,132,40346.7,0.0033,0.677,0,False
54.0,auto_scan-2026-07-23_10-16-43,y0054.00cm,jul23-003-tableyp000540.000mm-gantryxp000055.500mm-yp000010.000mm-zm000082.000mm-shot0000.npy,55.5,-82.0,106,40346.7,0.0026,0.544,0,False
54.0,auto_scan-2026-07-23_10-16-43,y0054.00cm,jul23-003-tableyp000540.000mm-gantryxp000060.500mm-yp000010.000mm-zm000082.000mm-shot0000.npy,60.5,-82.0,195,40346.7,0.0048,1.0,0,False
54.0,auto_scan-2026-07-23_10-16-43,y0054.00cm,jul23-003-tableyp000540.000mm-gantryxp000065.500mm-yp000010.000mm-zm000082.000mm-shot0000.npy,65.5,-82.0,132,40346.7,0.0033,0.677,0,False
54.0,auto_scan-2026-07-23_10-16-43,y0054.00cm,jul23-003-tableyp000540.000mm-gantryxp000055.500mm-yp000010.000mm-zm000078.000mm-shot0000.npy,55.5,-78.0,105,40346.7,0.0026,0.538,0,False
54.0,auto_scan-2026-07-23_10-16-43,y0054.00cm,jul23-003-tableyp000540.000mm-gantryxp000060.500mm-yp000010.000mm-zm000078.000mm-shot0000.npy,60.5,-78.0,121,40346.7,0.003,0.621,0,False
54.0,auto_scan-2026-07-23_10-16-43,y0054.00cm,jul23-003-tableyp000540.000mm-gantryxp000065.500mm-yp000010.000mm-zm000078.000mm-shot0000.npy,65.5,-78.0,117,40346.7,0.0029,0.6,0,False
42.0,auto_scan-2026-07-23_10-42-35,y0042.00cm,jul23-003-tableyp000420.000mm-gantryxp000060.500mm-yp000130.000mm-zm000083.000mm-shot0000.npy,60.5,-83.0,121,34192.2,0.0035,1.0,0,False
42.0,auto_scan-2026-07-23_10-42-35,y0042.00cm,jul23-003-tableyp000420.000mm-gantryxp000065.500mm-yp000130.000mm-zm000083.000mm-shot0000.npy,65.5,-83.0,92,34192.2,0.0027,0.76,0,False
42.0,auto_scan-2026-07-23_10-42-35,y0042.00cm,jul23-003-tableyp000420.000mm-gantryxp000055.500mm-yp000130.000mm-zm000083.000mm-shot0000.npy,55.5,-83.0,118,34192.2,0.0035,0.975,0,False
42.0,auto_scan-2026-07-23_10-42-35,y0042.00cm,jul23-003-tableyp000420.000mm-gantryxp000055.500mm-yp000130.000mm-zm000079.000mm-shot0000.npy,55.5,-79.0,70,34192.2,0.002,0.579,0,False
42.0,auto_scan-2026-07-23_10-42-35,y0042.00cm,jul23-003-tableyp000420.000mm-gantryxp000060.500mm-yp000130.000mm-zm000079.000mm-shot0000.npy,60.5,-79.0,86,34192.2,0.0025,0.711,0,False
42.0,auto_scan-2026-07-23_10-42-35,y0042.00cm,jul23-003-tableyp000420.000mm-gantryxp000065.500mm-yp000130.000mm-zm000079.000mm-shot0000.npy,65.5,-79.0,85,34192.2,0.0025,0.702,0,False
42.0,auto_scan-2026-07-23_10-42-35,y0042.00cm,jul23-003-tableyp000420.000mm-gantryxp000055.500mm-yp000130.000mm-zm000087.000mm-shot0000.npy,55.5,-87.0,77,34192.2,0.0023,0.636,0,False
42.0,auto_scan-2026-07-23_10-42-35,y0042.00cm,jul23-003-tableyp000420.000mm-gantryxp000060.500mm-yp000130.000mm-zm000087.000mm-shot0000.npy,60.5,-87.0,105,34192.2,0.0031,0.868,0,False
42.0,auto_scan-2026-07-23_10-42-35,y0042.00cm,jul23-003-tableyp000420.000mm-gantryxp000065.500mm-yp000130.000mm-zm000087.000mm-shot0000.npy,65.5,-87.0,100,34192.2,0.0029,0.826,0,False
42.0,auto_scan-2026-07-23_10-42-35,y0042.00cm,jul23-003-tableyp000420.000mm-gantryxp000055.500mm-yp000130.000mm-zm000091.000mm-shot0000.npy,55.5,-91.0,72,34192.2,0.0021,0.595,0,False
42.0,auto_scan-2026-07-23_10-42-35,y0042.00cm,jul23-003-tableyp000420.000mm-gantryxp000060.500mm-yp000130.000mm-zm000091.000mm-shot0000.npy,60.5,-91.0,80,34192.2,0.0023,0.661,0,False
43.0,auto_scan-2026-07-23_10-42-35,y0043.00cm,jul23-003-tableyp000430.000mm-gantryxp000060.500mm-yp000120.000mm-zm000083.000mm-shot0000.npy,60.5,-83.0,113,34192.2,0.0033,1.0,0,False
43.0,auto_scan-2026-07-23_10-42-35,y0043.00cm,jul23-003-tableyp000430.000mm-gantryxp000065.500mm-yp000120.000mm-zm000083.000mm-shot0000.npy,65.5,-83.0,98,34192.2,0.0029,0.867,0,False
43.0,auto_scan-2026-07-23_10-42-35,y0043.00cm,jul23-003-tableyp000430.000mm-gantryxp000055.500mm-yp000120.000mm-zm000083.000mm-shot0000.npy,55.5,-83.0,71,34192.2,0.0021,0.628,0,False
43.0,auto_scan-2026-07-23_10-42-35,y0043.00cm,jul23-003-tableyp000430.000mm-gantryxp000055.500mm-yp000120.000mm-zm000079.000mm-shot0000.npy,55.5,-79.0,72,34192.2,0.0021,0.637,0,False
43.0,auto_scan-2026-07-23_10-42-35,y0043.00cm,jul23-003-tableyp000430.000mm-gantryxp000060.500mm-yp000120.000mm-zm000079.000mm-shot0000.npy,60.5,-79.0,87,34192.2,0.0025,0.77,0,False
43.0,auto_scan-2026-07-23_10-42-35,y0043.00cm,jul23-003-tableyp000430.000mm-gantryxp000065.500mm-yp000120.000mm-zm000079.000mm-shot0000.npy,65.5,-79.0,84,34192.2,0.0025,0.743,0,False
43.0,auto_scan-2026-07-23_10-42-35,y0043.00cm,jul23-003-tableyp000430.000mm-gantryxp000055.500mm-yp000120.000mm-zm000087.000mm-shot0000.npy,55.5,-87.0,77,34192.2,0.0023,0.681,0,False
43.0,auto_scan-2026-07-23_10-42-35,y0043.00cm,jul23-003-tableyp000430.000mm-gantryxp000060.500mm-yp000120.000mm-zm000087.000mm-shot0000.npy,60.5,-87.0,108,34192.2,0.0032,0.956,0,False
43.0,auto_scan-2026-07-23_10-42-35,y0043.00cm,jul23-003-tableyp000430.000mm-gantryxp000065.500mm-yp000120.000mm-zm000087.000mm-shot0000.npy,65.5,-87.0,87,34192.2,0.0025,0.77,0,False
43.0,auto_scan-2026-07-23_10-42-35,y0043.00cm,jul23-003-tableyp000430.000mm-gantryxp000055.500mm-yp000120.000mm-zm000091.000mm-shot0000.npy,55.5,-91.0,72,34192.2,0.0021,0.637,0,False
43.0,auto_scan-2026-07-23_10-42-35,y0043.00cm,jul23-003-tableyp000430.000mm-gantryxp000060.500mm-yp000120.000mm-zm000091.000mm-shot0000.npy,60.5,-91.0,75,34192.2,0.0022,0.664,0,False
44.0,auto_scan-2026-07-23_10-42-35,y0044.00cm,jul23-003-tableyp000440.000mm-gantryxp000060.500mm-yp000110.000mm-zm000083.000mm-shot0000.npy,60.5,-83.0,133,34192.2,0.0039,1.0,0,False
44.0,auto_scan-2026-07-23_10-42-35,y0044.00cm,jul23-003-tableyp000440.000mm-gantryxp000065.500mm-yp000110.000mm-zm000083.000mm-shot0000.npy,65.5,-83.0,106,34192.2,0.0031,0.797,0,False
44.0,auto_scan-2026-07-23_10-42-35,y0044.00cm,jul23-003-tableyp000440.000mm-gantryxp000055.500mm-yp000110.000mm-zm000083.000mm-shot0000.npy,55.5,-83.0,74,34192.2,0.0022,0.556,0,False
44.0,auto_scan-2026-07-23_10-42-35,y0044.00cm,jul23-003-tableyp000440.000mm-gantryxp000055.500mm-yp000110.000mm-zm000079.000mm-shot0000.npy,55.5,-79.0,72,34192.2,0.0021,0.541,0,False
44.0,auto_scan-2026-07-23_10-42-35,y0044.00cm,jul23-003-tableyp000440.000mm-gantryxp000060.500mm-yp000110.000mm-zm000079.000mm-shot0000.npy,60.5,-79.0,84,34192.2,0.0025,0.632,0,False
44.0,auto_scan-2026-07-23_10-42-35,y0044.00cm,jul23-003-tableyp000440.000mm-gantryxp000065.500mm-yp000110.000mm-zm000079.000mm-shot0000.npy,65.5,-79.0,85,34192.2,0.0025,0.639,0,False
44.0,auto_scan-2026-07-23_10-42-35,y0044.00cm,jul23-003-tableyp000440.000mm-gantryxp000055.500mm-yp000110.000mm-zm000087.000mm-shot0000.npy,55.5,-87.0,77,34192.2,0.0023,0.579,0,False
44.0,auto_scan-2026-07-23_10-42-35,y0044.00cm,jul23-003-tableyp000440.000mm-gantryxp000060.500mm-yp000110.000mm-zm000087.000mm-shot0000.npy,60.5,-87.0,117,34192.2,0.0034,0.88,0,False
44.0,auto_scan-2026-07-23_10-42-35,y0044.00cm,jul23-003-tableyp000440.000mm-gantryxp000065.500mm-yp000110.000mm-zm000087.000mm-shot0000.npy,65.5,-87.0,94,34192.2,0.0027,0.707,0,False
44.0,auto_scan-2026-07-23_10-42-35,y0044.00cm,jul23-003-tableyp000440.000mm-gantryxp000055.500mm-yp000110.000mm-zm000091.000mm-shot0000.npy,55.5,-91.0,69,34192.2,0.002,0.519,0,False
44.0,auto_scan-2026-07-23_10-42-35,y0044.00cm,jul23-003-tableyp000440.000mm-gantryxp000060.500mm-yp000110.000mm-zm000091.000mm-shot0000.npy,60.5,-91.0,81,34192.2,0.0024,0.609,0,False
45.0,auto_scan-2026-07-23_10-42-35,y0045.00cm,jul23-003-tableyp000450.000mm-gantryxp000060.500mm-yp000100.000mm-zm000083.000mm-shot0000.npy,60.5,-83.0,117,34192.2,0.0034,1.0,0,False
45.0,auto_scan-2026-07-23_10-42-35,y0045.00cm,jul23-003-tableyp000450.000mm-gantryxp000065.500mm-yp000100.000mm-zm000083.000mm-shot0000.npy,65.5,-83.0,108,34192.2,0.0032,0.923,0,False
45.0,auto_scan-2026-07-23_10-42-35,y0045.00cm,jul23-003-tableyp000450.000mm-gantryxp000055.500mm-yp000100.000mm-zm000083.000mm-shot0000.npy,55.5,-83.0,74,34192.2,0.0022,0.632,0,False
45.0,auto_scan-2026-07-23_10-42-35,y0045.00cm,jul23-003-tableyp000450.000mm-gantryxp000055.500mm-yp000100.000mm-zm000079.000mm-shot0000.npy,55.5,-79.0,72,34192.2,0.0021,0.615,0,False
45.0,auto_scan-2026-07-23_10-42-35,y0045.00cm,jul23-003-tableyp000450.000mm-gantryxp000060.500mm-yp000100.000mm-zm000079.000mm-shot0000.npy,60.5,-79.0,86,34192.2,0.0025,0.735,0,False
45.0,auto_scan-2026-07-23_10-42-35,y0045.00cm,jul23-003-tableyp000450.000mm-gantryxp000065.500mm-yp000100.000mm-zm000079.000mm-shot0000.npy,65.5,-79.0,81,34192.2,0.0024,0.692,0,False
45.0,auto_scan-2026-07-23_10-42-35,y0045.00cm,jul23-003-tableyp000450.000mm-gantryxp000055.500mm-yp000100.000mm-zm000087.000mm-shot0000.npy,55.5,-87.0,78,34192.2,0.0023,0.667,0,False
45.0,auto_scan-2026-07-23_10-42-35,y0045.00cm,jul23-003-tableyp000450.000mm-gantryxp000060.500mm-yp000100.000mm-zm000087.000mm-shot0000.npy,60.5,-87.0,109,34192.2,0.0032,0.932,0,False
45.0,auto_scan-2026-07-23_10-42-35,y0045.00cm,jul23-003-tableyp000450.000mm-gantryxp000065.500mm-yp000100.000mm-zm000087.000mm-shot0000.npy,65.5,-87.0,88,34192.2,0.0026,0.752,0,False
45.0,auto_scan-2026-07-23_10-42-35,y0045.00cm,jul23-003-tableyp000450.000mm-gantryxp000060.500mm-yp000100.000mm-zm000091.000mm-shot0000.npy,60.5,-91.0,74,34192.2,0.0022,0.632,0,False
46.0,auto_scan-2026-07-23_10-42-35,y0046.00cm,jul23-003-tableyp000460.000mm-gantryxp000060.500mm-yp000090.000mm-zm000083.000mm-shot0000.npy,60.5,-83.0,135,34192.2,0.0039,1.0,0,False
46.0,auto_scan-2026-07-23_10-42-35,y0046.00cm,jul23-003-tableyp000460.000mm-gantryxp000065.500mm-yp000090.000mm-zm000083.000mm-shot0000.npy,65.5,-83.0,108,34192.2,0.0032,0.8,0,False
46.0,auto_scan-2026-07-23_10-42-35,y0046.00cm,jul23-003-tableyp000460.000mm-gantryxp000055.500mm-yp000090.000mm-zm000083.000mm-shot0000.npy,55.5,-83.0,76,34192.2,0.0022,0.563,0,False
46.0,auto_scan-2026-07-23_10-42-35,y0046.00cm,jul23-003-tableyp000460.000mm-gantryxp000055.500mm-yp000090.000mm-zm000079.000mm-shot0000.npy,55.5,-79.0,73,34192.2,0.0021,0.541,0,False
46.0,auto_scan-2026-07-23_10-42-35,y0046.00cm,jul23-003-tableyp000460.000mm-gantryxp000060.500mm-yp000090.000mm-zm000079.000mm-shot0000.npy,60.5,-79.0,92,34192.2,0.0027,0.681,0,False
46.0,auto_scan-2026-07-23_10-42-35,y0046.00cm,jul23-003-tableyp000460.000mm-gantryxp000065.500mm-yp000090.000mm-zm000079.000mm-shot0000.npy,65.5,-79.0,81,34192.2,0.0024,0.6,0,False
46.0,auto_scan-2026-07-23_10-42-35,y0046.00cm,jul23-003-tableyp000460.000mm-gantryxp000055.500mm-yp000090.000mm-zm000087.000mm-shot0000.npy,55.5,-87.0,83,34192.2,0.0024,0.615,0,False
46.0,auto_scan-2026-07-23_10-42-35,y0046.00cm,jul23-003-tableyp000460.000mm-gantryxp000060.500mm-yp000090.000mm-zm000087.000mm-shot0000.npy,60.5,-87.0,114,34192.2,0.0033,0.844,0,False
46.0,auto_scan-2026-07-23_10-42-35,y0046.00cm,jul23-003-tableyp000460.000mm-gantryxp000065.500mm-yp000090.000mm-zm000087.000mm-shot0000.npy,65.5,-87.0,96,34192.2,0.0028,0.711,0,False
47.0,auto_scan-2026-07-23_10-42-35,y0047.00cm,jul23-003-tableyp000470.000mm-gantryxp000060.500mm-yp000080.000mm-zm000083.000mm-shot0000.npy,60.5,-83.0,124,34192.2,0.0036,1.0,0,False
47.0,auto_scan-2026-07-23_10-42-35,y0047.00cm,jul23-003-tableyp000470.000mm-gantryxp000065.500mm-yp000080.000mm-zm000083.000mm-shot0000.npy,65.5,-83.0,105,34192.2,0.0031,0.847,0,False
47.0,auto_scan-2026-07-23_10-42-35,y0047.00cm,jul23-003-tableyp000470.000mm-gantryxp000055.500mm-yp000080.000mm-zm000083.000mm-shot0000.npy,55.5,-83.0,79,34192.2,0.0023,0.637,0,False
47.0,auto_scan-2026-07-23_10-42-35,y0047.00cm,jul23-003-tableyp000470.000mm-gantryxp000055.500mm-yp000080.000mm-zm000079.000mm-shot0000.npy,55.5,-79.0,77,34192.2,0.0023,0.621,0,False
47.0,auto_scan-2026-07-23_10-42-35,y0047.00cm,jul23-003-tableyp000470.000mm-gantryxp000060.500mm-yp000080.000mm-zm000079.000mm-shot0000.npy,60.5,-79.0,92,34192.2,0.0027,0.742,0,False
47.0,auto_scan-2026-07-23_10-42-35,y0047.00cm,jul23-003-tableyp000470.000mm-gantryxp000065.500mm-yp000080.000mm-zm000079.000mm-shot0000.npy,65.5,-79.0,89,34192.2,0.0026,0.718,0,False
47.0,auto_scan-2026-07-23_10-42-35,y0047.00cm,jul23-003-tableyp000470.000mm-gantryxp000055.500mm-yp000080.000mm-zm000087.000mm-shot0000.npy,55.5,-87.0,82,34192.2,0.0024,0.661,0,False
47.0,auto_scan-2026-07-23_10-42-35,y0047.00cm,jul23-003-tableyp000470.000mm-gantryxp000060.500mm-yp000080.000mm-zm000087.000mm-shot0000.npy,60.5,-87.0,114,34192.2,0.0033,0.919,0,False
47.0,auto_scan-2026-07-23_10-42-35,y0047.00cm,jul23-003-tableyp000470.000mm-gantryxp000065.500mm-yp000080.000mm-zm000087.000mm-shot0000.npy,65.5,-87.0,95,34192.2,0.0028,0.766,0,False
48.0,auto_scan-2026-07-23_10-42-35,y0048.00cm,jul23-003-tableyp000480.000mm-gantryxp000060.500mm-yp000070.000mm-zm000087.000mm-shot0000.npy,60.5,-87.0,119,34192.2,0.0035,0.844,0,False
48.0,auto_scan-2026-07-23_10-42-35,y0048.00cm,jul23-003-tableyp000480.000mm-gantryxp000065.500mm-yp000070.000mm-zm000087.000mm-shot0000.npy,65.5,-87.0,94,34192.2,0.0027,0.667,0,False
48.0,auto_scan-2026-07-23_10-42-35,y0048.00cm,jul23-003-tableyp000480.000mm-gantryxp000055.500mm-yp000070.000mm-zm000087.000mm-shot0000.npy,55.5,-87.0,89,34192.2,0.0026,0.631,0,False
48.0,auto_scan-2026-07-23_10-42-35,y0048.00cm,jul23-003-tableyp000480.000mm-gantryxp000055.500mm-yp000070.000mm-zm000083.000mm-shot0000.npy,55.5,-83.0,81,34192.2,0.0024,0.574,0,False
48.0,auto_scan-2026-07-23_10-42-35,y0048.00cm,jul23-003-tableyp000480.000mm-gantryxp000060.500mm-yp000070.000mm-zm000083.000mm-shot0000.npy,60.5,-83.0,141,34192.2,0.0041,1.0,0,False
48.0,auto_scan-2026-07-23_10-42-35,y0048.00cm,jul23-003-tableyp000480.000mm-gantryxp000065.500mm-yp000070.000mm-zm000083.000mm-shot0000.npy,65.5,-83.0,113,34192.2,0.0033,0.801,0,False
48.0,auto_scan-2026-07-23_10-42-35,y0048.00cm,jul23-003-tableyp000480.000mm-gantryxp000055.500mm-yp000070.000mm-zm000079.000mm-shot0000.npy,55.5,-79.0,79,34192.2,0.0023,0.56,0,False
48.0,auto_scan-2026-07-23_10-42-35,y0048.00cm,jul23-003-tableyp000480.000mm-gantryxp000060.500mm-yp000070.000mm-zm000079.000mm-shot0000.npy,60.5,-79.0,97,34192.2,0.0028,0.688,0,False
48.0,auto_scan-2026-07-23_10-42-35,y0048.00cm,jul23-003-tableyp000480.000mm-gantryxp000065.500mm-yp000070.000mm-zm000079.000mm-shot0000.npy,65.5,-79.0,89,34192.2,0.0026,0.631,0,False
49.0,auto_scan-2026-07-23_10-42-35,y0049.00cm,jul23-003-tableyp000490.000mm-gantryxp000060.500mm-yp000060.000mm-zm000083.000mm-shot0000.npy,60.5,-83.0,120,34192.2,0.0035,0.952,0,False
49.0,auto_scan-2026-07-23_10-42-35,y0049.00cm,jul23-003-tableyp000490.000mm-gantryxp000065.500mm-yp000060.000mm-zm000083.000mm-shot0000.npy,65.5,-83.0,103,34192.2,0.003,0.817,0,False
49.0,auto_scan-2026-07-23_10-42-35,y0049.00cm,jul23-003-tableyp000490.000mm-gantryxp000055.500mm-yp000060.000mm-zm000083.000mm-shot0000.npy,55.5,-83.0,79,34192.2,0.0023,0.627,0,False
49.0,auto_scan-2026-07-23_10-42-35,y0049.00cm,jul23-003-tableyp000490.000mm-gantryxp000055.500mm-yp000060.000mm-zm000079.000mm-shot0000.npy,55.5,-79.0,81,34192.2,0.0024,0.643,0,False
49.0,auto_scan-2026-07-23_10-42-35,y0049.00cm,jul23-003-tableyp000490.000mm-gantryxp000060.500mm-yp000060.000mm-zm000079.000mm-shot0000.npy,60.5,-79.0,95,34192.2,0.0028,0.754,0,False
49.0,auto_scan-2026-07-23_10-42-35,y0049.00cm,jul23-003-tableyp000490.000mm-gantryxp000065.500mm-yp000060.000mm-zm000079.000mm-shot0000.npy,65.5,-79.0,99,34192.2,0.0029,0.786,0,False
49.0,auto_scan-2026-07-23_10-42-35,y0049.00cm,jul23-003-tableyp000490.000mm-gantryxp000055.500mm-yp000060.000mm-zm000087.000mm-shot0000.npy,55.5,-87.0,86,34192.2,0.0025,0.683,0,False
49.0,auto_scan-2026-07-23_10-42-35,y0049.00cm,jul23-003-tableyp000490.000mm-gantryxp000060.500mm-yp000060.000mm-zm000087.000mm-shot0000.npy,60.5,-87.0,126,34192.2,0.0037,1.0,0,False
49.0,auto_scan-2026-07-23_10-42-35,y0049.00cm,jul23-003-tableyp000490.000mm-gantryxp000065.500mm-yp000060.000mm-zm000087.000mm-shot0000.npy,65.5,-87.0,97,34192.2,0.0028,0.77,0,False
50.0,auto_scan-2026-07-23_10-42-35,y0050.00cm,jul23-003-tableyp000500.000mm-gantryxp000060.500mm-yp000050.000mm-zm000083.000mm-shot0000.npy,60.5,-83.0,146,34192.2,0.0043,1.0,0,False
50.0,auto_scan-2026-07-23_10-42-35,y0050.00cm,jul23-003-tableyp000500.000mm-gantryxp000065.500mm-yp000050.000mm-zm000083.000mm-shot0000.npy,65.5,-83.0,98,34192.2,0.0029,0.671,0,False
50.0,auto_scan-2026-07-23_10-42-35,y0050.00cm,jul23-003-tableyp000500.000mm-gantryxp000055.500mm-yp000050.000mm-zm000083.000mm-shot0000.npy,55.5,-83.0,82,34192.2,0.0024,0.562,0,False
50.0,auto_scan-2026-07-23_10-42-35,y0050.00cm,jul23-003-tableyp000500.000mm-gantryxp000055.500mm-yp000050.000mm-zm000079.000mm-shot0000.npy,55.5,-79.0,83,34192.2,0.0024,0.568,0,False
50.0,auto_scan-2026-07-23_10-42-35,y0050.00cm,jul23-003-tableyp000500.000mm-gantryxp000060.500mm-yp000050.000mm-zm000079.000mm-shot0000.npy,60.5,-79.0,98,34192.2,0.0029,0.671,0,False
50.0,auto_scan-2026-07-23_10-42-35,y0050.00cm,jul23-003-tableyp000500.000mm-gantryxp000065.500mm-yp000050.000mm-zm000079.000mm-shot0000.npy,65.5,-79.0,100,34192.2,0.0029,0.685,0,False
50.0,auto_scan-2026-07-23_10-42-35,y0050.00cm,jul23-003-tableyp000500.000mm-gantryxp000055.500mm-yp000050.000mm-zm000087.000mm-shot0000.npy,55.5,-87.0,100,34192.2,0.0029,0.685,0,False
50.0,auto_scan-2026-07-23_10-42-35,y0050.00cm,jul23-003-tableyp000500.000mm-gantryxp000060.500mm-yp000050.000mm-zm000087.000mm-shot0000.npy,60.5,-87.0,116,34192.2,0.0034,0.795,0,False
50.0,auto_scan-2026-07-23_10-42-35,y0050.00cm,jul23-003-tableyp000500.000mm-gantryxp000065.500mm-yp000050.000mm-zm000087.000mm-shot0000.npy,65.5,-87.0,100,34192.2,0.0029,0.685,0,False
51.0,auto_scan-2026-07-23_10-42-35,y0051.00cm,jul23-003-tableyp000510.000mm-gantryxp000060.500mm-yp000040.000mm-zm000083.000mm-shot0000.npy,60.5,-83.0,135,34192.2,0.0039,1.0,0,False
51.0,auto_scan-2026-07-23_10-42-35,y0051.00cm,jul23-003-tableyp000510.000mm-gantryxp000065.500mm-yp000040.000mm-zm000083.000mm-shot0000.npy,65.5,-83.0,97,34192.2,0.0028,0.719,0,False
51.0,auto_scan-2026-07-23_10-42-35,y0051.00cm,jul23-003-tableyp000510.000mm-gantryxp000055.500mm-yp000040.000mm-zm000083.000mm-shot0000.npy,55.5,-83.0,89,34192.2,0.0026,0.659,0,False
51.0,auto_scan-2026-07-23_10-42-35,y0051.00cm,jul23-003-tableyp000510.000mm-gantryxp000055.500mm-yp000040.000mm-zm000079.000mm-shot0000.npy,55.5,-79.0,81,34192.2,0.0024,0.6,0,False
51.0,auto_scan-2026-07-23_10-42-35,y0051.00cm,jul23-003-tableyp000510.000mm-gantryxp000060.500mm-yp000040.000mm-zm000079.000mm-shot0000.npy,60.5,-79.0,94,34192.2,0.0027,0.696,0,False
51.0,auto_scan-2026-07-23_10-42-35,y0051.00cm,jul23-003-tableyp000510.000mm-gantryxp000065.500mm-yp000040.000mm-zm000079.000mm-shot0000.npy,65.5,-79.0,103,34192.2,0.003,0.763,0,False
51.0,auto_scan-2026-07-23_10-42-35,y0051.00cm,jul23-003-tableyp000510.000mm-gantryxp000055.500mm-yp000040.000mm-zm000087.000mm-shot0000.npy,55.5,-87.0,101,34192.2,0.003,0.748,0,False
51.0,auto_scan-2026-07-23_10-42-35,y0051.00cm,jul23-003-tableyp000510.000mm-gantryxp000060.500mm-yp000040.000mm-zm000087.000mm-shot0000.npy,60.5,-87.0,119,34192.2,0.0035,0.881,0,False
51.0,auto_scan-2026-07-23_10-42-35,y0051.00cm,jul23-003-tableyp000510.000mm-gantryxp000065.500mm-yp000040.000mm-zm000087.000mm-shot0000.npy,65.5,-87.0,100,34192.2,0.0029,0.741,0,False
52.0,auto_scan-2026-07-23_10-42-35,y0052.00cm,jul23-003-tableyp000520.000mm-gantryxp000060.500mm-yp000030.000mm-zm000083.000mm-shot0000.npy,60.5,-83.0,158,34192.2,0.0046,1.0,0,False
52.0,auto_scan-2026-07-23_10-42-35,y0052.00cm,jul23-003-tableyp000520.000mm-gantryxp000065.500mm-yp000030.000mm-zm000083.000mm-shot0000.npy,65.5,-83.0,98,34192.2,0.0029,0.62,0,False
52.0,auto_scan-2026-07-23_10-42-35,y0052.00cm,jul23-003-tableyp000520.000mm-gantryxp000055.500mm-yp000030.000mm-zm000083.000mm-shot0000.npy,55.5,-83.0,93,34192.2,0.0027,0.589,0,False
52.0,auto_scan-2026-07-23_10-42-35,y0052.00cm,jul23-003-tableyp000520.000mm-gantryxp000055.500mm-yp000030.000mm-zm000079.000mm-shot0000.npy,55.5,-79.0,82,34192.2,0.0024,0.519,0,False
52.0,auto_scan-2026-07-23_10-42-35,y0052.00cm,jul23-003-tableyp000520.000mm-gantryxp000060.500mm-yp000030.000mm-zm000079.000mm-shot0000.npy,60.5,-79.0,94,34192.2,0.0027,0.595,0,False
52.0,auto_scan-2026-07-23_10-42-35,y0052.00cm,jul23-003-tableyp000520.000mm-gantryxp000065.500mm-yp000030.000mm-zm000079.000mm-shot0000.npy,65.5,-79.0,99,34192.2,0.0029,0.627,0,False
52.0,auto_scan-2026-07-23_10-42-35,y0052.00cm,jul23-003-tableyp000520.000mm-gantryxp000055.500mm-yp000030.000mm-zm000087.000mm-shot0000.npy,55.5,-87.0,90,34192.2,0.0026,0.57,0,False
52.0,auto_scan-2026-07-23_10-42-35,y0052.00cm,jul23-003-tableyp000520.000mm-gantryxp000060.500mm-yp000030.000mm-zm000087.000mm-shot0000.npy,60.5,-87.0,114,34192.2,0.0033,0.722,0,False
52.0,auto_scan-2026-07-23_10-42-35,y0052.00cm,jul23-003-tableyp000520.000mm-gantryxp000065.500mm-yp000030.000mm-zm000087.000mm-shot0000.npy,65.5,-87.0,96,34192.2,0.0028,0.608,0,False
53.0,auto_scan-2026-07-23_10-42-35,y0053.00cm,jul23-003-tableyp000530.000mm-gantryxp000055.500mm-yp000020.000mm-zm000087.000mm-shot0000.npy,55.5,-87.0,118,46553.8,0.0025,0.615,0,False
53.0,auto_scan-2026-07-23_10-42-35,y0053.00cm,jul23-003-tableyp000530.000mm-gantryxp000060.500mm-yp000020.000mm-zm000087.000mm-shot0000.npy,60.5,-87.0,155,46553.8,0.0033,0.807,0,False
53.0,auto_scan-2026-07-23_10-42-35,y0053.00cm,jul23-003-tableyp000530.000mm-gantryxp000055.500mm-yp000020.000mm-zm000083.000mm-shot0000.npy,55.5,-83.0,118,46553.8,0.0025,0.615,0,False
53.0,auto_scan-2026-07-23_10-42-35,y0053.00cm,jul23-003-tableyp000530.000mm-gantryxp000060.500mm-yp000020.000mm-zm000083.000mm-shot0000.npy,60.5,-83.0,192,46553.8,0.0041,1.0,0,False
53.0,auto_scan-2026-07-23_10-42-35,y0053.00cm,jul23-003-tableyp000530.000mm-gantryxp000065.500mm-yp000020.000mm-zm000087.000mm-shot0000.npy,65.5,-87.0,130,46553.8,0.0028,0.677,0,False
53.0,auto_scan-2026-07-23_10-42-35,y0053.00cm,jul23-003-tableyp000530.000mm-gantryxp000065.500mm-yp000020.000mm-zm000083.000mm-shot0000.npy,65.5,-83.0,132,46553.8,0.0028,0.688,0,False
53.0,auto_scan-2026-07-23_10-42-35,y0053.00cm,jul23-003-tableyp000530.000mm-gantryxp000055.500mm-yp000020.000mm-zm000079.000mm-shot0000.npy,55.5,-79.0,115,46553.8,0.0025,0.599,0,False
53.0,auto_scan-2026-07-23_10-42-35,y0053.00cm,jul23-003-tableyp000530.000mm-gantryxp000060.500mm-yp000020.000mm-zm000079.000mm-shot0000.npy,60.5,-79.0,127,46553.8,0.0027,0.661,0,False
53.0,auto_scan-2026-07-23_10-42-35,y0053.00cm,jul23-003-tableyp000530.000mm-gantryxp000065.500mm-yp000020.000mm-zm000079.000mm-shot0000.npy,65.5,-79.0,125,46553.8,0.0027,0.651,0,False
54.0,auto_scan-2026-07-23_10-42-35,y0054.00cm,jul23-003-tableyp000540.000mm-gantryxp000055.500mm-yp000010.000mm-zm000095.000mm-shot0000-dark.npy,55.5,-95.0,153,372430.8,0.0004,0.6,0,False
54.0,auto_scan-2026-07-23_10-42-35,y0054.00cm,jul23-003-tableyp000540.000mm-gantryxp000060.500mm-yp000010.000mm-zm000095.000mm-shot0000-dark.npy,60.5,-95.0,148,372430.8,0.0004,0.58,0,False
54.0,auto_scan-2026-07-23_10-42-35,y0054.00cm,jul23-003-tableyp000540.000mm-gantryxp000050.500mm-yp000010.000mm-zm000095.000mm-shot0000-dark.npy,50.5,-95.0,152,372430.8,0.0004,0.596,0,False
54.0,auto_scan-2026-07-23_10-42-35,y0054.00cm,jul23-003-tableyp000540.000mm-gantryxp000050.500mm-yp000010.000mm-zm000091.000mm-shot0000-dark.npy,50.5,-91.0,152,372430.8,0.0004,0.596,0,False
54.0,auto_scan-2026-07-23_10-42-35,y0054.00cm,jul23-003-tableyp000540.000mm-gantryxp000055.500mm-yp000010.000mm-zm000091.000mm-shot0000.npy,55.5,-91.0,150,372430.8,0.0004,0.588,0,False
54.0,auto_scan-2026-07-23_10-42-35,y0054.00cm,jul23-003-tableyp000540.000mm-gantryxp000060.500mm-yp000010.000mm-zm000091.000mm-shot0000.npy,60.5,-91.0,148,372430.8,0.0004,0.58,0,False
54.0,auto_scan-2026-07-23_10-42-35,y0054.00cm,jul23-003-tableyp000540.000mm-gantryxp000065.500mm-yp000010.000mm-zm000095.000mm-shot0000-dark.npy,65.5,-95.0,148,372430.8,0.0004,0.58,0,False
54.0,auto_scan-2026-07-23_10-42-35,y0054.00cm,jul23-003-tableyp000540.000mm-gantryxp000065.500mm-yp000010.000mm-zm000091.000mm-shot0000-dark.npy,65.5,-91.0,149,372430.8,0.0004,0.584,0,False
54.0,auto_scan-2026-07-23_10-42-35,y0054.00cm,jul23-003-tableyp000540.000mm-gantryxp000050.500mm-yp000010.000mm-zm000087.000mm-shot0000-dark.npy,50.5,-87.0,150,372430.8,0.0004,0.588,0,False
54.0,auto_scan-2026-07-23_10-42-35,y0054.00cm,jul23-003-tableyp000540.000mm-gantryxp000055.500mm-yp000010.000mm-zm000087.000mm-shot0000.npy,55.5,-87.0,255,372430.8,0.0007,1.0,459188,False
54.0,auto_scan-2026-07-23_10-42-35,y0054.00cm,jul23-003-tableyp000540.000mm-gantryxp000060.500mm-yp000010.000mm-zm000087.000mm-shot0000.npy,60.5,-87.0,255,372430.8,0.0007,1.0,1122476,False
54.0,auto_scan-2026-07-23_10-42-35,y0054.00cm,jul23-003-tableyp000540.000mm-gantryxp000065.500mm-yp000010.000mm-zm000087.000mm-shot0000.npy,65.5,-87.0,255,372430.8,0.0007,1.0,371735,False
54.0,auto_scan-2026-07-23_10-42-35,y0054.00cm,jul23-003-tableyp000540.000mm-gantryxp000070.500mm-yp000010.000mm-zm000095.000mm-shot0000-dark.npy,70.5,-95.0,151,372430.8,0.0004,0.592,0,False
54.0,auto_scan-2026-07-23_10-42-35,y0054.00cm,jul23-003-tableyp000540.000mm-gantryxp000070.500mm-yp000010.000mm-zm000091.000mm-shot0000-dark.npy,70.5,-91.0,155,372430.8,0.0004,0.608,0,False
54.0,auto_scan-2026-07-23_10-42-35,y0054.00cm,jul23-003-tableyp000540.000mm-gantryxp000070.500mm-yp000010.000mm-zm000087.000mm-shot0000-dark.npy,70.5,-87.0,151,372430.8,0.0004,0.592,0,False
54.0,auto_scan-2026-07-23_10-42-35,y0054.00cm,jul23-003-tableyp000540.000mm-gantryxp000050.500mm-yp000010.000mm-zm000083.000mm-shot0000-dark.npy,50.5,-83.0,151,372430.8,0.0004,0.592,0,False
54.0,auto_scan-2026-07-23_10-42-35,y0054.00cm,jul23-003-tableyp000540.000mm-gantryxp000055.500mm-yp000010.000mm-zm000083.000mm-shot0000.npy,55.5,-83.0,255,372430.8,0.0007,1.0,648319,False
54.0,auto_scan-2026-07-23_10-42-35,y0054.00cm,jul23-003-tableyp000540.000mm-gantryxp000060.500mm-yp000010.000mm-zm000083.000mm-shot0000.npy,60.5,-83.0,255,372430.8,0.0007,1.0,1311558,False
54.0,auto_scan-2026-07-23_10-42-35,y0054.00cm,jul23-003-tableyp000540.000mm-gantryxp000065.500mm-yp000010.000mm-zm000083.000mm-shot0000.npy,65.5,-83.0,255,372430.8,0.0007,1.0,853189,False
54.0,auto_scan-2026-07-23_10-42-35,y0054.00cm,jul23-003-tableyp000540.000mm-gantryxp000070.500mm-yp000010.000mm-zm000083.000mm-shot0000-dark.npy,70.5,-83.0,152,372430.8,0.0004,0.596,0,False
54.0,auto_scan-2026-07-23_10-42-35,y0054.00cm,jul23-003-tableyp000540.000mm-gantryxp000050.500mm-yp000010.000mm-zm000079.000mm-shot0000-dark.npy,50.5,-79.0,150,372430.8,0.0004,0.588,0,False
54.0,auto_scan-2026-07-23_10-42-35,y0054.00cm,jul23-003-tableyp000540.000mm-gantryxp000055.500mm-yp000010.000mm-zm000079.000mm-shot0000.npy,55.5,-79.0,255,372430.8,0.0007,1.0,322624,False
54.0,auto_scan-2026-07-23_10-42-35,y0054.00cm,jul23-003-tableyp000540.000mm-gantryxp000060.500mm-yp000010.000mm-zm000079.000mm-shot0000.npy,60.5,-79.0,255,372430.8,0.0007,1.0,900414,False
54.0,auto_scan-2026-07-23_10-42-35,y0054.00cm,jul23-003-tableyp000540.000mm-gantryxp000065.500mm-yp000010.000mm-zm000079.000mm-shot0000.npy,65.5,-79.0,255,372430.8,0.0007,1.0,186718,False
54.0,auto_scan-2026-07-23_10-42-35,y0054.00cm,jul23-003-tableyp000540.000mm-gantryxp000070.500mm-yp000010.000mm-zm000079.000mm-shot0000-dark.npy,70.5,-79.0,151,372430.8,0.0004,0.592,0,False
54.0,auto_scan-2026-07-23_10-42-35,y0054.00cm,jul23-003-tableyp000540.000mm-gantryxp000050.500mm-yp000010.000mm-zm000075.000mm-shot0000-dark.npy,50.5,-75.0,150,372430.8,0.0004,0.588,0,False
54.0,auto_scan-2026-07-23_10-42-35,y0054.00cm,jul23-003-tableyp000540.000mm-gantryxp000055.500mm-yp000010.000mm-zm000075.000mm-shot0000-dark.npy,55.5,-75.0,152,372430.8,0.0004,0.596,0,False
54.0,auto_scan-2026-07-23_10-42-35,y0054.00cm,jul23-003-tableyp000540.000mm-gantryxp000060.500mm-yp000010.000mm-zm000075.000mm-shot0000-dark.npy,60.5,-75.0,154,372430.8,0.0004,0.604,0,False
54.0,auto_scan-2026-07-23_10-42-35,y0054.00cm,jul23-003-tableyp000540.000mm-gantryxp000065.500mm-yp000010.000mm-zm000075.000mm-shot0000-dark.npy,65.5,-75.0,150,372430.8,0.0004,0.588,0,False
54.0,auto_scan-2026-07-23_10-42-35,y0054.00cm,jul23-003-tableyp000540.000mm-gantryxp000070.500mm-yp000010.000mm-zm000075.000mm-shot0000-dark.npy,70.5,-75.0,153,372430.8,0.0004,0.6,0,False
59.5,auto_scan-2026-07-23_13-32-02,y0059.50cm,jul23-004-tableyp000595.000mm-gantryxp000060.500mm-yp000130.000mm-zm000081.000mm-shot0000.npy,60.5,-81.0,129,26313.0,0.0049,1.0,0,False
59.5,auto_scan-2026-07-23_13-32-02,y0059.50cm,jul23-004-tableyp000595.000mm-gantryxp000065.500mm-yp000130.000mm-zm000081.000mm-shot0000.npy,65.5,-81.0,79,26313.0,0.003,0.612,0,False
59.5,auto_scan-2026-07-23_13-32-02,y0059.50cm,jul23-004-tableyp000595.000mm-gantryxp000060.500mm-yp000130.000mm-zm000077.000mm-shot0000.npy,60.5,-77.0,67,26313.0,0.0025,0.519,0,False
59.5,auto_scan-2026-07-23_13-32-02,y0059.50cm,jul23-004-tableyp000595.000mm-gantryxp000065.500mm-yp000130.000mm-zm000077.000mm-shot0000.npy,65.5,-77.0,67,26313.0,0.0025,0.519,0,False
59.5,auto_scan-2026-07-23_13-32-02,y0059.50cm,jul23-004-tableyp000595.000mm-gantryxp000060.500mm-yp000130.000mm-zm000085.000mm-shot0000.npy,60.5,-85.0,123,26313.0,0.0047,0.953,0,False
59.5,auto_scan-2026-07-23_13-32-02,y0059.50cm,jul23-004-tableyp000595.000mm-gantryxp000065.500mm-yp000130.000mm-zm000085.000mm-shot0000.npy,65.5,-85.0,78,26313.0,0.003,0.605,0,False
59.5,auto_scan-2026-07-23_13-32-02,y0059.50cm,jul23-004-tableyp000595.000mm-gantryxp000060.500mm-yp000130.000mm-zm000089.000mm-shot0000.npy,60.5,-89.0,84,26313.0,0.0032,0.651,0,False
59.5,auto_scan-2026-07-23_13-32-02,y0059.50cm,jul23-004-tableyp000595.000mm-gantryxp000065.500mm-yp000130.000mm-zm000089.000mm-shot0000.npy,65.5,-89.0,74,26313.0,0.0028,0.574,0,False
60.5,auto_scan-2026-07-23_13-32-02,y0060.50cm,jul23-004-tableyp000605.000mm-gantryxp000060.500mm-yp000120.000mm-zm000081.000mm-shot0000.npy,60.5,-81.0,124,26313.0,0.0047,1.0,0,False
60.5,auto_scan-2026-07-23_13-32-02,y0060.50cm,jul23-004-tableyp000605.000mm-gantryxp000065.500mm-yp000120.000mm-zm000081.000mm-shot0000.npy,65.5,-81.0,79,26313.0,0.003,0.637,0,False
60.5,auto_scan-2026-07-23_13-32-02,y0060.50cm,jul23-004-tableyp000605.000mm-gantryxp000060.500mm-yp000120.000mm-zm000077.000mm-shot0000.npy,60.5,-77.0,65,26313.0,0.0025,0.524,0,False
60.5,auto_scan-2026-07-23_13-32-02,y0060.50cm,jul23-004-tableyp000605.000mm-gantryxp000060.500mm-yp000120.000mm-zm000085.000mm-shot0000.npy,60.5,-85.0,121,26313.0,0.0046,0.976,0,False
60.5,auto_scan-2026-07-23_13-32-02,y0060.50cm,jul23-004-tableyp000605.000mm-gantryxp000065.500mm-yp000120.000mm-zm000085.000mm-shot0000.npy,65.5,-85.0,76,26313.0,0.0029,0.613,0,False
60.5,auto_scan-2026-07-23_13-32-02,y0060.50cm,jul23-004-tableyp000605.000mm-gantryxp000060.500mm-yp000120.000mm-zm000089.000mm-shot0000.npy,60.5,-89.0,79,26313.0,0.003,0.637,0,False
60.5,auto_scan-2026-07-23_13-32-02,y0060.50cm,jul23-004-tableyp000605.000mm-gantryxp000065.500mm-yp000120.000mm-zm000089.000mm-shot0000.npy,65.5,-89.0,71,26313.0,0.0027,0.573,0,False
61.5,auto_scan-2026-07-23_13-32-02,y0061.50cm,jul23-004-tableyp000615.000mm-gantryxp000060.500mm-yp000110.000mm-zm000085.000mm-shot0000.npy,60.5,-85.0,124,26313.0,0.0047,0.961,0,False
61.5,auto_scan-2026-07-23_13-32-02,y0061.50cm,jul23-004-tableyp000615.000mm-gantryxp000065.500mm-yp000110.000mm-zm000085.000mm-shot0000.npy,65.5,-85.0,74,26313.0,0.0028,0.574,0,False
61.5,auto_scan-2026-07-23_13-32-02,y0061.50cm,jul23-004-tableyp000615.000mm-gantryxp000060.500mm-yp000110.000mm-zm000081.000mm-shot0000.npy,60.5,-81.0,129,26313.0,0.0049,1.0,0,False
61.5,auto_scan-2026-07-23_13-32-02,y0061.50cm,jul23-004-tableyp000615.000mm-gantryxp000065.500mm-yp000110.000mm-zm000081.000mm-shot0000.npy,65.5,-81.0,76,26313.0,0.0029,0.589,0,False
61.5,auto_scan-2026-07-23_13-32-02,y0061.50cm,jul23-004-tableyp000615.000mm-gantryxp000060.500mm-yp000110.000mm-zm000089.000mm-shot0000.npy,60.5,-89.0,76,26313.0,0.0029,0.589,0,False
61.5,auto_scan-2026-07-23_13-32-02,y0061.50cm,jul23-004-tableyp000615.000mm-gantryxp000065.500mm-yp000110.000mm-zm000089.000mm-shot0000.npy,65.5,-89.0,74,26313.0,0.0028,0.574,0,False
61.5,auto_scan-2026-07-23_13-32-02,y0061.50cm,jul23-004-tableyp000615.000mm-gantryxp000060.500mm-yp000110.000mm-zm000077.000mm-shot0000.npy,60.5,-77.0,70,26313.0,0.0027,0.543,0,False
62.5,auto_scan-2026-07-23_13-32-02,y0062.50cm,jul23-004-tableyp000625.000mm-gantryxp000060.500mm-yp000100.000mm-zm000081.000mm-shot0000.npy,60.5,-81.0,121,26313.0,0.0046,0.968,0,False
62.5,auto_scan-2026-07-23_13-32-02,y0062.50cm,jul23-004-tableyp000625.000mm-gantryxp000065.500mm-yp000100.000mm-zm000081.000mm-shot0000.npy,65.5,-81.0,76,26313.0,0.0029,0.608,0,False
62.5,auto_scan-2026-07-23_13-32-02,y0062.50cm,jul23-004-tableyp000625.000mm-gantryxp000060.500mm-yp000100.000mm-zm000077.000mm-shot0000.npy,60.5,-77.0,73,26313.0,0.0028,0.584,0,False
62.5,auto_scan-2026-07-23_13-32-02,y0062.50cm,jul23-004-tableyp000625.000mm-gantryxp000055.500mm-yp000100.000mm-zm000085.000mm-shot0000.npy,55.5,-85.0,63,26313.0,0.0024,0.504,0,False
62.5,auto_scan-2026-07-23_13-32-02,y0062.50cm,jul23-004-tableyp000625.000mm-gantryxp000060.500mm-yp000100.000mm-zm000085.000mm-shot0000.npy,60.5,-85.0,125,26313.0,0.0048,1.0,0,False
62.5,auto_scan-2026-07-23_13-32-02,y0062.50cm,jul23-004-tableyp000625.000mm-gantryxp000065.500mm-yp000100.000mm-zm000085.000mm-shot0000.npy,65.5,-85.0,78,26313.0,0.003,0.624,0,False
62.5,auto_scan-2026-07-23_13-32-02,y0062.50cm,jul23-004-tableyp000625.000mm-gantryxp000060.500mm-yp000100.000mm-zm000089.000mm-shot0000.npy,60.5,-89.0,72,26313.0,0.0027,0.576,0,False
62.5,auto_scan-2026-07-23_13-32-02,y0062.50cm,jul23-004-tableyp000625.000mm-gantryxp000065.500mm-yp000100.000mm-zm000089.000mm-shot0000.npy,65.5,-89.0,72,26313.0,0.0027,0.576,0,False
63.5,auto_scan-2026-07-23_13-32-02,y0063.50cm,jul23-004-tableyp000635.000mm-gantryxp000060.500mm-yp000090.000mm-zm000081.000mm-shot0000.npy,60.5,-81.0,120,26313.0,0.0046,1.0,0,False
63.5,auto_scan-2026-07-23_13-32-02,y0063.50cm,jul23-004-tableyp000635.000mm-gantryxp000065.500mm-yp000090.000mm-zm000081.000mm-shot0000.npy,65.5,-81.0,77,26313.0,0.0029,0.642,0,False
63.5,auto_scan-2026-07-23_13-32-02,y0063.50cm,jul23-004-tableyp000635.000mm-gantryxp000055.500mm-yp000090.000mm-zm000081.000mm-shot0000.npy,55.5,-81.0,64,26313.0,0.0024,0.533,0,False
63.5,auto_scan-2026-07-23_13-32-02,y0063.50cm,jul23-004-tableyp000635.000mm-gantryxp000060.500mm-yp000090.000mm-zm000077.000mm-shot0000.npy,60.5,-77.0,73,26313.0,0.0028,0.608,0,False
63.5,auto_scan-2026-07-23_13-32-02,y0063.50cm,jul23-004-tableyp000635.000mm-gantryxp000055.500mm-yp000090.000mm-zm000085.000mm-shot0000.npy,55.5,-85.0,64,26313.0,0.0024,0.533,0,False
63.5,auto_scan-2026-07-23_13-32-02,y0063.50cm,jul23-004-tableyp000635.000mm-gantryxp000060.500mm-yp000090.000mm-zm000085.000mm-shot0000.npy,60.5,-85.0,119,26313.0,0.0045,0.992,0,False
63.5,auto_scan-2026-07-23_13-32-02,y0063.50cm,jul23-004-tableyp000635.000mm-gantryxp000065.500mm-yp000090.000mm-zm000085.000mm-shot0000.npy,65.5,-85.0,75,26313.0,0.0029,0.625,0,False
63.5,auto_scan-2026-07-23_13-32-02,y0063.50cm,jul23-004-tableyp000635.000mm-gantryxp000055.500mm-yp000090.000mm-zm000089.000mm-shot0000.npy,55.5,-89.0,60,26313.0,0.0023,0.5,0,False
63.5,auto_scan-2026-07-23_13-32-02,y0063.50cm,jul23-004-tableyp000635.000mm-gantryxp000060.500mm-yp000090.000mm-zm000089.000mm-shot0000.npy,60.5,-89.0,72,26313.0,0.0027,0.6,0,False
63.5,auto_scan-2026-07-23_13-32-02,y0063.50cm,jul23-004-tableyp000635.000mm-gantryxp000065.500mm-yp000090.000mm-zm000089.000mm-shot0000.npy,65.5,-89.0,72,26313.0,0.0027,0.6,0,False
64.5,auto_scan-2026-07-23_13-32-02,y0064.50cm,jul23-004-tableyp000645.000mm-gantryxp000060.500mm-yp000080.000mm-zm000081.000mm-shot0000.npy,60.5,-81.0,129,26313.0,0.0049,1.0,0,False
64.5,auto_scan-2026-07-23_13-32-02,y0064.50cm,jul23-004-tableyp000645.000mm-gantryxp000065.500mm-yp000080.000mm-zm000081.000mm-shot0000.npy,65.5,-81.0,81,26313.0,0.0031,0.628,0,False
64.5,auto_scan-2026-07-23_13-32-02,y0064.50cm,jul23-004-tableyp000645.000mm-gantryxp000055.500mm-yp000080.000mm-zm000081.000mm-shot0000.npy,55.5,-81.0,65,26313.0,0.0025,0.504,0,False
64.5,auto_scan-2026-07-23_13-32-02,y0064.50cm,jul23-004-tableyp000645.000mm-gantryxp000060.500mm-yp000080.000mm-zm000077.000mm-shot0000.npy,60.5,-77.0,72,26313.0,0.0027,0.558,0,False
64.5,auto_scan-2026-07-23_13-32-02,y0064.50cm,jul23-004-tableyp000645.000mm-gantryxp000055.500mm-yp000080.000mm-zm000085.000mm-shot0000.npy,55.5,-85.0,65,26313.0,0.0025,0.504,0,False
64.5,auto_scan-2026-07-23_13-32-02,y0064.50cm,jul23-004-tableyp000645.000mm-gantryxp000060.500mm-yp000080.000mm-zm000085.000mm-shot0000.npy,60.5,-85.0,125,26313.0,0.0048,0.969,0,False
64.5,auto_scan-2026-07-23_13-32-02,y0064.50cm,jul23-004-tableyp000645.000mm-gantryxp000065.500mm-yp000080.000mm-zm000085.000mm-shot0000.npy,65.5,-85.0,76,26313.0,0.0029,0.589,0,False
64.5,auto_scan-2026-07-23_13-32-02,y0064.50cm,jul23-004-tableyp000645.000mm-gantryxp000060.500mm-yp000080.000mm-zm000089.000mm-shot0000.npy,60.5,-89.0,71,26313.0,0.0027,0.55,0,False
64.5,auto_scan-2026-07-23_13-32-02,y0064.50cm,jul23-004-tableyp000645.000mm-gantryxp000065.500mm-yp000080.000mm-zm000089.000mm-shot0000.npy,65.5,-89.0,70,26313.0,0.0027,0.543,0,False
65.5,auto_scan-2026-07-23_13-32-02,y0065.50cm,jul23-004-tableyp000655.000mm-gantryxp000060.500mm-yp000070.000mm-zm000081.000mm-shot0000.npy,60.5,-81.0,143,26313.0,0.0054,1.0,0,False
65.5,auto_scan-2026-07-23_13-32-02,y0065.50cm,jul23-004-tableyp000655.000mm-gantryxp000065.500mm-yp000070.000mm-zm000081.000mm-shot0000.npy,65.5,-81.0,77,26313.0,0.0029,0.538,0,False
65.5,auto_scan-2026-07-23_13-32-02,y0065.50cm,jul23-004-tableyp000655.000mm-gantryxp000060.500mm-yp000070.000mm-zm000077.000mm-shot0000.npy,60.5,-77.0,74,26313.0,0.0028,0.517,0,False
65.5,auto_scan-2026-07-23_13-32-02,y0065.50cm,jul23-004-tableyp000655.000mm-gantryxp000060.500mm-yp000070.000mm-zm000085.000mm-shot0000.npy,60.5,-85.0,140,26313.0,0.0053,0.979,0,False
65.5,auto_scan-2026-07-23_13-32-02,y0065.50cm,jul23-004-tableyp000655.000mm-gantryxp000065.500mm-yp000070.000mm-zm000085.000mm-shot0000.npy,65.5,-85.0,77,26313.0,0.0029,0.538,0,False
65.5,auto_scan-2026-07-23_13-32-02,y0065.50cm,jul23-004-tableyp000655.000mm-gantryxp000060.500mm-yp000070.000mm-zm000089.000mm-shot0000.npy,60.5,-89.0,73,26313.0,0.0028,0.51,0,False
65.5,auto_scan-2026-07-23_13-32-02,y0065.50cm,jul23-004-tableyp000655.000mm-gantryxp000065.500mm-yp000070.000mm-zm000089.000mm-shot0000.npy,65.5,-89.0,74,26313.0,0.0028,0.517,0,False
66.5,auto_scan-2026-07-23_13-32-02,y0066.50cm,jul23-004-tableyp000665.000mm-gantryxp000060.500mm-yp000060.000mm-zm000081.000mm-shot0000.npy,60.5,-81.0,147,26313.0,0.0056,1.0,0,False
66.5,auto_scan-2026-07-23_13-32-02,y0066.50cm,jul23-004-tableyp000665.000mm-gantryxp000065.500mm-yp000060.000mm-zm000081.000mm-shot0000.npy,65.5,-81.0,80,26313.0,0.003,0.544,0,False
66.5,auto_scan-2026-07-23_13-32-02,y0066.50cm,jul23-004-tableyp000665.000mm-gantryxp000060.500mm-yp000060.000mm-zm000085.000mm-shot0000.npy,60.5,-85.0,142,26313.0,0.0054,0.966,0,False
66.5,auto_scan-2026-07-23_13-32-02,y0066.50cm,jul23-004-tableyp000665.000mm-gantryxp000065.500mm-yp000060.000mm-zm000085.000mm-shot0000.npy,65.5,-85.0,83,26313.0,0.0032,0.565,0,False
66.5,auto_scan-2026-07-23_13-32-02,y0066.50cm,jul23-004-tableyp000665.000mm-gantryxp000060.500mm-yp000060.000mm-zm000089.000mm-shot0000.npy,60.5,-89.0,76,26313.0,0.0029,0.517,0,False
66.5,auto_scan-2026-07-23_13-32-02,y0066.50cm,jul23-004-tableyp000665.000mm-gantryxp000065.500mm-yp000060.000mm-zm000089.000mm-shot0000.npy,65.5,-89.0,82,26313.0,0.0031,0.558,0,False
67.5,auto_scan-2026-07-23_13-32-02,y0067.50cm,jul23-004-tableyp000675.000mm-gantryxp000060.500mm-yp000050.000mm-zm000081.000mm-shot0000.npy,60.5,-81.0,146,26313.0,0.0055,1.0,0,False
67.5,auto_scan-2026-07-23_13-32-02,y0067.50cm,jul23-004-tableyp000675.000mm-gantryxp000065.500mm-yp000050.000mm-zm000081.000mm-shot0000.npy,65.5,-81.0,86,26313.0,0.0033,0.589,0,False
67.5,auto_scan-2026-07-23_13-32-02,y0067.50cm,jul23-004-tableyp000675.000mm-gantryxp000060.500mm-yp000050.000mm-zm000085.000mm-shot0000.npy,60.5,-85.0,141,26313.0,0.0054,0.966,0,False
67.5,auto_scan-2026-07-23_13-32-02,y0067.50cm,jul23-004-tableyp000675.000mm-gantryxp000065.500mm-yp000050.000mm-zm000085.000mm-shot0000.npy,65.5,-85.0,85,26313.0,0.0032,0.582,0,False
67.5,auto_scan-2026-07-23_13-32-02,y0067.50cm,jul23-004-tableyp000675.000mm-gantryxp000060.500mm-yp000050.000mm-zm000089.000mm-shot0000.npy,60.5,-89.0,76,26313.0,0.0029,0.521,0,False
67.5,auto_scan-2026-07-23_13-32-02,y0067.50cm,jul23-004-tableyp000675.000mm-gantryxp000065.500mm-yp000050.000mm-zm000089.000mm-shot0000.npy,65.5,-89.0,95,26313.0,0.0036,0.651,0,False
68.5,auto_scan-2026-07-23_13-32-02,y0068.50cm,jul23-004-tableyp000685.000mm-gantryxp000060.500mm-yp000040.000mm-zm000085.000mm-shot0000.npy,60.5,-85.0,128,26313.0,0.0049,0.97,0,False
68.5,auto_scan-2026-07-23_13-32-02,y0068.50cm,jul23-004-tableyp000685.000mm-gantryxp000065.500mm-yp000040.000mm-zm000085.000mm-shot0000.npy,65.5,-85.0,91,26313.0,0.0035,0.689,0,False
68.5,auto_scan-2026-07-23_13-32-02,y0068.50cm,jul23-004-tableyp000685.000mm-gantryxp000055.500mm-yp000040.000mm-zm000081.000mm-shot0000.npy,55.5,-81.0,69,26313.0,0.0026,0.523,0,False
68.5,auto_scan-2026-07-23_13-32-02,y0068.50cm,jul23-004-tableyp000685.000mm-gantryxp000060.500mm-yp000040.000mm-zm000081.000mm-shot0000.npy,60.5,-81.0,132,26313.0,0.005,1.0,0,False
68.5,auto_scan-2026-07-23_13-32-02,y0068.50cm,jul23-004-tableyp000685.000mm-gantryxp000065.500mm-yp000040.000mm-zm000081.000mm-shot0000.npy,65.5,-81.0,84,26313.0,0.0032,0.636,0,False
68.5,auto_scan-2026-07-23_13-32-02,y0068.50cm,jul23-004-tableyp000685.000mm-gantryxp000060.500mm-yp000040.000mm-zm000089.000mm-shot0000.npy,60.5,-89.0,78,26313.0,0.003,0.591,0,False
68.5,auto_scan-2026-07-23_13-32-02,y0068.50cm,jul23-004-tableyp000685.000mm-gantryxp000065.500mm-yp000040.000mm-zm000089.000mm-shot0000.npy,65.5,-89.0,89,26313.0,0.0034,0.674,0,False
68.5,auto_scan-2026-07-23_13-32-02,y0068.50cm,jul23-004-tableyp000685.000mm-gantryxp000060.500mm-yp000040.000mm-zm000077.000mm-shot0000.npy,60.5,-77.0,68,26313.0,0.0026,0.515,0,False
69.5,auto_scan-2026-07-23_13-32-02,y0069.50cm,jul23-004-tableyp000695.000mm-gantryxp000060.500mm-yp000030.000mm-zm000085.000mm-shot0000.npy,60.5,-85.0,152,26313.0,0.0058,1.0,0,False
69.5,auto_scan-2026-07-23_13-32-02,y0069.50cm,jul23-004-tableyp000695.000mm-gantryxp000065.500mm-yp000030.000mm-zm000085.000mm-shot0000.npy,65.5,-85.0,93,26313.0,0.0035,0.612,0,False
69.5,auto_scan-2026-07-23_13-32-02,y0069.50cm,jul23-004-tableyp000695.000mm-gantryxp000055.500mm-yp000030.000mm-zm000081.000mm-shot0000.npy,55.5,-81.0,76,26313.0,0.0029,0.5,0,False
69.5,auto_scan-2026-07-23_13-32-02,y0069.50cm,jul23-004-tableyp000695.000mm-gantryxp000060.500mm-yp000030.000mm-zm000081.000mm-shot0000.npy,60.5,-81.0,148,26313.0,0.0056,0.974,0,False
69.5,auto_scan-2026-07-23_13-32-02,y0069.50cm,jul23-004-tableyp000695.000mm-gantryxp000065.500mm-yp000030.000mm-zm000081.000mm-shot0000.npy,65.5,-81.0,87,26313.0,0.0033,0.572,0,False
69.5,auto_scan-2026-07-23_13-32-02,y0069.50cm,jul23-004-tableyp000695.000mm-gantryxp000065.500mm-yp000030.000mm-zm000089.000mm-shot0000.npy,65.5,-89.0,79,26313.0,0.003,0.52,0,False
70.5,auto_scan-2026-07-23_13-32-02,y0070.50cm,jul23-004-tableyp000705.000mm-gantryxp000060.500mm-yp000020.000mm-zm000085.000mm-shot0000.npy,60.5,-85.0,168,26313.0,0.0064,1.0,0,False
70.5,auto_scan-2026-07-23_13-32-02,y0070.50cm,jul23-004-tableyp000705.000mm-gantryxp000065.500mm-yp000020.000mm-zm000085.000mm-shot0000.npy,65.5,-85.0,87,26313.0,0.0033,0.518,0,False
70.5,auto_scan-2026-07-23_13-32-02,y0070.50cm,jul23-004-tableyp000705.000mm-gantryxp000060.500mm-yp000020.000mm-zm000081.000mm-shot0000.npy,60.5,-81.0,165,26313.0,0.0063,0.982,0,False
70.5,auto_scan-2026-07-23_13-32-02,y0070.50cm,jul23-004-tableyp000705.000mm-gantryxp000065.500mm-yp000020.000mm-zm000081.000mm-shot0000.npy,65.5,-81.0,93,26313.0,0.0035,0.554,0,False
71.5,auto_scan-2026-07-23_13-32-02,y0071.50cm,jul23-004-tableyp000715.000mm-gantryxp000055.500mm-yp000010.000mm-zm000085.000mm-shot0000.npy,55.5,-85.0,152,52626.1,0.0029,0.596,0,False
71.5,auto_scan-2026-07-23_13-32-02,y0071.50cm,jul23-004-tableyp000715.000mm-gantryxp000060.500mm-yp000010.000mm-zm000085.000mm-shot0000.npy,60.5,-85.0,255,52626.1,0.0048,1.0,18,False
71.5,auto_scan-2026-07-23_13-32-02,y0071.50cm,jul23-004-tableyp000715.000mm-gantryxp000055.500mm-yp000010.000mm-zm000081.000mm-shot0000.npy,55.5,-81.0,144,52626.1,0.0027,0.565,0,False
71.5,auto_scan-2026-07-23_13-32-02,y0071.50cm,jul23-004-tableyp000715.000mm-gantryxp000060.500mm-yp000010.000mm-zm000081.000mm-shot0000.npy,60.5,-81.0,255,52626.1,0.0048,1.0,16,False
71.5,auto_scan-2026-07-23_13-32-02,y0071.50cm,jul23-004-tableyp000715.000mm-gantryxp000060.500mm-yp000010.000mm-zm000089.000mm-shot0000.npy,60.5,-89.0,160,52626.1,0.003,0.627,0,False
71.5,auto_scan-2026-07-23_13-32-02,y0071.50cm,jul23-004-tableyp000715.000mm-gantryxp000065.500mm-yp000010.000mm-zm000085.000mm-shot0000.npy,65.5,-85.0,174,52626.1,0.0033,0.682,0,False
71.5,auto_scan-2026-07-23_13-32-02,y0071.50cm,jul23-004-tableyp000715.000mm-gantryxp000065.500mm-yp000010.000mm-zm000081.000mm-shot0000.npy,65.5,-81.0,199,52626.1,0.0038,0.78,0,False
71.5,auto_scan-2026-07-23_13-32-02,y0071.50cm,jul23-004-tableyp000715.000mm-gantryxp000060.500mm-yp000010.000mm-zm000077.000mm-shot0000.npy,60.5,-77.0,136,52626.1,0.0026,0.533,0,False
89.5,auto_scan-2026-07-23_14-44-37,y0089.50cm,jul23-005-y10-tableyp000895.000mm-gantryxp000055.500mm-yp000010.000mm-zm000114.000mm-shot0000.npy,55.5,-114.0,145,43228.6,0.0034,0.569,0,False
89.5,auto_scan-2026-07-23_14-44-37,y0089.50cm,jul23-005-y10-tableyp000895.000mm-gantryxp000060.500mm-yp000010.000mm-zm000114.000mm-shot0000.npy,60.5,-114.0,255,43228.6,0.0059,1.0,864,False
89.5,auto_scan-2026-07-23_14-44-37,y0089.50cm,jul23-005-y10-tableyp000895.000mm-gantryxp000055.500mm-yp000010.000mm-zm000110.000mm-shot0000.npy,55.5,-110.0,152,43228.6,0.0035,0.596,0,False
89.5,auto_scan-2026-07-23_14-44-37,y0089.50cm,jul23-005-y10-tableyp000895.000mm-gantryxp000060.500mm-yp000010.000mm-zm000110.000mm-shot0000.npy,60.5,-110.0,255,43228.6,0.0059,1.0,1530,False
89.5,auto_scan-2026-07-23_14-44-37,y0089.50cm,jul23-005-y10-tableyp000895.000mm-gantryxp000065.500mm-yp000010.000mm-zm000114.000mm-shot0000.npy,65.5,-114.0,200,43228.6,0.0046,0.784,0,False
89.5,auto_scan-2026-07-23_14-44-37,y0089.50cm,jul23-005-y10-tableyp000895.000mm-gantryxp000065.500mm-yp000010.000mm-zm000110.000mm-shot0000.npy,65.5,-110.0,202,43228.6,0.0047,0.792,0,False
89.5,auto_scan-2026-07-23_14-44-37,y0089.50cm,jul23-005-y10-tableyp000895.000mm-gantryxp000060.500mm-yp000010.000mm-zm000106.000mm-shot0000.npy,60.5,-106.0,133,43228.6,0.0031,0.522,0,False
77.5,auto_scan-2026-07-23_15-04-24,y0077.50cm,jul23-005-tableyp000775.000mm-gantryxp000060.500mm-yp000130.000mm-zm000110.000mm-shot0000.npy,60.5,-110.0,108,17773.1,0.0061,0.991,0,False
77.5,auto_scan-2026-07-23_15-04-24,y0077.50cm,jul23-005-tableyp000775.000mm-gantryxp000065.500mm-yp000130.000mm-zm000110.000mm-shot0000.npy,65.5,-110.0,61,17773.1,0.0034,0.56,0,False
77.5,auto_scan-2026-07-23_15-04-24,y0077.50cm,jul23-005-tableyp000775.000mm-gantryxp000060.500mm-yp000130.000mm-zm000114.000mm-shot0000.npy,60.5,-114.0,109,17773.1,0.0061,1.0,0,False
77.5,auto_scan-2026-07-23_15-04-24,y0077.50cm,jul23-005-tableyp000775.000mm-gantryxp000065.500mm-yp000130.000mm-zm000114.000mm-shot0000.npy,65.5,-114.0,61,17773.1,0.0034,0.56,0,False
78.5,auto_scan-2026-07-23_15-04-24,y0078.50cm,jul23-005-tableyp000785.000mm-gantryxp000060.500mm-yp000120.000mm-zm000110.000mm-shot0000.npy,60.5,-110.0,117,17773.1,0.0066,1.0,0,False
78.5,auto_scan-2026-07-23_15-04-24,y0078.50cm,jul23-005-tableyp000785.000mm-gantryxp000065.500mm-yp000120.000mm-zm000110.000mm-shot0000.npy,65.5,-110.0,62,17773.1,0.0035,0.53,0,False
78.5,auto_scan-2026-07-23_15-04-24,y0078.50cm,jul23-005-tableyp000785.000mm-gantryxp000060.500mm-yp000120.000mm-zm000114.000mm-shot0000.npy,60.5,-114.0,114,17773.1,0.0064,0.974,0,False
78.5,auto_scan-2026-07-23_15-04-24,y0078.50cm,jul23-005-tableyp000785.000mm-gantryxp000065.500mm-yp000120.000mm-zm000114.000mm-shot0000.npy,65.5,-114.0,63,17773.1,0.0035,0.538,0,False
79.5,auto_scan-2026-07-23_15-04-24,y0079.50cm,jul23-005-tableyp000795.000mm-gantryxp000060.500mm-yp000110.000mm-zm000110.000mm-shot0000.npy,60.5,-110.0,129,17773.1,0.0073,1.0,0,False
79.5,auto_scan-2026-07-23_15-04-24,y0079.50cm,jul23-005-tableyp000795.000mm-gantryxp000065.500mm-yp000110.000mm-zm000110.000mm-shot0000.npy,65.5,-110.0,67,17773.1,0.0038,0.519,0,False
79.5,auto_scan-2026-07-23_15-04-24,y0079.50cm,jul23-005-tableyp000795.000mm-gantryxp000060.500mm-yp000110.000mm-zm000114.000mm-shot0000.npy,60.5,-114.0,120,17773.1,0.0068,0.93,0,False
80.5,auto_scan-2026-07-23_15-04-24,y0080.50cm,jul23-005-tableyp000805.000mm-gantryxp000060.500mm-yp000100.000mm-zm000110.000mm-shot0000.npy,60.5,-110.0,116,17773.1,0.0065,1.0,0,False
80.5,auto_scan-2026-07-23_15-04-24,y0080.50cm,jul23-005-tableyp000805.000mm-gantryxp000065.500mm-yp000100.000mm-zm000110.000mm-shot0000.npy,65.5,-110.0,70,17773.1,0.0039,0.603,0,False
80.5,auto_scan-2026-07-23_15-04-24,y0080.50cm,jul23-005-tableyp000805.000mm-gantryxp000060.500mm-yp000100.000mm-zm000114.000mm-shot0000.npy,60.5,-114.0,114,17773.1,0.0064,0.983,0,False
80.5,auto_scan-2026-07-23_15-04-24,y0080.50cm,jul23-005-tableyp000805.000mm-gantryxp000065.500mm-yp000100.000mm-zm000114.000mm-shot0000.npy,65.5,-114.0,66,17773.1,0.0037,0.569,0,False
81.5,auto_scan-2026-07-23_15-04-24,y0081.50cm,jul23-005-tableyp000815.000mm-gantryxp000060.500mm-yp000090.000mm-zm000114.000mm-shot0000.npy,60.5,-114.0,111,17773.1,0.0062,0.974,0,False
81.5,auto_scan-2026-07-23_15-04-24,y0081.50cm,jul23-005-tableyp000815.000mm-gantryxp000065.500mm-yp000090.000mm-zm000114.000mm-shot0000.npy,65.5,-114.0,65,17773.1,0.0037,0.57,0,False
81.5,auto_scan-2026-07-23_15-04-24,y0081.50cm,jul23-005-tableyp000815.000mm-gantryxp000060.500mm-yp000090.000mm-zm000110.000mm-shot0000.npy,60.5,-110.0,114,17773.1,0.0064,1.0,0,False
81.5,auto_scan-2026-07-23_15-04-24,y0081.50cm,jul23-005-tableyp000815.000mm-gantryxp000065.500mm-yp000090.000mm-zm000110.000mm-shot0000.npy,65.5,-110.0,68,17773.1,0.0038,0.596,0,False
82.5,auto_scan-2026-07-23_15-04-24,y0082.50cm,jul23-005-tableyp000825.000mm-gantryxp000060.500mm-yp000080.000mm-zm000114.000mm-shot0000.npy,60.5,-114.0,120,17773.1,0.0068,1.0,0,False
82.5,auto_scan-2026-07-23_15-04-24,y0082.50cm,jul23-005-tableyp000825.000mm-gantryxp000065.500mm-yp000080.000mm-zm000114.000mm-shot0000.npy,65.5,-114.0,74,17773.1,0.0042,0.617,0,False
82.5,auto_scan-2026-07-23_15-04-24,y0082.50cm,jul23-005-tableyp000825.000mm-gantryxp000060.500mm-yp000080.000mm-zm000110.000mm-shot0000.npy,60.5,-110.0,120,17773.1,0.0068,1.0,0,False
82.5,auto_scan-2026-07-23_15-04-24,y0082.50cm,jul23-005-tableyp000825.000mm-gantryxp000065.500mm-yp000080.000mm-zm000110.000mm-shot0000.npy,65.5,-110.0,71,17773.1,0.004,0.592,0,False
83.5,auto_scan-2026-07-23_15-04-24,y0083.50cm,jul23-005-tableyp000835.000mm-gantryxp000060.500mm-yp000070.000mm-zm000114.000mm-shot0000.npy,60.5,-114.0,131,17773.1,0.0074,1.0,0,False
83.5,auto_scan-2026-07-23_15-04-24,y0083.50cm,jul23-005-tableyp000835.000mm-gantryxp000065.500mm-yp000070.000mm-zm000114.000mm-shot0000.npy,65.5,-114.0,73,17773.1,0.0041,0.557,0,False
83.5,auto_scan-2026-07-23_15-04-24,y0083.50cm,jul23-005-tableyp000835.000mm-gantryxp000060.500mm-yp000070.000mm-zm000110.000mm-shot0000.npy,60.5,-110.0,130,17773.1,0.0073,0.992,0,False
83.5,auto_scan-2026-07-23_15-04-24,y0083.50cm,jul23-005-tableyp000835.000mm-gantryxp000065.500mm-yp000070.000mm-zm000110.000mm-shot0000.npy,65.5,-110.0,74,17773.1,0.0042,0.565,0,False
84.5,auto_scan-2026-07-23_15-04-24,y0084.50cm,jul23-005-tableyp000845.000mm-gantryxp000060.500mm-yp000060.000mm-zm000110.000mm-shot0000.npy,60.5,-110.0,133,17773.1,0.0075,0.985,0,False
84.5,auto_scan-2026-07-23_15-04-24,y0084.50cm,jul23-005-tableyp000845.000mm-gantryxp000065.500mm-yp000060.000mm-zm000110.000mm-shot0000.npy,65.5,-110.0,72,17773.1,0.0041,0.533,0,False
84.5,auto_scan-2026-07-23_15-04-24,y0084.50cm,jul23-005-tableyp000845.000mm-gantryxp000060.500mm-yp000060.000mm-zm000114.000mm-shot0000.npy,60.5,-114.0,135,17773.1,0.0076,1.0,0,False
84.5,auto_scan-2026-07-23_15-04-24,y0084.50cm,jul23-005-tableyp000845.000mm-gantryxp000065.500mm-yp000060.000mm-zm000114.000mm-shot0000.npy,65.5,-114.0,71,17773.1,0.004,0.526,0,False
85.5,auto_scan-2026-07-23_15-04-24,y0085.50cm,jul23-005-tableyp000855.000mm-gantryxp000060.500mm-yp000050.000mm-zm000114.000mm-shot0000.npy,60.5,-114.0,128,17773.1,0.0072,0.928,0,False
85.5,auto_scan-2026-07-23_15-04-24,y0085.50cm,jul23-005-tableyp000855.000mm-gantryxp000065.500mm-yp000050.000mm-zm000114.000mm-shot0000.npy,65.5,-114.0,73,17773.1,0.0041,0.529,0,False
85.5,auto_scan-2026-07-23_15-04-24,y0085.50cm,jul23-005-tableyp000855.000mm-gantryxp000060.500mm-yp000050.000mm-zm000110.000mm-shot0000.npy,60.5,-110.0,138,17773.1,0.0078,1.0,0,False
85.5,auto_scan-2026-07-23_15-04-24,y0085.50cm,jul23-005-tableyp000855.000mm-gantryxp000065.500mm-yp000050.000mm-zm000110.000mm-shot0000.npy,65.5,-110.0,77,17773.1,0.0043,0.558,0,False
86.5,auto_scan-2026-07-23_15-04-24,y0086.50cm,jul23-005-tableyp000865.000mm-gantryxp000060.500mm-yp000040.000mm-zm000114.000mm-shot0000.npy,60.5,-114.0,155,17773.1,0.0087,1.0,0,False
86.5,auto_scan-2026-07-23_15-04-24,y0086.50cm,jul23-005-tableyp000865.000mm-gantryxp000065.500mm-yp000040.000mm-zm000114.000mm-shot0000.npy,65.5,-114.0,78,17773.1,0.0044,0.503,0,False
86.5,auto_scan-2026-07-23_15-04-24,y0086.50cm,jul23-005-tableyp000865.000mm-gantryxp000060.500mm-yp000040.000mm-zm000110.000mm-shot0000.npy,60.5,-110.0,151,17773.1,0.0085,0.974,0,False
86.5,auto_scan-2026-07-23_15-04-24,y0086.50cm,jul23-005-tableyp000865.000mm-gantryxp000065.500mm-yp000040.000mm-zm000110.000mm-shot0000.npy,65.5,-110.0,78,17773.1,0.0044,0.503,0,False
87.5,auto_scan-2026-07-23_15-04-24,y0087.50cm,jul23-005-tableyp000875.000mm-gantryxp000060.500mm-yp000030.000mm-zm000110.000mm-shot0000.npy,60.5,-110.0,146,17773.1,0.0082,0.954,0,False
87.5,auto_scan-2026-07-23_15-04-24,y0087.50cm,jul23-005-tableyp000875.000mm-gantryxp000065.500mm-yp000030.000mm-zm000110.000mm-shot0000.npy,65.5,-110.0,80,17773.1,0.0045,0.523,0,False
87.5,auto_scan-2026-07-23_15-04-24,y0087.50cm,jul23-005-tableyp000875.000mm-gantryxp000060.500mm-yp000030.000mm-zm000114.000mm-shot0000.npy,60.5,-114.0,153,17773.1,0.0086,1.0,0,False
87.5,auto_scan-2026-07-23_15-04-24,y0087.50cm,jul23-005-tableyp000875.000mm-gantryxp000065.500mm-yp000030.000mm-zm000114.000mm-shot0000.npy,65.5,-114.0,79,17773.1,0.0044,0.516,0,False
88.5,auto_scan-2026-07-23_15-04-24,y0088.50cm,jul23-005-tableyp000885.000mm-gantryxp000060.500mm-yp000020.000mm-zm000114.000mm-shot0000.npy,60.5,-114.0,153,17773.1,0.0086,0.968,0,False
88.5,auto_scan-2026-07-23_15-04-24,y0088.50cm,jul23-005-tableyp000885.000mm-gantryxp000065.500mm-yp000020.000mm-zm000114.000mm-shot0000.npy,65.5,-114.0,80,17773.1,0.0045,0.506,0,False
88.5,auto_scan-2026-07-23_15-04-24,y0088.50cm,jul23-005-tableyp000885.000mm-gantryxp000060.500mm-yp000020.000mm-zm000110.000mm-shot0000.npy,60.5,-110.0,158,17773.1,0.0089,1.0,0,False
88.5,auto_scan-2026-07-23_15-04-24,y0088.50cm,jul23-005-tableyp000885.000mm-gantryxp000065.500mm-yp000020.000mm-zm000110.000mm-shot0000.npy,65.5,-110.0,83,17773.1,0.0047,0.525,0,False
89.5,auto_scan-2026-07-23_15-04-24,y0089.50cm,jul23-005-tableyp000895.000mm-gantryxp000055.500mm-yp000010.000mm-zm000114.000mm-shot0000.npy,55.5,-114.0,148,43228.6,0.0034,0.58,0,False
89.5,auto_scan-2026-07-23_15-04-24,y0089.50cm,jul23-005-tableyp000895.000mm-gantryxp000060.500mm-yp000010.000mm-zm000114.000mm-shot0000.npy,60.5,-114.0,255,43228.6,0.0059,1.0,487,False
89.5,auto_scan-2026-07-23_15-04-24,y0089.50cm,jul23-005-tableyp000895.000mm-gantryxp000055.500mm-yp000010.000mm-zm000110.000mm-shot0000.npy,55.5,-110.0,167,43228.6,0.0039,0.655,0,False
89.5,auto_scan-2026-07-23_15-04-24,y0089.50cm,jul23-005-tableyp000895.000mm-gantryxp000060.500mm-yp000010.000mm-zm000110.000mm-shot0000.npy,60.5,-110.0,255,43228.6,0.0059,1.0,719,False
89.5,auto_scan-2026-07-23_15-04-24,y0089.50cm,jul23-005-tableyp000895.000mm-gantryxp000065.500mm-yp000010.000mm-zm000114.000mm-shot0000.npy,65.5,-114.0,189,43228.6,0.0044,0.741,0,False
89.5,auto_scan-2026-07-23_15-04-24,y0089.50cm,jul23-005-tableyp000895.000mm-gantryxp000065.500mm-yp000010.000mm-zm000110.000mm-shot0000.npy,65.5,-110.0,211,43228.6,0.0049,0.827,0,False
95.5,auto_scan-2026-07-23_17-11-46,y0095.50cm,ejul23-006-tableyp000955.000mm-gantryxp000055.500mm-yp000130.000mm-zm000095.100mm-shot0000.npy,55.5,-95.1,128,5909.1,0.0217,1.0,0,False
95.5,auto_scan-2026-07-23_17-11-46,y0095.50cm,ejul23-006-tableyp000955.000mm-gantryxp000060.500mm-yp000130.000mm-zm000095.100mm-shot0000.npy,60.5,-95.1,111,5909.1,0.0188,0.867,0,False
96.5,auto_scan-2026-07-23_17-11-46,y0096.50cm,ejul23-006-tableyp000965.000mm-gantryxp000060.500mm-yp000120.000mm-zm000095.100mm-shot0000.npy,60.5,-95.1,142,5909.1,0.024,0.966,0,False
96.5,auto_scan-2026-07-23_17-11-46,y0096.50cm,ejul23-006-tableyp000965.000mm-gantryxp000055.500mm-yp000120.000mm-zm000095.100mm-shot0000.npy,55.5,-95.1,147,5909.1,0.0249,1.0,0,False
97.5,auto_scan-2026-07-23_17-11-46,y0097.50cm,ejul23-006-tableyp000975.000mm-gantryxp000060.500mm-yp000110.000mm-zm000095.100mm-shot0000.npy,60.5,-95.1,170,5909.1,0.0288,1.0,0,False
97.5,auto_scan-2026-07-23_17-11-46,y0097.50cm,ejul23-006-tableyp000975.000mm-gantryxp000055.500mm-yp000110.000mm-zm000095.100mm-shot0000.npy,55.5,-95.1,161,5909.1,0.0272,0.947,0,False
98.5,auto_scan-2026-07-23_17-11-46,y0098.50cm,ejul23-006-tableyp000985.000mm-gantryxp000060.500mm-yp000100.000mm-zm000095.100mm-shot0000.npy,60.5,-95.1,143,4061.7,0.0352,1.0,0,False
98.5,auto_scan-2026-07-23_17-11-46,y0098.50cm,ejul23-006-tableyp000985.000mm-gantryxp000055.500mm-yp000100.000mm-zm000095.100mm-shot0000.npy,55.5,-95.1,143,4061.7,0.0352,1.0,0,False
99.5,auto_scan-2026-07-23_17-11-46,y0099.50cm,ejul23-006-tableyp000995.000mm-gantryxp000060.500mm-yp000090.000mm-zm000095.100mm-shot0000.npy,60.5,-95.1,169,4061.7,0.0416,1.0,0,False
99.5,auto_scan-2026-07-23_17-11-46,y0099.50cm,ejul23-006-tableyp000995.000mm-gantryxp000055.500mm-yp000090.000mm-zm000095.100mm-shot0000.npy,55.5,-95.1,160,4061.7,0.0394,0.947,0,False
100.5,auto_scan-2026-07-23_17-11-46,y0100.50cm,ejul23-006-tableyp001005.000mm-gantryxp000060.500mm-yp000080.000mm-zm000095.100mm-shot0000.npy,60.5,-95.1,109,2308.7,0.0472,1.0,0,False
101.5,auto_scan-2026-07-23_17-11-46,y0101.50cm,ejul23-006-tableyp001015.000mm-gantryxp000060.500mm-yp000070.000mm-zm000095.100mm-shot0000.npy,60.5,-95.1,110,2308.7,0.0476,1.0,0,False
102.5,auto_scan-2026-07-23_17-11-46,y0102.50cm,ejul23-006-tableyp001025.000mm-gantryxp000060.500mm-yp000060.000mm-zm000095.100mm-shot0000.npy,60.5,-95.1,141,2308.7,0.0611,1.0,0,False
103.5,auto_scan-2026-07-23_17-11-46,y0103.50cm,ejul23-006-tableyp001035.000mm-gantryxp000060.500mm-yp000050.000mm-zm000095.100mm-shot0000.npy,60.5,-95.1,146,2308.7,0.0632,1.0,0,False
104.5,auto_scan-2026-07-23_17-11-46,y0104.50cm,ejul23-006-tableyp001045.000mm-gantryxp000060.500mm-yp000040.000mm-zm000095.100mm-shot0000.npy,60.5,-95.1,114,1312.3,0.0869,1.0,0,False
105.5,auto_scan-2026-07-23_17-11-46,y0105.50cm,ejul23-006-tableyp001055.000mm-gantryxp000060.500mm-yp000030.000mm-zm000095.100mm-shot0000.npy,60.5,-95.1,129,1312.3,0.0983,1.0,0,False
106.5,auto_scan-2026-07-23_17-11-46,y0106.50cm,ejul23-006-tableyp001065.000mm-gantryxp000060.500mm-yp000020.000mm-zm000095.100mm-shot0000.npy,60.5,-95.1,142,1312.3,0.1082,1.0,0,False
107.5,auto_scan-2026-07-23_17-11-46,y0107.50cm,ejul23-006-tableyp001075.000mm-gantryxp000055.500mm-yp000010.000mm-zm000095.100mm-shot0000.npy,55.5,-95.1,154,24702.0,0.0062,0.604,0,False
107.5,auto_scan-2026-07-23_17-11-46,y0107.50cm,ejul23-006-tableyp001075.000mm-gantryxp000060.500mm-yp000010.000mm-zm000095.100mm-shot0000.npy,60.5,-95.1,255,24702.0,0.0103,1.0,15664,False
107.5,auto_scan-2026-07-23_17-11-46,y0107.50cm,ejul23-006-tableyp001075.000mm-gantryxp000060.500mm-yp000010.000mm-zm000091.100mm-shot0000.npy,60.5,-91.1,140,24702.0,0.0057,0.549,0,False
107.5,auto_scan-2026-07-23_17-11-46,y0107.50cm,ejul23-006-tableyp001075.000mm-gantryxp000060.500mm-yp000010.000mm-zm000099.100mm-shot0000.npy,60.5,-99.1,139,24702.0,0.0056,0.545,0,False
107.5,auto_scan-2026-07-23_17-11-46,y0107.50cm,ejul23-006-tableyp001075.000mm-gantryxp000065.500mm-yp000010.000mm-zm000095.100mm-shot0000.npy,65.5,-95.1,141,24702.0,0.0057,0.553,0,False
112.5,auto_scan-2026-07-23_17-33-34,y0112.50cm,jul23-007-tableyp001125.000mm-gantryxp000060.500mm-yp000130.000mm-zm000095.100mm-shot0000.npy,60.5,-95.1,134,1093.1,0.1226,1.0,0,False
113.5,auto_scan-2026-07-23_17-33-34,y0113.50cm,jul23-007-tableyp001135.000mm-gantryxp000060.500mm-yp000120.000mm-zm000095.100mm-shot0000.npy,60.5,-95.1,158,1093.1,0.1445,1.0,0,False
114.5,auto_scan-2026-07-23_17-33-34,y0114.50cm,jul23-007-tableyp001145.000mm-gantryxp000060.500mm-yp000110.000mm-zm000095.100mm-shot0000.npy,60.5,-95.1,111,664.7,0.167,1.0,0,False
115.5,auto_scan-2026-07-23_17-33-34,y0115.50cm,jul23-007-tableyp001155.000mm-gantryxp000060.500mm-yp000100.000mm-zm000095.100mm-shot0000.npy,60.5,-95.1,122,664.7,0.1835,1.0,0,False
116.5,auto_scan-2026-07-23_17-33-34,y0116.50cm,jul23-007-tableyp001165.000mm-gantryxp000060.500mm-yp000090.000mm-zm000095.100mm-shot0000.npy,60.5,-95.1,128,664.7,0.1926,1.0,0,False
117.5,auto_scan-2026-07-23_17-33-34,y0117.50cm,jul23-007-tableyp001175.000mm-gantryxp000060.500mm-yp000080.000mm-zm000095.100mm-shot0000.npy,60.5,-95.1,146,664.7,0.2197,1.0,0,False
118.5,auto_scan-2026-07-23_17-33-34,y0118.50cm,jul23-007-tableyp001185.000mm-gantryxp000060.500mm-yp000070.000mm-zm000095.100mm-shot0000.npy,60.5,-95.1,154,664.7,0.2317,1.0,0,False
119.5,auto_scan-2026-07-23_17-33-34,y0119.50cm,jul23-007-tableyp001195.000mm-gantryxp000060.500mm-yp000060.000mm-zm000095.100mm-shot0000.npy,60.5,-95.1,158,664.7,0.2377,1.0,0,False
120.5,auto_scan-2026-07-23_17-33-34,y0120.50cm,jul23-007-tableyp001205.000mm-gantryxp000060.500mm-yp000050.000mm-zm000095.100mm-shot0000.npy,60.5,-95.1,157,664.7,0.2362,1.0,0,False
121.5,auto_scan-2026-07-23_17-33-34,y0121.50cm,jul23-007-tableyp001215.000mm-gantryxp000060.500mm-yp000040.000mm-zm000095.100mm-shot0000.npy,60.5,-95.1,112,461.3,0.2428,1.0,0,False
122.5,auto_scan-2026-07-23_17-33-34,y0122.50cm,jul23-007-tableyp001225.000mm-gantryxp000060.500mm-yp000030.000mm-zm000095.100mm-shot0000.npy,60.5,-95.1,112,461.3,0.2428,1.0,0,False
123.5,auto_scan-2026-07-23_17-33-34,y0123.50cm,jul23-007-tableyp001235.000mm-gantryxp000060.500mm-yp000020.000mm-zm000095.100mm-shot0000.npy,60.5,-95.1,105,461.3,0.2276,1.0,0,False
124.5,auto_scan-2026-07-23_17-33-34,y0124.50cm,jul23-007-tableyp001245.000mm-gantryxp000055.500mm-yp000010.000mm-zm000095.100mm-shot0000.npy,55.5,-95.1,154,14761.0,0.0104,0.604,0,False
124.5,auto_scan-2026-07-23_17-33-34,y0124.50cm,jul23-007-tableyp001245.000mm-gantryxp000060.500mm-yp000010.000mm-zm000095.100mm-shot0000.npy,60.5,-95.1,255,14761.0,0.0173,1.0,28141,False
124.5,auto_scan-2026-07-23_17-33-34,y0124.50cm,jul23-007-tableyp001245.000mm-gantryxp000060.500mm-yp000010.000mm-zm000091.100mm-shot0000.npy,60.5,-91.1,216,14761.0,0.0146,0.847,0,False
138.5,auto_scan-2026-07-23_17-42-56,y0138.50cm,jul23-008-tableyp001385.000mm-gantryxp000060.500mm-yp000050.000mm-zm000093.100mm-shot0000.npy,60.5,-93.1,168,274.1,0.6129,1.0,0,False
139.5,auto_scan-2026-07-23_17-42-56,y0139.50cm,jul23-008-tableyp001395.000mm-gantryxp000060.500mm-yp000040.000mm-zm000093.100mm-shot0000.npy,60.5,-93.1,169,274.1,0.6166,1.0,0,False
140.5,auto_scan-2026-07-23_17-42-56,y0140.50cm,jul23-008-tableyp001405.000mm-gantryxp000060.500mm-yp000030.000mm-zm000097.100mm-shot0000.npy,60.5,-97.1,152,274.1,0.5546,0.962,0,False
140.5,auto_scan-2026-07-23_17-42-56,y0140.50cm,jul23-008-tableyp001405.000mm-gantryxp000060.500mm-yp000030.000mm-zm000093.100mm-shot0000.npy,60.5,-93.1,158,274.1,0.5765,1.0,0,False
141.5,auto_scan-2026-07-23_17-42-56,y0141.50cm,jul23-008-tableyp001415.000mm-gantryxp000055.500mm-yp000020.000mm-zm000105.100mm-shot0000-dark.npy,55.5,-105.1,156,333903.4,0.0005,0.612,0,False
141.5,auto_scan-2026-07-23_17-42-56,y0141.50cm,jul23-008-tableyp001415.000mm-gantryxp000060.500mm-yp000020.000mm-zm000105.100mm-shot0000-dark.npy,60.5,-105.1,156,333903.4,0.0005,0.612,0,False
141.5,auto_scan-2026-07-23_17-42-56,y0141.50cm,jul23-008-tableyp001415.000mm-gantryxp000050.500mm-yp000020.000mm-zm000105.100mm-shot0000-dark.npy,50.5,-105.1,153,333903.4,0.0005,0.6,0,False
141.5,auto_scan-2026-07-23_17-42-56,y0141.50cm,jul23-008-tableyp001415.000mm-gantryxp000050.500mm-yp000020.000mm-zm000101.100mm-shot0000-dark.npy,50.5,-101.1,151,333903.4,0.0005,0.592,0,False
141.5,auto_scan-2026-07-23_17-42-56,y0141.50cm,jul23-008-tableyp001415.000mm-gantryxp000055.500mm-yp000020.000mm-zm000101.100mm-shot0000-dark.npy,55.5,-101.1,158,333903.4,0.0005,0.62,0,False
141.5,auto_scan-2026-07-23_17-42-56,y0141.50cm,jul23-008-tableyp001415.000mm-gantryxp000060.500mm-yp000020.000mm-zm000101.100mm-shot0000-dark.npy,60.5,-101.1,154,333903.4,0.0005,0.604,0,False
141.5,auto_scan-2026-07-23_17-42-56,y0141.50cm,jul23-008-tableyp001415.000mm-gantryxp000065.500mm-yp000020.000mm-zm000105.100mm-shot0000-dark.npy,65.5,-105.1,155,333903.4,0.0005,0.608,0,False
141.5,auto_scan-2026-07-23_17-42-56,y0141.50cm,jul23-008-tableyp001415.000mm-gantryxp000065.500mm-yp000020.000mm-zm000101.100mm-shot0000-dark.npy,65.5,-101.1,154,333903.4,0.0005,0.604,0,False
141.5,auto_scan-2026-07-23_17-42-56,y0141.50cm,jul23-008-tableyp001415.000mm-gantryxp000045.500mm-yp000020.000mm-zm000105.100mm-shot0000-dark.npy,45.5,-105.1,153,333903.4,0.0005,0.6,0,False
141.5,auto_scan-2026-07-23_17-42-56,y0141.50cm,jul23-008-tableyp001415.000mm-gantryxp000045.500mm-yp000020.000mm-zm000101.100mm-shot0000-dark.npy,45.5,-101.1,154,333903.4,0.0005,0.604,0,False
141.5,auto_scan-2026-07-23_17-42-56,y0141.50cm,jul23-008-tableyp001415.000mm-gantryxp000045.500mm-yp000020.000mm-zm000097.100mm-shot0000-dark.npy,45.5,-97.1,157,333903.4,0.0005,0.616,0,False
141.5,auto_scan-2026-07-23_17-42-56,y0141.50cm,jul23-008-tableyp001415.000mm-gantryxp000050.500mm-yp000020.000mm-zm000097.100mm-shot0000-dark.npy,50.5,-97.1,154,333903.4,0.0005,0.604,0,False
141.5,auto_scan-2026-07-23_17-42-56,y0141.50cm,jul23-008-tableyp001415.000mm-gantryxp000055.500mm-yp000020.000mm-zm000097.100mm-shot0000.npy,55.5,-97.1,154,333903.4,0.0005,0.604,0,False
141.5,auto_scan-2026-07-23_17-42-56,y0141.50cm,jul23-008-tableyp001415.000mm-gantryxp000060.500mm-yp000020.000mm-zm000097.100mm-shot0000.npy,60.5,-97.1,255,333903.4,0.0008,1.0,123918,False
141.5,auto_scan-2026-07-23_17-42-56,y0141.50cm,jul23-008-tableyp001415.000mm-gantryxp000065.500mm-yp000020.000mm-zm000097.100mm-shot0000.npy,65.5,-97.1,255,333903.4,0.0008,1.0,6633,False
141.5,auto_scan-2026-07-23_17-42-56,y0141.50cm,jul23-008-tableyp001415.000mm-gantryxp000070.500mm-yp000020.000mm-zm000105.100mm-shot0000-dark.npy,70.5,-105.1,154,333903.4,0.0005,0.604,0,False
141.5,auto_scan-2026-07-23_17-42-56,y0141.50cm,jul23-008-tableyp001415.000mm-gantryxp000070.500mm-yp000020.000mm-zm000101.100mm-shot0000-dark.npy,70.5,-101.1,155,333903.4,0.0005,0.608,0,False
141.5,auto_scan-2026-07-23_17-42-56,y0141.50cm,jul23-008-tableyp001415.000mm-gantryxp000070.500mm-yp000020.000mm-zm000097.100mm-shot0000-dark.npy,70.5,-97.1,153,333903.4,0.0005,0.6,0,False
141.5,auto_scan-2026-07-23_17-42-56,y0141.50cm,jul23-008-tableyp001415.000mm-gantryxp000045.500mm-yp000020.000mm-zm000093.100mm-shot0000-dark.npy,45.5,-93.1,156,333903.4,0.0005,0.612,0,False
141.5,auto_scan-2026-07-23_17-42-56,y0141.50cm,jul23-008-tableyp001415.000mm-gantryxp000050.500mm-yp000020.000mm-zm000093.100mm-shot0000-dark.npy,50.5,-93.1,155,333903.4,0.0005,0.608,0,False
141.5,auto_scan-2026-07-23_17-42-56,y0141.50cm,jul23-008-tableyp001415.000mm-gantryxp000055.500mm-yp000020.000mm-zm000093.100mm-shot0000.npy,55.5,-93.1,153,333903.4,0.0005,0.6,0,False
141.5,auto_scan-2026-07-23_17-42-56,y0141.50cm,jul23-008-tableyp001415.000mm-gantryxp000060.500mm-yp000020.000mm-zm000093.100mm-shot0000.npy,60.5,-93.1,255,333903.4,0.0008,1.0,384133,False
141.5,auto_scan-2026-07-23_17-42-56,y0141.50cm,jul23-008-tableyp001415.000mm-gantryxp000065.500mm-yp000020.000mm-zm000093.100mm-shot0000.npy,65.5,-93.1,255,333903.4,0.0008,1.0,35134,False
141.5,auto_scan-2026-07-23_17-42-56,y0141.50cm,jul23-008-tableyp001415.000mm-gantryxp000070.500mm-yp000020.000mm-zm000093.100mm-shot0000-dark.npy,70.5,-93.1,155,333903.4,0.0005,0.608,0,False
141.5,auto_scan-2026-07-23_17-42-56,y0141.50cm,jul23-008-tableyp001415.000mm-gantryxp000045.500mm-yp000020.000mm-zm000089.100mm-shot0000-dark.npy,45.5,-89.1,152,333903.4,0.0005,0.596,0,False
141.5,auto_scan-2026-07-23_17-42-56,y0141.50cm,jul23-008-tableyp001415.000mm-gantryxp000050.500mm-yp000020.000mm-zm000089.100mm-shot0000-dark.npy,50.5,-89.1,154,333903.4,0.0005,0.604,0,False
141.5,auto_scan-2026-07-23_17-42-56,y0141.50cm,jul23-008-tableyp001415.000mm-gantryxp000055.500mm-yp000020.000mm-zm000089.100mm-shot0000-dark.npy,55.5,-89.1,150,333903.4,0.0004,0.588,0,False
141.5,auto_scan-2026-07-23_17-42-56,y0141.50cm,jul23-008-tableyp001415.000mm-gantryxp000060.500mm-yp000020.000mm-zm000089.100mm-shot0000.npy,60.5,-89.1,155,333903.4,0.0005,0.608,0,False
141.5,auto_scan-2026-07-23_17-42-56,y0141.50cm,jul23-008-tableyp001415.000mm-gantryxp000065.500mm-yp000020.000mm-zm000089.100mm-shot0000-dark.npy,65.5,-89.1,150,333903.4,0.0004,0.588,0,False
141.5,auto_scan-2026-07-23_17-42-56,y0141.50cm,jul23-008-tableyp001415.000mm-gantryxp000070.500mm-yp000020.000mm-zm000089.100mm-shot0000.npy,70.5,-89.1,155,333903.4,0.0005,0.608,0,False
141.5,auto_scan-2026-07-23_17-42-56,y0141.50cm,jul23-008-tableyp001415.000mm-gantryxp000075.500mm-yp000020.000mm-zm000105.100mm-shot0000-dark.npy,75.5,-105.1,158,333903.4,0.0005,0.62,0,False
141.5,auto_scan-2026-07-23_17-42-56,y0141.50cm,jul23-008-tableyp001415.000mm-gantryxp000075.500mm-yp000020.000mm-zm000101.100mm-shot0000-dark.npy,75.5,-101.1,153,333903.4,0.0005,0.6,0,False
141.5,auto_scan-2026-07-23_17-42-56,y0141.50cm,jul23-008-tableyp001415.000mm-gantryxp000075.500mm-yp000020.000mm-zm000097.100mm-shot0000-dark.npy,75.5,-97.1,153,333903.4,0.0005,0.6,0,False
141.5,auto_scan-2026-07-23_17-42-56,y0141.50cm,jul23-008-tableyp001415.000mm-gantryxp000075.500mm-yp000020.000mm-zm000093.100mm-shot0000-dark.npy,75.5,-93.1,153,333903.4,0.0005,0.6,0,False
141.5,auto_scan-2026-07-23_17-42-56,y0141.50cm,jul23-008-tableyp001415.000mm-gantryxp000075.500mm-yp000020.000mm-zm000089.100mm-shot0000-dark.npy,75.5,-89.1,154,333903.4,0.0005,0.604,0,False
141.5,auto_scan-2026-07-23_17-42-56,y0141.50cm,jul23-008-tableyp001415.000mm-gantryxp000045.500mm-yp000020.000mm-zm000085.100mm-shot0000-dark.npy,45.5,-85.1,154,333903.4,0.0005,0.604,0,False
141.5,auto_scan-2026-07-23_17-42-56,y0141.50cm,jul23-008-tableyp001415.000mm-gantryxp000050.500mm-yp000020.000mm-zm000085.100mm-shot0000-dark.npy,50.5,-85.1,152,333903.4,0.0005,0.596,0,False
141.5,auto_scan-2026-07-23_17-42-56,y0141.50cm,jul23-008-tableyp001415.000mm-gantryxp000055.500mm-yp000020.000mm-zm000085.100mm-shot0000-dark.npy,55.5,-85.1,152,333903.4,0.0005,0.596,0,False
141.5,auto_scan-2026-07-23_17-42-56,y0141.50cm,jul23-008-tableyp001415.000mm-gantryxp000060.500mm-yp000020.000mm-zm000085.100mm-shot0000-dark.npy,60.5,-85.1,154,333903.4,0.0005,0.604,0,False
141.5,auto_scan-2026-07-23_17-42-56,y0141.50cm,jul23-008-tableyp001415.000mm-gantryxp000065.500mm-yp000020.000mm-zm000085.100mm-shot0000.npy,65.5,-85.1,156,333903.4,0.0005,0.612,0,False
141.5,auto_scan-2026-07-23_17-42-56,y0141.50cm,jul23-008-tableyp001415.000mm-gantryxp000070.500mm-yp000020.000mm-zm000085.100mm-shot0000.npy,70.5,-85.1,153,333903.4,0.0005,0.6,0,False
141.5,auto_scan-2026-07-23_17-42-56,y0141.50cm,jul23-008-tableyp001415.000mm-gantryxp000075.500mm-yp000020.000mm-zm000085.100mm-shot0000-dark.npy,75.5,-85.1,156,333903.4,0.0005,0.612,0,False
141.5,auto_scan-2026-07-23_17-42-56,y0141.50cm,jul23-008-tableyp001415.000mm-gantryxp000045.500mm-yp000020.000mm-zm000081.100mm-shot0000-dark.npy,45.5,-81.1,155,333903.4,0.0005,0.608,0,False
141.5,auto_scan-2026-07-23_17-42-56,y0141.50cm,jul23-008-tableyp001415.000mm-gantryxp000050.500mm-yp000020.000mm-zm000081.100mm-shot0000-dark.npy,50.5,-81.1,153,333903.4,0.0005,0.6,0,False
141.5,auto_scan-2026-07-23_17-42-56,y0141.50cm,jul23-008-tableyp001415.000mm-gantryxp000055.500mm-yp000020.000mm-zm000081.100mm-shot0000-dark.npy,55.5,-81.1,155,333903.4,0.0005,0.608,0,False
141.5,auto_scan-2026-07-23_17-42-56,y0141.50cm,jul23-008-tableyp001415.000mm-gantryxp000060.500mm-yp000020.000mm-zm000081.100mm-shot0000-dark.npy,60.5,-81.1,149,333903.4,0.0004,0.584,0,False
141.5,auto_scan-2026-07-23_17-42-56,y0141.50cm,jul23-008-tableyp001415.000mm-gantryxp000065.500mm-yp000020.000mm-zm000081.100mm-shot0000-dark.npy,65.5,-81.1,154,333903.4,0.0005,0.604,0,False
141.5,auto_scan-2026-07-23_17-42-56,y0141.50cm,jul23-008-tableyp001415.000mm-gantryxp000070.500mm-yp000020.000mm-zm000081.100mm-shot0000-dark.npy,70.5,-81.1,155,333903.4,0.0005,0.608,0,False
141.5,auto_scan-2026-07-23_17-42-56,y0141.50cm,jul23-008-tableyp001415.000mm-gantryxp000075.500mm-yp000020.000mm-zm000081.100mm-shot0000-dark.npy,75.5,-81.1,155,333903.4,0.0005,0.608,0,False
142.5,auto_scan-2026-07-23_17-42-56,y0142.50cm,jul23-008-tableyp001425.000mm-gantryxp000055.500mm-yp000010.000mm-zm000035.100mm-shot0000-dark.npy,55.5,-35.1,155,333903.4,0.0005,0.975,0,False
142.5,auto_scan-2026-07-23_17-42-56,y0142.50cm,jul23-008-tableyp001425.000mm-gantryxp000060.500mm-yp000010.000mm-zm000035.100mm-shot0000-dark.npy,60.5,-35.1,155,333903.4,0.0005,0.975,0,False
142.5,auto_scan-2026-07-23_17-42-56,y0142.50cm,jul23-008-tableyp001425.000mm-gantryxp000050.500mm-yp000010.000mm-zm000035.100mm-shot0000-dark.npy,50.5,-35.1,157,333903.4,0.0005,0.987,0,False
142.5,auto_scan-2026-07-23_17-42-56,y0142.50cm,jul23-008-tableyp001425.000mm-gantryxp000050.500mm-yp000010.000mm-zm000031.100mm-shot0000-dark.npy,50.5,-31.1,152,333903.4,0.0005,0.956,0,False
142.5,auto_scan-2026-07-23_17-42-56,y0142.50cm,jul23-008-tableyp001425.000mm-gantryxp000055.500mm-yp000010.000mm-zm000031.100mm-shot0000-dark.npy,55.5,-31.1,156,333903.4,0.0005,0.981,0,False
142.5,auto_scan-2026-07-23_17-42-56,y0142.50cm,jul23-008-tableyp001425.000mm-gantryxp000060.500mm-yp000010.000mm-zm000031.100mm-shot0000-dark.npy,60.5,-31.1,157,333903.4,0.0005,0.987,0,False
142.5,auto_scan-2026-07-23_17-42-56,y0142.50cm,jul23-008-tableyp001425.000mm-gantryxp000050.500mm-yp000010.000mm-zm000039.100mm-shot0000-dark.npy,50.5,-39.1,157,333903.4,0.0005,0.987,0,False
142.5,auto_scan-2026-07-23_17-42-56,y0142.50cm,jul23-008-tableyp001425.000mm-gantryxp000055.500mm-yp000010.000mm-zm000039.100mm-shot0000-dark.npy,55.5,-39.1,159,333903.4,0.0005,1.0,0,False
142.5,auto_scan-2026-07-23_17-42-56,y0142.50cm,jul23-008-tableyp001425.000mm-gantryxp000060.500mm-yp000010.000mm-zm000039.100mm-shot0000-dark.npy,60.5,-39.1,156,333903.4,0.0005,0.981,0,False
142.5,auto_scan-2026-07-23_17-42-56,y0142.50cm,jul23-008-tableyp001425.000mm-gantryxp000065.500mm-yp000010.000mm-zm000039.100mm-shot0000-dark.npy,65.5,-39.1,157,333903.4,0.0005,0.987,0,False
142.5,auto_scan-2026-07-23_17-42-56,y0142.50cm,jul23-008-tableyp001425.000mm-gantryxp000065.500mm-yp000010.000mm-zm000035.100mm-shot0000-dark.npy,65.5,-35.1,156,333903.4,0.0005,0.981,0,False
142.5,auto_scan-2026-07-23_17-42-56,y0142.50cm,jul23-008-tableyp001425.000mm-gantryxp000065.500mm-yp000010.000mm-zm000031.100mm-shot0000-dark.npy,65.5,-31.1,158,333903.4,0.0005,0.994,0,False
142.5,auto_scan-2026-07-23_17-42-56,y0142.50cm,jul23-008-tableyp001425.000mm-gantryxp000045.500mm-yp000010.000mm-zm000039.100mm-shot0000-dark.npy,45.5,-39.1,158,333903.4,0.0005,0.994,0,False
142.5,auto_scan-2026-07-23_17-42-56,y0142.50cm,jul23-008-tableyp001425.000mm-gantryxp000045.500mm-yp000010.000mm-zm000035.100mm-shot0000-dark.npy,45.5,-35.1,155,333903.4,0.0005,0.975,0,False
142.5,auto_scan-2026-07-23_17-42-56,y0142.50cm,jul23-008-tableyp001425.000mm-gantryxp000045.500mm-yp000010.000mm-zm000031.100mm-shot0000-dark.npy,45.5,-31.1,158,333903.4,0.0005,0.994,0,False
142.5,auto_scan-2026-07-23_17-42-56,y0142.50cm,jul23-008-tableyp001425.000mm-gantryxp000045.500mm-yp000010.000mm-zm000027.100mm-shot0000-dark.npy,45.5,-27.1,158,333903.4,0.0005,0.994,0,False
142.5,auto_scan-2026-07-23_17-42-56,y0142.50cm,jul23-008-tableyp001425.000mm-gantryxp000050.500mm-yp000010.000mm-zm000027.100mm-shot0000-dark.npy,50.5,-27.1,155,333903.4,0.0005,0.975,0,False
142.5,auto_scan-2026-07-23_17-42-56,y0142.50cm,jul23-008-tableyp001425.000mm-gantryxp000055.500mm-yp000010.000mm-zm000027.100mm-shot0000-dark.npy,55.5,-27.1,158,333903.4,0.0005,0.994,0,False
142.5,auto_scan-2026-07-23_17-42-56,y0142.50cm,jul23-008-tableyp001425.000mm-gantryxp000060.500mm-yp000010.000mm-zm000027.100mm-shot0000-dark.npy,60.5,-27.1,158,333903.4,0.0005,0.994,0,False
142.5,auto_scan-2026-07-23_17-42-56,y0142.50cm,jul23-008-tableyp001425.000mm-gantryxp000065.500mm-yp000010.000mm-zm000027.100mm-shot0000-dark.npy,65.5,-27.1,154,333903.4,0.0005,0.969,0,False
142.5,auto_scan-2026-07-23_17-42-56,y0142.50cm,jul23-008-tableyp001425.000mm-gantryxp000045.500mm-yp000010.000mm-zm000043.100mm-shot0000-dark.npy,45.5,-43.1,155,333903.4,0.0005,0.975,0,False
142.5,auto_scan-2026-07-23_17-42-56,y0142.50cm,jul23-008-tableyp001425.000mm-gantryxp000050.500mm-yp000010.000mm-zm000043.100mm-shot0000-dark.npy,50.5,-43.1,155,333903.4,0.0005,0.975,0,False
142.5,auto_scan-2026-07-23_17-42-56,y0142.50cm,jul23-008-tableyp001425.000mm-gantryxp000055.500mm-yp000010.000mm-zm000043.100mm-shot0000-dark.npy,55.5,-43.1,156,333903.4,0.0005,0.981,0,False
142.5,auto_scan-2026-07-23_17-42-56,y0142.50cm,jul23-008-tableyp001425.000mm-gantryxp000060.500mm-yp000010.000mm-zm000043.100mm-shot0000-dark.npy,60.5,-43.1,155,333903.4,0.0005,0.975,0,False
142.5,auto_scan-2026-07-23_17-42-56,y0142.50cm,jul23-008-tableyp001425.000mm-gantryxp000065.500mm-yp000010.000mm-zm000043.100mm-shot0000-dark.npy,65.5,-43.1,152,333903.4,0.0005,0.956,0,False
130.5,auto_scan-2026-07-23_18-36-22,y0130.50cm,jul23-008-tableyp001305.000mm-gantryxp000060.500mm-yp000130.000mm-zm000095.100mm-shot0000.npy,60.5,-95.1,115,283.3,0.4059,0.991,0,False
130.5,auto_scan-2026-07-23_18-36-22,y0130.50cm,jul23-008-tableyp001305.000mm-gantryxp000060.500mm-yp000130.000mm-zm000091.100mm-shot0000.npy,60.5,-91.1,116,283.3,0.4094,1.0,0,False
131.5,auto_scan-2026-07-23_18-36-22,y0131.50cm,jul23-008-tableyp001315.000mm-gantryxp000060.500mm-yp000120.000mm-zm000095.100mm-shot0000.npy,60.5,-95.1,125,283.3,0.4412,1.0,0,False
131.5,auto_scan-2026-07-23_18-36-22,y0131.50cm,jul23-008-tableyp001315.000mm-gantryxp000060.500mm-yp000120.000mm-zm000091.100mm-shot0000.npy,60.5,-91.1,65,283.3,0.2294,0.52,0,False
132.5,auto_scan-2026-07-23_18-36-22,y0132.50cm,jul23-008-tableyp001325.000mm-gantryxp000060.500mm-yp000110.000mm-zm000095.100mm-shot0000.npy,60.5,-95.1,126,283.3,0.4447,1.0,0,False
133.5,auto_scan-2026-07-23_18-36-22,y0133.50cm,jul23-008-tableyp001335.000mm-gantryxp000060.500mm-yp000100.000mm-zm000095.100mm-shot0000.npy,60.5,-95.1,128,283.3,0.4518,1.0,0,False
134.5,auto_scan-2026-07-23_18-36-22,y0134.50cm,jul23-008-tableyp001345.000mm-gantryxp000060.500mm-yp000090.000mm-zm000095.100mm-shot0000.npy,60.5,-95.1,139,283.3,0.4906,1.0,0,False
135.5,auto_scan-2026-07-23_18-36-22,y0135.50cm,jul23-008-tableyp001355.000mm-gantryxp000060.500mm-yp000080.000mm-zm000095.100mm-shot0000.npy,60.5,-95.1,156,283.3,0.5506,1.0,0,False
136.5,auto_scan-2026-07-23_18-36-22,y0136.50cm,jul23-008-tableyp001365.000mm-gantryxp000060.500mm-yp000070.000mm-zm000095.100mm-shot0000.npy,60.5,-95.1,111,189.1,0.5869,1.0,0,False
137.5,auto_scan-2026-07-23_18-36-22,y0137.50cm,jul23-008-tableyp001375.000mm-gantryxp000060.500mm-yp000060.000mm-zm000095.100mm-shot0000.npy,60.5,-95.1,110,189.1,0.5816,1.0,0,False
138.5,auto_scan-2026-07-23_18-36-22,y0138.50cm,jul23-008-tableyp001385.000mm-gantryxp000060.500mm-yp000050.000mm-zm000095.100mm-shot0000.npy,60.5,-95.1,116,189.1,0.6134,1.0,0,False
139.5,auto_scan-2026-07-23_18-36-22,y0139.50cm,jul23-008-tableyp001395.000mm-gantryxp000060.500mm-yp000040.000mm-zm000095.100mm-shot0000.npy,60.5,-95.1,113,189.1,0.5975,1.0,0,False
140.5,auto_scan-2026-07-23_18-36-22,y0140.50cm,jul23-008-tableyp001405.000mm-gantryxp000060.500mm-yp000030.000mm-zm000095.100mm-shot0000.npy,60.5,-95.1,116,189.1,0.6134,1.0,0,False
141.5,auto_scan-2026-07-23_18-36-22,y0141.50cm,jul23-008-tableyp001415.000mm-gantryxp000060.500mm-yp000020.000mm-zm000095.100mm-shot0000.npy,60.5,-95.1,113,189.1,0.5975,1.0,0,False
142.5,auto_scan-2026-07-23_18-36-22,y0142.50cm,jul23-008-tableyp001425.000mm-gantryxp000055.500mm-yp000010.000mm-zm000095.100mm-shot0000.npy,55.5,-95.1,153,12104.0,0.0126,0.6,0,False
142.5,auto_scan-2026-07-23_18-36-22,y0142.50cm,jul23-008-tableyp001425.000mm-gantryxp000060.500mm-yp000010.000mm-zm000095.100mm-shot0000.npy,60.5,-95.1,255,12104.0,0.0211,1.0,47342,False
142.5,auto_scan-2026-07-23_18-36-22,y0142.50cm,jul23-008-tableyp001425.000mm-gantryxp000060.500mm-yp000010.000mm-zm000091.100mm-shot0000.npy,60.5,-91.1,255,12104.0,0.0211,1.0,4534,False
144.0,auto_scan-2026-07-23_18-47-16,y0144.00cm,jul23-009-tableyp001440.000mm-gantryxp000055.500mm-yp000070.000mm-zm000095.100mm-shot0000.npy,55.5,-95.1,150,207.8,0.7217,1.0,0,False
145.0,auto_scan-2026-07-23_18-47-16,y0145.00cm,jul23-009-tableyp001450.000mm-gantryxp000055.500mm-yp000060.000mm-zm000095.100mm-shot0000.npy,55.5,-95.1,144,207.8,0.6929,1.0,0,False
146.0,auto_scan-2026-07-23_18-47-16,y0146.00cm,jul23-009-tableyp001460.000mm-gantryxp000055.500mm-yp000050.000mm-zm000095.100mm-shot0000.npy,55.5,-95.1,153,207.8,0.7362,1.0,0,False
147.0,auto_scan-2026-07-23_18-47-16,y0147.00cm,jul23-009-tableyp001470.000mm-gantryxp000055.500mm-yp000040.000mm-zm000095.100mm-shot0000.npy,55.5,-95.1,146,207.8,0.7025,1.0,0,False
148.0,auto_scan-2026-07-23_18-47-16,y0148.00cm,jul23-009-tableyp001480.000mm-gantryxp000055.500mm-yp000030.000mm-zm000095.100mm-shot0000.npy,55.5,-95.1,155,207.8,0.7458,1.0,0,False
149.0,auto_scan-2026-07-23_18-47-16,y0149.00cm,jul23-009-tableyp001490.000mm-gantryxp000055.500mm-yp000020.000mm-zm000095.100mm-shot0000.npy,55.5,-95.1,176,250.0,0.704,1.0,0,False
150.0,auto_scan-2026-07-23_18-47-16,y0150.00cm,jul23-009-tableyp001500.000mm-gantryxp000055.500mm-yp000010.000mm-zm000095.100mm-shot0000.npy,55.5,-95.1,180,250.0,0.72,1.0,0,False
150.0,auto_scan-2026-07-23_18-47-16,y0150.00cm,jul23-009-tableyp001500.000mm-gantryxp000060.500mm-yp000010.000mm-zm000095.100mm-shot0000.npy,60.5,-95.1,166,250.0,0.664,0.922,0,False
138.0,auto_scan-2026-07-23_18-52-11,y0138.00cm,jul23-009-tableyp001380.000mm-gantryxp000060.500mm-yp000130.000mm-zm000095.100mm-shot0000.npy,60.5,-95.1,134,212.5,0.6306,1.0,0,False
138.0,auto_scan-2026-07-23_18-52-11,y0138.00cm,jul23-009-tableyp001380.000mm-gantryxp000055.500mm-yp000130.000mm-zm000095.100mm-shot0000.npy,55.5,-95.1,134,212.5,0.6306,1.0,0,False
139.0,auto_scan-2026-07-23_18-52-11,y0139.00cm,jul23-009-tableyp001390.000mm-gantryxp000060.500mm-yp000120.000mm-zm000095.100mm-shot0000.npy,60.5,-95.1,135,212.5,0.6353,1.0,0,False
139.0,auto_scan-2026-07-23_18-52-11,y0139.00cm,jul23-009-tableyp001390.000mm-gantryxp000055.500mm-yp000120.000mm-zm000095.100mm-shot0000.npy,55.5,-95.1,128,212.5,0.6024,0.948,0,False
140.0,auto_scan-2026-07-23_18-52-11,y0140.00cm,jul23-009-tableyp001400.000mm-gantryxp000060.500mm-yp000110.000mm-zm000095.100mm-shot0000.npy,60.5,-95.1,132,212.5,0.6212,1.0,0,False
140.0,auto_scan-2026-07-23_18-52-11,y0140.00cm,jul23-009-tableyp001400.000mm-gantryxp000055.500mm-yp000110.000mm-zm000095.100mm-shot0000.npy,55.5,-95.1,127,212.5,0.5976,0.962,0,False
141.0,auto_scan-2026-07-23_18-52-11,y0141.00cm,jul23-009-tableyp001410.000mm-gantryxp000060.500mm-yp000100.000mm-zm000095.100mm-shot0000.npy,60.5,-95.1,125,212.5,0.5882,1.0,0,False
142.0,auto_scan-2026-07-23_18-52-11,y0142.00cm,jul23-009-tableyp001420.000mm-gantryxp000060.500mm-yp000090.000mm-zm000095.100mm-shot0000.npy,60.5,-95.1,123,212.5,0.5788,1.0,0,False
143.0,auto_scan-2026-07-23_18-52-11,y0143.00cm,jul23-009-tableyp001430.000mm-gantryxp000060.500mm-yp000080.000mm-zm000095.100mm-shot0000.npy,60.5,-95.1,128,212.5,0.6024,1.0,0,False
143.0,auto_scan-2026-07-23_18-52-11,y0143.00cm,jul23-009-tableyp001430.000mm-gantryxp000055.500mm-yp000080.000mm-zm000095.100mm-shot0000.npy,55.5,-95.1,125,212.5,0.5882,0.977,0,False
144.0,auto_scan-2026-07-23_18-52-11,y0144.00cm,jul23-009-tableyp001440.000mm-gantryxp000055.500mm-yp000070.000mm-zm000095.100mm-shot0000.npy,55.5,-95.1,134,212.5,0.6306,0.993,0,False
144.0,auto_scan-2026-07-23_18-52-11,y0144.00cm,jul23-009-tableyp001440.000mm-gantryxp000060.500mm-yp000070.000mm-zm000095.100mm-shot0000.npy,60.5,-95.1,135,212.5,0.6353,1.0,0,False
145.0,auto_scan-2026-07-23_18-52-11,y0145.00cm,jul23-009-tableyp001450.000mm-gantryxp000060.500mm-yp000060.000mm-zm000095.100mm-shot0000.npy,60.5,-95.1,138,212.5,0.6494,0.914,0,False
145.0,auto_scan-2026-07-23_18-52-11,y0145.00cm,jul23-009-tableyp001450.000mm-gantryxp000055.500mm-yp000060.000mm-zm000095.100mm-shot0000.npy,55.5,-95.1,151,212.5,0.7106,1.0,0,False
146.0,auto_scan-2026-07-23_18-52-11,y0146.00cm,jul23-009-tableyp001460.000mm-gantryxp000060.500mm-yp000050.000mm-zm000095.100mm-shot0000.npy,60.5,-95.1,152,212.5,0.7153,1.0,0,False
146.0,auto_scan-2026-07-23_18-52-11,y0146.00cm,jul23-009-tableyp001460.000mm-gantryxp000055.500mm-yp000050.000mm-zm000095.100mm-shot0000.npy,55.5,-95.1,145,212.5,0.6824,0.954,0,False
147.0,auto_scan-2026-07-23_18-52-11,y0147.00cm,jul23-009-tableyp001470.000mm-gantryxp000060.500mm-yp000040.000mm-zm000095.100mm-shot0000.npy,60.5,-95.1,158,212.5,0.7435,1.0,0,False
148.0,auto_scan-2026-07-23_18-52-11,y0148.00cm,jul23-009-tableyp001480.000mm-gantryxp000055.500mm-yp000030.000mm-zm000095.100mm-shot0000.npy,55.5,-95.1,144,212.5,0.6776,0.96,0,False
148.0,auto_scan-2026-07-23_18-52-11,y0148.00cm,jul23-009-tableyp001480.000mm-gantryxp000060.500mm-yp000030.000mm-zm000095.100mm-shot0000.npy,60.5,-95.1,150,212.5,0.7059,1.0,0,False
149.0,auto_scan-2026-07-23_18-52-11,y0149.00cm,jul23-009-tableyp001490.000mm-gantryxp000055.500mm-yp000020.000mm-zm000095.100mm-shot0000.npy,55.5,-95.1,148,212.5,0.6965,1.0,0,False
149.0,auto_scan-2026-07-23_18-52-11,y0149.00cm,jul23-009-tableyp001490.000mm-gantryxp000060.500mm-yp000020.000mm-zm000095.100mm-shot0000.npy,60.5,-95.1,136,212.5,0.64,0.919,0,False
150.0,auto_scan-2026-07-23_18-52-11,y0150.00cm,jul23-009-tableyp001500.000mm-gantryxp000055.500mm-yp000010.000mm-zm000095.100mm-shot0000.npy,55.5,-95.1,174,250.0,0.696,1.0,0,False
150.0,auto_scan-2026-07-23_18-52-11,y0150.00cm,jul23-009-tableyp001500.000mm-gantryxp000060.500mm-yp000010.000mm-zm000095.100mm-shot0000.npy,60.5,-95.1,173,250.0,0.692,0.994,0,False
147.8,auto_scan-2026-07-23_19-07-33,y0147.80cm,jul23-010-tableyp001478.000mm-gantryxp000060.500mm-yp000132.000mm-zm000095.100mm-shot0000.npy,60.5,-95.1,171,236.4,0.7233,1.0,0,False
148.0,auto_scan-2026-07-23_19-07-33,y0148.00cm,jul23-010-tableyp001480.000mm-gantryxp000060.500mm-yp000130.000mm-zm000095.100mm-shot0000.npy,60.5,-95.1,168,236.4,0.7106,1.0,0,False
148.2,auto_scan-2026-07-23_19-07-33,y0148.20cm,jul23-010-tableyp001482.000mm-gantryxp000060.500mm-yp000128.000mm-zm000095.100mm-shot0000.npy,60.5,-95.1,170,236.4,0.7191,1.0,0,False
148.4,auto_scan-2026-07-23_19-07-33,y0148.40cm,jul23-010-tableyp001484.000mm-gantryxp000060.500mm-yp000126.000mm-zm000095.100mm-shot0000.npy,60.5,-95.1,169,236.4,0.7149,1.0,0,False
148.6,auto_scan-2026-07-23_19-07-33,y0148.60cm,jul23-010-tableyp001486.000mm-gantryxp000060.500mm-yp000124.000mm-zm000095.100mm-shot0000.npy,60.5,-95.1,161,236.4,0.681,1.0,0,False
148.8,auto_scan-2026-07-23_19-07-33,y0148.80cm,jul23-010-tableyp001488.000mm-gantryxp000060.500mm-yp000122.000mm-zm000095.100mm-shot0000.npy,60.5,-95.1,164,236.4,0.6937,1.0,0,False
149.0,auto_scan-2026-07-23_19-07-33,y0149.00cm,jul23-010-tableyp001490.000mm-gantryxp000060.500mm-yp000120.000mm-zm000095.100mm-shot0000.npy,60.5,-95.1,162,236.4,0.6853,1.0,0,False
149.2,auto_scan-2026-07-23_19-07-33,y0149.20cm,jul23-010-tableyp001492.000mm-gantryxp000060.500mm-yp000118.000mm-zm000095.100mm-shot0000.npy,60.5,-95.1,170,236.4,0.7191,1.0,0,False
149.4,auto_scan-2026-07-23_19-07-33,y0149.40cm,jul23-010-tableyp001494.000mm-gantryxp000060.500mm-yp000116.000mm-zm000095.100mm-shot0000.npy,60.5,-95.1,165,236.4,0.698,1.0,0,False
149.6,auto_scan-2026-07-23_19-07-33,y0149.60cm,jul23-010-tableyp001496.000mm-gantryxp000060.500mm-yp000114.000mm-zm000095.100mm-shot0000.npy,60.5,-95.1,159,236.4,0.6726,1.0,0,False
149.8,auto_scan-2026-07-23_19-07-33,y0149.80cm,jul23-010-tableyp001498.000mm-gantryxp000060.500mm-yp000112.000mm-zm000095.100mm-shot0000.npy,60.5,-95.1,156,236.4,0.6599,1.0,0,False
150.0,auto_scan-2026-07-23_19-07-33,y0150.00cm,jul23-010-tableyp001500.000mm-gantryxp000060.500mm-yp000110.000mm-zm000095.100mm-shot0000.npy,60.5,-95.1,150,236.4,0.6345,1.0,0,False
150.2,auto_scan-2026-07-23_19-07-33,y0150.20cm,jul23-010-tableyp001502.000mm-gantryxp000060.500mm-yp000108.000mm-zm000095.100mm-shot0000.npy,60.5,-95.1,153,236.4,0.6472,1.0,0,False
150.4,auto_scan-2026-07-23_19-07-33,y0150.40cm,jul23-010-tableyp001504.000mm-gantryxp000060.500mm-yp000106.000mm-zm000095.100mm-shot0000.npy,60.5,-95.1,154,236.4,0.6514,1.0,0,False
150.6,auto_scan-2026-07-23_19-07-33,y0150.60cm,jul23-010-tableyp001506.000mm-gantryxp000060.500mm-yp000104.000mm-zm000095.100mm-shot0000.npy,60.5,-95.1,148,236.4,0.626,1.0,0,False
150.8,auto_scan-2026-07-23_19-07-33,y0150.80cm,jul23-010-tableyp001508.000mm-gantryxp000060.500mm-yp000102.000mm-zm000095.100mm-shot0000.npy,60.5,-95.1,151,236.4,0.6387,1.0,0,False
151.0,auto_scan-2026-07-23_19-07-33,y0151.00cm,jul23-010-tableyp001510.000mm-gantryxp000060.500mm-yp000100.000mm-zm000095.100mm-shot0000.npy,60.5,-95.1,148,236.4,0.626,1.0,0,False
151.2,auto_scan-2026-07-23_19-07-33,y0151.20cm,jul23-010-tableyp001512.000mm-gantryxp000060.500mm-yp000098.000mm-zm000095.100mm-shot0000.npy,60.5,-95.1,149,236.4,0.6303,1.0,0,False
151.4,auto_scan-2026-07-23_19-07-33,y0151.40cm,jul23-010-tableyp001514.000mm-gantryxp000060.500mm-yp000096.000mm-zm000095.100mm-shot0000.npy,60.5,-95.1,151,236.4,0.6387,1.0,0,False
151.6,auto_scan-2026-07-23_19-07-33,y0151.60cm,jul23-010-tableyp001516.000mm-gantryxp000060.500mm-yp000094.000mm-zm000095.100mm-shot0000.npy,60.5,-95.1,153,236.4,0.6472,1.0,0,False
151.8,auto_scan-2026-07-23_19-07-33,y0151.80cm,jul23-010-tableyp001518.000mm-gantryxp000060.500mm-yp000092.000mm-zm000095.100mm-shot0000.npy,60.5,-95.1,153,236.4,0.6472,1.0,0,False
152.0,auto_scan-2026-07-23_19-07-33,y0152.00cm,jul23-010-tableyp001520.000mm-gantryxp000060.500mm-yp000090.000mm-zm000095.100mm-shot0000.npy,60.5,-95.1,156,278.1,0.5609,1.0,0,False
152.2,auto_scan-2026-07-23_19-07-33,y0152.20cm,jul23-010-tableyp001522.000mm-gantryxp000060.500mm-yp000088.000mm-zm000095.100mm-shot0000.npy,60.5,-95.1,162,278.1,0.5825,1.0,0,False
152.4,auto_scan-2026-07-23_19-07-33,y0152.40cm,jul23-010-tableyp001524.000mm-gantryxp000060.500mm-yp000086.000mm-zm000095.100mm-shot0000.npy,60.5,-95.1,164,278.1,0.5897,1.0,0,False
152.6,auto_scan-2026-07-23_19-07-33,y0152.60cm,jul23-010-tableyp001526.000mm-gantryxp000060.500mm-yp000084.000mm-zm000095.100mm-shot0000.npy,60.5,-95.1,158,278.1,0.5681,1.0,0,False
152.8,auto_scan-2026-07-23_19-07-33,y0152.80cm,jul23-010-tableyp001528.000mm-gantryxp000060.500mm-yp000082.000mm-zm000095.100mm-shot0000.npy,60.5,-95.1,159,278.1,0.5717,1.0,0,False
153.0,auto_scan-2026-07-23_19-07-33,y0153.00cm,jul23-010-tableyp001530.000mm-gantryxp000060.500mm-yp000080.000mm-zm000095.100mm-shot0000.npy,60.5,-95.1,165,278.1,0.5933,1.0,0,False
153.2,auto_scan-2026-07-23_19-07-33,y0153.20cm,jul23-010-tableyp001532.000mm-gantryxp000060.500mm-yp000078.000mm-zm000095.100mm-shot0000.npy,60.5,-95.1,157,278.1,0.5645,1.0,0,False
153.4,auto_scan-2026-07-23_19-07-33,y0153.40cm,jul23-010-tableyp001534.000mm-gantryxp000060.500mm-yp000076.000mm-zm000095.100mm-shot0000.npy,60.5,-95.1,155,278.1,0.5573,1.0,0,False
153.6,auto_scan-2026-07-23_19-07-33,y0153.60cm,jul23-010-tableyp001536.000mm-gantryxp000060.500mm-yp000074.000mm-zm000095.100mm-shot0000.npy,60.5,-95.1,155,278.1,0.5573,1.0,0,False
153.8,auto_scan-2026-07-23_19-07-33,y0153.80cm,jul23-010-tableyp001538.000mm-gantryxp000060.500mm-yp000072.000mm-zm000095.100mm-shot0000.npy,60.5,-95.1,164,278.1,0.5897,1.0,0,False
154.0,auto_scan-2026-07-23_19-07-33,y0154.00cm,jul23-010-tableyp001540.000mm-gantryxp000060.500mm-yp000070.000mm-zm000095.100mm-shot0000.npy,60.5,-95.1,161,278.1,0.5789,1.0,0,False
154.2,auto_scan-2026-07-23_19-07-33,y0154.20cm,jul23-010-tableyp001542.000mm-gantryxp000060.500mm-yp000068.000mm-zm000095.100mm-shot0000.npy,60.5,-95.1,153,278.1,0.5501,1.0,0,False
154.4,auto_scan-2026-07-23_19-07-33,y0154.40cm,jul23-010-tableyp001544.000mm-gantryxp000060.500mm-yp000066.000mm-zm000095.100mm-shot0000.npy,60.5,-95.1,153,278.1,0.5501,1.0,0,False
154.6,auto_scan-2026-07-23_19-07-33,y0154.60cm,jul23-010-tableyp001546.000mm-gantryxp000060.500mm-yp000064.000mm-zm000095.100mm-shot0000.npy,60.5,-95.1,157,278.1,0.5645,1.0,0,False
154.8,auto_scan-2026-07-23_19-07-33,y0154.80cm,jul23-010-tableyp001548.000mm-gantryxp000060.500mm-yp000062.000mm-zm000095.100mm-shot0000.npy,60.5,-95.1,154,278.1,0.5537,1.0,0,False
155.0,auto_scan-2026-07-23_19-07-33,y0155.00cm,jul23-010-tableyp001550.000mm-gantryxp000060.500mm-yp000060.000mm-zm000095.100mm-shot0000.npy,60.5,-95.1,155,278.1,0.5573,1.0,0,False
155.2,auto_scan-2026-07-23_19-07-33,y0155.20cm,jul23-010-tableyp001552.000mm-gantryxp000060.500mm-yp000058.000mm-zm000095.100mm-shot0000.npy,60.5,-95.1,155,278.1,0.5573,1.0,0,False
155.4,auto_scan-2026-07-23_19-07-33,y0155.40cm,jul23-010-tableyp001554.000mm-gantryxp000060.500mm-yp000056.000mm-zm000095.100mm-shot0000.npy,60.5,-95.1,147,278.1,0.5285,1.0,0,False
155.6,auto_scan-2026-07-23_19-07-33,y0155.60cm,jul23-010-tableyp001556.000mm-gantryxp000060.500mm-yp000054.000mm-zm000095.100mm-shot0000.npy,60.5,-95.1,151,278.1,0.5429,1.0,0,False
155.8,auto_scan-2026-07-23_19-07-33,y0155.80cm,jul23-010-tableyp001558.000mm-gantryxp000060.500mm-yp000052.000mm-zm000095.100mm-shot0000.npy,60.5,-95.1,158,278.1,0.5681,1.0,0,False
156.0,auto_scan-2026-07-23_19-07-33,y0156.00cm,jul23-010-tableyp001560.000mm-gantryxp000060.500mm-yp000050.000mm-zm000095.100mm-shot0000.npy,60.5,-95.1,160,278.1,0.5753,1.0,0,False
156.2,auto_scan-2026-07-23_19-07-33,y0156.20cm,jul23-010-tableyp001562.000mm-gantryxp000060.500mm-yp000048.000mm-zm000095.100mm-shot0000.npy,60.5,-95.1,167,278.1,0.6004,1.0,0,False
156.4,auto_scan-2026-07-23_19-07-33,y0156.40cm,jul23-010-tableyp001564.000mm-gantryxp000060.500mm-yp000046.000mm-zm000095.100mm-shot0000.npy,60.5,-95.1,159,278.1,0.5717,1.0,0,False
156.6,auto_scan-2026-07-23_19-07-33,y0156.60cm,jul23-010-tableyp001566.000mm-gantryxp000060.500mm-yp000044.000mm-zm000095.100mm-shot0000.npy,60.5,-95.1,160,278.1,0.5753,1.0,0,False
156.8,auto_scan-2026-07-23_19-07-33,y0156.80cm,jul23-010-tableyp001568.000mm-gantryxp000060.500mm-yp000042.000mm-zm000095.100mm-shot0000.npy,60.5,-95.1,166,278.1,0.5969,1.0,0,False
157.0,auto_scan-2026-07-23_19-07-33,y0157.00cm,jul23-010-tableyp001570.000mm-gantryxp000060.500mm-yp000040.000mm-zm000095.100mm-shot0000.npy,60.5,-95.1,154,278.1,0.5537,1.0,0,False
157.2,auto_scan-2026-07-23_19-07-33,y0157.20cm,jul23-010-tableyp001572.000mm-gantryxp000060.500mm-yp000038.000mm-zm000095.100mm-shot0000.npy,60.5,-95.1,155,278.1,0.5573,1.0,0,False
157.4,auto_scan-2026-07-23_19-07-33,y0157.40cm,jul23-010-tableyp001574.000mm-gantryxp000060.500mm-yp000036.000mm-zm000095.100mm-shot0000.npy,60.5,-95.1,155,278.1,0.5573,1.0,0,False
157.6,auto_scan-2026-07-23_19-07-33,y0157.60cm,jul23-010-tableyp001576.000mm-gantryxp000060.500mm-yp000034.000mm-zm000095.100mm-shot0000.npy,60.5,-95.1,163,278.1,0.5861,1.0,0,False
157.8,auto_scan-2026-07-23_19-07-33,y0157.80cm,jul23-010-tableyp001578.000mm-gantryxp000060.500mm-yp000032.000mm-zm000095.100mm-shot0000.npy,60.5,-95.1,155,278.1,0.5573,1.0,0,False
158.0,auto_scan-2026-07-23_19-07-33,y0158.00cm,jul23-010-tableyp001580.000mm-gantryxp000060.500mm-yp000030.000mm-zm000095.100mm-shot0000.npy,60.5,-95.1,163,278.1,0.5861,1.0,0,False
158.2,auto_scan-2026-07-23_19-07-33,y0158.20cm,jul23-010-tableyp001582.000mm-gantryxp000060.500mm-yp000028.000mm-zm000095.100mm-shot0000.npy,60.5,-95.1,162,278.1,0.5825,1.0,0,False
158.4,auto_scan-2026-07-23_19-07-33,y0158.40cm,jul23-010-tableyp001584.000mm-gantryxp000060.500mm-yp000026.000mm-zm000095.100mm-shot0000.npy,60.5,-95.1,166,278.1,0.5969,1.0,0,False
158.6,auto_scan-2026-07-23_19-07-33,y0158.60cm,jul23-010-tableyp001586.000mm-gantryxp000060.500mm-yp000024.000mm-zm000095.100mm-shot0000.npy,60.5,-95.1,167,278.1,0.6004,1.0,0,False
158.8,auto_scan-2026-07-23_19-07-33,y0158.80cm,jul23-010-tableyp001588.000mm-gantryxp000060.500mm-yp000022.000mm-zm000095.100mm-shot0000.npy,60.5,-95.1,164,278.1,0.5897,1.0,0,False
159.0,auto_scan-2026-07-23_19-07-33,y0159.00cm,jul23-010-tableyp001590.000mm-gantryxp000060.500mm-yp000020.000mm-zm000095.100mm-shot0000.npy,60.5,-95.1,162,278.1,0.5825,1.0,0,False
159.2,auto_scan-2026-07-23_19-07-33,y0159.20cm,jul23-010-tableyp001592.000mm-gantryxp000060.500mm-yp000018.000mm-zm000095.100mm-shot0000.npy,60.5,-95.1,166,278.1,0.5969,1.0,0,False
159.4,auto_scan-2026-07-23_19-07-33,y0159.40cm,jul23-010-tableyp001594.000mm-gantryxp000060.500mm-yp000016.000mm-zm000095.100mm-shot0000.npy,60.5,-95.1,160,278.1,0.5753,1.0,0,False
159.6,auto_scan-2026-07-23_19-07-33,y0159.60cm,jul23-010-tableyp001596.000mm-gantryxp000060.500mm-yp000014.000mm-zm000095.100mm-shot0000.npy,60.5,-95.1,158,278.1,0.5681,1.0,0,False
159.8,auto_scan-2026-07-23_19-07-33,y0159.80cm,jul23-010-tableyp001598.000mm-gantryxp000060.500mm-yp000012.000mm-zm000095.100mm-shot0000.npy,60.5,-95.1,154,278.1,0.5537,1.0,0,False
160.0,auto_scan-2026-07-23_19-07-33,y0160.00cm,jul23-010-tableyp001600.000mm-gantryxp000055.500mm-yp000010.000mm-zm000095.100mm-shot0000.npy,55.5,-95.1,146,4450.0,0.0328,0.573,0,False
160.0,auto_scan-2026-07-23_19-07-33,y0160.00cm,jul23-010-tableyp001600.000mm-gantryxp000060.500mm-yp000010.000mm-zm000095.100mm-shot0000.npy,60.5,-95.1,255,4450.0,0.0573,1.0,4578,False
160.0,auto_scan-2026-07-23_19-07-33,y0160.00cm,jul23-010-tableyp001600.000mm-gantryxp000055.500mm-yp000010.000mm-zm000091.100mm-shot0000.npy,55.5,-91.1,128,4450.0,0.0288,0.502,0,False
160.0,auto_scan-2026-07-23_19-07-33,y0160.00cm,jul23-010-tableyp001600.000mm-gantryxp000060.500mm-yp000010.000mm-zm000091.100mm-shot0000.npy,60.5,-91.1,255,4450.0,0.0573,1.0,544,False
155.5,auto_scan-2026-07-23_19-17-02,y0155.50cm,jul23-011-tableyp001555.000mm-gantryxp000055.500mm-yp000130.000mm-zm000091.100mm-shot0000.npy,55.5,-91.1,170,301.7,0.5636,1.0,0,False
155.5,auto_scan-2026-07-23_19-17-02,y0155.50cm,jul23-011-tableyp001555.000mm-gantryxp000060.500mm-yp000130.000mm-zm000091.100mm-shot0000.npy,60.5,-91.1,164,301.7,0.5437,0.965,0,False
155.5,auto_scan-2026-07-23_19-17-02,y0155.50cm,jul23-011-tableyp001555.000mm-gantryxp000055.500mm-yp000130.000mm-zm000095.100mm-shot0000.npy,55.5,-95.1,167,301.7,0.5536,0.982,0,False
155.5,auto_scan-2026-07-23_19-17-02,y0155.50cm,jul23-011-tableyp001555.000mm-gantryxp000060.500mm-yp000130.000mm-zm000095.100mm-shot0000.npy,60.5,-95.1,164,301.7,0.5437,0.965,0,False
157.5,auto_scan-2026-07-23_19-17-02,y0157.50cm,jul23-011-tableyp001575.000mm-gantryxp000060.500mm-yp000110.000mm-zm000095.100mm-shot0000.npy,60.5,-95.1,160,301.7,0.5304,0.952,0,False
157.5,auto_scan-2026-07-23_19-17-02,y0157.50cm,jul23-011-tableyp001575.000mm-gantryxp000055.500mm-yp000110.000mm-zm000095.100mm-shot0000.npy,55.5,-95.1,115,301.7,0.3812,0.685,0,False
157.5,auto_scan-2026-07-23_19-17-02,y0157.50cm,jul23-011-tableyp001575.000mm-gantryxp000055.500mm-yp000110.000mm-zm000091.100mm-shot0000.npy,55.5,-91.1,168,301.7,0.5569,1.0,0,False
157.5,auto_scan-2026-07-23_19-17-02,y0157.50cm,jul23-011-tableyp001575.000mm-gantryxp000060.500mm-yp000110.000mm-zm000091.100mm-shot0000.npy,60.5,-91.1,160,301.7,0.5304,0.952,0,False
159.5,auto_scan-2026-07-23_19-17-02,y0159.50cm,jul23-011-tableyp001595.000mm-gantryxp000060.500mm-yp000090.000mm-zm000091.100mm-shot0000.npy,60.5,-91.1,163,301.7,0.5404,0.976,0,False
159.5,auto_scan-2026-07-23_19-17-02,y0159.50cm,jul23-011-tableyp001595.000mm-gantryxp000055.500mm-yp000090.000mm-zm000091.100mm-shot0000.npy,55.5,-91.1,159,301.7,0.5271,0.952,0,False
159.5,auto_scan-2026-07-23_19-17-02,y0159.50cm,jul23-011-tableyp001595.000mm-gantryxp000055.500mm-yp000090.000mm-zm000095.100mm-shot0000.npy,55.5,-95.1,166,301.7,0.5503,0.994,0,False
159.5,auto_scan-2026-07-23_19-17-02,y0159.50cm,jul23-011-tableyp001595.000mm-gantryxp000060.500mm-yp000090.000mm-zm000095.100mm-shot0000.npy,60.5,-95.1,167,301.7,0.5536,1.0,0,False
161.5,auto_scan-2026-07-23_19-17-02,y0161.50cm,jul23-011-tableyp001615.000mm-gantryxp000060.500mm-yp000070.000mm-zm000095.100mm-shot0000.npy,60.5,-95.1,139,301.7,0.4608,0.885,0,False
161.5,auto_scan-2026-07-23_19-17-02,y0161.50cm,jul23-011-tableyp001615.000mm-gantryxp000055.500mm-yp000070.000mm-zm000095.100mm-shot0000.npy,55.5,-95.1,144,301.7,0.4774,0.917,0,False
161.5,auto_scan-2026-07-23_19-17-02,y0161.50cm,jul23-011-tableyp001615.000mm-gantryxp000055.500mm-yp000070.000mm-zm000091.100mm-shot0000.npy,55.5,-91.1,156,301.7,0.5172,0.994,0,False
161.5,auto_scan-2026-07-23_19-17-02,y0161.50cm,jul23-011-tableyp001615.000mm-gantryxp000060.500mm-yp000070.000mm-zm000091.100mm-shot0000.npy,60.5,-91.1,157,301.7,0.5205,1.0,0,False
163.5,auto_scan-2026-07-23_19-17-02,y0163.50cm,jul23-011-tableyp001635.000mm-gantryxp000055.500mm-yp000050.000mm-zm000091.100mm-shot0000.npy,55.5,-91.1,179,406.7,0.4401,0.927,0,False
163.5,auto_scan-2026-07-23_19-17-02,y0163.50cm,jul23-011-tableyp001635.000mm-gantryxp000060.500mm-yp000050.000mm-zm000091.100mm-shot0000.npy,60.5,-91.1,181,406.7,0.445,0.938,0,False
163.5,auto_scan-2026-07-23_19-17-02,y0163.50cm,jul23-011-tableyp001635.000mm-gantryxp000055.500mm-yp000050.000mm-zm000095.100mm-shot0000.npy,55.5,-95.1,181,406.7,0.445,0.938,0,False
163.5,auto_scan-2026-07-23_19-17-02,y0163.50cm,jul23-011-tableyp001635.000mm-gantryxp000060.500mm-yp000050.000mm-zm000095.100mm-shot0000.npy,60.5,-95.1,193,406.7,0.4745,1.0,0,False
165.5,auto_scan-2026-07-23_19-17-02,y0165.50cm,jul23-011-tableyp001655.000mm-gantryxp000060.500mm-yp000030.000mm-zm000095.100mm-shot0000.npy,60.5,-95.1,162,406.7,0.3983,0.976,0,False
165.5,auto_scan-2026-07-23_19-17-02,y0165.50cm,jul23-011-tableyp001655.000mm-gantryxp000055.500mm-yp000030.000mm-zm000095.100mm-shot0000.npy,55.5,-95.1,161,406.7,0.3958,0.97,0,False
165.5,auto_scan-2026-07-23_19-17-02,y0165.50cm,jul23-011-tableyp001655.000mm-gantryxp000055.500mm-yp000030.000mm-zm000091.100mm-shot0000.npy,55.5,-91.1,166,406.7,0.4081,1.0,0,False
165.5,auto_scan-2026-07-23_19-17-02,y0165.50cm,jul23-011-tableyp001655.000mm-gantryxp000060.500mm-yp000030.000mm-zm000091.100mm-shot0000.npy,60.5,-91.1,165,406.7,0.4057,0.994,0,False
167.5,auto_scan-2026-07-23_19-17-02,y0167.50cm,jul23-011-tableyp001675.000mm-gantryxp000055.500mm-yp000010.000mm-zm000095.100mm-shot0000.npy,55.5,-95.1,148,406.7,0.3639,0.961,0,False
167.5,auto_scan-2026-07-23_19-17-02,y0167.50cm,jul23-011-tableyp001675.000mm-gantryxp000060.500mm-yp000010.000mm-zm000095.100mm-shot0000.npy,60.5,-95.1,154,406.7,0.3786,1.0,0,False
167.5,auto_scan-2026-07-23_19-17-02,y0167.50cm,jul23-011-tableyp001675.000mm-gantryxp000055.500mm-yp000010.000mm-zm000091.100mm-shot0000.npy,55.5,-91.1,150,406.7,0.3688,0.974,0,False
167.5,auto_scan-2026-07-23_19-17-02,y0167.50cm,jul23-011-tableyp001675.000mm-gantryxp000060.500mm-yp000010.000mm-zm000091.100mm-shot0000.npy,60.5,-91.1,140,406.7,0.3442,0.909,0,False
171.0,auto_scan-2026-07-23_19-26-13,y0171.00cm,jul23-012-tableyp001710.000mm-gantryxp000060.500mm-yp000070.000mm-zm000091.100mm-shot0000.npy,60.5,-91.1,162,700.5,0.2313,1.0,0,False
171.0,auto_scan-2026-07-23_19-26-13,y0171.00cm,jul23-012-tableyp001710.000mm-gantryxp000060.500mm-yp000070.000mm-zm000095.100mm-shot0000.npy,60.5,-95.1,152,700.5,0.217,0.938,0,False
173.0,auto_scan-2026-07-23_19-26-13,y0173.00cm,jul23-012-tableyp001730.000mm-gantryxp000060.500mm-yp000050.000mm-zm000091.100mm-shot0000.npy,60.5,-91.1,115,700.5,0.1642,1.0,0,False
173.0,auto_scan-2026-07-23_19-26-13,y0173.00cm,jul23-012-tableyp001730.000mm-gantryxp000060.500mm-yp000050.000mm-zm000095.100mm-shot0000.npy,60.5,-95.1,109,700.5,0.1556,0.948,0,False
175.0,auto_scan-2026-07-23_19-26-13,y0175.00cm,jul23-012-tableyp001750.000mm-gantryxp000060.500mm-yp000030.000mm-zm000091.100mm-shot0000.npy,60.5,-91.1,176,1400.9,0.1256,1.0,0,False
175.0,auto_scan-2026-07-23_19-26-13,y0175.00cm,jul23-012-tableyp001750.000mm-gantryxp000060.500mm-yp000030.000mm-zm000095.100mm-shot0000.npy,60.5,-95.1,167,1400.9,0.1192,0.949,0,False
177.0,auto_scan-2026-07-23_19-26-13,y0177.00cm,jul23-012-tableyp001770.000mm-gantryxp000055.500mm-yp000010.000mm-zm000095.100mm-shot0000.npy,55.5,-95.1,150,2801.9,0.0535,0.588,0,False
177.0,auto_scan-2026-07-23_19-26-13,y0177.00cm,jul23-012-tableyp001770.000mm-gantryxp000060.500mm-yp000010.000mm-zm000095.100mm-shot0000.npy,60.5,-95.1,248,2801.9,0.0885,0.973,0,False
177.0,auto_scan-2026-07-23_19-26-13,y0177.00cm,jul23-012-tableyp001770.000mm-gantryxp000060.500mm-yp000010.000mm-zm000091.100mm-shot0000.npy,60.5,-91.1,255,2801.9,0.091,1.0,14,False
