beam_y_cm,run,slice,frame,gantry_x_mm,gantry_z_mm,max_counts,exposure_us,rate_c_per_us,ratio_to_slice_best,n_sat_px,excluded_run
60.0,auto_scan-2026-07-30_11-19-30,y0060.00cm,jul30_axicon3_001_060-tableyp000600.000mm-gantryxp000075.000mm-yp000130.000mm-zm000083.100mm-shot0000.npy,75.0,-83.1,145,5043.3,0.0288,0.935,0,False
60.0,auto_scan-2026-07-30_11-19-30,y0060.00cm,jul30_axicon3_001_060-tableyp000600.000mm-gantryxp000075.000mm-yp000130.000mm-zm000087.100mm-shot0000.npy,75.0,-87.1,155,5043.3,0.0307,1.0,0,False
60.5,auto_scan-2026-07-30_11-19-30,y0060.50cm,jul30_axicon3_001_060-tableyp000605.000mm-gantryxp000075.000mm-yp000125.000mm-zm000083.100mm-shot0000.npy,75.0,-83.1,132,5043.3,0.0262,0.985,0,False
60.5,auto_scan-2026-07-30_11-19-30,y0060.50cm,jul30_axicon3_001_060-tableyp000605.000mm-gantryxp000075.000mm-yp000125.000mm-zm000087.100mm-shot0000.npy,75.0,-87.1,134,5043.3,0.0266,1.0,0,False
61.0,auto_scan-2026-07-30_11-19-30,y0061.00cm,jul30_axicon3_001_060-tableyp000610.000mm-gantryxp000075.000mm-yp000120.000mm-zm000083.100mm-shot0000.npy,75.0,-83.1,133,5043.3,0.0264,0.971,0,False
61.0,auto_scan-2026-07-30_11-19-30,y0061.00cm,jul30_axicon3_001_060-tableyp000610.000mm-gantryxp000075.000mm-yp000120.000mm-zm000087.100mm-shot0000.npy,75.0,-87.1,137,5043.3,0.0272,1.0,0,False
61.5,auto_scan-2026-07-30_11-19-30,y0061.50cm,jul30_axicon3_001_060-tableyp000615.000mm-gantryxp000075.000mm-yp000115.000mm-zm000083.100mm-shot0000.npy,75.0,-83.1,146,5043.3,0.0289,1.0,0,False
61.5,auto_scan-2026-07-30_11-19-30,y0061.50cm,jul30_axicon3_001_060-tableyp000615.000mm-gantryxp000075.000mm-yp000115.000mm-zm000087.100mm-shot0000.npy,75.0,-87.1,141,5043.3,0.028,0.966,0,False
62.0,auto_scan-2026-07-30_11-19-30,y0062.00cm,jul30_axicon3_001_060-tableyp000620.000mm-gantryxp000075.000mm-yp000110.000mm-zm000083.100mm-shot0000.npy,75.0,-83.1,160,5043.3,0.0317,1.0,0,False
62.0,auto_scan-2026-07-30_11-19-30,y0062.00cm,jul30_axicon3_001_060-tableyp000620.000mm-gantryxp000075.000mm-yp000110.000mm-zm000087.100mm-shot0000.npy,75.0,-87.1,155,5043.3,0.0307,0.969,0,False
62.5,auto_scan-2026-07-30_11-19-30,y0062.50cm,jul30_axicon3_001_060-tableyp000625.000mm-gantryxp000075.000mm-yp000105.000mm-zm000083.100mm-shot0000.npy,75.0,-83.1,151,5043.3,0.0299,0.962,0,False
62.5,auto_scan-2026-07-30_11-19-30,y0062.50cm,jul30_axicon3_001_060-tableyp000625.000mm-gantryxp000075.000mm-yp000105.000mm-zm000087.100mm-shot0000.npy,75.0,-87.1,157,5043.3,0.0311,1.0,0,False
63.0,auto_scan-2026-07-30_11-19-30,y0063.00cm,jul30_axicon3_001_060-tableyp000630.000mm-gantryxp000075.000mm-yp000100.000mm-zm000083.100mm-shot0000.npy,75.0,-83.1,173,5043.3,0.0343,1.0,0,False
63.0,auto_scan-2026-07-30_11-19-30,y0063.00cm,jul30_axicon3_001_060-tableyp000630.000mm-gantryxp000075.000mm-yp000100.000mm-zm000087.100mm-shot0000.npy,75.0,-87.1,165,5043.3,0.0327,0.954,0,False
63.5,auto_scan-2026-07-30_11-19-30,y0063.50cm,jul30_axicon3_001_060-tableyp000635.000mm-gantryxp000075.000mm-yp000095.000mm-zm000083.100mm-shot0000.npy,75.0,-83.1,170,5043.3,0.0337,1.0,0,False
63.5,auto_scan-2026-07-30_11-19-30,y0063.50cm,jul30_axicon3_001_060-tableyp000635.000mm-gantryxp000075.000mm-yp000095.000mm-zm000087.100mm-shot0000.npy,75.0,-87.1,164,5043.3,0.0325,0.965,0,False
64.0,auto_scan-2026-07-30_11-19-30,y0064.00cm,jul30_axicon3_001_060-tableyp000640.000mm-gantryxp000075.000mm-yp000090.000mm-zm000083.100mm-shot0000.npy,75.0,-83.1,143,5043.3,0.0284,0.96,0,False
64.0,auto_scan-2026-07-30_11-19-30,y0064.00cm,jul30_axicon3_001_060-tableyp000640.000mm-gantryxp000075.000mm-yp000090.000mm-zm000087.100mm-shot0000.npy,75.0,-87.1,149,5043.3,0.0295,1.0,0,False
64.5,auto_scan-2026-07-30_11-19-30,y0064.50cm,jul30_axicon3_001_060-tableyp000645.000mm-gantryxp000075.000mm-yp000085.000mm-zm000083.100mm-shot0000.npy,75.0,-83.1,160,5043.3,0.0317,0.958,0,False
64.5,auto_scan-2026-07-30_11-19-30,y0064.50cm,jul30_axicon3_001_060-tableyp000645.000mm-gantryxp000075.000mm-yp000085.000mm-zm000087.100mm-shot0000.npy,75.0,-87.1,167,5043.3,0.0331,1.0,0,False
65.0,auto_scan-2026-07-30_11-19-30,y0065.00cm,jul30_axicon3_001_060-tableyp000650.000mm-gantryxp000075.000mm-yp000080.000mm-zm000083.100mm-shot0000.npy,75.0,-83.1,171,5043.3,0.0339,1.0,0,False
65.0,auto_scan-2026-07-30_11-19-30,y0065.00cm,jul30_axicon3_001_060-tableyp000650.000mm-gantryxp000075.000mm-yp000080.000mm-zm000087.100mm-shot0000.npy,75.0,-87.1,163,5043.3,0.0323,0.953,0,False
65.5,auto_scan-2026-07-30_11-19-30,y0065.50cm,jul30_axicon3_001_060-tableyp000655.000mm-gantryxp000075.000mm-yp000075.000mm-zm000083.100mm-shot0000.npy,75.0,-83.1,158,5043.3,0.0313,0.958,0,False
65.5,auto_scan-2026-07-30_11-19-30,y0065.50cm,jul30_axicon3_001_060-tableyp000655.000mm-gantryxp000075.000mm-yp000075.000mm-zm000087.100mm-shot0000.npy,75.0,-87.1,165,5043.3,0.0327,1.0,0,False
66.0,auto_scan-2026-07-30_11-19-30,y0066.00cm,jul30_axicon3_001_060-tableyp000660.000mm-gantryxp000075.000mm-yp000070.000mm-zm000083.100mm-shot0000.npy,75.0,-83.1,173,5043.3,0.0343,1.0,0,False
66.0,auto_scan-2026-07-30_11-19-30,y0066.00cm,jul30_axicon3_001_060-tableyp000660.000mm-gantryxp000075.000mm-yp000070.000mm-zm000087.100mm-shot0000.npy,75.0,-87.1,165,5043.3,0.0327,0.954,0,False
66.5,auto_scan-2026-07-30_11-19-30,y0066.50cm,jul30_axicon3_001_060-tableyp000665.000mm-gantryxp000075.000mm-yp000065.000mm-zm000083.100mm-shot0000.npy,75.0,-83.1,146,4192.6,0.0348,0.948,0,False
66.5,auto_scan-2026-07-30_11-19-30,y0066.50cm,jul30_axicon3_001_060-tableyp000665.000mm-gantryxp000075.000mm-yp000065.000mm-zm000087.100mm-shot0000.npy,75.0,-87.1,154,4192.6,0.0367,1.0,0,False
67.0,auto_scan-2026-07-30_11-19-30,y0067.00cm,jul30_axicon3_001_060-tableyp000670.000mm-gantryxp000075.000mm-yp000060.000mm-zm000083.100mm-shot0000.npy,75.0,-83.1,152,4192.6,0.0363,1.0,0,False
67.0,auto_scan-2026-07-30_11-19-30,y0067.00cm,jul30_axicon3_001_060-tableyp000670.000mm-gantryxp000075.000mm-yp000060.000mm-zm000087.100mm-shot0000.npy,75.0,-87.1,152,4192.6,0.0363,1.0,0,False
67.5,auto_scan-2026-07-30_11-19-30,y0067.50cm,jul30_axicon3_001_060-tableyp000675.000mm-gantryxp000075.000mm-yp000055.000mm-zm000083.100mm-shot0000.npy,75.0,-83.1,144,4192.6,0.0343,1.0,0,False
67.5,auto_scan-2026-07-30_11-19-30,y0067.50cm,jul30_axicon3_001_060-tableyp000675.000mm-gantryxp000075.000mm-yp000055.000mm-zm000087.100mm-shot0000.npy,75.0,-87.1,140,4192.6,0.0334,0.972,0,False
68.0,auto_scan-2026-07-30_11-19-30,y0068.00cm,jul30_axicon3_001_060-tableyp000680.000mm-gantryxp000075.000mm-yp000050.000mm-zm000083.100mm-shot0000.npy,75.0,-83.1,149,4192.6,0.0355,1.0,0,False
68.0,auto_scan-2026-07-30_11-19-30,y0068.00cm,jul30_axicon3_001_060-tableyp000680.000mm-gantryxp000075.000mm-yp000050.000mm-zm000087.100mm-shot0000.npy,75.0,-87.1,146,4192.6,0.0348,0.98,0,False
68.5,auto_scan-2026-07-30_11-19-30,y0068.50cm,jul30_axicon3_001_060-tableyp000685.000mm-gantryxp000075.000mm-yp000045.000mm-zm000083.100mm-shot0000.npy,75.0,-83.1,149,4192.6,0.0355,0.987,0,False
68.5,auto_scan-2026-07-30_11-19-30,y0068.50cm,jul30_axicon3_001_060-tableyp000685.000mm-gantryxp000075.000mm-yp000045.000mm-zm000087.100mm-shot0000.npy,75.0,-87.1,151,4192.6,0.036,1.0,0,False
69.0,auto_scan-2026-07-30_11-19-30,y0069.00cm,jul30_axicon3_001_060-tableyp000690.000mm-gantryxp000075.000mm-yp000040.000mm-zm000083.100mm-shot0000.npy,75.0,-83.1,144,4192.6,0.0343,0.966,0,False
69.0,auto_scan-2026-07-30_11-19-30,y0069.00cm,jul30_axicon3_001_060-tableyp000690.000mm-gantryxp000075.000mm-yp000040.000mm-zm000087.100mm-shot0000.npy,75.0,-87.1,149,4192.6,0.0355,1.0,0,False
69.0,auto_scan-2026-07-30_11-33-11,y0069.00cm,jul30_axicon3_001_060-tableyp000690.000mm-gantryxp000075.000mm-yp000040.000mm-zm000083.100mm-shot0000.npy,75.0,-83.1,147,4322.9,0.034,0.98,0,False
69.0,auto_scan-2026-07-30_11-33-11,y0069.00cm,jul30_axicon3_001_060-tableyp000690.000mm-gantryxp000075.000mm-yp000040.000mm-zm000087.100mm-shot0000.npy,75.0,-87.1,150,4322.9,0.0347,1.0,0,False
69.5,auto_scan-2026-07-30_11-19-30,y0069.50cm,jul30_axicon3_001_060-tableyp000695.000mm-gantryxp000075.000mm-yp000035.000mm-zm000083.100mm-shot0000.npy,75.0,-83.1,138,4192.6,0.0329,0.945,0,False
69.5,auto_scan-2026-07-30_11-19-30,y0069.50cm,jul30_axicon3_001_060-tableyp000695.000mm-gantryxp000075.000mm-yp000035.000mm-zm000087.100mm-shot0000.npy,75.0,-87.1,146,4192.6,0.0348,1.0,0,False
69.5,auto_scan-2026-07-30_11-33-11,y0069.50cm,jul30_axicon3_001_060-tableyp000695.000mm-gantryxp000075.000mm-yp000035.000mm-zm000083.100mm-shot0000.npy,75.0,-83.1,148,4322.9,0.0342,1.0,0,False
69.5,auto_scan-2026-07-30_11-33-11,y0069.50cm,jul30_axicon3_001_060-tableyp000695.000mm-gantryxp000075.000mm-yp000035.000mm-zm000087.100mm-shot0000.npy,75.0,-87.1,146,4322.9,0.0338,0.986,0,False
70.0,auto_scan-2026-07-30_10-57-31,y0070.00cm,jul30_axicon3_001_070-tableyp000700.000mm-gantryxp000075.000mm-yp000130.000mm-zm000083.100mm-shot0000.npy,75.0,-83.1,151,4089.2,0.0369,0.981,0,False
70.0,auto_scan-2026-07-30_10-57-31,y0070.00cm,jul30_axicon3_001_070-tableyp000700.000mm-gantryxp000075.000mm-yp000130.000mm-zm000087.100mm-shot0000.npy,75.0,-87.1,144,4089.2,0.0352,0.935,0,False
70.0,auto_scan-2026-07-30_10-57-31,y0070.00cm,jul30_axicon3_001_070-tableyp000700.000mm-gantryxp000080.000mm-yp000130.000mm-zm000083.100mm-shot0000.npy,80.0,-83.1,154,4089.2,0.0377,1.0,0,False
70.0,auto_scan-2026-07-30_10-57-31,y0070.00cm,jul30_axicon3_001_070-tableyp000700.000mm-gantryxp000080.000mm-yp000130.000mm-zm000087.100mm-shot0000.npy,80.0,-87.1,152,4089.2,0.0372,0.987,0,False
70.0,auto_scan-2026-07-30_11-33-11,y0070.00cm,jul30_axicon3_001_060-tableyp000700.000mm-gantryxp000075.000mm-yp000030.000mm-zm000083.100mm-shot0000.npy,75.0,-83.1,152,4322.9,0.0352,0.981,0,False
70.0,auto_scan-2026-07-30_11-33-11,y0070.00cm,jul30_axicon3_001_060-tableyp000700.000mm-gantryxp000075.000mm-yp000030.000mm-zm000087.100mm-shot0000.npy,75.0,-87.1,155,4322.9,0.0359,1.0,0,False
70.0,auto_scan-2026-07-30_11-33-11,y0070.00cm,jul30_axicon3_001_060-tableyp000700.000mm-gantryxp000080.000mm-yp000030.000mm-zm000083.100mm-shot0000.npy,80.0,-83.1,139,4322.9,0.0322,0.897,0,False
70.0,auto_scan-2026-07-30_11-33-11,y0070.00cm,jul30_axicon3_001_060-tableyp000700.000mm-gantryxp000080.000mm-yp000030.000mm-zm000087.100mm-shot0000.npy,80.0,-87.1,144,4322.9,0.0333,0.929,0,False
70.5,auto_scan-2026-07-30_10-57-31,y0070.50cm,jul30_axicon3_001_070-tableyp000705.000mm-gantryxp000075.000mm-yp000125.000mm-zm000083.100mm-shot0000.npy,75.0,-83.1,172,4089.2,0.0421,1.0,0,False
70.5,auto_scan-2026-07-30_10-57-31,y0070.50cm,jul30_axicon3_001_070-tableyp000705.000mm-gantryxp000075.000mm-yp000125.000mm-zm000087.100mm-shot0000.npy,75.0,-87.1,165,4089.2,0.0404,0.959,0,False
70.5,auto_scan-2026-07-30_10-57-31,y0070.50cm,jul30_axicon3_001_070-tableyp000705.000mm-gantryxp000080.000mm-yp000125.000mm-zm000083.100mm-shot0000.npy,80.0,-83.1,158,4089.2,0.0386,0.919,0,False
70.5,auto_scan-2026-07-30_10-57-31,y0070.50cm,jul30_axicon3_001_070-tableyp000705.000mm-gantryxp000080.000mm-yp000125.000mm-zm000087.100mm-shot0000.npy,80.0,-87.1,167,4089.2,0.0408,0.971,0,False
70.5,auto_scan-2026-07-30_11-33-11,y0070.50cm,jul30_axicon3_001_060-tableyp000705.000mm-gantryxp000075.000mm-yp000025.000mm-zm000083.100mm-shot0000.npy,75.0,-83.1,165,4322.9,0.0382,0.943,0,False
70.5,auto_scan-2026-07-30_11-33-11,y0070.50cm,jul30_axicon3_001_060-tableyp000705.000mm-gantryxp000075.000mm-yp000025.000mm-zm000087.100mm-shot0000.npy,75.0,-87.1,160,4322.9,0.037,0.914,0,False
70.5,auto_scan-2026-07-30_11-33-11,y0070.50cm,jul30_axicon3_001_060-tableyp000705.000mm-gantryxp000080.000mm-yp000025.000mm-zm000083.100mm-shot0000.npy,80.0,-83.1,151,4322.9,0.0349,0.863,0,False
70.5,auto_scan-2026-07-30_11-33-11,y0070.50cm,jul30_axicon3_001_060-tableyp000705.000mm-gantryxp000080.000mm-yp000025.000mm-zm000087.100mm-shot0000.npy,80.0,-87.1,175,4322.9,0.0405,1.0,0,False
71.0,auto_scan-2026-07-30_10-57-31,y0071.00cm,jul30_axicon3_001_070-tableyp000710.000mm-gantryxp000075.000mm-yp000120.000mm-zm000083.100mm-shot0000.npy,75.0,-83.1,154,4089.2,0.0377,0.951,0,False
71.0,auto_scan-2026-07-30_10-57-31,y0071.00cm,jul30_axicon3_001_070-tableyp000710.000mm-gantryxp000075.000mm-yp000120.000mm-zm000087.100mm-shot0000.npy,75.0,-87.1,161,4089.2,0.0394,0.994,0,False
71.0,auto_scan-2026-07-30_10-57-31,y0071.00cm,jul30_axicon3_001_070-tableyp000710.000mm-gantryxp000080.000mm-yp000120.000mm-zm000083.100mm-shot0000.npy,80.0,-83.1,162,4089.2,0.0396,1.0,0,False
71.0,auto_scan-2026-07-30_10-57-31,y0071.00cm,jul30_axicon3_001_070-tableyp000710.000mm-gantryxp000080.000mm-yp000120.000mm-zm000087.100mm-shot0000.npy,80.0,-87.1,153,4089.2,0.0374,0.944,0,False
71.0,auto_scan-2026-07-30_11-33-11,y0071.00cm,jul30_axicon3_001_060-tableyp000710.000mm-gantryxp000075.000mm-yp000020.000mm-zm000083.100mm-shot0000.npy,75.0,-83.1,153,4322.9,0.0354,0.939,0,False
71.0,auto_scan-2026-07-30_11-33-11,y0071.00cm,jul30_axicon3_001_060-tableyp000710.000mm-gantryxp000075.000mm-yp000020.000mm-zm000087.100mm-shot0000.npy,75.0,-87.1,151,4322.9,0.0349,0.926,0,False
71.0,auto_scan-2026-07-30_11-33-11,y0071.00cm,jul30_axicon3_001_060-tableyp000710.000mm-gantryxp000080.000mm-yp000020.000mm-zm000083.100mm-shot0000.npy,80.0,-83.1,163,4322.9,0.0377,1.0,0,False
71.0,auto_scan-2026-07-30_11-33-11,y0071.00cm,jul30_axicon3_001_060-tableyp000710.000mm-gantryxp000080.000mm-yp000020.000mm-zm000087.100mm-shot0000.npy,80.0,-87.1,155,4322.9,0.0359,0.951,0,False
71.5,auto_scan-2026-07-30_10-57-31,y0071.50cm,jul30_axicon3_001_070-tableyp000715.000mm-gantryxp000075.000mm-yp000115.000mm-zm000083.100mm-shot0000.npy,75.0,-83.1,162,4089.2,0.0396,0.942,0,False
71.5,auto_scan-2026-07-30_10-57-31,y0071.50cm,jul30_axicon3_001_070-tableyp000715.000mm-gantryxp000075.000mm-yp000115.000mm-zm000087.100mm-shot0000.npy,75.0,-87.1,156,4089.2,0.0381,0.907,0,False
71.5,auto_scan-2026-07-30_10-57-31,y0071.50cm,jul30_axicon3_001_070-tableyp000715.000mm-gantryxp000080.000mm-yp000115.000mm-zm000083.100mm-shot0000.npy,80.0,-83.1,172,4089.2,0.0421,1.0,0,False
71.5,auto_scan-2026-07-30_10-57-31,y0071.50cm,jul30_axicon3_001_070-tableyp000715.000mm-gantryxp000080.000mm-yp000115.000mm-zm000087.100mm-shot0000.npy,80.0,-87.1,151,4089.2,0.0369,0.878,0,False
71.5,auto_scan-2026-07-30_11-33-11,y0071.50cm,jul30_axicon3_001_060-tableyp000715.000mm-gantryxp000075.000mm-yp000015.000mm-zm000083.100mm-shot0000.npy,75.0,-83.1,177,4322.9,0.0409,0.994,0,False
71.5,auto_scan-2026-07-30_11-33-11,y0071.50cm,jul30_axicon3_001_060-tableyp000715.000mm-gantryxp000075.000mm-yp000015.000mm-zm000087.100mm-shot0000.npy,75.0,-87.1,178,4322.9,0.0412,1.0,0,False
71.5,auto_scan-2026-07-30_11-33-11,y0071.50cm,jul30_axicon3_001_060-tableyp000715.000mm-gantryxp000080.000mm-yp000015.000mm-zm000083.100mm-shot0000.npy,80.0,-83.1,168,4322.9,0.0389,0.944,0,False
71.5,auto_scan-2026-07-30_11-33-11,y0071.50cm,jul30_axicon3_001_060-tableyp000715.000mm-gantryxp000080.000mm-yp000015.000mm-zm000087.100mm-shot0000.npy,80.0,-87.1,164,4322.9,0.0379,0.921,0,False
72.0,auto_scan-2026-07-30_10-57-31,y0072.00cm,jul30_axicon3_001_070-tableyp000720.000mm-gantryxp000075.000mm-yp000110.000mm-zm000083.100mm-shot0000.npy,75.0,-83.1,162,4089.2,0.0396,0.915,0,False
72.0,auto_scan-2026-07-30_10-57-31,y0072.00cm,jul30_axicon3_001_070-tableyp000720.000mm-gantryxp000075.000mm-yp000110.000mm-zm000087.100mm-shot0000.npy,75.0,-87.1,177,4089.2,0.0433,1.0,0,False
72.0,auto_scan-2026-07-30_10-57-31,y0072.00cm,jul30_axicon3_001_070-tableyp000720.000mm-gantryxp000080.000mm-yp000110.000mm-zm000083.100mm-shot0000.npy,80.0,-83.1,170,4089.2,0.0416,0.96,0,False
72.0,auto_scan-2026-07-30_10-57-31,y0072.00cm,jul30_axicon3_001_070-tableyp000720.000mm-gantryxp000080.000mm-yp000110.000mm-zm000087.100mm-shot0000.npy,80.0,-87.1,170,4089.2,0.0416,0.96,0,False
72.0,auto_scan-2026-07-30_11-33-11,y0072.00cm,jul30_axicon3_001_060-tableyp000720.000mm-gantryxp000075.000mm-yp000010.000mm-zm000083.100mm-shot0000.npy,75.0,-83.1,152,3593.7,0.0423,1.0,0,False
72.0,auto_scan-2026-07-30_11-33-11,y0072.00cm,jul30_axicon3_001_060-tableyp000720.000mm-gantryxp000075.000mm-yp000010.000mm-zm000087.100mm-shot0000.npy,75.0,-87.1,141,3593.7,0.0392,0.928,0,False
72.0,auto_scan-2026-07-30_11-33-11,y0072.00cm,jul30_axicon3_001_060-tableyp000720.000mm-gantryxp000080.000mm-yp000010.000mm-zm000083.100mm-shot0000.npy,80.0,-83.1,134,3593.7,0.0373,0.882,0,False
72.0,auto_scan-2026-07-30_11-33-11,y0072.00cm,jul30_axicon3_001_060-tableyp000720.000mm-gantryxp000080.000mm-yp000010.000mm-zm000087.100mm-shot0000.npy,80.0,-87.1,149,3593.7,0.0415,0.98,0,False
72.5,auto_scan-2026-07-30_10-57-31,y0072.50cm,jul30_axicon3_001_070-tableyp000725.000mm-gantryxp000075.000mm-yp000105.000mm-zm000083.100mm-shot0000.npy,75.0,-83.1,164,4089.2,0.0401,0.953,0,False
72.5,auto_scan-2026-07-30_10-57-31,y0072.50cm,jul30_axicon3_001_070-tableyp000725.000mm-gantryxp000075.000mm-yp000105.000mm-zm000087.100mm-shot0000.npy,75.0,-87.1,169,4089.2,0.0413,0.983,0,False
72.5,auto_scan-2026-07-30_10-57-31,y0072.50cm,jul30_axicon3_001_070-tableyp000725.000mm-gantryxp000080.000mm-yp000105.000mm-zm000083.100mm-shot0000.npy,80.0,-83.1,172,4089.2,0.0421,1.0,0,False
72.5,auto_scan-2026-07-30_10-57-31,y0072.50cm,jul30_axicon3_001_070-tableyp000725.000mm-gantryxp000080.000mm-yp000105.000mm-zm000087.100mm-shot0000.npy,80.0,-87.1,167,4089.2,0.0408,0.971,0,False
73.0,auto_scan-2026-07-30_10-57-31,y0073.00cm,jul30_axicon3_001_070-tableyp000730.000mm-gantryxp000075.000mm-yp000100.000mm-zm000083.100mm-shot0000.npy,75.0,-83.1,132,3555.7,0.0371,0.846,0,False
73.0,auto_scan-2026-07-30_10-57-31,y0073.00cm,jul30_axicon3_001_070-tableyp000730.000mm-gantryxp000075.000mm-yp000100.000mm-zm000087.100mm-shot0000.npy,75.0,-87.1,139,3555.7,0.0391,0.891,0,False
73.0,auto_scan-2026-07-30_10-57-31,y0073.00cm,jul30_axicon3_001_070-tableyp000730.000mm-gantryxp000080.000mm-yp000100.000mm-zm000083.100mm-shot0000.npy,80.0,-83.1,138,3555.7,0.0388,0.885,0,False
73.0,auto_scan-2026-07-30_10-57-31,y0073.00cm,jul30_axicon3_001_070-tableyp000730.000mm-gantryxp000080.000mm-yp000100.000mm-zm000087.100mm-shot0000.npy,80.0,-87.1,156,3555.7,0.0439,1.0,0,False
73.5,auto_scan-2026-07-30_10-57-31,y0073.50cm,jul30_axicon3_001_070-tableyp000735.000mm-gantryxp000075.000mm-yp000095.000mm-zm000083.100mm-shot0000.npy,75.0,-83.1,117,3555.7,0.0329,0.727,0,False
73.5,auto_scan-2026-07-30_10-57-31,y0073.50cm,jul30_axicon3_001_070-tableyp000735.000mm-gantryxp000075.000mm-yp000095.000mm-zm000087.100mm-shot0000.npy,75.0,-87.1,141,3555.7,0.0397,0.876,0,False
73.5,auto_scan-2026-07-30_10-57-31,y0073.50cm,jul30_axicon3_001_070-tableyp000735.000mm-gantryxp000080.000mm-yp000095.000mm-zm000083.100mm-shot0000.npy,80.0,-83.1,157,3555.7,0.0442,0.975,0,False
73.5,auto_scan-2026-07-30_10-57-31,y0073.50cm,jul30_axicon3_001_070-tableyp000735.000mm-gantryxp000080.000mm-yp000095.000mm-zm000087.100mm-shot0000.npy,80.0,-87.1,161,3555.7,0.0453,1.0,0,False
74.0,auto_scan-2026-07-30_10-57-31,y0074.00cm,jul30_axicon3_001_070-tableyp000740.000mm-gantryxp000080.000mm-yp000090.000mm-zm000083.100mm-shot0000.npy,80.0,-83.1,161,3555.7,0.0453,0.92,0,False
74.0,auto_scan-2026-07-30_10-57-31,y0074.00cm,jul30_axicon3_001_070-tableyp000740.000mm-gantryxp000080.000mm-yp000090.000mm-zm000087.100mm-shot0000.npy,80.0,-87.1,175,3555.7,0.0492,1.0,0,False
74.5,auto_scan-2026-07-30_10-57-31,y0074.50cm,jul30_axicon3_001_070-tableyp000745.000mm-gantryxp000080.000mm-yp000085.000mm-zm000083.100mm-shot0000.npy,80.0,-83.1,167,3555.7,0.047,0.994,0,False
74.5,auto_scan-2026-07-30_10-57-31,y0074.50cm,jul30_axicon3_001_070-tableyp000745.000mm-gantryxp000080.000mm-yp000085.000mm-zm000087.100mm-shot0000.npy,80.0,-87.1,168,3555.7,0.0472,1.0,0,False
75.0,auto_scan-2026-07-30_10-57-31,y0075.00cm,jul30_axicon3_001_070-tableyp000750.000mm-gantryxp000080.000mm-yp000080.000mm-zm000083.100mm-shot0000.npy,80.0,-83.1,151,3056.7,0.0494,1.0,0,False
75.0,auto_scan-2026-07-30_10-57-31,y0075.00cm,jul30_axicon3_001_070-tableyp000750.000mm-gantryxp000080.000mm-yp000080.000mm-zm000087.100mm-shot0000.npy,80.0,-87.1,149,3056.7,0.0487,0.987,0,False
75.5,auto_scan-2026-07-30_10-57-31,y0075.50cm,jul30_axicon3_001_070-tableyp000755.000mm-gantryxp000080.000mm-yp000075.000mm-zm000083.100mm-shot0000.npy,80.0,-83.1,172,3056.7,0.0563,1.0,0,False
75.5,auto_scan-2026-07-30_10-57-31,y0075.50cm,jul30_axicon3_001_070-tableyp000755.000mm-gantryxp000080.000mm-yp000075.000mm-zm000087.100mm-shot0000.npy,80.0,-87.1,163,3056.7,0.0533,0.948,0,False
76.0,auto_scan-2026-07-30_10-57-31,y0076.00cm,jul30_axicon3_001_070-tableyp000760.000mm-gantryxp000080.000mm-yp000070.000mm-zm000083.100mm-shot0000.npy,80.0,-83.1,152,3056.7,0.0497,0.968,0,False
76.0,auto_scan-2026-07-30_10-57-31,y0076.00cm,jul30_axicon3_001_070-tableyp000760.000mm-gantryxp000080.000mm-yp000070.000mm-zm000087.100mm-shot0000.npy,80.0,-87.1,157,3056.7,0.0514,1.0,0,False
76.5,auto_scan-2026-07-30_10-57-31,y0076.50cm,jul30_axicon3_001_070-tableyp000765.000mm-gantryxp000080.000mm-yp000065.000mm-zm000083.100mm-shot0000.npy,80.0,-83.1,164,3056.7,0.0537,1.0,0,False
76.5,auto_scan-2026-07-30_10-57-31,y0076.50cm,jul30_axicon3_001_070-tableyp000765.000mm-gantryxp000080.000mm-yp000065.000mm-zm000087.100mm-shot0000.npy,80.0,-87.1,154,3056.7,0.0504,0.939,0,False
77.0,auto_scan-2026-07-30_10-57-31,y0077.00cm,jul30_axicon3_001_070-tableyp000770.000mm-gantryxp000080.000mm-yp000060.000mm-zm000083.100mm-shot0000.npy,80.0,-83.1,131,2245.0,0.0584,0.923,0,False
77.0,auto_scan-2026-07-30_10-57-31,y0077.00cm,jul30_axicon3_001_070-tableyp000770.000mm-gantryxp000080.000mm-yp000060.000mm-zm000087.100mm-shot0000.npy,80.0,-87.1,142,2245.0,0.0633,1.0,0,False
77.5,auto_scan-2026-07-30_10-57-31,y0077.50cm,jul30_axicon3_001_070-tableyp000775.000mm-gantryxp000080.000mm-yp000055.000mm-zm000083.100mm-shot0000.npy,80.0,-83.1,142,2245.0,0.0633,0.959,0,False
77.5,auto_scan-2026-07-30_10-57-31,y0077.50cm,jul30_axicon3_001_070-tableyp000775.000mm-gantryxp000080.000mm-yp000055.000mm-zm000087.100mm-shot0000.npy,80.0,-87.1,148,2245.0,0.0659,1.0,0,False
78.0,auto_scan-2026-07-30_10-57-31,y0078.00cm,jul30_axicon3_001_070-tableyp000780.000mm-gantryxp000080.000mm-yp000050.000mm-zm000083.100mm-shot0000.npy,80.0,-83.1,137,2245.0,0.061,0.979,0,False
78.0,auto_scan-2026-07-30_10-57-31,y0078.00cm,jul30_axicon3_001_070-tableyp000780.000mm-gantryxp000080.000mm-yp000050.000mm-zm000087.100mm-shot0000.npy,80.0,-87.1,140,2245.0,0.0624,1.0,0,False
78.5,auto_scan-2026-07-30_10-57-31,y0078.50cm,jul30_axicon3_001_070-tableyp000785.000mm-gantryxp000080.000mm-yp000045.000mm-zm000083.100mm-shot0000.npy,80.0,-83.1,129,2245.0,0.0575,0.97,0,False
78.5,auto_scan-2026-07-30_10-57-31,y0078.50cm,jul30_axicon3_001_070-tableyp000785.000mm-gantryxp000080.000mm-yp000045.000mm-zm000087.100mm-shot0000.npy,80.0,-87.1,133,2245.0,0.0592,1.0,0,False
79.0,auto_scan-2026-07-30_10-57-31,y0079.00cm,jul30_axicon3_001_070-tableyp000790.000mm-gantryxp000080.000mm-yp000040.000mm-zm000083.100mm-shot0000.npy,80.0,-83.1,138,2245.0,0.0615,0.952,0,False
79.0,auto_scan-2026-07-30_10-57-31,y0079.00cm,jul30_axicon3_001_070-tableyp000790.000mm-gantryxp000080.000mm-yp000040.000mm-zm000087.100mm-shot0000.npy,80.0,-87.1,145,2245.0,0.0646,1.0,0,False
79.5,auto_scan-2026-07-30_10-57-31,y0079.50cm,jul30_axicon3_001_070-tableyp000795.000mm-gantryxp000080.000mm-yp000035.000mm-zm000083.100mm-shot0000.npy,80.0,-83.1,143,2245.0,0.0637,0.953,0,False
79.5,auto_scan-2026-07-30_10-57-31,y0079.50cm,jul30_axicon3_001_070-tableyp000795.000mm-gantryxp000080.000mm-yp000035.000mm-zm000087.100mm-shot0000.npy,80.0,-87.1,150,2245.0,0.0668,1.0,0,False
80.0,auto_scan-2026-07-30_10-28-52,y0080.00cm,jul30_axicon3_001_080-tableyp000800.000mm-gantryxp000075.000mm-yp000130.000mm-zm000080.100mm-shot0000.npy,75.0,-80.1,182,242080.0,0.0008,0.714,0,False
80.0,auto_scan-2026-07-30_10-28-52,y0080.00cm,jul30_axicon3_001_080-tableyp000800.000mm-gantryxp000075.000mm-yp000130.000mm-zm000084.100mm-shot0000.npy,75.0,-84.1,255,242080.0,0.0011,1.0,11,False
80.0,auto_scan-2026-07-30_10-28-52,y0080.00cm,jul30_axicon3_001_080-tableyp000800.000mm-gantryxp000075.000mm-yp000130.000mm-zm000088.100mm-shot0000.npy,75.0,-88.1,251,242080.0,0.001,0.984,0,False
80.0,auto_scan-2026-07-30_10-28-52,y0080.00cm,jul30_axicon3_001_080-tableyp000800.000mm-gantryxp000075.000mm-yp000130.000mm-zm000092.100mm-shot0000.npy,75.0,-92.1,154,242080.0,0.0006,0.604,0,False
80.0,auto_scan-2026-07-30_10-28-52,y0080.00cm,jul30_axicon3_001_080-tableyp000800.000mm-gantryxp000080.000mm-yp000130.000mm-zm000080.100mm-shot0000.npy,80.0,-80.1,252,242080.0,0.001,0.988,0,False
80.0,auto_scan-2026-07-30_10-28-52,y0080.00cm,jul30_axicon3_001_080-tableyp000800.000mm-gantryxp000080.000mm-yp000130.000mm-zm000084.100mm-shot0000.npy,80.0,-84.1,255,242080.0,0.0011,1.0,379616,False
80.0,auto_scan-2026-07-30_10-28-52,y0080.00cm,jul30_axicon3_001_080-tableyp000800.000mm-gantryxp000080.000mm-yp000130.000mm-zm000088.100mm-shot0000.npy,80.0,-88.1,255,242080.0,0.0011,1.0,175406,False
80.0,auto_scan-2026-07-30_10-28-52,y0080.00cm,jul30_axicon3_001_080-tableyp000800.000mm-gantryxp000080.000mm-yp000130.000mm-zm000092.100mm-shot0000.npy,80.0,-92.1,198,242080.0,0.0008,0.776,0,False
80.0,auto_scan-2026-07-30_10-28-52,y0080.00cm,jul30_axicon3_001_080-tableyp000800.000mm-gantryxp000085.000mm-yp000130.000mm-zm000080.100mm-shot0000.npy,85.0,-80.1,252,242080.0,0.001,0.988,0,False
80.0,auto_scan-2026-07-30_10-28-52,y0080.00cm,jul30_axicon3_001_080-tableyp000800.000mm-gantryxp000085.000mm-yp000130.000mm-zm000084.100mm-shot0000.npy,85.0,-84.1,255,242080.0,0.0011,1.0,210563,False
80.0,auto_scan-2026-07-30_10-28-52,y0080.00cm,jul30_axicon3_001_080-tableyp000800.000mm-gantryxp000085.000mm-yp000130.000mm-zm000088.100mm-shot0000.npy,85.0,-88.1,255,242080.0,0.0011,1.0,98256,False
80.0,auto_scan-2026-07-30_10-28-52,y0080.00cm,jul30_axicon3_001_080-tableyp000800.000mm-gantryxp000085.000mm-yp000130.000mm-zm000092.100mm-shot0000.npy,85.0,-92.1,194,242080.0,0.0008,0.761,0,False
80.0,auto_scan-2026-07-30_10-28-52,y0080.00cm,jul30_axicon3_001_080-tableyp000800.000mm-gantryxp000090.000mm-yp000130.000mm-zm000084.100mm-shot0000.npy,90.0,-84.1,180,242080.0,0.0007,0.706,0,False
80.0,auto_scan-2026-07-30_10-28-52,y0080.00cm,jul30_axicon3_001_080-tableyp000800.000mm-gantryxp000090.000mm-yp000130.000mm-zm000088.100mm-shot0000.npy,90.0,-88.1,182,242080.0,0.0008,0.714,0,False
80.0,auto_scan-2026-07-30_10-57-31,y0080.00cm,jul30_axicon3_001_070-tableyp000800.000mm-gantryxp000080.000mm-yp000030.000mm-zm000083.100mm-shot0000.npy,80.0,-83.1,144,2245.0,0.0641,0.906,0,False
80.0,auto_scan-2026-07-30_10-57-31,y0080.00cm,jul30_axicon3_001_070-tableyp000800.000mm-gantryxp000080.000mm-yp000030.000mm-zm000087.100mm-shot0000.npy,80.0,-87.1,159,2245.0,0.0708,1.0,0,False
80.5,auto_scan-2026-07-30_10-28-52,y0080.50cm,jul30_axicon3_001_080-tableyp000805.000mm-gantryxp000080.000mm-yp000125.000mm-zm000084.100mm-shot0000.npy,80.0,-84.1,255,7565.0,0.0337,1.0,353,False
80.5,auto_scan-2026-07-30_10-28-52,y0080.50cm,jul30_axicon3_001_080-tableyp000805.000mm-gantryxp000080.000mm-yp000125.000mm-zm000088.100mm-shot0000.npy,80.0,-88.1,130,7565.0,0.0172,0.51,0,False
80.5,auto_scan-2026-07-30_10-28-52,y0080.50cm,jul30_axicon3_001_080-tableyp000805.000mm-gantryxp000085.000mm-yp000125.000mm-zm000084.100mm-shot0000.npy,85.0,-84.1,255,7565.0,0.0337,1.0,371,False
80.5,auto_scan-2026-07-30_10-28-52,y0080.50cm,jul30_axicon3_001_080-tableyp000805.000mm-gantryxp000085.000mm-yp000125.000mm-zm000088.100mm-shot0000.npy,85.0,-88.1,185,7565.0,0.0245,0.725,0,False
80.5,auto_scan-2026-07-30_10-57-31,y0080.50cm,jul30_axicon3_001_070-tableyp000805.000mm-gantryxp000080.000mm-yp000025.000mm-zm000083.100mm-shot0000.npy,80.0,-83.1,154,2245.0,0.0686,1.0,0,False
80.5,auto_scan-2026-07-30_10-57-31,y0080.50cm,jul30_axicon3_001_070-tableyp000805.000mm-gantryxp000080.000mm-yp000025.000mm-zm000087.100mm-shot0000.npy,80.0,-87.1,152,2245.0,0.0677,0.987,0,False
81.0,auto_scan-2026-07-30_10-28-52,y0081.00cm,jul30_axicon3_001_080-tableyp000810.000mm-gantryxp000080.000mm-yp000120.000mm-zm000084.100mm-shot0000.npy,80.0,-84.1,130,1891.2,0.0687,1.0,0,False
81.0,auto_scan-2026-07-30_10-28-52,y0081.00cm,jul30_axicon3_001_080-tableyp000810.000mm-gantryxp000085.000mm-yp000120.000mm-zm000084.100mm-shot0000.npy,85.0,-84.1,122,1891.2,0.0645,0.938,0,False
81.0,auto_scan-2026-07-30_10-57-31,y0081.00cm,jul30_axicon3_001_070-tableyp000810.000mm-gantryxp000080.000mm-yp000020.000mm-zm000083.100mm-shot0000.npy,80.0,-83.1,157,2245.0,0.0699,0.946,0,False
81.0,auto_scan-2026-07-30_10-57-31,y0081.00cm,jul30_axicon3_001_070-tableyp000810.000mm-gantryxp000080.000mm-yp000020.000mm-zm000087.100mm-shot0000.npy,80.0,-87.1,166,2245.0,0.0739,1.0,0,False
81.5,auto_scan-2026-07-30_10-28-52,y0081.50cm,jul30_axicon3_001_080-tableyp000815.000mm-gantryxp000080.000mm-yp000115.000mm-zm000084.100mm-shot0000.npy,80.0,-84.1,145,1891.2,0.0767,1.0,0,False
81.5,auto_scan-2026-07-30_10-28-52,y0081.50cm,jul30_axicon3_001_080-tableyp000815.000mm-gantryxp000085.000mm-yp000115.000mm-zm000084.100mm-shot0000.npy,85.0,-84.1,140,1891.2,0.074,0.966,0,False
81.5,auto_scan-2026-07-30_10-57-31,y0081.50cm,jul30_axicon3_001_070-tableyp000815.000mm-gantryxp000080.000mm-yp000015.000mm-zm000083.100mm-shot0000.npy,80.0,-83.1,155,1908.3,0.0812,1.0,0,False
81.5,auto_scan-2026-07-30_10-57-31,y0081.50cm,jul30_axicon3_001_070-tableyp000815.000mm-gantryxp000080.000mm-yp000015.000mm-zm000087.100mm-shot0000.npy,80.0,-87.1,154,1908.3,0.0807,0.994,0,False
82.0,auto_scan-2026-07-30_10-28-52,y0082.00cm,jul30_axicon3_001_080-tableyp000820.000mm-gantryxp000080.000mm-yp000110.000mm-zm000084.100mm-shot0000.npy,80.0,-84.1,143,1891.2,0.0756,0.953,0,False
82.0,auto_scan-2026-07-30_10-28-52,y0082.00cm,jul30_axicon3_001_080-tableyp000820.000mm-gantryxp000085.000mm-yp000110.000mm-zm000084.100mm-shot0000.npy,85.0,-84.1,150,1891.2,0.0793,1.0,0,False
82.0,auto_scan-2026-07-30_10-57-31,y0082.00cm,jul30_axicon3_001_070-tableyp000820.000mm-gantryxp000080.000mm-yp000010.000mm-zm000083.100mm-shot0000.npy,80.0,-83.1,154,1908.3,0.0807,0.975,0,False
82.0,auto_scan-2026-07-30_10-57-31,y0082.00cm,jul30_axicon3_001_070-tableyp000820.000mm-gantryxp000080.000mm-yp000010.000mm-zm000087.100mm-shot0000.npy,80.0,-87.1,158,1908.3,0.0828,1.0,0,False
82.5,auto_scan-2026-07-30_10-28-52,y0082.50cm,jul30_axicon3_001_080-tableyp000825.000mm-gantryxp000080.000mm-yp000105.000mm-zm000084.100mm-shot0000.npy,80.0,-84.1,156,1891.2,0.0825,1.0,0,False
82.5,auto_scan-2026-07-30_10-28-52,y0082.50cm,jul30_axicon3_001_080-tableyp000825.000mm-gantryxp000085.000mm-yp000105.000mm-zm000084.100mm-shot0000.npy,85.0,-84.1,151,1891.2,0.0798,0.968,0,False
83.0,auto_scan-2026-07-30_10-28-52,y0083.00cm,jul30_axicon3_001_080-tableyp000830.000mm-gantryxp000080.000mm-yp000100.000mm-zm000084.100mm-shot0000.npy,80.0,-84.1,145,1891.2,0.0767,0.954,0,False
83.0,auto_scan-2026-07-30_10-28-52,y0083.00cm,jul30_axicon3_001_080-tableyp000830.000mm-gantryxp000085.000mm-yp000100.000mm-zm000084.100mm-shot0000.npy,85.0,-84.1,152,1891.2,0.0804,1.0,0,False
83.0,auto_scan-2026-07-30_10-28-52,y0083.00cm,jul30_axicon3_001_080-tableyp000830.000mm-gantryxp000085.000mm-yp000100.000mm-zm000088.100mm-shot0000.npy,85.0,-88.1,81,1891.2,0.0428,0.533,0,False
83.5,auto_scan-2026-07-30_10-28-52,y0083.50cm,jul30_axicon3_001_080-tableyp000835.000mm-gantryxp000080.000mm-yp000095.000mm-zm000084.100mm-shot0000.npy,80.0,-84.1,161,1891.2,0.0851,1.0,0,False
83.5,auto_scan-2026-07-30_10-28-52,y0083.50cm,jul30_axicon3_001_080-tableyp000835.000mm-gantryxp000085.000mm-yp000095.000mm-zm000084.100mm-shot0000.npy,85.0,-84.1,160,1891.2,0.0846,0.994,0,False
84.0,auto_scan-2026-07-30_10-28-52,y0084.00cm,jul30_axicon3_001_080-tableyp000840.000mm-gantryxp000080.000mm-yp000090.000mm-zm000084.100mm-shot0000.npy,80.0,-84.1,156,1891.2,0.0825,0.897,0,False
84.0,auto_scan-2026-07-30_10-28-52,y0084.00cm,jul30_axicon3_001_080-tableyp000840.000mm-gantryxp000085.000mm-yp000090.000mm-zm000084.100mm-shot0000.npy,85.0,-84.1,174,1891.2,0.092,1.0,0,False
84.5,auto_scan-2026-07-30_10-28-52,y0084.50cm,jul30_axicon3_001_080-tableyp000845.000mm-gantryxp000080.000mm-yp000085.000mm-zm000084.100mm-shot0000.npy,80.0,-84.1,143,1589.7,0.09,0.929,0,False
84.5,auto_scan-2026-07-30_10-28-52,y0084.50cm,jul30_axicon3_001_080-tableyp000845.000mm-gantryxp000085.000mm-yp000085.000mm-zm000084.100mm-shot0000.npy,85.0,-84.1,154,1589.7,0.0969,1.0,0,False
85.0,auto_scan-2026-07-30_10-28-52,y0085.00cm,jul30_axicon3_001_080-tableyp000850.000mm-gantryxp000085.000mm-yp000080.000mm-zm000084.100mm-shot0000.npy,85.0,-84.1,151,1589.7,0.095,1.0,0,False
85.5,auto_scan-2026-07-30_10-28-52,y0085.50cm,jul30_axicon3_001_080-tableyp000855.000mm-gantryxp000085.000mm-yp000075.000mm-zm000084.100mm-shot0000.npy,85.0,-84.1,150,1589.7,0.0944,1.0,0,False
86.0,auto_scan-2026-07-30_10-28-52,y0086.00cm,jul30_axicon3_001_080-tableyp000860.000mm-gantryxp000085.000mm-yp000070.000mm-zm000084.100mm-shot0000.npy,85.0,-84.1,153,1589.7,0.0962,1.0,0,False
86.5,auto_scan-2026-07-30_10-28-52,y0086.50cm,jul30_axicon3_001_080-tableyp000865.000mm-gantryxp000085.000mm-yp000065.000mm-zm000084.100mm-shot0000.npy,85.0,-84.1,163,1589.7,0.1025,1.0,0,False
87.0,auto_scan-2026-07-30_10-28-52,y0087.00cm,jul30_axicon3_001_080-tableyp000870.000mm-gantryxp000085.000mm-yp000060.000mm-zm000084.100mm-shot0000.npy,85.0,-84.1,171,1589.7,0.1076,1.0,0,False
87.5,auto_scan-2026-07-30_10-28-52,y0087.50cm,jul30_axicon3_001_080-tableyp000875.000mm-gantryxp000085.000mm-yp000055.000mm-zm000084.100mm-shot0000.npy,85.0,-84.1,162,1589.7,0.1019,1.0,0,False
88.0,auto_scan-2026-07-30_10-28-52,y0088.00cm,jul30_axicon3_001_080-tableyp000880.000mm-gantryxp000085.000mm-yp000050.000mm-zm000084.100mm-shot0000.npy,85.0,-84.1,158,1589.7,0.0994,1.0,0,False
88.5,auto_scan-2026-07-30_10-28-52,y0088.50cm,jul30_axicon3_001_080-tableyp000885.000mm-gantryxp000085.000mm-yp000045.000mm-zm000084.100mm-shot0000.npy,85.0,-84.1,168,1589.7,0.1057,1.0,0,False
89.0,auto_scan-2026-07-30_10-28-52,y0089.00cm,jul30_axicon3_001_080-tableyp000890.000mm-gantryxp000085.000mm-yp000040.000mm-zm000084.100mm-shot0000.npy,85.0,-84.1,153,1279.4,0.1196,1.0,0,False
89.5,auto_scan-2026-07-30_10-28-52,y0089.50cm,jul30_axicon3_001_080-tableyp000895.000mm-gantryxp000085.000mm-yp000035.000mm-zm000084.100mm-shot0000.npy,85.0,-84.1,162,1279.4,0.1266,1.0,0,False
90.0,auto_scan-2026-07-30_10-28-52,y0090.00cm,jul30_axicon3_001_080-tableyp000900.000mm-gantryxp000085.000mm-yp000030.000mm-zm000084.100mm-shot0000.npy,85.0,-84.1,162,1279.4,0.1266,1.0,0,False
90.5,auto_scan-2026-07-29_12-37-22,y0090.50cm,jul29_axicon3_001-tableyp000905.000mm-gantryxp000076.000mm-yp000125.000mm-zm000083.100mm-shot0000.npy,76.0,-83.1,161,1420.7,0.1133,0.976,0,False
90.5,auto_scan-2026-07-29_12-37-22,y0090.50cm,jul29_axicon3_001-tableyp000905.000mm-gantryxp000076.000mm-yp000125.000mm-zm000087.100mm-shot0000.npy,76.0,-87.1,152,1420.7,0.107,0.921,0,False
90.5,auto_scan-2026-07-29_12-37-22,y0090.50cm,jul29_axicon3_001-tableyp000905.000mm-gantryxp000081.000mm-yp000125.000mm-zm000083.100mm-shot0000.npy,81.0,-83.1,163,1420.7,0.1147,0.988,0,False
90.5,auto_scan-2026-07-29_12-37-22,y0090.50cm,jul29_axicon3_001-tableyp000905.000mm-gantryxp000081.000mm-yp000125.000mm-zm000087.100mm-shot0000.npy,81.0,-87.1,165,1420.7,0.1161,1.0,0,False
90.5,auto_scan-2026-07-30_10-28-52,y0090.50cm,jul30_axicon3_001_080-tableyp000905.000mm-gantryxp000085.000mm-yp000025.000mm-zm000084.100mm-shot0000.npy,85.0,-84.1,152,1279.4,0.1188,1.0,0,False
91.0,auto_scan-2026-07-29_12-37-22,y0091.00cm,jul29_axicon3_001-tableyp000910.000mm-gantryxp000076.000mm-yp000120.000mm-zm000083.100mm-shot0000.npy,76.0,-83.1,165,1420.7,0.1161,0.965,0,False
91.0,auto_scan-2026-07-29_12-37-22,y0091.00cm,jul29_axicon3_001-tableyp000910.000mm-gantryxp000076.000mm-yp000120.000mm-zm000087.100mm-shot0000.npy,76.0,-87.1,171,1420.7,0.1204,1.0,0,False
91.0,auto_scan-2026-07-29_12-37-22,y0091.00cm,jul29_axicon3_001-tableyp000910.000mm-gantryxp000081.000mm-yp000120.000mm-zm000083.100mm-shot0000.npy,81.0,-83.1,166,1420.7,0.1168,0.971,0,False
91.0,auto_scan-2026-07-29_12-37-22,y0091.00cm,jul29_axicon3_001-tableyp000910.000mm-gantryxp000081.000mm-yp000120.000mm-zm000087.100mm-shot0000.npy,81.0,-87.1,162,1420.7,0.114,0.947,0,False
91.0,auto_scan-2026-07-30_10-28-52,y0091.00cm,jul30_axicon3_001_080-tableyp000910.000mm-gantryxp000085.000mm-yp000020.000mm-zm000084.100mm-shot0000.npy,85.0,-84.1,152,1279.4,0.1188,1.0,0,False
91.5,auto_scan-2026-07-29_12-37-22,y0091.50cm,jul29_axicon3_001-tableyp000915.000mm-gantryxp000076.000mm-yp000115.000mm-zm000083.100mm-shot0000.npy,76.0,-83.1,170,1420.7,0.1197,0.966,0,False
91.5,auto_scan-2026-07-29_12-37-22,y0091.50cm,jul29_axicon3_001-tableyp000915.000mm-gantryxp000076.000mm-yp000115.000mm-zm000087.100mm-shot0000.npy,76.0,-87.1,176,1420.7,0.1239,1.0,0,False
91.5,auto_scan-2026-07-29_12-37-22,y0091.50cm,jul29_axicon3_001-tableyp000915.000mm-gantryxp000081.000mm-yp000115.000mm-zm000083.100mm-shot0000.npy,81.0,-83.1,163,1420.7,0.1147,0.926,0,False
91.5,auto_scan-2026-07-29_12-37-22,y0091.50cm,jul29_axicon3_001-tableyp000915.000mm-gantryxp000081.000mm-yp000115.000mm-zm000087.100mm-shot0000.npy,81.0,-87.1,176,1420.7,0.1239,1.0,0,False
91.5,auto_scan-2026-07-30_10-28-52,y0091.50cm,jul30_axicon3_001_080-tableyp000915.000mm-gantryxp000085.000mm-yp000015.000mm-zm000084.100mm-shot0000.npy,85.0,-84.1,167,1279.4,0.1305,1.0,0,False
92.0,auto_scan-2026-07-29_12-37-22,y0092.00cm,jul29_axicon3_001-tableyp000920.000mm-gantryxp000076.000mm-yp000110.000mm-zm000083.100mm-shot0000.npy,76.0,-83.1,168,1420.7,0.1183,0.955,0,False
92.0,auto_scan-2026-07-29_12-37-22,y0092.00cm,jul29_axicon3_001-tableyp000920.000mm-gantryxp000076.000mm-yp000110.000mm-zm000087.100mm-shot0000.npy,76.0,-87.1,149,1420.7,0.1049,0.847,0,False
92.0,auto_scan-2026-07-29_12-37-22,y0092.00cm,jul29_axicon3_001-tableyp000920.000mm-gantryxp000081.000mm-yp000110.000mm-zm000083.100mm-shot0000.npy,81.0,-83.1,155,1420.7,0.1091,0.881,0,False
92.0,auto_scan-2026-07-29_12-37-22,y0092.00cm,jul29_axicon3_001-tableyp000920.000mm-gantryxp000081.000mm-yp000110.000mm-zm000087.100mm-shot0000.npy,81.0,-87.1,176,1420.7,0.1239,1.0,0,False
92.0,auto_scan-2026-07-30_10-28-52,y0092.00cm,jul30_axicon3_001_080-tableyp000920.000mm-gantryxp000085.000mm-yp000010.000mm-zm000084.100mm-shot0000.npy,85.0,-84.1,170,1279.4,0.1329,1.0,0,False
92.5,auto_scan-2026-07-29_12-37-22,y0092.50cm,jul29_axicon3_001-tableyp000925.000mm-gantryxp000076.000mm-yp000105.000mm-zm000083.100mm-shot0000.npy,76.0,-83.1,166,1420.7,0.1168,0.949,0,False
92.5,auto_scan-2026-07-29_12-37-22,y0092.50cm,jul29_axicon3_001-tableyp000925.000mm-gantryxp000076.000mm-yp000105.000mm-zm000087.100mm-shot0000.npy,76.0,-87.1,169,1420.7,0.119,0.966,0,False
92.5,auto_scan-2026-07-29_12-37-22,y0092.50cm,jul29_axicon3_001-tableyp000925.000mm-gantryxp000081.000mm-yp000105.000mm-zm000083.100mm-shot0000.npy,81.0,-83.1,175,1420.7,0.1232,1.0,0,False
92.5,auto_scan-2026-07-29_12-37-22,y0092.50cm,jul29_axicon3_001-tableyp000925.000mm-gantryxp000081.000mm-yp000105.000mm-zm000087.100mm-shot0000.npy,81.0,-87.1,164,1420.7,0.1154,0.937,0,False
93.0,auto_scan-2026-07-29_12-37-22,y0093.00cm,jul29_axicon3_001-tableyp000930.000mm-gantryxp000076.000mm-yp000100.000mm-zm000083.100mm-shot0000.npy,76.0,-83.1,148,1119.5,0.1322,0.961,0,False
93.0,auto_scan-2026-07-29_12-37-22,y0093.00cm,jul29_axicon3_001-tableyp000930.000mm-gantryxp000076.000mm-yp000100.000mm-zm000087.100mm-shot0000.npy,76.0,-87.1,153,1119.5,0.1367,0.994,0,False
93.0,auto_scan-2026-07-29_12-37-22,y0093.00cm,jul29_axicon3_001-tableyp000930.000mm-gantryxp000081.000mm-yp000100.000mm-zm000083.100mm-shot0000.npy,81.0,-83.1,150,1119.5,0.134,0.974,0,False
93.0,auto_scan-2026-07-29_12-37-22,y0093.00cm,jul29_axicon3_001-tableyp000930.000mm-gantryxp000081.000mm-yp000100.000mm-zm000087.100mm-shot0000.npy,81.0,-87.1,154,1119.5,0.1376,1.0,0,False
93.5,auto_scan-2026-07-29_12-37-22,y0093.50cm,jul29_axicon3_001-tableyp000935.000mm-gantryxp000076.000mm-yp000095.000mm-zm000083.100mm-shot0000.npy,76.0,-83.1,154,1119.5,0.1376,0.975,0,False
93.5,auto_scan-2026-07-29_12-37-22,y0093.50cm,jul29_axicon3_001-tableyp000935.000mm-gantryxp000076.000mm-yp000095.000mm-zm000087.100mm-shot0000.npy,76.0,-87.1,148,1119.5,0.1322,0.937,0,False
93.5,auto_scan-2026-07-29_12-37-22,y0093.50cm,jul29_axicon3_001-tableyp000935.000mm-gantryxp000081.000mm-yp000095.000mm-zm000083.100mm-shot0000.npy,81.0,-83.1,150,1119.5,0.134,0.949,0,False
93.5,auto_scan-2026-07-29_12-37-22,y0093.50cm,jul29_axicon3_001-tableyp000935.000mm-gantryxp000081.000mm-yp000095.000mm-zm000087.100mm-shot0000.npy,81.0,-87.1,158,1119.5,0.1411,1.0,0,False
94.0,auto_scan-2026-07-29_12-37-22,y0094.00cm,jul29_axicon3_001-tableyp000940.000mm-gantryxp000076.000mm-yp000090.000mm-zm000083.100mm-shot0000.npy,76.0,-83.1,153,1119.5,0.1367,1.0,0,False
94.0,auto_scan-2026-07-29_12-37-22,y0094.00cm,jul29_axicon3_001-tableyp000940.000mm-gantryxp000076.000mm-yp000090.000mm-zm000087.100mm-shot0000.npy,76.0,-87.1,138,1119.5,0.1233,0.902,0,False
94.0,auto_scan-2026-07-29_12-37-22,y0094.00cm,jul29_axicon3_001-tableyp000940.000mm-gantryxp000081.000mm-yp000090.000mm-zm000083.100mm-shot0000.npy,81.0,-83.1,142,1119.5,0.1268,0.928,0,False
94.0,auto_scan-2026-07-29_12-37-22,y0094.00cm,jul29_axicon3_001-tableyp000940.000mm-gantryxp000081.000mm-yp000090.000mm-zm000087.100mm-shot0000.npy,81.0,-87.1,140,1119.5,0.1251,0.915,0,False
94.5,auto_scan-2026-07-29_12-37-22,y0094.50cm,jul29_axicon3_001-tableyp000945.000mm-gantryxp000076.000mm-yp000085.000mm-zm000083.100mm-shot0000.npy,76.0,-83.1,146,1119.5,0.1304,1.0,0,False
94.5,auto_scan-2026-07-29_12-37-22,y0094.50cm,jul29_axicon3_001-tableyp000945.000mm-gantryxp000076.000mm-yp000085.000mm-zm000087.100mm-shot0000.npy,76.0,-87.1,140,1119.5,0.1251,0.959,0,False
94.5,auto_scan-2026-07-29_12-37-22,y0094.50cm,jul29_axicon3_001-tableyp000945.000mm-gantryxp000081.000mm-yp000085.000mm-zm000083.100mm-shot0000.npy,81.0,-83.1,138,1119.5,0.1233,0.945,0,False
94.5,auto_scan-2026-07-29_12-37-22,y0094.50cm,jul29_axicon3_001-tableyp000945.000mm-gantryxp000081.000mm-yp000085.000mm-zm000087.100mm-shot0000.npy,81.0,-87.1,141,1119.5,0.1259,0.966,0,False
95.0,auto_scan-2026-07-29_12-37-22,y0095.00cm,jul29_axicon3_001-tableyp000950.000mm-gantryxp000076.000mm-yp000080.000mm-zm000083.100mm-shot0000.npy,76.0,-83.1,149,1119.5,0.1331,0.961,0,False
95.0,auto_scan-2026-07-29_12-37-22,y0095.00cm,jul29_axicon3_001-tableyp000950.000mm-gantryxp000076.000mm-yp000080.000mm-zm000087.100mm-shot0000.npy,76.0,-87.1,155,1119.5,0.1384,1.0,0,False
95.0,auto_scan-2026-07-29_12-37-22,y0095.00cm,jul29_axicon3_001-tableyp000950.000mm-gantryxp000081.000mm-yp000080.000mm-zm000083.100mm-shot0000.npy,81.0,-83.1,149,1119.5,0.1331,0.961,0,False
95.0,auto_scan-2026-07-29_12-37-22,y0095.00cm,jul29_axicon3_001-tableyp000950.000mm-gantryxp000081.000mm-yp000080.000mm-zm000087.100mm-shot0000.npy,81.0,-87.1,144,1119.5,0.1286,0.929,0,False
95.5,auto_scan-2026-07-29_12-37-22,y0095.50cm,jul29_axicon3_001-tableyp000955.000mm-gantryxp000076.000mm-yp000075.000mm-zm000083.100mm-shot0000.npy,76.0,-83.1,164,1119.5,0.1465,0.948,0,False
95.5,auto_scan-2026-07-29_12-37-22,y0095.50cm,jul29_axicon3_001-tableyp000955.000mm-gantryxp000076.000mm-yp000075.000mm-zm000087.100mm-shot0000.npy,76.0,-87.1,169,1119.5,0.151,0.977,0,False
95.5,auto_scan-2026-07-29_12-37-22,y0095.50cm,jul29_axicon3_001-tableyp000955.000mm-gantryxp000081.000mm-yp000075.000mm-zm000083.100mm-shot0000.npy,81.0,-83.1,173,1119.5,0.1545,1.0,0,False
95.5,auto_scan-2026-07-29_12-37-22,y0095.50cm,jul29_axicon3_001-tableyp000955.000mm-gantryxp000081.000mm-yp000075.000mm-zm000087.100mm-shot0000.npy,81.0,-87.1,165,1119.5,0.1474,0.954,0,False
96.0,auto_scan-2026-07-29_12-37-22,y0096.00cm,jul29_axicon3_001-tableyp000960.000mm-gantryxp000076.000mm-yp000070.000mm-zm000083.100mm-shot0000.npy,76.0,-83.1,177,1119.5,0.1581,1.0,0,False
96.0,auto_scan-2026-07-29_12-37-22,y0096.00cm,jul29_axicon3_001-tableyp000960.000mm-gantryxp000076.000mm-yp000070.000mm-zm000087.100mm-shot0000.npy,76.0,-87.1,169,1119.5,0.151,0.955,0,False
96.0,auto_scan-2026-07-29_12-37-22,y0096.00cm,jul29_axicon3_001-tableyp000960.000mm-gantryxp000081.000mm-yp000070.000mm-zm000083.100mm-shot0000.npy,81.0,-83.1,168,1119.5,0.1501,0.949,0,False
96.0,auto_scan-2026-07-29_12-37-22,y0096.00cm,jul29_axicon3_001-tableyp000960.000mm-gantryxp000081.000mm-yp000070.000mm-zm000087.100mm-shot0000.npy,81.0,-87.1,174,1119.5,0.1554,0.983,0,False
96.5,auto_scan-2026-07-29_12-37-22,y0096.50cm,jul29_axicon3_001-tableyp000965.000mm-gantryxp000076.000mm-yp000065.000mm-zm000083.100mm-shot0000.npy,76.0,-83.1,150,930.7,0.1612,1.0,0,False
96.5,auto_scan-2026-07-29_12-37-22,y0096.50cm,jul29_axicon3_001-tableyp000965.000mm-gantryxp000076.000mm-yp000065.000mm-zm000087.100mm-shot0000.npy,76.0,-87.1,135,930.7,0.1451,0.9,0,False
96.5,auto_scan-2026-07-29_12-37-22,y0096.50cm,jul29_axicon3_001-tableyp000965.000mm-gantryxp000081.000mm-yp000065.000mm-zm000083.100mm-shot0000.npy,81.0,-83.1,139,930.7,0.1493,0.927,0,False
96.5,auto_scan-2026-07-29_12-37-22,y0096.50cm,jul29_axicon3_001-tableyp000965.000mm-gantryxp000081.000mm-yp000065.000mm-zm000087.100mm-shot0000.npy,81.0,-87.1,136,930.7,0.1461,0.907,0,False
97.0,auto_scan-2026-07-29_12-37-22,y0097.00cm,jul29_axicon3_001-tableyp000970.000mm-gantryxp000076.000mm-yp000060.000mm-zm000083.100mm-shot0000.npy,76.0,-83.1,140,930.7,0.1504,1.0,0,False
97.0,auto_scan-2026-07-29_12-37-22,y0097.00cm,jul29_axicon3_001-tableyp000970.000mm-gantryxp000076.000mm-yp000060.000mm-zm000087.100mm-shot0000.npy,76.0,-87.1,127,930.7,0.1365,0.907,0,False
97.0,auto_scan-2026-07-29_12-37-22,y0097.00cm,jul29_axicon3_001-tableyp000970.000mm-gantryxp000081.000mm-yp000060.000mm-zm000083.100mm-shot0000.npy,81.0,-83.1,126,930.7,0.1354,0.9,0,False
97.0,auto_scan-2026-07-29_12-37-22,y0097.00cm,jul29_axicon3_001-tableyp000970.000mm-gantryxp000081.000mm-yp000060.000mm-zm000087.100mm-shot0000.npy,81.0,-87.1,128,930.7,0.1375,0.914,0,False
97.5,auto_scan-2026-07-29_12-37-22,y0097.50cm,jul29_axicon3_001-tableyp000975.000mm-gantryxp000076.000mm-yp000055.000mm-zm000083.100mm-shot0000.npy,76.0,-83.1,129,930.7,0.1386,0.908,0,False
97.5,auto_scan-2026-07-29_12-37-22,y0097.50cm,jul29_axicon3_001-tableyp000975.000mm-gantryxp000076.000mm-yp000055.000mm-zm000087.100mm-shot0000.npy,76.0,-87.1,142,930.7,0.1526,1.0,0,False
97.5,auto_scan-2026-07-29_12-37-22,y0097.50cm,jul29_axicon3_001-tableyp000975.000mm-gantryxp000081.000mm-yp000055.000mm-zm000083.100mm-shot0000.npy,81.0,-83.1,130,930.7,0.1397,0.915,0,False
97.5,auto_scan-2026-07-29_12-37-22,y0097.50cm,jul29_axicon3_001-tableyp000975.000mm-gantryxp000081.000mm-yp000055.000mm-zm000087.100mm-shot0000.npy,81.0,-87.1,129,930.7,0.1386,0.908,0,False
98.0,auto_scan-2026-07-29_12-37-22,y0098.00cm,jul29_axicon3_001-tableyp000980.000mm-gantryxp000076.000mm-yp000050.000mm-zm000083.100mm-shot0000.npy,76.0,-83.1,136,930.7,0.1461,0.932,0,False
98.0,auto_scan-2026-07-29_12-37-22,y0098.00cm,jul29_axicon3_001-tableyp000980.000mm-gantryxp000076.000mm-yp000050.000mm-zm000087.100mm-shot0000.npy,76.0,-87.1,146,930.7,0.1569,1.0,0,False
98.0,auto_scan-2026-07-29_12-37-22,y0098.00cm,jul29_axicon3_001-tableyp000980.000mm-gantryxp000081.000mm-yp000050.000mm-zm000083.100mm-shot0000.npy,81.0,-83.1,140,930.7,0.1504,0.959,0,False
98.0,auto_scan-2026-07-29_12-37-22,y0098.00cm,jul29_axicon3_001-tableyp000980.000mm-gantryxp000081.000mm-yp000050.000mm-zm000087.100mm-shot0000.npy,81.0,-87.1,136,930.7,0.1461,0.932,0,False
98.5,auto_scan-2026-07-29_12-37-22,y0098.50cm,jul29_axicon3_001-tableyp000985.000mm-gantryxp000076.000mm-yp000045.000mm-zm000083.100mm-shot0000.npy,76.0,-83.1,147,930.7,0.1579,0.936,0,False
98.5,auto_scan-2026-07-29_12-37-22,y0098.50cm,jul29_axicon3_001-tableyp000985.000mm-gantryxp000076.000mm-yp000045.000mm-zm000087.100mm-shot0000.npy,76.0,-87.1,148,930.7,0.159,0.943,0,False
98.5,auto_scan-2026-07-29_12-37-22,y0098.50cm,jul29_axicon3_001-tableyp000985.000mm-gantryxp000081.000mm-yp000045.000mm-zm000083.100mm-shot0000.npy,81.0,-83.1,157,930.7,0.1687,1.0,0,False
98.5,auto_scan-2026-07-29_12-37-22,y0098.50cm,jul29_axicon3_001-tableyp000985.000mm-gantryxp000081.000mm-yp000045.000mm-zm000087.100mm-shot0000.npy,81.0,-87.1,151,930.7,0.1622,0.962,0,False
99.0,auto_scan-2026-07-29_12-37-22,y0099.00cm,jul29_axicon3_001-tableyp000990.000mm-gantryxp000076.000mm-yp000040.000mm-zm000083.100mm-shot0000.npy,76.0,-83.1,163,930.7,0.1751,1.0,0,False
99.0,auto_scan-2026-07-29_12-37-22,y0099.00cm,jul29_axicon3_001-tableyp000990.000mm-gantryxp000076.000mm-yp000040.000mm-zm000087.100mm-shot0000.npy,76.0,-87.1,145,930.7,0.1558,0.89,0,False
99.0,auto_scan-2026-07-29_12-37-22,y0099.00cm,jul29_axicon3_001-tableyp000990.000mm-gantryxp000081.000mm-yp000040.000mm-zm000083.100mm-shot0000.npy,81.0,-83.1,152,930.7,0.1633,0.933,0,False
99.0,auto_scan-2026-07-29_12-37-22,y0099.00cm,jul29_axicon3_001-tableyp000990.000mm-gantryxp000081.000mm-yp000040.000mm-zm000087.100mm-shot0000.npy,81.0,-87.1,159,930.7,0.1708,0.975,0,False
99.5,auto_scan-2026-07-29_12-37-22,y0099.50cm,jul29_axicon3_001-tableyp000995.000mm-gantryxp000076.000mm-yp000035.000mm-zm000083.100mm-shot0000.npy,76.0,-83.1,161,930.7,0.173,1.0,0,False
99.5,auto_scan-2026-07-29_12-37-22,y0099.50cm,jul29_axicon3_001-tableyp000995.000mm-gantryxp000076.000mm-yp000035.000mm-zm000087.100mm-shot0000.npy,76.0,-87.1,142,930.7,0.1526,0.882,0,False
99.5,auto_scan-2026-07-29_12-37-22,y0099.50cm,jul29_axicon3_001-tableyp000995.000mm-gantryxp000081.000mm-yp000035.000mm-zm000083.100mm-shot0000.npy,81.0,-83.1,144,930.7,0.1547,0.894,0,False
99.5,auto_scan-2026-07-29_12-37-22,y0099.50cm,jul29_axicon3_001-tableyp000995.000mm-gantryxp000081.000mm-yp000035.000mm-zm000087.100mm-shot0000.npy,81.0,-87.1,140,930.7,0.1504,0.87,0,False
100.0,auto_scan-2026-07-29_10-48-37_BAD,y0100.00cm,jul29_axicon3_001-tableyp001000.000mm-gantryxp000066.000mm-yp000130.000mm-zm000083.100mm-shot0000.npy,66.0,-83.1,108,1000.0,0.108,1.0,0,True
100.0,auto_scan-2026-07-29_10-48-37_BAD,y0100.00cm,jul29_axicon3_001-tableyp001000.000mm-gantryxp000066.000mm-yp000130.000mm-zm000087.100mm-shot0000.npy,66.0,-87.1,108,1000.0,0.108,1.0,0,True
100.0,auto_scan-2026-07-29_10-48-37_BAD,y0100.00cm,jul29_axicon3_001-tableyp001000.000mm-gantryxp000071.000mm-yp000130.000mm-zm000083.100mm-shot0000.npy,71.0,-83.1,99,1000.0,0.099,0.917,0,True
100.0,auto_scan-2026-07-29_10-48-37_BAD,y0100.00cm,jul29_axicon3_001-tableyp001000.000mm-gantryxp000071.000mm-yp000130.000mm-zm000087.100mm-shot0000.npy,71.0,-87.1,108,1000.0,0.108,1.0,0,True
100.0,auto_scan-2026-07-29_12-37-22,y0100.00cm,jul29_axicon3_001-tableyp001000.000mm-gantryxp000076.000mm-yp000030.000mm-zm000083.100mm-shot0000.npy,76.0,-83.1,154,930.7,0.1655,1.0,0,False
100.0,auto_scan-2026-07-29_12-37-22,y0100.00cm,jul29_axicon3_001-tableyp001000.000mm-gantryxp000076.000mm-yp000030.000mm-zm000087.100mm-shot0000.npy,76.0,-87.1,147,930.7,0.1579,0.955,0,False
100.0,auto_scan-2026-07-29_12-37-22,y0100.00cm,jul29_axicon3_001-tableyp001000.000mm-gantryxp000081.000mm-yp000030.000mm-zm000083.100mm-shot0000.npy,81.0,-83.1,138,930.7,0.1483,0.896,0,False
100.0,auto_scan-2026-07-29_12-37-22,y0100.00cm,jul29_axicon3_001-tableyp001000.000mm-gantryxp000081.000mm-yp000030.000mm-zm000087.100mm-shot0000.npy,81.0,-87.1,128,930.7,0.1375,0.831,0,False
100.0,auto_scan-2026-07-29_13-17-16,y0100.00cm,jul29_axicon3_002-tableyp001000.000mm-gantryxp000080.000mm-yp000130.000mm-zm000083.100mm-shot0000.npy,80.0,-83.1,161,1000.0,0.161,1.0,0,False
100.0,auto_scan-2026-07-29_13-17-16,y0100.00cm,jul29_axicon3_002-tableyp001000.000mm-gantryxp000080.000mm-yp000130.000mm-zm000087.100mm-shot0000.npy,80.0,-87.1,152,1000.0,0.152,0.944,0,False
100.0,auto_scan-2026-07-29_13-17-16,y0100.00cm,jul29_axicon3_002-tableyp001000.000mm-gantryxp000085.000mm-yp000130.000mm-zm000083.100mm-shot0000.npy,85.0,-83.1,159,1000.0,0.159,0.988,0,False
100.0,auto_scan-2026-07-29_13-17-16,y0100.00cm,jul29_axicon3_002-tableyp001000.000mm-gantryxp000085.000mm-yp000130.000mm-zm000087.100mm-shot0000.npy,85.0,-87.1,151,1000.0,0.151,0.938,0,False
100.5,auto_scan-2026-07-29_10-48-37_BAD,y0100.50cm,jul29_axicon3_001-tableyp001005.000mm-gantryxp000066.000mm-yp000125.000mm-zm000083.100mm-shot0000.npy,66.0,-83.1,107,1000.0,0.107,0.982,0,True
100.5,auto_scan-2026-07-29_10-48-37_BAD,y0100.50cm,jul29_axicon3_001-tableyp001005.000mm-gantryxp000066.000mm-yp000125.000mm-zm000087.100mm-shot0000.npy,66.0,-87.1,108,1000.0,0.108,0.991,0,True
100.5,auto_scan-2026-07-29_10-48-37_BAD,y0100.50cm,jul29_axicon3_001-tableyp001005.000mm-gantryxp000071.000mm-yp000125.000mm-zm000083.100mm-shot0000.npy,71.0,-83.1,96,1000.0,0.096,0.881,0,True
100.5,auto_scan-2026-07-29_10-48-37_BAD,y0100.50cm,jul29_axicon3_001-tableyp001005.000mm-gantryxp000071.000mm-yp000125.000mm-zm000087.100mm-shot0000.npy,71.0,-87.1,109,1000.0,0.109,1.0,0,True
100.5,auto_scan-2026-07-29_12-37-22,y0100.50cm,jul29_axicon3_001-tableyp001005.000mm-gantryxp000076.000mm-yp000025.000mm-zm000083.100mm-shot0000.npy,76.0,-83.1,153,930.7,0.1644,1.0,0,False
100.5,auto_scan-2026-07-29_12-37-22,y0100.50cm,jul29_axicon3_001-tableyp001005.000mm-gantryxp000076.000mm-yp000025.000mm-zm000087.100mm-shot0000.npy,76.0,-87.1,149,930.7,0.1601,0.974,0,False
100.5,auto_scan-2026-07-29_12-37-22,y0100.50cm,jul29_axicon3_001-tableyp001005.000mm-gantryxp000081.000mm-yp000025.000mm-zm000083.100mm-shot0000.npy,81.0,-83.1,143,930.7,0.1536,0.935,0,False
100.5,auto_scan-2026-07-29_12-37-22,y0100.50cm,jul29_axicon3_001-tableyp001005.000mm-gantryxp000081.000mm-yp000025.000mm-zm000087.100mm-shot0000.npy,81.0,-87.1,139,930.7,0.1493,0.908,0,False
100.5,auto_scan-2026-07-29_13-17-16,y0100.50cm,jul29_axicon3_002-tableyp001005.000mm-gantryxp000080.000mm-yp000125.000mm-zm000083.100mm-shot0000.npy,80.0,-83.1,159,1000.0,0.159,1.0,0,False
100.5,auto_scan-2026-07-29_13-17-16,y0100.50cm,jul29_axicon3_002-tableyp001005.000mm-gantryxp000080.000mm-yp000125.000mm-zm000087.100mm-shot0000.npy,80.0,-87.1,150,1000.0,0.15,0.943,0,False
100.5,auto_scan-2026-07-29_13-17-16,y0100.50cm,jul29_axicon3_002-tableyp001005.000mm-gantryxp000085.000mm-yp000125.000mm-zm000083.100mm-shot0000.npy,85.0,-83.1,155,1000.0,0.155,0.975,0,False
100.5,auto_scan-2026-07-29_13-17-16,y0100.50cm,jul29_axicon3_002-tableyp001005.000mm-gantryxp000085.000mm-yp000125.000mm-zm000087.100mm-shot0000.npy,85.0,-87.1,149,1000.0,0.149,0.937,0,False
101.0,auto_scan-2026-07-29_10-48-37_BAD,y0101.00cm,jul29_axicon3_001-tableyp001010.000mm-gantryxp000066.000mm-yp000120.000mm-zm000083.100mm-shot0000.npy,66.0,-83.1,110,1000.0,0.11,0.965,0,True
101.0,auto_scan-2026-07-29_10-48-37_BAD,y0101.00cm,jul29_axicon3_001-tableyp001010.000mm-gantryxp000066.000mm-yp000120.000mm-zm000087.100mm-shot0000.npy,66.0,-87.1,110,1000.0,0.11,0.965,0,True
101.0,auto_scan-2026-07-29_10-48-37_BAD,y0101.00cm,jul29_axicon3_001-tableyp001010.000mm-gantryxp000071.000mm-yp000120.000mm-zm000083.100mm-shot0000.npy,71.0,-83.1,93,1000.0,0.093,0.816,0,True
101.0,auto_scan-2026-07-29_10-48-37_BAD,y0101.00cm,jul29_axicon3_001-tableyp001010.000mm-gantryxp000071.000mm-yp000120.000mm-zm000087.100mm-shot0000.npy,71.0,-87.1,114,1000.0,0.114,1.0,0,True
101.0,auto_scan-2026-07-29_12-37-22,y0101.00cm,jul29_axicon3_001-tableyp001010.000mm-gantryxp000076.000mm-yp000020.000mm-zm000083.100mm-shot0000.npy,76.0,-83.1,157,930.7,0.1687,0.981,0,False
101.0,auto_scan-2026-07-29_12-37-22,y0101.00cm,jul29_axicon3_001-tableyp001010.000mm-gantryxp000076.000mm-yp000020.000mm-zm000087.100mm-shot0000.npy,76.0,-87.1,160,930.7,0.1719,1.0,0,False
101.0,auto_scan-2026-07-29_12-37-22,y0101.00cm,jul29_axicon3_001-tableyp001010.000mm-gantryxp000081.000mm-yp000020.000mm-zm000083.100mm-shot0000.npy,81.0,-83.1,158,930.7,0.1698,0.988,0,False
101.0,auto_scan-2026-07-29_12-37-22,y0101.00cm,jul29_axicon3_001-tableyp001010.000mm-gantryxp000081.000mm-yp000020.000mm-zm000087.100mm-shot0000.npy,81.0,-87.1,156,930.7,0.1676,0.975,0,False
101.0,auto_scan-2026-07-29_13-17-16,y0101.00cm,jul29_axicon3_002-tableyp001010.000mm-gantryxp000080.000mm-yp000120.000mm-zm000083.100mm-shot0000.npy,80.0,-83.1,165,1000.0,0.165,1.0,0,False
101.0,auto_scan-2026-07-29_13-17-16,y0101.00cm,jul29_axicon3_002-tableyp001010.000mm-gantryxp000080.000mm-yp000120.000mm-zm000087.100mm-shot0000.npy,80.0,-87.1,159,1000.0,0.159,0.964,0,False
101.0,auto_scan-2026-07-29_13-17-16,y0101.00cm,jul29_axicon3_002-tableyp001010.000mm-gantryxp000085.000mm-yp000120.000mm-zm000083.100mm-shot0000.npy,85.0,-83.1,160,1000.0,0.16,0.97,0,False
101.0,auto_scan-2026-07-29_13-17-16,y0101.00cm,jul29_axicon3_002-tableyp001010.000mm-gantryxp000085.000mm-yp000120.000mm-zm000087.100mm-shot0000.npy,85.0,-87.1,149,1000.0,0.149,0.903,0,False
101.5,auto_scan-2026-07-29_10-48-37_BAD,y0101.50cm,jul29_axicon3_001-tableyp001015.000mm-gantryxp000066.000mm-yp000115.000mm-zm000083.100mm-shot0000.npy,66.0,-83.1,115,1000.0,0.115,1.0,0,True
101.5,auto_scan-2026-07-29_10-48-37_BAD,y0101.50cm,jul29_axicon3_001-tableyp001015.000mm-gantryxp000066.000mm-yp000115.000mm-zm000087.100mm-shot0000.npy,66.0,-87.1,113,1000.0,0.113,0.983,0,True
101.5,auto_scan-2026-07-29_10-48-37_BAD,y0101.50cm,jul29_axicon3_001-tableyp001015.000mm-gantryxp000071.000mm-yp000115.000mm-zm000083.100mm-shot0000.npy,71.0,-83.1,101,1000.0,0.101,0.878,0,True
101.5,auto_scan-2026-07-29_10-48-37_BAD,y0101.50cm,jul29_axicon3_001-tableyp001015.000mm-gantryxp000071.000mm-yp000115.000mm-zm000087.100mm-shot0000.npy,71.0,-87.1,112,1000.0,0.112,0.974,0,True
101.5,auto_scan-2026-07-29_12-37-22,y0101.50cm,jul29_axicon3_001-tableyp001015.000mm-gantryxp000076.000mm-yp000015.000mm-zm000083.100mm-shot0000.npy,76.0,-83.1,162,930.7,0.1741,0.931,0,False
101.5,auto_scan-2026-07-29_12-37-22,y0101.50cm,jul29_axicon3_001-tableyp001015.000mm-gantryxp000076.000mm-yp000015.000mm-zm000087.100mm-shot0000.npy,76.0,-87.1,169,930.7,0.1816,0.971,0,False
101.5,auto_scan-2026-07-29_12-37-22,y0101.50cm,jul29_axicon3_001-tableyp001015.000mm-gantryxp000081.000mm-yp000015.000mm-zm000083.100mm-shot0000.npy,81.0,-83.1,174,930.7,0.187,1.0,0,False
101.5,auto_scan-2026-07-29_12-37-22,y0101.50cm,jul29_axicon3_001-tableyp001015.000mm-gantryxp000081.000mm-yp000015.000mm-zm000087.100mm-shot0000.npy,81.0,-87.1,168,930.7,0.1805,0.966,0,False
101.5,auto_scan-2026-07-29_13-17-16,y0101.50cm,jul29_axicon3_002-tableyp001015.000mm-gantryxp000080.000mm-yp000115.000mm-zm000083.100mm-shot0000.npy,80.0,-83.1,152,788.0,0.1929,1.0,0,False
101.5,auto_scan-2026-07-29_13-17-16,y0101.50cm,jul29_axicon3_002-tableyp001015.000mm-gantryxp000080.000mm-yp000115.000mm-zm000087.100mm-shot0000.npy,80.0,-87.1,141,788.0,0.1789,0.928,0,False
101.5,auto_scan-2026-07-29_13-17-16,y0101.50cm,jul29_axicon3_002-tableyp001015.000mm-gantryxp000085.000mm-yp000115.000mm-zm000083.100mm-shot0000.npy,85.0,-83.1,134,788.0,0.17,0.882,0,False
101.5,auto_scan-2026-07-29_13-17-16,y0101.50cm,jul29_axicon3_002-tableyp001015.000mm-gantryxp000085.000mm-yp000115.000mm-zm000087.100mm-shot0000.npy,85.0,-87.1,139,788.0,0.1764,0.914,0,False
102.0,auto_scan-2026-07-29_10-48-37_BAD,y0102.00cm,jul29_axicon3_001-tableyp001020.000mm-gantryxp000066.000mm-yp000110.000mm-zm000083.100mm-shot0000.npy,66.0,-83.1,120,1000.0,0.12,0.984,0,True
102.0,auto_scan-2026-07-29_10-48-37_BAD,y0102.00cm,jul29_axicon3_001-tableyp001020.000mm-gantryxp000066.000mm-yp000110.000mm-zm000087.100mm-shot0000.npy,66.0,-87.1,122,1000.0,0.122,1.0,0,True
102.0,auto_scan-2026-07-29_10-48-37_BAD,y0102.00cm,jul29_axicon3_001-tableyp001020.000mm-gantryxp000071.000mm-yp000110.000mm-zm000083.100mm-shot0000.npy,71.0,-83.1,106,1000.0,0.106,0.869,0,True
102.0,auto_scan-2026-07-29_10-48-37_BAD,y0102.00cm,jul29_axicon3_001-tableyp001020.000mm-gantryxp000071.000mm-yp000110.000mm-zm000087.100mm-shot0000.npy,71.0,-87.1,120,1000.0,0.12,0.984,0,True
102.0,auto_scan-2026-07-29_12-37-22,y0102.00cm,jul29_axicon3_001-tableyp001020.000mm-gantryxp000076.000mm-yp000010.000mm-zm000083.100mm-shot0000.npy,76.0,-83.1,140,741.1,0.1889,0.952,0,False
102.0,auto_scan-2026-07-29_12-37-22,y0102.00cm,jul29_axicon3_001-tableyp001020.000mm-gantryxp000076.000mm-yp000010.000mm-zm000087.100mm-shot0000.npy,76.0,-87.1,136,741.1,0.1835,0.925,0,False
102.0,auto_scan-2026-07-29_12-37-22,y0102.00cm,jul29_axicon3_001-tableyp001020.000mm-gantryxp000081.000mm-yp000010.000mm-zm000083.100mm-shot0000.npy,81.0,-83.1,147,741.1,0.1983,1.0,0,False
102.0,auto_scan-2026-07-29_12-37-22,y0102.00cm,jul29_axicon3_001-tableyp001020.000mm-gantryxp000081.000mm-yp000010.000mm-zm000087.100mm-shot0000.npy,81.0,-87.1,141,741.1,0.1902,0.959,0,False
102.0,auto_scan-2026-07-29_13-17-16,y0102.00cm,jul29_axicon3_002-tableyp001020.000mm-gantryxp000080.000mm-yp000110.000mm-zm000083.100mm-shot0000.npy,80.0,-83.1,158,788.0,0.2005,1.0,0,False
102.0,auto_scan-2026-07-29_13-17-16,y0102.00cm,jul29_axicon3_002-tableyp001020.000mm-gantryxp000080.000mm-yp000110.000mm-zm000087.100mm-shot0000.npy,80.0,-87.1,152,788.0,0.1929,0.962,0,False
102.0,auto_scan-2026-07-29_13-17-16,y0102.00cm,jul29_axicon3_002-tableyp001020.000mm-gantryxp000085.000mm-yp000110.000mm-zm000087.100mm-shot0000.npy,85.0,-87.1,98,788.0,0.1244,0.62,0,False
102.5,auto_scan-2026-07-29_10-48-37_BAD,y0102.50cm,jul29_axicon3_001-tableyp001025.000mm-gantryxp000066.000mm-yp000105.000mm-zm000083.100mm-shot0000.npy,66.0,-83.1,125,1000.0,0.125,0.992,0,True
102.5,auto_scan-2026-07-29_10-48-37_BAD,y0102.50cm,jul29_axicon3_001-tableyp001025.000mm-gantryxp000066.000mm-yp000105.000mm-zm000087.100mm-shot0000.npy,66.0,-87.1,126,1000.0,0.126,1.0,0,True
102.5,auto_scan-2026-07-29_10-48-37_BAD,y0102.50cm,jul29_axicon3_001-tableyp001025.000mm-gantryxp000071.000mm-yp000105.000mm-zm000083.100mm-shot0000.npy,71.0,-83.1,106,1000.0,0.106,0.841,0,True
102.5,auto_scan-2026-07-29_10-48-37_BAD,y0102.50cm,jul29_axicon3_001-tableyp001025.000mm-gantryxp000071.000mm-yp000105.000mm-zm000087.100mm-shot0000.npy,71.0,-87.1,126,1000.0,0.126,1.0,0,True
102.5,auto_scan-2026-07-29_13-17-16,y0102.50cm,jul29_axicon3_002-tableyp001025.000mm-gantryxp000080.000mm-yp000105.000mm-zm000083.100mm-shot0000.npy,80.0,-83.1,155,788.0,0.1967,1.0,0,False
102.5,auto_scan-2026-07-29_13-17-16,y0102.50cm,jul29_axicon3_002-tableyp001025.000mm-gantryxp000080.000mm-yp000105.000mm-zm000087.100mm-shot0000.npy,80.0,-87.1,153,788.0,0.1942,0.987,0,False
103.0,auto_scan-2026-07-29_10-48-37_BAD,y0103.00cm,jul29_axicon3_001-tableyp001030.000mm-gantryxp000066.000mm-yp000100.000mm-zm000083.100mm-shot0000.npy,66.0,-83.1,125,1000.0,0.125,1.0,0,True
103.0,auto_scan-2026-07-29_10-48-37_BAD,y0103.00cm,jul29_axicon3_001-tableyp001030.000mm-gantryxp000066.000mm-yp000100.000mm-zm000087.100mm-shot0000.npy,66.0,-87.1,122,1000.0,0.122,0.976,0,True
103.0,auto_scan-2026-07-29_10-48-37_BAD,y0103.00cm,jul29_axicon3_001-tableyp001030.000mm-gantryxp000071.000mm-yp000100.000mm-zm000083.100mm-shot0000.npy,71.0,-83.1,109,1000.0,0.109,0.872,0,True
103.0,auto_scan-2026-07-29_10-48-37_BAD,y0103.00cm,jul29_axicon3_001-tableyp001030.000mm-gantryxp000071.000mm-yp000100.000mm-zm000087.100mm-shot0000.npy,71.0,-87.1,121,1000.0,0.121,0.968,0,True
103.0,auto_scan-2026-07-29_13-17-16,y0103.00cm,jul29_axicon3_002-tableyp001030.000mm-gantryxp000080.000mm-yp000100.000mm-zm000083.100mm-shot0000.npy,80.0,-83.1,148,788.0,0.1878,1.0,0,False
103.0,auto_scan-2026-07-29_13-17-16,y0103.00cm,jul29_axicon3_002-tableyp001030.000mm-gantryxp000080.000mm-yp000100.000mm-zm000087.100mm-shot0000.npy,80.0,-87.1,148,788.0,0.1878,1.0,0,False
103.5,auto_scan-2026-07-29_10-48-37_BAD,y0103.50cm,jul29_axicon3_001-tableyp001035.000mm-gantryxp000066.000mm-yp000095.000mm-zm000083.100mm-shot0000.npy,66.0,-83.1,117,1000.0,0.117,0.975,0,True
103.5,auto_scan-2026-07-29_10-48-37_BAD,y0103.50cm,jul29_axicon3_001-tableyp001035.000mm-gantryxp000066.000mm-yp000095.000mm-zm000087.100mm-shot0000.npy,66.0,-87.1,120,1000.0,0.12,1.0,0,True
103.5,auto_scan-2026-07-29_10-48-37_BAD,y0103.50cm,jul29_axicon3_001-tableyp001035.000mm-gantryxp000071.000mm-yp000095.000mm-zm000083.100mm-shot0000.npy,71.0,-83.1,104,1000.0,0.104,0.867,0,True
103.5,auto_scan-2026-07-29_10-48-37_BAD,y0103.50cm,jul29_axicon3_001-tableyp001035.000mm-gantryxp000071.000mm-yp000095.000mm-zm000087.100mm-shot0000.npy,71.0,-87.1,117,1000.0,0.117,0.975,0,True
103.5,auto_scan-2026-07-29_13-17-16,y0103.50cm,jul29_axicon3_002-tableyp001035.000mm-gantryxp000080.000mm-yp000095.000mm-zm000083.100mm-shot0000.npy,80.0,-83.1,142,788.0,0.1802,1.0,0,False
103.5,auto_scan-2026-07-29_13-17-16,y0103.50cm,jul29_axicon3_002-tableyp001035.000mm-gantryxp000080.000mm-yp000095.000mm-zm000087.100mm-shot0000.npy,80.0,-87.1,141,788.0,0.1789,0.993,0,False
104.0,auto_scan-2026-07-29_10-48-37_BAD,y0104.00cm,jul29_axicon3_001-tableyp001040.000mm-gantryxp000066.000mm-yp000090.000mm-zm000083.100mm-shot0000.npy,66.0,-83.1,121,1000.0,0.121,1.0,0,True
104.0,auto_scan-2026-07-29_10-48-37_BAD,y0104.00cm,jul29_axicon3_001-tableyp001040.000mm-gantryxp000066.000mm-yp000090.000mm-zm000087.100mm-shot0000.npy,66.0,-87.1,119,1000.0,0.119,0.983,0,True
104.0,auto_scan-2026-07-29_10-48-37_BAD,y0104.00cm,jul29_axicon3_001-tableyp001040.000mm-gantryxp000071.000mm-yp000090.000mm-zm000083.100mm-shot0000.npy,71.0,-83.1,100,1000.0,0.1,0.826,0,True
104.0,auto_scan-2026-07-29_10-48-37_BAD,y0104.00cm,jul29_axicon3_001-tableyp001040.000mm-gantryxp000071.000mm-yp000090.000mm-zm000087.100mm-shot0000.npy,71.0,-87.1,121,1000.0,0.121,1.0,0,True
104.0,auto_scan-2026-07-29_13-17-16,y0104.00cm,jul29_axicon3_002-tableyp001040.000mm-gantryxp000080.000mm-yp000090.000mm-zm000083.100mm-shot0000.npy,80.0,-83.1,141,788.0,0.1789,1.0,0,False
104.0,auto_scan-2026-07-29_13-17-16,y0104.00cm,jul29_axicon3_002-tableyp001040.000mm-gantryxp000080.000mm-yp000090.000mm-zm000087.100mm-shot0000.npy,80.0,-87.1,135,788.0,0.1713,0.957,0,False
104.5,auto_scan-2026-07-29_10-48-37_BAD,y0104.50cm,jul29_axicon3_001-tableyp001045.000mm-gantryxp000066.000mm-yp000085.000mm-zm000083.100mm-shot0000.npy,66.0,-83.1,123,1000.0,0.123,1.0,0,True
104.5,auto_scan-2026-07-29_10-48-37_BAD,y0104.50cm,jul29_axicon3_001-tableyp001045.000mm-gantryxp000066.000mm-yp000085.000mm-zm000087.100mm-shot0000.npy,66.0,-87.1,121,1000.0,0.121,0.984,0,True
104.5,auto_scan-2026-07-29_10-48-37_BAD,y0104.50cm,jul29_axicon3_001-tableyp001045.000mm-gantryxp000071.000mm-yp000085.000mm-zm000083.100mm-shot0000.npy,71.0,-83.1,113,1000.0,0.113,0.919,0,True
104.5,auto_scan-2026-07-29_10-48-37_BAD,y0104.50cm,jul29_axicon3_001-tableyp001045.000mm-gantryxp000071.000mm-yp000085.000mm-zm000087.100mm-shot0000.npy,71.0,-87.1,119,1000.0,0.119,0.967,0,True
104.5,auto_scan-2026-07-29_13-17-16,y0104.50cm,jul29_axicon3_002-tableyp001045.000mm-gantryxp000080.000mm-yp000085.000mm-zm000083.100mm-shot0000.npy,80.0,-83.1,143,788.0,0.1815,1.0,0,False
104.5,auto_scan-2026-07-29_13-17-16,y0104.50cm,jul29_axicon3_002-tableyp001045.000mm-gantryxp000080.000mm-yp000085.000mm-zm000087.100mm-shot0000.npy,80.0,-87.1,141,788.0,0.1789,0.986,0,False
105.0,auto_scan-2026-07-29_10-48-37_BAD,y0105.00cm,jul29_axicon3_001-tableyp001050.000mm-gantryxp000066.000mm-yp000080.000mm-zm000083.100mm-shot0000.npy,66.0,-83.1,120,1000.0,0.12,1.0,0,True
105.0,auto_scan-2026-07-29_10-48-37_BAD,y0105.00cm,jul29_axicon3_001-tableyp001050.000mm-gantryxp000066.000mm-yp000080.000mm-zm000087.100mm-shot0000.npy,66.0,-87.1,120,1000.0,0.12,1.0,0,True
105.0,auto_scan-2026-07-29_10-48-37_BAD,y0105.00cm,jul29_axicon3_001-tableyp001050.000mm-gantryxp000071.000mm-yp000080.000mm-zm000083.100mm-shot0000.npy,71.0,-83.1,111,1000.0,0.111,0.925,0,True
105.0,auto_scan-2026-07-29_10-48-37_BAD,y0105.00cm,jul29_axicon3_001-tableyp001050.000mm-gantryxp000071.000mm-yp000080.000mm-zm000087.100mm-shot0000.npy,71.0,-87.1,117,1000.0,0.117,0.975,0,True
105.0,auto_scan-2026-07-29_13-17-16,y0105.00cm,jul29_axicon3_002-tableyp001050.000mm-gantryxp000080.000mm-yp000080.000mm-zm000083.100mm-shot0000.npy,80.0,-83.1,150,788.0,0.1904,1.0,0,False
105.0,auto_scan-2026-07-29_13-17-16,y0105.00cm,jul29_axicon3_002-tableyp001050.000mm-gantryxp000080.000mm-yp000080.000mm-zm000087.100mm-shot0000.npy,80.0,-87.1,148,788.0,0.1878,0.987,0,False
105.5,auto_scan-2026-07-29_10-48-37_BAD,y0105.50cm,jul29_axicon3_001-tableyp001055.000mm-gantryxp000066.000mm-yp000075.000mm-zm000083.100mm-shot0000.npy,66.0,-83.1,123,1000.0,0.123,0.984,0,True
105.5,auto_scan-2026-07-29_10-48-37_BAD,y0105.50cm,jul29_axicon3_001-tableyp001055.000mm-gantryxp000066.000mm-yp000075.000mm-zm000087.100mm-shot0000.npy,66.0,-87.1,125,1000.0,0.125,1.0,0,True
105.5,auto_scan-2026-07-29_10-48-37_BAD,y0105.50cm,jul29_axicon3_001-tableyp001055.000mm-gantryxp000071.000mm-yp000075.000mm-zm000083.100mm-shot0000.npy,71.0,-83.1,119,1000.0,0.119,0.952,0,True
105.5,auto_scan-2026-07-29_10-48-37_BAD,y0105.50cm,jul29_axicon3_001-tableyp001055.000mm-gantryxp000071.000mm-yp000075.000mm-zm000087.100mm-shot0000.npy,71.0,-87.1,118,1000.0,0.118,0.944,0,True
105.5,auto_scan-2026-07-29_13-17-16,y0105.50cm,jul29_axicon3_002-tableyp001055.000mm-gantryxp000080.000mm-yp000075.000mm-zm000083.100mm-shot0000.npy,80.0,-83.1,160,788.0,0.203,1.0,0,False
105.5,auto_scan-2026-07-29_13-17-16,y0105.50cm,jul29_axicon3_002-tableyp001055.000mm-gantryxp000080.000mm-yp000075.000mm-zm000087.100mm-shot0000.npy,80.0,-87.1,160,788.0,0.203,1.0,0,False
106.0,auto_scan-2026-07-29_10-48-37_BAD,y0106.00cm,jul29_axicon3_001-tableyp001060.000mm-gantryxp000066.000mm-yp000070.000mm-zm000083.100mm-shot0000.npy,66.0,-83.1,127,1000.0,0.127,0.962,0,True
106.0,auto_scan-2026-07-29_10-48-37_BAD,y0106.00cm,jul29_axicon3_001-tableyp001060.000mm-gantryxp000066.000mm-yp000070.000mm-zm000087.100mm-shot0000.npy,66.0,-87.1,123,1000.0,0.123,0.932,0,True
106.0,auto_scan-2026-07-29_10-48-37_BAD,y0106.00cm,jul29_axicon3_001-tableyp001060.000mm-gantryxp000071.000mm-yp000070.000mm-zm000083.100mm-shot0000.npy,71.0,-83.1,132,1000.0,0.132,1.0,0,True
106.0,auto_scan-2026-07-29_10-48-37_BAD,y0106.00cm,jul29_axicon3_001-tableyp001060.000mm-gantryxp000071.000mm-yp000070.000mm-zm000087.100mm-shot0000.npy,71.0,-87.1,129,1000.0,0.129,0.977,0,True
106.0,auto_scan-2026-07-29_13-17-16,y0106.00cm,jul29_axicon3_002-tableyp001060.000mm-gantryxp000080.000mm-yp000070.000mm-zm000083.100mm-shot0000.npy,80.0,-83.1,163,788.0,0.2068,1.0,0,False
106.0,auto_scan-2026-07-29_13-17-16,y0106.00cm,jul29_axicon3_002-tableyp001060.000mm-gantryxp000080.000mm-yp000070.000mm-zm000087.100mm-shot0000.npy,80.0,-87.1,163,788.0,0.2068,1.0,0,False
106.5,auto_scan-2026-07-29_10-48-37_BAD,y0106.50cm,jul29_axicon3_001-tableyp001065.000mm-gantryxp000066.000mm-yp000065.000mm-zm000083.100mm-shot0000.npy,66.0,-83.1,123,1000.0,0.123,0.946,0,True
106.5,auto_scan-2026-07-29_10-48-37_BAD,y0106.50cm,jul29_axicon3_001-tableyp001065.000mm-gantryxp000066.000mm-yp000065.000mm-zm000087.100mm-shot0000.npy,66.0,-87.1,128,1000.0,0.128,0.985,0,True
106.5,auto_scan-2026-07-29_10-48-37_BAD,y0106.50cm,jul29_axicon3_001-tableyp001065.000mm-gantryxp000071.000mm-yp000065.000mm-zm000083.100mm-shot0000.npy,71.0,-83.1,130,1000.0,0.13,1.0,0,True
106.5,auto_scan-2026-07-29_10-48-37_BAD,y0106.50cm,jul29_axicon3_001-tableyp001065.000mm-gantryxp000071.000mm-yp000065.000mm-zm000087.100mm-shot0000.npy,71.0,-87.1,130,1000.0,0.13,1.0,0,True
106.5,auto_scan-2026-07-29_13-17-16,y0106.50cm,jul29_axicon3_002-tableyp001065.000mm-gantryxp000080.000mm-yp000065.000mm-zm000083.100mm-shot0000.npy,80.0,-83.1,168,788.0,0.2132,0.977,0,False
106.5,auto_scan-2026-07-29_13-17-16,y0106.50cm,jul29_axicon3_002-tableyp001065.000mm-gantryxp000080.000mm-yp000065.000mm-zm000087.100mm-shot0000.npy,80.0,-87.1,172,788.0,0.2183,1.0,0,False
107.0,auto_scan-2026-07-29_10-48-37_BAD,y0107.00cm,jul29_axicon3_001-tableyp001070.000mm-gantryxp000066.000mm-yp000060.000mm-zm000083.100mm-shot0000.npy,66.0,-83.1,120,1000.0,0.12,0.851,0,True
107.0,auto_scan-2026-07-29_10-48-37_BAD,y0107.00cm,jul29_axicon3_001-tableyp001070.000mm-gantryxp000066.000mm-yp000060.000mm-zm000087.100mm-shot0000.npy,66.0,-87.1,126,1000.0,0.126,0.894,0,True
107.0,auto_scan-2026-07-29_10-48-37_BAD,y0107.00cm,jul29_axicon3_001-tableyp001070.000mm-gantryxp000071.000mm-yp000060.000mm-zm000083.100mm-shot0000.npy,71.0,-83.1,137,1000.0,0.137,0.972,0,True
107.0,auto_scan-2026-07-29_10-48-37_BAD,y0107.00cm,jul29_axicon3_001-tableyp001070.000mm-gantryxp000071.000mm-yp000060.000mm-zm000087.100mm-shot0000.npy,71.0,-87.1,141,1000.0,0.141,1.0,0,True
107.0,auto_scan-2026-07-29_13-17-16,y0107.00cm,jul29_axicon3_002-tableyp001070.000mm-gantryxp000080.000mm-yp000060.000mm-zm000083.100mm-shot0000.npy,80.0,-83.1,175,788.0,0.2221,1.0,0,False
107.0,auto_scan-2026-07-29_13-17-16,y0107.00cm,jul29_axicon3_002-tableyp001070.000mm-gantryxp000080.000mm-yp000060.000mm-zm000087.100mm-shot0000.npy,80.0,-87.1,174,788.0,0.2208,0.994,0,False
107.5,auto_scan-2026-07-29_10-48-37_BAD,y0107.50cm,jul29_axicon3_001-tableyp001075.000mm-gantryxp000066.000mm-yp000055.000mm-zm000083.100mm-shot0000.npy,66.0,-83.1,129,1000.0,0.129,0.921,0,True
107.5,auto_scan-2026-07-29_10-48-37_BAD,y0107.50cm,jul29_axicon3_001-tableyp001075.000mm-gantryxp000066.000mm-yp000055.000mm-zm000087.100mm-shot0000.npy,66.0,-87.1,132,1000.0,0.132,0.943,0,True
107.5,auto_scan-2026-07-29_10-48-37_BAD,y0107.50cm,jul29_axicon3_001-tableyp001075.000mm-gantryxp000071.000mm-yp000055.000mm-zm000083.100mm-shot0000.npy,71.0,-83.1,140,1000.0,0.14,1.0,0,True
107.5,auto_scan-2026-07-29_10-48-37_BAD,y0107.50cm,jul29_axicon3_001-tableyp001075.000mm-gantryxp000071.000mm-yp000055.000mm-zm000087.100mm-shot0000.npy,71.0,-87.1,139,1000.0,0.139,0.993,0,True
107.5,auto_scan-2026-07-29_13-17-16,y0107.50cm,jul29_axicon3_002-tableyp001075.000mm-gantryxp000080.000mm-yp000055.000mm-zm000083.100mm-shot0000.npy,80.0,-83.1,176,788.0,0.2233,1.0,0,False
107.5,auto_scan-2026-07-29_13-17-16,y0107.50cm,jul29_axicon3_002-tableyp001075.000mm-gantryxp000080.000mm-yp000055.000mm-zm000087.100mm-shot0000.npy,80.0,-87.1,169,788.0,0.2145,0.96,0,False
108.0,auto_scan-2026-07-29_10-48-37_BAD,y0108.00cm,jul29_axicon3_001-tableyp001080.000mm-gantryxp000066.000mm-yp000050.000mm-zm000083.100mm-shot0000.npy,66.0,-83.1,129,1000.0,0.129,0.915,0,True
108.0,auto_scan-2026-07-29_10-48-37_BAD,y0108.00cm,jul29_axicon3_001-tableyp001080.000mm-gantryxp000066.000mm-yp000050.000mm-zm000087.100mm-shot0000.npy,66.0,-87.1,133,1000.0,0.133,0.943,0,True
108.0,auto_scan-2026-07-29_10-48-37_BAD,y0108.00cm,jul29_axicon3_001-tableyp001080.000mm-gantryxp000071.000mm-yp000050.000mm-zm000083.100mm-shot0000.npy,71.0,-83.1,136,1000.0,0.136,0.965,0,True
108.0,auto_scan-2026-07-29_10-48-37_BAD,y0108.00cm,jul29_axicon3_001-tableyp001080.000mm-gantryxp000071.000mm-yp000050.000mm-zm000087.100mm-shot0000.npy,71.0,-87.1,141,1000.0,0.141,1.0,0,True
108.0,auto_scan-2026-07-29_13-17-16,y0108.00cm,jul29_axicon3_002-tableyp001080.000mm-gantryxp000080.000mm-yp000050.000mm-zm000083.100mm-shot0000.npy,80.0,-83.1,173,788.0,0.2195,1.0,0,False
108.0,auto_scan-2026-07-29_13-17-16,y0108.00cm,jul29_axicon3_002-tableyp001080.000mm-gantryxp000080.000mm-yp000050.000mm-zm000087.100mm-shot0000.npy,80.0,-87.1,164,788.0,0.2081,0.948,0,False
108.5,auto_scan-2026-07-29_10-48-37_BAD,y0108.50cm,jul29_axicon3_001-tableyp001085.000mm-gantryxp000066.000mm-yp000045.000mm-zm000083.100mm-shot0000.npy,66.0,-83.1,127,1000.0,0.127,0.927,0,True
108.5,auto_scan-2026-07-29_10-48-37_BAD,y0108.50cm,jul29_axicon3_001-tableyp001085.000mm-gantryxp000066.000mm-yp000045.000mm-zm000087.100mm-shot0000.npy,66.0,-87.1,137,1000.0,0.137,1.0,0,True
108.5,auto_scan-2026-07-29_10-48-37_BAD,y0108.50cm,jul29_axicon3_001-tableyp001085.000mm-gantryxp000071.000mm-yp000045.000mm-zm000083.100mm-shot0000.npy,71.0,-83.1,135,1000.0,0.135,0.985,0,True
108.5,auto_scan-2026-07-29_10-48-37_BAD,y0108.50cm,jul29_axicon3_001-tableyp001085.000mm-gantryxp000071.000mm-yp000045.000mm-zm000087.100mm-shot0000.npy,71.0,-87.1,137,1000.0,0.137,1.0,0,True
108.5,auto_scan-2026-07-29_13-17-16,y0108.50cm,jul29_axicon3_002-tableyp001085.000mm-gantryxp000080.000mm-yp000045.000mm-zm000083.100mm-shot0000.npy,80.0,-83.1,172,788.0,0.2183,1.0,0,False
108.5,auto_scan-2026-07-29_13-17-16,y0108.50cm,jul29_axicon3_002-tableyp001085.000mm-gantryxp000080.000mm-yp000045.000mm-zm000087.100mm-shot0000.npy,80.0,-87.1,160,788.0,0.203,0.93,0,False
109.0,auto_scan-2026-07-29_10-48-37_BAD,y0109.00cm,jul29_axicon3_001-tableyp001090.000mm-gantryxp000066.000mm-yp000040.000mm-zm000083.100mm-shot0000.npy,66.0,-83.1,127,1000.0,0.127,0.907,0,True
109.0,auto_scan-2026-07-29_10-48-37_BAD,y0109.00cm,jul29_axicon3_001-tableyp001090.000mm-gantryxp000066.000mm-yp000040.000mm-zm000087.100mm-shot0000.npy,66.0,-87.1,140,1000.0,0.14,1.0,0,True
109.0,auto_scan-2026-07-29_10-48-37_BAD,y0109.00cm,jul29_axicon3_001-tableyp001090.000mm-gantryxp000071.000mm-yp000040.000mm-zm000083.100mm-shot0000.npy,71.0,-83.1,132,1000.0,0.132,0.943,0,True
109.0,auto_scan-2026-07-29_10-48-37_BAD,y0109.00cm,jul29_axicon3_001-tableyp001090.000mm-gantryxp000071.000mm-yp000040.000mm-zm000087.100mm-shot0000.npy,71.0,-87.1,133,1000.0,0.133,0.95,0,True
109.0,auto_scan-2026-07-29_13-17-16,y0109.00cm,jul29_axicon3_002-tableyp001090.000mm-gantryxp000080.000mm-yp000040.000mm-zm000083.100mm-shot0000.npy,80.0,-83.1,169,788.0,0.2145,1.0,0,False
109.0,auto_scan-2026-07-29_13-17-16,y0109.00cm,jul29_axicon3_002-tableyp001090.000mm-gantryxp000080.000mm-yp000040.000mm-zm000087.100mm-shot0000.npy,80.0,-87.1,161,788.0,0.2043,0.953,0,False
109.5,auto_scan-2026-07-29_10-48-37_BAD,y0109.50cm,jul29_axicon3_001-tableyp001095.000mm-gantryxp000066.000mm-yp000035.000mm-zm000083.100mm-shot0000.npy,66.0,-83.1,129,1000.0,0.129,0.896,0,True
109.5,auto_scan-2026-07-29_10-48-37_BAD,y0109.50cm,jul29_axicon3_001-tableyp001095.000mm-gantryxp000066.000mm-yp000035.000mm-zm000087.100mm-shot0000.npy,66.0,-87.1,144,1000.0,0.144,1.0,0,True
109.5,auto_scan-2026-07-29_10-48-37_BAD,y0109.50cm,jul29_axicon3_001-tableyp001095.000mm-gantryxp000071.000mm-yp000035.000mm-zm000083.100mm-shot0000.npy,71.0,-83.1,136,1000.0,0.136,0.944,0,True
109.5,auto_scan-2026-07-29_10-48-37_BAD,y0109.50cm,jul29_axicon3_001-tableyp001095.000mm-gantryxp000071.000mm-yp000035.000mm-zm000087.100mm-shot0000.npy,71.0,-87.1,142,1000.0,0.142,0.986,0,True
109.5,auto_scan-2026-07-29_13-17-16,y0109.50cm,jul29_axicon3_002-tableyp001095.000mm-gantryxp000080.000mm-yp000035.000mm-zm000083.100mm-shot0000.npy,80.0,-83.1,169,788.0,0.2145,1.0,0,False
109.5,auto_scan-2026-07-29_13-17-16,y0109.50cm,jul29_axicon3_002-tableyp001095.000mm-gantryxp000080.000mm-yp000035.000mm-zm000087.100mm-shot0000.npy,80.0,-87.1,161,788.0,0.2043,0.953,0,False
110.0,auto_scan-2026-07-29_10-48-37_BAD,y0110.00cm,jul29_axicon3_001-tableyp001100.000mm-gantryxp000066.000mm-yp000030.000mm-zm000083.100mm-shot0000.npy,66.0,-83.1,133,1000.0,0.133,0.893,0,True
110.0,auto_scan-2026-07-29_10-48-37_BAD,y0110.00cm,jul29_axicon3_001-tableyp001100.000mm-gantryxp000066.000mm-yp000030.000mm-zm000087.100mm-shot0000.npy,66.0,-87.1,149,1000.0,0.149,1.0,0,True
110.0,auto_scan-2026-07-29_10-48-37_BAD,y0110.00cm,jul29_axicon3_001-tableyp001100.000mm-gantryxp000071.000mm-yp000030.000mm-zm000083.100mm-shot0000.npy,71.0,-83.1,133,1000.0,0.133,0.893,0,True
110.0,auto_scan-2026-07-29_10-48-37_BAD,y0110.00cm,jul29_axicon3_001-tableyp001100.000mm-gantryxp000071.000mm-yp000030.000mm-zm000087.100mm-shot0000.npy,71.0,-87.1,149,1000.0,0.149,1.0,0,True
110.0,auto_scan-2026-07-29_11-10-31_BAD,y0110.00cm,jul29_axicon3_002-tableyp001100.000mm-gantryxp000066.000mm-yp000130.000mm-zm000083.100mm-shot0000.npy,66.0,-83.1,142,1000.0,0.142,0.934,0,True
110.0,auto_scan-2026-07-29_11-10-31_BAD,y0110.00cm,jul29_axicon3_002-tableyp001100.000mm-gantryxp000066.000mm-yp000130.000mm-zm000087.100mm-shot0000.npy,66.0,-87.1,134,1000.0,0.134,0.882,0,True
110.0,auto_scan-2026-07-29_11-10-31_BAD,y0110.00cm,jul29_axicon3_002-tableyp001100.000mm-gantryxp000071.000mm-yp000130.000mm-zm000083.100mm-shot0000.npy,71.0,-83.1,129,1000.0,0.129,0.849,0,True
110.0,auto_scan-2026-07-29_11-10-31_BAD,y0110.00cm,jul29_axicon3_002-tableyp001100.000mm-gantryxp000071.000mm-yp000130.000mm-zm000087.100mm-shot0000.npy,71.0,-87.1,152,1000.0,0.152,1.0,0,True
110.0,auto_scan-2026-07-29_13-17-16,y0110.00cm,jul29_axicon3_002-tableyp001100.000mm-gantryxp000080.000mm-yp000030.000mm-zm000083.100mm-shot0000.npy,80.0,-83.1,172,788.0,0.2183,1.0,0,False
110.0,auto_scan-2026-07-29_13-17-16,y0110.00cm,jul29_axicon3_002-tableyp001100.000mm-gantryxp000080.000mm-yp000030.000mm-zm000087.100mm-shot0000.npy,80.0,-87.1,167,788.0,0.2119,0.971,0,False
110.0,auto_scan-2026-07-29_13-36-52,y0110.00cm,jul29_axicon3_003-tableyp001100.000mm-gantryxp000075.000mm-yp000130.000mm-zm000083.100mm-shot0000.npy,75.0,-83.1,104,500.0,0.208,0.881,0,False
110.0,auto_scan-2026-07-29_13-36-52,y0110.00cm,jul29_axicon3_003-tableyp001100.000mm-gantryxp000075.000mm-yp000130.000mm-zm000087.100mm-shot0000.npy,75.0,-87.1,110,500.0,0.22,0.932,0,False
110.0,auto_scan-2026-07-29_13-36-52,y0110.00cm,jul29_axicon3_003-tableyp001100.000mm-gantryxp000080.000mm-yp000130.000mm-zm000083.100mm-shot0000.npy,80.0,-83.1,118,500.0,0.236,1.0,0,False
110.0,auto_scan-2026-07-29_13-36-52,y0110.00cm,jul29_axicon3_003-tableyp001100.000mm-gantryxp000080.000mm-yp000130.000mm-zm000087.100mm-shot0000.npy,80.0,-87.1,118,500.0,0.236,1.0,0,False
110.5,auto_scan-2026-07-29_10-48-37_BAD,y0110.50cm,jul29_axicon3_001-tableyp001105.000mm-gantryxp000066.000mm-yp000025.000mm-zm000083.100mm-shot0000.npy,66.0,-83.1,146,1000.0,0.146,0.942,0,True
110.5,auto_scan-2026-07-29_10-48-37_BAD,y0110.50cm,jul29_axicon3_001-tableyp001105.000mm-gantryxp000066.000mm-yp000025.000mm-zm000087.100mm-shot0000.npy,66.0,-87.1,155,1000.0,0.155,1.0,0,True
110.5,auto_scan-2026-07-29_10-48-37_BAD,y0110.50cm,jul29_axicon3_001-tableyp001105.000mm-gantryxp000071.000mm-yp000025.000mm-zm000083.100mm-shot0000.npy,71.0,-83.1,137,1000.0,0.137,0.884,0,True
110.5,auto_scan-2026-07-29_10-48-37_BAD,y0110.50cm,jul29_axicon3_001-tableyp001105.000mm-gantryxp000071.000mm-yp000025.000mm-zm000087.100mm-shot0000.npy,71.0,-87.1,145,1000.0,0.145,0.935,0,True
110.5,auto_scan-2026-07-29_11-10-31_BAD,y0110.50cm,jul29_axicon3_002-tableyp001105.000mm-gantryxp000066.000mm-yp000125.000mm-zm000083.100mm-shot0000.npy,66.0,-83.1,143,1000.0,0.143,0.941,0,True
110.5,auto_scan-2026-07-29_11-10-31_BAD,y0110.50cm,jul29_axicon3_002-tableyp001105.000mm-gantryxp000066.000mm-yp000125.000mm-zm000087.100mm-shot0000.npy,66.0,-87.1,135,1000.0,0.135,0.888,0,True
110.5,auto_scan-2026-07-29_11-10-31_BAD,y0110.50cm,jul29_axicon3_002-tableyp001105.000mm-gantryxp000071.000mm-yp000125.000mm-zm000083.100mm-shot0000.npy,71.0,-83.1,142,1000.0,0.142,0.934,0,True
110.5,auto_scan-2026-07-29_11-10-31_BAD,y0110.50cm,jul29_axicon3_002-tableyp001105.000mm-gantryxp000071.000mm-yp000125.000mm-zm000087.100mm-shot0000.npy,71.0,-87.1,152,1000.0,0.152,1.0,0,True
110.5,auto_scan-2026-07-29_13-17-16,y0110.50cm,jul29_axicon3_002-tableyp001105.000mm-gantryxp000080.000mm-yp000025.000mm-zm000083.100mm-shot0000.npy,80.0,-83.1,177,788.0,0.2246,1.0,0,False
110.5,auto_scan-2026-07-29_13-17-16,y0110.50cm,jul29_axicon3_002-tableyp001105.000mm-gantryxp000080.000mm-yp000025.000mm-zm000087.100mm-shot0000.npy,80.0,-87.1,174,788.0,0.2208,0.983,0,False
110.5,auto_scan-2026-07-29_13-36-52,y0110.50cm,jul29_axicon3_003-tableyp001105.000mm-gantryxp000075.000mm-yp000125.000mm-zm000083.100mm-shot0000.npy,75.0,-83.1,120,500.0,0.24,0.984,0,False
110.5,auto_scan-2026-07-29_13-36-52,y0110.50cm,jul29_axicon3_003-tableyp001105.000mm-gantryxp000075.000mm-yp000125.000mm-zm000087.100mm-shot0000.npy,75.0,-87.1,113,500.0,0.226,0.926,0,False
110.5,auto_scan-2026-07-29_13-36-52,y0110.50cm,jul29_axicon3_003-tableyp001105.000mm-gantryxp000080.000mm-yp000125.000mm-zm000083.100mm-shot0000.npy,80.0,-83.1,122,500.0,0.244,1.0,0,False
110.5,auto_scan-2026-07-29_13-36-52,y0110.50cm,jul29_axicon3_003-tableyp001105.000mm-gantryxp000080.000mm-yp000125.000mm-zm000087.100mm-shot0000.npy,80.0,-87.1,112,500.0,0.224,0.918,0,False
111.0,auto_scan-2026-07-29_10-48-37_BAD,y0111.00cm,jul29_axicon3_001-tableyp001110.000mm-gantryxp000066.000mm-yp000020.000mm-zm000083.100mm-shot0000.npy,66.0,-83.1,158,1000.0,0.158,1.0,0,True
111.0,auto_scan-2026-07-29_10-48-37_BAD,y0111.00cm,jul29_axicon3_001-tableyp001110.000mm-gantryxp000066.000mm-yp000020.000mm-zm000087.100mm-shot0000.npy,66.0,-87.1,155,1000.0,0.155,0.981,0,True
111.0,auto_scan-2026-07-29_10-48-37_BAD,y0111.00cm,jul29_axicon3_001-tableyp001110.000mm-gantryxp000071.000mm-yp000020.000mm-zm000083.100mm-shot0000.npy,71.0,-83.1,140,1000.0,0.14,0.886,0,True
111.0,auto_scan-2026-07-29_10-48-37_BAD,y0111.00cm,jul29_axicon3_001-tableyp001110.000mm-gantryxp000071.000mm-yp000020.000mm-zm000087.100mm-shot0000.npy,71.0,-87.1,143,1000.0,0.143,0.905,0,True
111.0,auto_scan-2026-07-29_11-10-31_BAD,y0111.00cm,jul29_axicon3_002-tableyp001110.000mm-gantryxp000066.000mm-yp000120.000mm-zm000083.100mm-shot0000.npy,66.0,-83.1,123,1000.0,0.123,0.799,0,True
111.0,auto_scan-2026-07-29_11-10-31_BAD,y0111.00cm,jul29_axicon3_002-tableyp001110.000mm-gantryxp000066.000mm-yp000120.000mm-zm000087.100mm-shot0000.npy,66.0,-87.1,141,1000.0,0.141,0.916,0,True
111.0,auto_scan-2026-07-29_11-10-31_BAD,y0111.00cm,jul29_axicon3_002-tableyp001110.000mm-gantryxp000071.000mm-yp000120.000mm-zm000083.100mm-shot0000.npy,71.0,-83.1,141,1000.0,0.141,0.916,0,True
111.0,auto_scan-2026-07-29_11-10-31_BAD,y0111.00cm,jul29_axicon3_002-tableyp001110.000mm-gantryxp000071.000mm-yp000120.000mm-zm000087.100mm-shot0000.npy,71.0,-87.1,154,1000.0,0.154,1.0,0,True
111.0,auto_scan-2026-07-29_13-17-16,y0111.00cm,jul29_axicon3_002-tableyp001110.000mm-gantryxp000080.000mm-yp000020.000mm-zm000083.100mm-shot0000.npy,80.0,-83.1,163,677.4,0.2406,1.0,0,False
111.0,auto_scan-2026-07-29_13-17-16,y0111.00cm,jul29_axicon3_002-tableyp001110.000mm-gantryxp000080.000mm-yp000020.000mm-zm000087.100mm-shot0000.npy,80.0,-87.1,159,677.4,0.2347,0.975,0,False
111.0,auto_scan-2026-07-29_13-36-52,y0111.00cm,jul29_axicon3_003-tableyp001110.000mm-gantryxp000075.000mm-yp000120.000mm-zm000083.100mm-shot0000.npy,75.0,-83.1,122,500.0,0.244,1.0,0,False
111.0,auto_scan-2026-07-29_13-36-52,y0111.00cm,jul29_axicon3_003-tableyp001110.000mm-gantryxp000075.000mm-yp000120.000mm-zm000087.100mm-shot0000.npy,75.0,-87.1,116,500.0,0.232,0.951,0,False
111.0,auto_scan-2026-07-29_13-36-52,y0111.00cm,jul29_axicon3_003-tableyp001110.000mm-gantryxp000080.000mm-yp000120.000mm-zm000083.100mm-shot0000.npy,80.0,-83.1,115,500.0,0.23,0.943,0,False
111.0,auto_scan-2026-07-29_13-36-52,y0111.00cm,jul29_axicon3_003-tableyp001110.000mm-gantryxp000080.000mm-yp000120.000mm-zm000087.100mm-shot0000.npy,80.0,-87.1,120,500.0,0.24,0.984,0,False
111.5,auto_scan-2026-07-29_10-48-37_BAD,y0111.50cm,jul29_axicon3_001-tableyp001115.000mm-gantryxp000066.000mm-yp000015.000mm-zm000083.100mm-shot0000.npy,66.0,-83.1,161,1000.0,0.161,1.0,0,True
111.5,auto_scan-2026-07-29_10-48-37_BAD,y0111.50cm,jul29_axicon3_001-tableyp001115.000mm-gantryxp000066.000mm-yp000015.000mm-zm000087.100mm-shot0000.npy,66.0,-87.1,151,1000.0,0.151,0.938,0,True
111.5,auto_scan-2026-07-29_10-48-37_BAD,y0111.50cm,jul29_axicon3_001-tableyp001115.000mm-gantryxp000071.000mm-yp000015.000mm-zm000083.100mm-shot0000.npy,71.0,-83.1,142,1000.0,0.142,0.882,0,True
111.5,auto_scan-2026-07-29_10-48-37_BAD,y0111.50cm,jul29_axicon3_001-tableyp001115.000mm-gantryxp000071.000mm-yp000015.000mm-zm000087.100mm-shot0000.npy,71.0,-87.1,153,1000.0,0.153,0.95,0,True
111.5,auto_scan-2026-07-29_11-10-31_BAD,y0111.50cm,jul29_axicon3_002-tableyp001115.000mm-gantryxp000066.000mm-yp000115.000mm-zm000083.100mm-shot0000.npy,66.0,-83.1,133,1000.0,0.133,0.899,0,True
111.5,auto_scan-2026-07-29_11-10-31_BAD,y0111.50cm,jul29_axicon3_002-tableyp001115.000mm-gantryxp000066.000mm-yp000115.000mm-zm000087.100mm-shot0000.npy,66.0,-87.1,140,1000.0,0.14,0.946,0,True
111.5,auto_scan-2026-07-29_11-10-31_BAD,y0111.50cm,jul29_axicon3_002-tableyp001115.000mm-gantryxp000071.000mm-yp000115.000mm-zm000083.100mm-shot0000.npy,71.0,-83.1,145,1000.0,0.145,0.98,0,True
111.5,auto_scan-2026-07-29_11-10-31_BAD,y0111.50cm,jul29_axicon3_002-tableyp001115.000mm-gantryxp000071.000mm-yp000115.000mm-zm000087.100mm-shot0000.npy,71.0,-87.1,148,1000.0,0.148,1.0,0,True
111.5,auto_scan-2026-07-29_13-17-16,y0111.50cm,jul29_axicon3_002-tableyp001115.000mm-gantryxp000080.000mm-yp000015.000mm-zm000083.100mm-shot0000.npy,80.0,-83.1,158,677.4,0.2332,1.0,0,False
111.5,auto_scan-2026-07-29_13-17-16,y0111.50cm,jul29_axicon3_002-tableyp001115.000mm-gantryxp000080.000mm-yp000015.000mm-zm000087.100mm-shot0000.npy,80.0,-87.1,158,677.4,0.2332,1.0,0,False
111.5,auto_scan-2026-07-29_13-36-52,y0111.50cm,jul29_axicon3_003-tableyp001115.000mm-gantryxp000075.000mm-yp000115.000mm-zm000083.100mm-shot0000.npy,75.0,-83.1,123,500.0,0.246,1.0,0,False
111.5,auto_scan-2026-07-29_13-36-52,y0111.50cm,jul29_axicon3_003-tableyp001115.000mm-gantryxp000075.000mm-yp000115.000mm-zm000087.100mm-shot0000.npy,75.0,-87.1,116,500.0,0.232,0.943,0,False
111.5,auto_scan-2026-07-29_13-36-52,y0111.50cm,jul29_axicon3_003-tableyp001115.000mm-gantryxp000080.000mm-yp000115.000mm-zm000083.100mm-shot0000.npy,80.0,-83.1,106,500.0,0.212,0.862,0,False
111.5,auto_scan-2026-07-29_13-36-52,y0111.50cm,jul29_axicon3_003-tableyp001115.000mm-gantryxp000080.000mm-yp000115.000mm-zm000087.100mm-shot0000.npy,80.0,-87.1,117,500.0,0.234,0.951,0,False
112.0,auto_scan-2026-07-29_10-48-37_BAD,y0112.00cm,jul29_axicon3_001-tableyp001120.000mm-gantryxp000066.000mm-yp000010.000mm-zm000083.100mm-shot0000.npy,66.0,-83.1,156,1000.0,0.156,1.0,0,True
112.0,auto_scan-2026-07-29_10-48-37_BAD,y0112.00cm,jul29_axicon3_001-tableyp001120.000mm-gantryxp000066.000mm-yp000010.000mm-zm000087.100mm-shot0000.npy,66.0,-87.1,145,1000.0,0.145,0.929,0,True
112.0,auto_scan-2026-07-29_10-48-37_BAD,y0112.00cm,jul29_axicon3_001-tableyp001120.000mm-gantryxp000071.000mm-yp000010.000mm-zm000083.100mm-shot0000.npy,71.0,-83.1,145,1000.0,0.145,0.929,0,True
112.0,auto_scan-2026-07-29_10-48-37_BAD,y0112.00cm,jul29_axicon3_001-tableyp001120.000mm-gantryxp000071.000mm-yp000010.000mm-zm000087.100mm-shot0000.npy,71.0,-87.1,152,1000.0,0.152,0.974,0,True
112.0,auto_scan-2026-07-29_11-10-31_BAD,y0112.00cm,jul29_axicon3_002-tableyp001120.000mm-gantryxp000066.000mm-yp000110.000mm-zm000083.100mm-shot0000.npy,66.0,-83.1,141,1000.0,0.141,0.91,0,True
112.0,auto_scan-2026-07-29_11-10-31_BAD,y0112.00cm,jul29_axicon3_002-tableyp001120.000mm-gantryxp000066.000mm-yp000110.000mm-zm000087.100mm-shot0000.npy,66.0,-87.1,148,1000.0,0.148,0.955,0,True
112.0,auto_scan-2026-07-29_11-10-31_BAD,y0112.00cm,jul29_axicon3_002-tableyp001120.000mm-gantryxp000071.000mm-yp000110.000mm-zm000083.100mm-shot0000.npy,71.0,-83.1,155,1000.0,0.155,1.0,0,True
112.0,auto_scan-2026-07-29_11-10-31_BAD,y0112.00cm,jul29_axicon3_002-tableyp001120.000mm-gantryxp000071.000mm-yp000110.000mm-zm000087.100mm-shot0000.npy,71.0,-87.1,141,1000.0,0.141,0.91,0,True
112.0,auto_scan-2026-07-29_13-17-16,y0112.00cm,jul29_axicon3_002-tableyp001120.000mm-gantryxp000080.000mm-yp000010.000mm-zm000083.100mm-shot0000.npy,80.0,-83.1,154,677.4,0.2273,0.963,0,False
112.0,auto_scan-2026-07-29_13-17-16,y0112.00cm,jul29_axicon3_002-tableyp001120.000mm-gantryxp000080.000mm-yp000010.000mm-zm000087.100mm-shot0000.npy,80.0,-87.1,160,677.4,0.2362,1.0,0,False
112.0,auto_scan-2026-07-29_13-36-52,y0112.00cm,jul29_axicon3_003-tableyp001120.000mm-gantryxp000075.000mm-yp000110.000mm-zm000083.100mm-shot0000.npy,75.0,-83.1,113,500.0,0.226,0.942,0,False
112.0,auto_scan-2026-07-29_13-36-52,y0112.00cm,jul29_axicon3_003-tableyp001120.000mm-gantryxp000075.000mm-yp000110.000mm-zm000087.100mm-shot0000.npy,75.0,-87.1,114,500.0,0.228,0.95,0,False
112.0,auto_scan-2026-07-29_13-36-52,y0112.00cm,jul29_axicon3_003-tableyp001120.000mm-gantryxp000080.000mm-yp000110.000mm-zm000083.100mm-shot0000.npy,80.0,-83.1,120,500.0,0.24,1.0,0,False
112.0,auto_scan-2026-07-29_13-36-52,y0112.00cm,jul29_axicon3_003-tableyp001120.000mm-gantryxp000080.000mm-yp000110.000mm-zm000087.100mm-shot0000.npy,80.0,-87.1,109,500.0,0.218,0.908,0,False
112.5,auto_scan-2026-07-29_11-10-31_BAD,y0112.50cm,jul29_axicon3_002-tableyp001125.000mm-gantryxp000066.000mm-yp000105.000mm-zm000083.100mm-shot0000.npy,66.0,-83.1,142,1000.0,0.142,0.94,0,True
112.5,auto_scan-2026-07-29_11-10-31_BAD,y0112.50cm,jul29_axicon3_002-tableyp001125.000mm-gantryxp000066.000mm-yp000105.000mm-zm000087.100mm-shot0000.npy,66.0,-87.1,145,1000.0,0.145,0.96,0,True
112.5,auto_scan-2026-07-29_11-10-31_BAD,y0112.50cm,jul29_axicon3_002-tableyp001125.000mm-gantryxp000071.000mm-yp000105.000mm-zm000083.100mm-shot0000.npy,71.0,-83.1,151,1000.0,0.151,1.0,0,True
112.5,auto_scan-2026-07-29_11-10-31_BAD,y0112.50cm,jul29_axicon3_002-tableyp001125.000mm-gantryxp000071.000mm-yp000105.000mm-zm000087.100mm-shot0000.npy,71.0,-87.1,139,1000.0,0.139,0.921,0,True
112.5,auto_scan-2026-07-29_13-36-52,y0112.50cm,jul29_axicon3_003-tableyp001125.000mm-gantryxp000075.000mm-yp000105.000mm-zm000083.100mm-shot0000.npy,75.0,-83.1,117,500.0,0.234,0.907,0,False
112.5,auto_scan-2026-07-29_13-36-52,y0112.50cm,jul29_axicon3_003-tableyp001125.000mm-gantryxp000075.000mm-yp000105.000mm-zm000087.100mm-shot0000.npy,75.0,-87.1,129,500.0,0.258,1.0,0,False
112.5,auto_scan-2026-07-29_13-36-52,y0112.50cm,jul29_axicon3_003-tableyp001125.000mm-gantryxp000080.000mm-yp000105.000mm-zm000083.100mm-shot0000.npy,80.0,-83.1,121,500.0,0.242,0.938,0,False
112.5,auto_scan-2026-07-29_13-36-52,y0112.50cm,jul29_axicon3_003-tableyp001125.000mm-gantryxp000080.000mm-yp000105.000mm-zm000087.100mm-shot0000.npy,80.0,-87.1,111,500.0,0.222,0.86,0,False
113.0,auto_scan-2026-07-29_11-10-31_BAD,y0113.00cm,jul29_axicon3_002-tableyp001130.000mm-gantryxp000066.000mm-yp000100.000mm-zm000083.100mm-shot0000.npy,66.0,-83.1,146,1000.0,0.146,0.954,0,True
113.0,auto_scan-2026-07-29_11-10-31_BAD,y0113.00cm,jul29_axicon3_002-tableyp001130.000mm-gantryxp000066.000mm-yp000100.000mm-zm000087.100mm-shot0000.npy,66.0,-87.1,152,1000.0,0.152,0.993,0,True
113.0,auto_scan-2026-07-29_11-10-31_BAD,y0113.00cm,jul29_axicon3_002-tableyp001130.000mm-gantryxp000071.000mm-yp000100.000mm-zm000083.100mm-shot0000.npy,71.0,-83.1,153,1000.0,0.153,1.0,0,True
113.0,auto_scan-2026-07-29_11-10-31_BAD,y0113.00cm,jul29_axicon3_002-tableyp001130.000mm-gantryxp000071.000mm-yp000100.000mm-zm000087.100mm-shot0000.npy,71.0,-87.1,147,1000.0,0.147,0.961,0,True
113.0,auto_scan-2026-07-29_13-36-52,y0113.00cm,jul29_axicon3_003-tableyp001130.000mm-gantryxp000075.000mm-yp000100.000mm-zm000083.100mm-shot0000.npy,75.0,-83.1,130,500.0,0.26,1.0,0,False
113.0,auto_scan-2026-07-29_13-36-52,y0113.00cm,jul29_axicon3_003-tableyp001130.000mm-gantryxp000075.000mm-yp000100.000mm-zm000087.100mm-shot0000.npy,75.0,-87.1,127,500.0,0.254,0.977,0,False
113.0,auto_scan-2026-07-29_13-36-52,y0113.00cm,jul29_axicon3_003-tableyp001130.000mm-gantryxp000080.000mm-yp000100.000mm-zm000083.100mm-shot0000.npy,80.0,-83.1,117,500.0,0.234,0.9,0,False
113.0,auto_scan-2026-07-29_13-36-52,y0113.00cm,jul29_axicon3_003-tableyp001130.000mm-gantryxp000080.000mm-yp000100.000mm-zm000087.100mm-shot0000.npy,80.0,-87.1,128,500.0,0.256,0.985,0,False
113.5,auto_scan-2026-07-29_11-10-31_BAD,y0113.50cm,jul29_axicon3_002-tableyp001135.000mm-gantryxp000066.000mm-yp000095.000mm-zm000083.100mm-shot0000.npy,66.0,-83.1,159,1000.0,0.159,0.975,0,True
113.5,auto_scan-2026-07-29_11-10-31_BAD,y0113.50cm,jul29_axicon3_002-tableyp001135.000mm-gantryxp000066.000mm-yp000095.000mm-zm000087.100mm-shot0000.npy,66.0,-87.1,159,1000.0,0.159,0.975,0,True
113.5,auto_scan-2026-07-29_11-10-31_BAD,y0113.50cm,jul29_axicon3_002-tableyp001135.000mm-gantryxp000071.000mm-yp000095.000mm-zm000083.100mm-shot0000.npy,71.0,-83.1,160,1000.0,0.16,0.982,0,True
113.5,auto_scan-2026-07-29_11-10-31_BAD,y0113.50cm,jul29_axicon3_002-tableyp001135.000mm-gantryxp000071.000mm-yp000095.000mm-zm000087.100mm-shot0000.npy,71.0,-87.1,163,1000.0,0.163,1.0,0,True
113.5,auto_scan-2026-07-29_13-36-52,y0113.50cm,jul29_axicon3_003-tableyp001135.000mm-gantryxp000075.000mm-yp000095.000mm-zm000083.100mm-shot0000.npy,75.0,-83.1,127,500.0,0.254,0.941,0,False
113.5,auto_scan-2026-07-29_13-36-52,y0113.50cm,jul29_axicon3_003-tableyp001135.000mm-gantryxp000075.000mm-yp000095.000mm-zm000087.100mm-shot0000.npy,75.0,-87.1,127,500.0,0.254,0.941,0,False
113.5,auto_scan-2026-07-29_13-36-52,y0113.50cm,jul29_axicon3_003-tableyp001135.000mm-gantryxp000080.000mm-yp000095.000mm-zm000083.100mm-shot0000.npy,80.0,-83.1,128,500.0,0.256,0.948,0,False
113.5,auto_scan-2026-07-29_13-36-52,y0113.50cm,jul29_axicon3_003-tableyp001135.000mm-gantryxp000080.000mm-yp000095.000mm-zm000087.100mm-shot0000.npy,80.0,-87.1,135,500.0,0.27,1.0,0,False
114.0,auto_scan-2026-07-29_11-10-31_BAD,y0114.00cm,jul29_axicon3_002-tableyp001140.000mm-gantryxp000066.000mm-yp000090.000mm-zm000083.100mm-shot0000.npy,66.0,-83.1,169,1000.0,0.169,0.983,0,True
114.0,auto_scan-2026-07-29_11-10-31_BAD,y0114.00cm,jul29_axicon3_002-tableyp001140.000mm-gantryxp000066.000mm-yp000090.000mm-zm000087.100mm-shot0000.npy,66.0,-87.1,162,1000.0,0.162,0.942,0,True
114.0,auto_scan-2026-07-29_11-10-31_BAD,y0114.00cm,jul29_axicon3_002-tableyp001140.000mm-gantryxp000071.000mm-yp000090.000mm-zm000083.100mm-shot0000.npy,71.0,-83.1,161,1000.0,0.161,0.936,0,True
114.0,auto_scan-2026-07-29_11-10-31_BAD,y0114.00cm,jul29_axicon3_002-tableyp001140.000mm-gantryxp000071.000mm-yp000090.000mm-zm000087.100mm-shot0000.npy,71.0,-87.1,172,1000.0,0.172,1.0,0,True
114.0,auto_scan-2026-07-29_13-36-52,y0114.00cm,jul29_axicon3_003-tableyp001140.000mm-gantryxp000075.000mm-yp000090.000mm-zm000083.100mm-shot0000.npy,75.0,-83.1,129,500.0,0.258,0.928,0,False
114.0,auto_scan-2026-07-29_13-36-52,y0114.00cm,jul29_axicon3_003-tableyp001140.000mm-gantryxp000075.000mm-yp000090.000mm-zm000087.100mm-shot0000.npy,75.0,-87.1,134,500.0,0.268,0.964,0,False
114.0,auto_scan-2026-07-29_13-36-52,y0114.00cm,jul29_axicon3_003-tableyp001140.000mm-gantryxp000080.000mm-yp000090.000mm-zm000083.100mm-shot0000.npy,80.0,-83.1,139,500.0,0.278,1.0,0,False
114.0,auto_scan-2026-07-29_13-36-52,y0114.00cm,jul29_axicon3_003-tableyp001140.000mm-gantryxp000080.000mm-yp000090.000mm-zm000087.100mm-shot0000.npy,80.0,-87.1,134,500.0,0.268,0.964,0,False
114.5,auto_scan-2026-07-29_11-10-31_BAD,y0114.50cm,jul29_axicon3_002-tableyp001145.000mm-gantryxp000066.000mm-yp000085.000mm-zm000083.100mm-shot0000.npy,66.0,-83.1,178,1000.0,0.178,0.994,0,True
114.5,auto_scan-2026-07-29_11-10-31_BAD,y0114.50cm,jul29_axicon3_002-tableyp001145.000mm-gantryxp000066.000mm-yp000085.000mm-zm000087.100mm-shot0000.npy,66.0,-87.1,171,1000.0,0.171,0.955,0,True
114.5,auto_scan-2026-07-29_11-10-31_BAD,y0114.50cm,jul29_axicon3_002-tableyp001145.000mm-gantryxp000071.000mm-yp000085.000mm-zm000083.100mm-shot0000.npy,71.0,-83.1,166,1000.0,0.166,0.927,0,True
114.5,auto_scan-2026-07-29_11-10-31_BAD,y0114.50cm,jul29_axicon3_002-tableyp001145.000mm-gantryxp000071.000mm-yp000085.000mm-zm000087.100mm-shot0000.npy,71.0,-87.1,179,1000.0,0.179,1.0,0,True
114.5,auto_scan-2026-07-29_13-36-52,y0114.50cm,jul29_axicon3_003-tableyp001145.000mm-gantryxp000075.000mm-yp000085.000mm-zm000083.100mm-shot0000.npy,75.0,-83.1,138,500.0,0.276,0.945,0,False
114.5,auto_scan-2026-07-29_13-36-52,y0114.50cm,jul29_axicon3_003-tableyp001145.000mm-gantryxp000075.000mm-yp000085.000mm-zm000087.100mm-shot0000.npy,75.0,-87.1,146,500.0,0.292,1.0,0,False
114.5,auto_scan-2026-07-29_13-36-52,y0114.50cm,jul29_axicon3_003-tableyp001145.000mm-gantryxp000080.000mm-yp000085.000mm-zm000083.100mm-shot0000.npy,80.0,-83.1,138,500.0,0.276,0.945,0,False
114.5,auto_scan-2026-07-29_13-36-52,y0114.50cm,jul29_axicon3_003-tableyp001145.000mm-gantryxp000080.000mm-yp000085.000mm-zm000087.100mm-shot0000.npy,80.0,-87.1,145,500.0,0.29,0.993,0,False
115.0,auto_scan-2026-07-29_11-10-31_BAD,y0115.00cm,jul29_axicon3_002-tableyp001150.000mm-gantryxp000066.000mm-yp000080.000mm-zm000083.100mm-shot0000.npy,66.0,-83.1,157,1000.0,0.157,0.872,0,True
115.0,auto_scan-2026-07-29_11-10-31_BAD,y0115.00cm,jul29_axicon3_002-tableyp001150.000mm-gantryxp000066.000mm-yp000080.000mm-zm000087.100mm-shot0000.npy,66.0,-87.1,153,1000.0,0.153,0.85,0,True
115.0,auto_scan-2026-07-29_11-10-31_BAD,y0115.00cm,jul29_axicon3_002-tableyp001150.000mm-gantryxp000071.000mm-yp000080.000mm-zm000083.100mm-shot0000.npy,71.0,-83.1,160,1000.0,0.16,0.889,0,True
115.0,auto_scan-2026-07-29_11-10-31_BAD,y0115.00cm,jul29_axicon3_002-tableyp001150.000mm-gantryxp000071.000mm-yp000080.000mm-zm000087.100mm-shot0000.npy,71.0,-87.1,180,1000.0,0.18,1.0,0,True
115.0,auto_scan-2026-07-29_13-36-52,y0115.00cm,jul29_axicon3_003-tableyp001150.000mm-gantryxp000075.000mm-yp000080.000mm-zm000083.100mm-shot0000.npy,75.0,-83.1,135,500.0,0.27,0.957,0,False
115.0,auto_scan-2026-07-29_13-36-52,y0115.00cm,jul29_axicon3_003-tableyp001150.000mm-gantryxp000075.000mm-yp000080.000mm-zm000087.100mm-shot0000.npy,75.0,-87.1,138,500.0,0.276,0.979,0,False
115.0,auto_scan-2026-07-29_13-36-52,y0115.00cm,jul29_axicon3_003-tableyp001150.000mm-gantryxp000080.000mm-yp000080.000mm-zm000083.100mm-shot0000.npy,80.0,-83.1,131,500.0,0.262,0.929,0,False
115.0,auto_scan-2026-07-29_13-36-52,y0115.00cm,jul29_axicon3_003-tableyp001150.000mm-gantryxp000080.000mm-yp000080.000mm-zm000087.100mm-shot0000.npy,80.0,-87.1,141,500.0,0.282,1.0,0,False
115.5,auto_scan-2026-07-29_13-36-52,y0115.50cm,jul29_axicon3_003-tableyp001155.000mm-gantryxp000080.000mm-yp000075.000mm-zm000083.100mm-shot0000.npy,80.0,-83.1,125,500.0,0.25,0.969,0,False
115.5,auto_scan-2026-07-29_13-36-52,y0115.50cm,jul29_axicon3_003-tableyp001155.000mm-gantryxp000080.000mm-yp000075.000mm-zm000087.100mm-shot0000.npy,80.0,-87.1,129,500.0,0.258,1.0,0,False
116.0,auto_scan-2026-07-29_13-36-52,y0116.00cm,jul29_axicon3_003-tableyp001160.000mm-gantryxp000080.000mm-yp000070.000mm-zm000083.100mm-shot0000.npy,80.0,-83.1,130,500.0,0.26,1.0,0,False
116.0,auto_scan-2026-07-29_13-36-52,y0116.00cm,jul29_axicon3_003-tableyp001160.000mm-gantryxp000080.000mm-yp000070.000mm-zm000087.100mm-shot0000.npy,80.0,-87.1,130,500.0,0.26,1.0,0,False
116.5,auto_scan-2026-07-29_13-36-52,y0116.50cm,jul29_axicon3_003-tableyp001165.000mm-gantryxp000080.000mm-yp000065.000mm-zm000083.100mm-shot0000.npy,80.0,-83.1,131,500.0,0.262,1.0,0,False
116.5,auto_scan-2026-07-29_13-36-52,y0116.50cm,jul29_axicon3_003-tableyp001165.000mm-gantryxp000080.000mm-yp000065.000mm-zm000087.100mm-shot0000.npy,80.0,-87.1,131,500.0,0.262,1.0,0,False
117.0,auto_scan-2026-07-29_13-36-52,y0117.00cm,jul29_axicon3_003-tableyp001170.000mm-gantryxp000080.000mm-yp000060.000mm-zm000083.100mm-shot0000.npy,80.0,-83.1,127,500.0,0.254,0.955,0,False
117.0,auto_scan-2026-07-29_13-36-52,y0117.00cm,jul29_axicon3_003-tableyp001170.000mm-gantryxp000080.000mm-yp000060.000mm-zm000087.100mm-shot0000.npy,80.0,-87.1,133,500.0,0.266,1.0,0,False
117.5,auto_scan-2026-07-29_13-36-52,y0117.50cm,jul29_axicon3_003-tableyp001175.000mm-gantryxp000080.000mm-yp000055.000mm-zm000083.100mm-shot0000.npy,80.0,-83.1,131,500.0,0.262,0.929,0,False
117.5,auto_scan-2026-07-29_13-36-52,y0117.50cm,jul29_axicon3_003-tableyp001175.000mm-gantryxp000080.000mm-yp000055.000mm-zm000087.100mm-shot0000.npy,80.0,-87.1,141,500.0,0.282,1.0,0,False
118.0,auto_scan-2026-07-29_13-36-52,y0118.00cm,jul29_axicon3_003-tableyp001180.000mm-gantryxp000080.000mm-yp000050.000mm-zm000083.100mm-shot0000.npy,80.0,-83.1,150,500.0,0.3,0.993,0,False
118.0,auto_scan-2026-07-29_13-36-52,y0118.00cm,jul29_axicon3_003-tableyp001180.000mm-gantryxp000080.000mm-yp000050.000mm-zm000087.100mm-shot0000.npy,80.0,-87.1,151,500.0,0.302,1.0,0,False
118.5,auto_scan-2026-07-29_13-36-52,y0118.50cm,jul29_axicon3_003-tableyp001185.000mm-gantryxp000080.000mm-yp000045.000mm-zm000083.100mm-shot0000.npy,80.0,-83.1,157,500.0,0.314,0.975,0,False
118.5,auto_scan-2026-07-29_13-36-52,y0118.50cm,jul29_axicon3_003-tableyp001185.000mm-gantryxp000080.000mm-yp000045.000mm-zm000087.100mm-shot0000.npy,80.0,-87.1,161,500.0,0.322,1.0,0,False
119.0,auto_scan-2026-07-29_13-36-52,y0119.00cm,jul29_axicon3_003-tableyp001190.000mm-gantryxp000080.000mm-yp000040.000mm-zm000083.100mm-shot0000.npy,80.0,-83.1,153,500.0,0.306,0.916,0,False
119.0,auto_scan-2026-07-29_13-36-52,y0119.00cm,jul29_axicon3_003-tableyp001190.000mm-gantryxp000080.000mm-yp000040.000mm-zm000087.100mm-shot0000.npy,80.0,-87.1,167,500.0,0.334,1.0,0,False
119.5,auto_scan-2026-07-29_13-36-52,y0119.50cm,jul29_axicon3_003-tableyp001195.000mm-gantryxp000080.000mm-yp000035.000mm-zm000083.100mm-shot0000.npy,80.0,-83.1,145,500.0,0.29,0.942,0,False
119.5,auto_scan-2026-07-29_13-36-52,y0119.50cm,jul29_axicon3_003-tableyp001195.000mm-gantryxp000080.000mm-yp000035.000mm-zm000087.100mm-shot0000.npy,80.0,-87.1,154,500.0,0.308,1.0,0,False
120.0,auto_scan-2026-07-29_13-36-52,y0120.00cm,jul29_axicon3_003-tableyp001200.000mm-gantryxp000080.000mm-yp000030.000mm-zm000083.100mm-shot0000.npy,80.0,-83.1,137,500.0,0.274,0.901,0,False
120.0,auto_scan-2026-07-29_13-36-52,y0120.00cm,jul29_axicon3_003-tableyp001200.000mm-gantryxp000080.000mm-yp000030.000mm-zm000087.100mm-shot0000.npy,80.0,-87.1,152,500.0,0.304,1.0,0,False
120.0,auto_scan-2026-07-29_14-07-31,y0120.00cm,jul29_axicon3_004-tableyp001200.000mm-gantryxp000080.000mm-yp000130.000mm-zm000083.100mm-shot0000.npy,80.0,-83.1,149,500.0,0.298,1.0,0,False
120.0,auto_scan-2026-07-29_14-07-31,y0120.00cm,jul29_axicon3_004-tableyp001200.000mm-gantryxp000080.000mm-yp000130.000mm-zm000087.100mm-shot0000.npy,80.0,-87.1,139,500.0,0.278,0.933,0,False
120.5,auto_scan-2026-07-29_13-36-52,y0120.50cm,jul29_axicon3_003-tableyp001205.000mm-gantryxp000080.000mm-yp000025.000mm-zm000083.100mm-shot0000.npy,80.0,-83.1,143,500.0,0.286,1.0,0,False
120.5,auto_scan-2026-07-29_13-36-52,y0120.50cm,jul29_axicon3_003-tableyp001205.000mm-gantryxp000080.000mm-yp000025.000mm-zm000087.100mm-shot0000.npy,80.0,-87.1,139,500.0,0.278,0.972,0,False
120.5,auto_scan-2026-07-29_14-01-15,y0120.50cm,jul29_axicon3_003-tableyp001205.000mm-gantryxp000080.000mm-yp000025.000mm-zm000083.100mm-shot0000.npy,80.0,-83.1,144,500.0,0.288,1.0,0,False
120.5,auto_scan-2026-07-29_14-01-15,y0120.50cm,jul29_axicon3_003-tableyp001205.000mm-gantryxp000080.000mm-yp000025.000mm-zm000087.100mm-shot0000.npy,80.0,-87.1,136,500.0,0.272,0.944,0,False
120.5,auto_scan-2026-07-29_14-07-31,y0120.50cm,jul29_axicon3_004-tableyp001205.000mm-gantryxp000080.000mm-yp000125.000mm-zm000083.100mm-shot0000.npy,80.0,-83.1,137,500.0,0.274,1.0,0,False
120.5,auto_scan-2026-07-29_14-07-31,y0120.50cm,jul29_axicon3_004-tableyp001205.000mm-gantryxp000080.000mm-yp000125.000mm-zm000087.100mm-shot0000.npy,80.0,-87.1,134,500.0,0.268,0.978,0,False
121.0,auto_scan-2026-07-29_13-36-52,y0121.00cm,jul29_axicon3_003-tableyp001210.000mm-gantryxp000080.000mm-yp000020.000mm-zm000083.100mm-shot0000.npy,80.0,-83.1,134,500.0,0.268,0.978,0,False
121.0,auto_scan-2026-07-29_13-36-52,y0121.00cm,jul29_axicon3_003-tableyp001210.000mm-gantryxp000080.000mm-yp000020.000mm-zm000087.100mm-shot0000.npy,80.0,-87.1,137,500.0,0.274,1.0,0,False
121.0,auto_scan-2026-07-29_14-01-15,y0121.00cm,jul29_axicon3_003-tableyp001210.000mm-gantryxp000080.000mm-yp000020.000mm-zm000083.100mm-shot0000.npy,80.0,-83.1,133,500.0,0.266,1.0,0,False
121.0,auto_scan-2026-07-29_14-01-15,y0121.00cm,jul29_axicon3_003-tableyp001210.000mm-gantryxp000080.000mm-yp000020.000mm-zm000087.100mm-shot0000.npy,80.0,-87.1,128,500.0,0.256,0.962,0,False
121.0,auto_scan-2026-07-29_14-07-31,y0121.00cm,jul29_axicon3_004-tableyp001210.000mm-gantryxp000080.000mm-yp000120.000mm-zm000083.100mm-shot0000.npy,80.0,-83.1,133,500.0,0.266,1.0,0,False
121.0,auto_scan-2026-07-29_14-07-31,y0121.00cm,jul29_axicon3_004-tableyp001210.000mm-gantryxp000080.000mm-yp000120.000mm-zm000087.100mm-shot0000.npy,80.0,-87.1,129,500.0,0.258,0.97,0,False
121.5,auto_scan-2026-07-29_14-01-15,y0121.50cm,jul29_axicon3_003-tableyp001215.000mm-gantryxp000080.000mm-yp000015.000mm-zm000083.100mm-shot0000.npy,80.0,-83.1,138,500.0,0.276,0.972,0,False
121.5,auto_scan-2026-07-29_14-01-15,y0121.50cm,jul29_axicon3_003-tableyp001215.000mm-gantryxp000080.000mm-yp000015.000mm-zm000087.100mm-shot0000.npy,80.0,-87.1,142,500.0,0.284,1.0,0,False
121.5,auto_scan-2026-07-29_14-07-31,y0121.50cm,jul29_axicon3_004-tableyp001215.000mm-gantryxp000080.000mm-yp000115.000mm-zm000083.100mm-shot0000.npy,80.0,-83.1,139,500.0,0.278,1.0,0,False
121.5,auto_scan-2026-07-29_14-07-31,y0121.50cm,jul29_axicon3_004-tableyp001215.000mm-gantryxp000080.000mm-yp000115.000mm-zm000087.100mm-shot0000.npy,80.0,-87.1,128,500.0,0.256,0.921,0,False
122.0,auto_scan-2026-07-29_14-01-15,y0122.00cm,jul29_axicon3_003-tableyp001220.000mm-gantryxp000080.000mm-yp000010.000mm-zm000083.100mm-shot0000.npy,80.0,-83.1,151,500.0,0.302,1.0,0,False
122.0,auto_scan-2026-07-29_14-01-15,y0122.00cm,jul29_axicon3_003-tableyp001220.000mm-gantryxp000080.000mm-yp000010.000mm-zm000087.100mm-shot0000.npy,80.0,-87.1,147,500.0,0.294,0.974,0,False
122.0,auto_scan-2026-07-29_14-07-31,y0122.00cm,jul29_axicon3_004-tableyp001220.000mm-gantryxp000080.000mm-yp000110.000mm-zm000083.100mm-shot0000.npy,80.0,-83.1,141,500.0,0.282,1.0,0,False
122.0,auto_scan-2026-07-29_14-07-31,y0122.00cm,jul29_axicon3_004-tableyp001220.000mm-gantryxp000080.000mm-yp000110.000mm-zm000087.100mm-shot0000.npy,80.0,-87.1,132,500.0,0.264,0.936,0,False
122.5,auto_scan-2026-07-29_14-07-31,y0122.50cm,jul29_axicon3_004-tableyp001225.000mm-gantryxp000080.000mm-yp000105.000mm-zm000083.100mm-shot0000.npy,80.0,-83.1,146,500.0,0.292,1.0,0,False
122.5,auto_scan-2026-07-29_14-07-31,y0122.50cm,jul29_axicon3_004-tableyp001225.000mm-gantryxp000080.000mm-yp000105.000mm-zm000087.100mm-shot0000.npy,80.0,-87.1,144,500.0,0.288,0.986,0,False
123.0,auto_scan-2026-07-29_14-07-31,y0123.00cm,jul29_axicon3_004-tableyp001230.000mm-gantryxp000080.000mm-yp000100.000mm-zm000083.100mm-shot0000.npy,80.0,-83.1,152,500.0,0.304,0.993,0,False
123.0,auto_scan-2026-07-29_14-07-31,y0123.00cm,jul29_axicon3_004-tableyp001230.000mm-gantryxp000080.000mm-yp000100.000mm-zm000087.100mm-shot0000.npy,80.0,-87.1,153,500.0,0.306,1.0,0,False
123.5,auto_scan-2026-07-29_14-07-31,y0123.50cm,jul29_axicon3_004-tableyp001235.000mm-gantryxp000080.000mm-yp000095.000mm-zm000083.100mm-shot0000.npy,80.0,-83.1,158,500.0,0.316,0.963,0,False
123.5,auto_scan-2026-07-29_14-07-31,y0123.50cm,jul29_axicon3_004-tableyp001235.000mm-gantryxp000080.000mm-yp000095.000mm-zm000087.100mm-shot0000.npy,80.0,-87.1,164,500.0,0.328,1.0,0,False
124.0,auto_scan-2026-07-29_14-07-31,y0124.00cm,jul29_axicon3_004-tableyp001240.000mm-gantryxp000080.000mm-yp000090.000mm-zm000083.100mm-shot0000.npy,80.0,-83.1,159,500.0,0.318,0.952,0,False
124.0,auto_scan-2026-07-29_14-07-31,y0124.00cm,jul29_axicon3_004-tableyp001240.000mm-gantryxp000080.000mm-yp000090.000mm-zm000087.100mm-shot0000.npy,80.0,-87.1,167,500.0,0.334,1.0,0,False
124.5,auto_scan-2026-07-29_14-07-31,y0124.50cm,jul29_axicon3_004-tableyp001245.000mm-gantryxp000080.000mm-yp000085.000mm-zm000083.100mm-shot0000.npy,80.0,-83.1,159,500.0,0.318,0.988,0,False
124.5,auto_scan-2026-07-29_14-07-31,y0124.50cm,jul29_axicon3_004-tableyp001245.000mm-gantryxp000080.000mm-yp000085.000mm-zm000087.100mm-shot0000.npy,80.0,-87.1,161,500.0,0.322,1.0,0,False
125.0,auto_scan-2026-07-29_14-07-31,y0125.00cm,jul29_axicon3_004-tableyp001250.000mm-gantryxp000080.000mm-yp000080.000mm-zm000083.100mm-shot0000.npy,80.0,-83.1,158,500.0,0.316,1.0,0,False
125.0,auto_scan-2026-07-29_14-07-31,y0125.00cm,jul29_axicon3_004-tableyp001250.000mm-gantryxp000080.000mm-yp000080.000mm-zm000087.100mm-shot0000.npy,80.0,-87.1,158,500.0,0.316,1.0,0,False
125.5,auto_scan-2026-07-29_14-07-31,y0125.50cm,jul29_axicon3_004-tableyp001255.000mm-gantryxp000080.000mm-yp000075.000mm-zm000083.100mm-shot0000.npy,80.0,-83.1,153,500.0,0.306,1.0,0,False
125.5,auto_scan-2026-07-29_14-07-31,y0125.50cm,jul29_axicon3_004-tableyp001255.000mm-gantryxp000080.000mm-yp000075.000mm-zm000087.100mm-shot0000.npy,80.0,-87.1,148,500.0,0.296,0.967,0,False
126.0,auto_scan-2026-07-29_14-07-31,y0126.00cm,jul29_axicon3_004-tableyp001260.000mm-gantryxp000080.000mm-yp000070.000mm-zm000083.100mm-shot0000.npy,80.0,-83.1,155,500.0,0.31,1.0,0,False
126.0,auto_scan-2026-07-29_14-07-31,y0126.00cm,jul29_axicon3_004-tableyp001260.000mm-gantryxp000080.000mm-yp000070.000mm-zm000087.100mm-shot0000.npy,80.0,-87.1,139,500.0,0.278,0.897,0,False
126.5,auto_scan-2026-07-29_14-07-31,y0126.50cm,jul29_axicon3_004-tableyp001265.000mm-gantryxp000080.000mm-yp000065.000mm-zm000083.100mm-shot0000.npy,80.0,-83.1,154,500.0,0.308,1.0,0,False
126.5,auto_scan-2026-07-29_14-07-31,y0126.50cm,jul29_axicon3_004-tableyp001265.000mm-gantryxp000080.000mm-yp000065.000mm-zm000087.100mm-shot0000.npy,80.0,-87.1,137,500.0,0.274,0.89,0,False
127.0,auto_scan-2026-07-29_14-07-31,y0127.00cm,jul29_axicon3_004-tableyp001270.000mm-gantryxp000080.000mm-yp000060.000mm-zm000083.100mm-shot0000.npy,80.0,-83.1,156,500.0,0.312,1.0,0,False
127.0,auto_scan-2026-07-29_14-07-31,y0127.00cm,jul29_axicon3_004-tableyp001270.000mm-gantryxp000080.000mm-yp000060.000mm-zm000087.100mm-shot0000.npy,80.0,-87.1,140,500.0,0.28,0.897,0,False
127.5,auto_scan-2026-07-29_14-07-31,y0127.50cm,jul29_axicon3_004-tableyp001275.000mm-gantryxp000080.000mm-yp000055.000mm-zm000083.100mm-shot0000.npy,80.0,-83.1,161,500.0,0.322,1.0,0,False
127.5,auto_scan-2026-07-29_14-07-31,y0127.50cm,jul29_axicon3_004-tableyp001275.000mm-gantryxp000080.000mm-yp000055.000mm-zm000087.100mm-shot0000.npy,80.0,-87.1,152,500.0,0.304,0.944,0,False
128.0,auto_scan-2026-07-29_14-07-31,y0128.00cm,jul29_axicon3_004-tableyp001280.000mm-gantryxp000080.000mm-yp000050.000mm-zm000083.100mm-shot0000.npy,80.0,-83.1,161,500.0,0.322,0.982,0,False
128.0,auto_scan-2026-07-29_14-07-31,y0128.00cm,jul29_axicon3_004-tableyp001280.000mm-gantryxp000080.000mm-yp000050.000mm-zm000087.100mm-shot0000.npy,80.0,-87.1,164,500.0,0.328,1.0,0,False
128.5,auto_scan-2026-07-29_14-07-31,y0128.50cm,jul29_axicon3_004-tableyp001285.000mm-gantryxp000080.000mm-yp000045.000mm-zm000083.100mm-shot0000.npy,80.0,-83.1,142,429.8,0.3304,1.0,0,False
128.5,auto_scan-2026-07-29_14-07-31,y0128.50cm,jul29_axicon3_004-tableyp001285.000mm-gantryxp000080.000mm-yp000045.000mm-zm000087.100mm-shot0000.npy,80.0,-87.1,141,429.8,0.328,0.993,0,False
129.0,auto_scan-2026-07-29_14-07-31,y0129.00cm,jul29_axicon3_004-tableyp001290.000mm-gantryxp000080.000mm-yp000040.000mm-zm000083.100mm-shot0000.npy,80.0,-83.1,143,429.8,0.3327,0.923,0,False
129.0,auto_scan-2026-07-29_14-07-31,y0129.00cm,jul29_axicon3_004-tableyp001290.000mm-gantryxp000080.000mm-yp000040.000mm-zm000087.100mm-shot0000.npy,80.0,-87.1,155,429.8,0.3606,1.0,0,False
129.5,auto_scan-2026-07-29_14-07-31,y0129.50cm,jul29_axicon3_004-tableyp001295.000mm-gantryxp000080.000mm-yp000035.000mm-zm000083.100mm-shot0000.npy,80.0,-83.1,145,429.8,0.3373,0.96,0,False
129.5,auto_scan-2026-07-29_14-07-31,y0129.50cm,jul29_axicon3_004-tableyp001295.000mm-gantryxp000080.000mm-yp000035.000mm-zm000087.100mm-shot0000.npy,80.0,-87.1,151,429.8,0.3513,1.0,0,False
130.0,auto_scan-2026-07-29_14-07-31,y0130.00cm,jul29_axicon3_004-tableyp001300.000mm-gantryxp000080.000mm-yp000030.000mm-zm000083.100mm-shot0000.npy,80.0,-83.1,150,429.8,0.349,1.0,0,False
130.0,auto_scan-2026-07-29_14-07-31,y0130.00cm,jul29_axicon3_004-tableyp001300.000mm-gantryxp000080.000mm-yp000030.000mm-zm000087.100mm-shot0000.npy,80.0,-87.1,141,429.8,0.328,0.94,0,False
130.0,auto_scan-2026-07-29_14-33-49,y0130.00cm,jul29_axicon3_005-tableyp001300.000mm-gantryxp000080.000mm-yp000130.000mm-zm000083.100mm-shot0000.npy,80.0,-83.1,162,500.0,0.324,0.942,0,False
130.0,auto_scan-2026-07-29_14-33-49,y0130.00cm,jul29_axicon3_005-tableyp001300.000mm-gantryxp000080.000mm-yp000130.000mm-zm000087.100mm-shot0000.npy,80.0,-87.1,163,500.0,0.326,0.948,0,False
130.0,auto_scan-2026-07-29_14-33-49,y0130.00cm,jul29_axicon3_005-tableyp001300.000mm-gantryxp000085.000mm-yp000130.000mm-zm000083.100mm-shot0000.npy,85.0,-83.1,167,500.0,0.334,0.971,0,False
130.0,auto_scan-2026-07-29_14-33-49,y0130.00cm,jul29_axicon3_005-tableyp001300.000mm-gantryxp000085.000mm-yp000130.000mm-zm000087.100mm-shot0000.npy,85.0,-87.1,172,500.0,0.344,1.0,0,False
130.5,auto_scan-2026-07-29_14-07-31,y0130.50cm,jul29_axicon3_004-tableyp001305.000mm-gantryxp000080.000mm-yp000025.000mm-zm000083.100mm-shot0000.npy,80.0,-83.1,147,429.8,0.342,1.0,0,False
130.5,auto_scan-2026-07-29_14-07-31,y0130.50cm,jul29_axicon3_004-tableyp001305.000mm-gantryxp000080.000mm-yp000025.000mm-zm000087.100mm-shot0000.npy,80.0,-87.1,133,429.8,0.3094,0.905,0,False
130.5,auto_scan-2026-07-29_14-33-49,y0130.50cm,jul29_axicon3_005-tableyp001305.000mm-gantryxp000080.000mm-yp000125.000mm-zm000083.100mm-shot0000.npy,80.0,-83.1,167,500.0,0.334,0.994,0,False
130.5,auto_scan-2026-07-29_14-33-49,y0130.50cm,jul29_axicon3_005-tableyp001305.000mm-gantryxp000080.000mm-yp000125.000mm-zm000087.100mm-shot0000.npy,80.0,-87.1,168,500.0,0.336,1.0,0,False
130.5,auto_scan-2026-07-29_14-33-49,y0130.50cm,jul29_axicon3_005-tableyp001305.000mm-gantryxp000085.000mm-yp000125.000mm-zm000083.100mm-shot0000.npy,85.0,-83.1,162,500.0,0.324,0.964,0,False
130.5,auto_scan-2026-07-29_14-33-49,y0130.50cm,jul29_axicon3_005-tableyp001305.000mm-gantryxp000085.000mm-yp000125.000mm-zm000087.100mm-shot0000.npy,85.0,-87.1,168,500.0,0.336,1.0,0,False
131.0,auto_scan-2026-07-29_14-07-31,y0131.00cm,jul29_axicon3_004-tableyp001310.000mm-gantryxp000080.000mm-yp000020.000mm-zm000083.100mm-shot0000.npy,80.0,-83.1,145,429.8,0.3373,1.0,0,False
131.0,auto_scan-2026-07-29_14-07-31,y0131.00cm,jul29_axicon3_004-tableyp001310.000mm-gantryxp000080.000mm-yp000020.000mm-zm000087.100mm-shot0000.npy,80.0,-87.1,125,429.8,0.2908,0.862,0,False
131.0,auto_scan-2026-07-29_14-33-49,y0131.00cm,jul29_axicon3_005-tableyp001310.000mm-gantryxp000080.000mm-yp000120.000mm-zm000083.100mm-shot0000.npy,80.0,-83.1,159,500.0,0.318,0.924,0,False
131.0,auto_scan-2026-07-29_14-33-49,y0131.00cm,jul29_axicon3_005-tableyp001310.000mm-gantryxp000080.000mm-yp000120.000mm-zm000087.100mm-shot0000.npy,80.0,-87.1,170,500.0,0.34,0.988,0,False
131.0,auto_scan-2026-07-29_14-33-49,y0131.00cm,jul29_axicon3_005-tableyp001310.000mm-gantryxp000085.000mm-yp000120.000mm-zm000083.100mm-shot0000.npy,85.0,-83.1,157,500.0,0.314,0.913,0,False
131.0,auto_scan-2026-07-29_14-33-49,y0131.00cm,jul29_axicon3_005-tableyp001310.000mm-gantryxp000085.000mm-yp000120.000mm-zm000087.100mm-shot0000.npy,85.0,-87.1,172,500.0,0.344,1.0,0,False
131.5,auto_scan-2026-07-29_14-07-31,y0131.50cm,jul29_axicon3_004-tableyp001315.000mm-gantryxp000080.000mm-yp000015.000mm-zm000083.100mm-shot0000.npy,80.0,-83.1,149,429.8,0.3466,1.0,0,False
131.5,auto_scan-2026-07-29_14-07-31,y0131.50cm,jul29_axicon3_004-tableyp001315.000mm-gantryxp000080.000mm-yp000015.000mm-zm000087.100mm-shot0000.npy,80.0,-87.1,131,429.8,0.3048,0.879,0,False
131.5,auto_scan-2026-07-29_14-33-49,y0131.50cm,jul29_axicon3_005-tableyp001315.000mm-gantryxp000080.000mm-yp000115.000mm-zm000083.100mm-shot0000.npy,80.0,-83.1,164,500.0,0.328,0.937,0,False
131.5,auto_scan-2026-07-29_14-33-49,y0131.50cm,jul29_axicon3_005-tableyp001315.000mm-gantryxp000080.000mm-yp000115.000mm-zm000087.100mm-shot0000.npy,80.0,-87.1,166,500.0,0.332,0.949,0,False
131.5,auto_scan-2026-07-29_14-33-49,y0131.50cm,jul29_axicon3_005-tableyp001315.000mm-gantryxp000085.000mm-yp000115.000mm-zm000083.100mm-shot0000.npy,85.0,-83.1,154,500.0,0.308,0.88,0,False
131.5,auto_scan-2026-07-29_14-33-49,y0131.50cm,jul29_axicon3_005-tableyp001315.000mm-gantryxp000085.000mm-yp000115.000mm-zm000087.100mm-shot0000.npy,85.0,-87.1,175,500.0,0.35,1.0,0,False
132.0,auto_scan-2026-07-29_14-07-31,y0132.00cm,jul29_axicon3_004-tableyp001320.000mm-gantryxp000080.000mm-yp000010.000mm-zm000083.100mm-shot0000.npy,80.0,-83.1,139,429.8,0.3234,1.0,0,False
132.0,auto_scan-2026-07-29_14-07-31,y0132.00cm,jul29_axicon3_004-tableyp001320.000mm-gantryxp000080.000mm-yp000010.000mm-zm000087.100mm-shot0000.npy,80.0,-87.1,137,429.8,0.3187,0.986,0,False
132.0,auto_scan-2026-07-29_14-33-49,y0132.00cm,jul29_axicon3_005-tableyp001320.000mm-gantryxp000080.000mm-yp000110.000mm-zm000083.100mm-shot0000.npy,80.0,-83.1,134,429.8,0.3118,0.924,0,False
132.0,auto_scan-2026-07-29_14-33-49,y0132.00cm,jul29_axicon3_005-tableyp001320.000mm-gantryxp000080.000mm-yp000110.000mm-zm000087.100mm-shot0000.npy,80.0,-87.1,130,429.8,0.3024,0.897,0,False
132.0,auto_scan-2026-07-29_14-33-49,y0132.00cm,jul29_axicon3_005-tableyp001320.000mm-gantryxp000085.000mm-yp000110.000mm-zm000083.100mm-shot0000.npy,85.0,-83.1,141,429.8,0.328,0.972,0,False
132.0,auto_scan-2026-07-29_14-33-49,y0132.00cm,jul29_axicon3_005-tableyp001320.000mm-gantryxp000085.000mm-yp000110.000mm-zm000087.100mm-shot0000.npy,85.0,-87.1,145,429.8,0.3373,1.0,0,False
132.5,auto_scan-2026-07-29_14-33-49,y0132.50cm,jul29_axicon3_005-tableyp001325.000mm-gantryxp000080.000mm-yp000105.000mm-zm000083.100mm-shot0000.npy,80.0,-83.1,139,429.8,0.3234,0.946,0,False
132.5,auto_scan-2026-07-29_14-33-49,y0132.50cm,jul29_axicon3_005-tableyp001325.000mm-gantryxp000080.000mm-yp000105.000mm-zm000087.100mm-shot0000.npy,80.0,-87.1,141,429.8,0.328,0.959,0,False
132.5,auto_scan-2026-07-29_14-33-49,y0132.50cm,jul29_axicon3_005-tableyp001325.000mm-gantryxp000085.000mm-yp000105.000mm-zm000083.100mm-shot0000.npy,85.0,-83.1,143,429.8,0.3327,0.973,0,False
132.5,auto_scan-2026-07-29_14-33-49,y0132.50cm,jul29_axicon3_005-tableyp001325.000mm-gantryxp000085.000mm-yp000105.000mm-zm000087.100mm-shot0000.npy,85.0,-87.1,147,429.8,0.342,1.0,0,False
133.0,auto_scan-2026-07-29_14-33-49,y0133.00cm,jul29_axicon3_005-tableyp001330.000mm-gantryxp000080.000mm-yp000100.000mm-zm000083.100mm-shot0000.npy,80.0,-83.1,145,429.8,0.3373,0.924,0,False
133.0,auto_scan-2026-07-29_14-33-49,y0133.00cm,jul29_axicon3_005-tableyp001330.000mm-gantryxp000080.000mm-yp000100.000mm-zm000087.100mm-shot0000.npy,80.0,-87.1,146,429.8,0.3397,0.93,0,False
133.0,auto_scan-2026-07-29_14-33-49,y0133.00cm,jul29_axicon3_005-tableyp001330.000mm-gantryxp000085.000mm-yp000100.000mm-zm000083.100mm-shot0000.npy,85.0,-83.1,146,429.8,0.3397,0.93,0,False
133.0,auto_scan-2026-07-29_14-33-49,y0133.00cm,jul29_axicon3_005-tableyp001330.000mm-gantryxp000085.000mm-yp000100.000mm-zm000087.100mm-shot0000.npy,85.0,-87.1,157,429.8,0.3653,1.0,0,False
133.5,auto_scan-2026-07-29_14-33-49,y0133.50cm,jul29_axicon3_005-tableyp001335.000mm-gantryxp000080.000mm-yp000095.000mm-zm000083.100mm-shot0000.npy,80.0,-83.1,151,429.8,0.3513,0.932,0,False
133.5,auto_scan-2026-07-29_14-33-49,y0133.50cm,jul29_axicon3_005-tableyp001335.000mm-gantryxp000080.000mm-yp000095.000mm-zm000087.100mm-shot0000.npy,80.0,-87.1,148,429.8,0.3443,0.914,0,False
133.5,auto_scan-2026-07-29_14-33-49,y0133.50cm,jul29_axicon3_005-tableyp001335.000mm-gantryxp000085.000mm-yp000095.000mm-zm000083.100mm-shot0000.npy,85.0,-83.1,140,429.8,0.3257,0.864,0,False
133.5,auto_scan-2026-07-29_14-33-49,y0133.50cm,jul29_axicon3_005-tableyp001335.000mm-gantryxp000085.000mm-yp000095.000mm-zm000087.100mm-shot0000.npy,85.0,-87.1,162,429.8,0.3769,1.0,0,False
134.0,auto_scan-2026-07-29_14-33-49,y0134.00cm,jul29_axicon3_005-tableyp001340.000mm-gantryxp000080.000mm-yp000090.000mm-zm000083.100mm-shot0000.npy,80.0,-83.1,138,429.8,0.3211,0.841,0,False
134.0,auto_scan-2026-07-29_14-33-49,y0134.00cm,jul29_axicon3_005-tableyp001340.000mm-gantryxp000080.000mm-yp000090.000mm-zm000087.100mm-shot0000.npy,80.0,-87.1,151,429.8,0.3513,0.921,0,False
134.0,auto_scan-2026-07-29_14-33-49,y0134.00cm,jul29_axicon3_005-tableyp001340.000mm-gantryxp000085.000mm-yp000090.000mm-zm000083.100mm-shot0000.npy,85.0,-83.1,154,429.8,0.3583,0.939,0,False
134.0,auto_scan-2026-07-29_14-33-49,y0134.00cm,jul29_axicon3_005-tableyp001340.000mm-gantryxp000085.000mm-yp000090.000mm-zm000087.100mm-shot0000.npy,85.0,-87.1,164,429.8,0.3815,1.0,0,False
134.5,auto_scan-2026-07-29_14-33-49,y0134.50cm,jul29_axicon3_005-tableyp001345.000mm-gantryxp000080.000mm-yp000085.000mm-zm000083.100mm-shot0000.npy,80.0,-83.1,151,429.8,0.3513,0.888,0,False
134.5,auto_scan-2026-07-29_14-33-49,y0134.50cm,jul29_axicon3_005-tableyp001345.000mm-gantryxp000080.000mm-yp000085.000mm-zm000087.100mm-shot0000.npy,80.0,-87.1,156,429.8,0.3629,0.918,0,False
134.5,auto_scan-2026-07-29_14-33-49,y0134.50cm,jul29_axicon3_005-tableyp001345.000mm-gantryxp000085.000mm-yp000085.000mm-zm000083.100mm-shot0000.npy,85.0,-83.1,150,429.8,0.349,0.882,0,False
134.5,auto_scan-2026-07-29_14-33-49,y0134.50cm,jul29_axicon3_005-tableyp001345.000mm-gantryxp000085.000mm-yp000085.000mm-zm000087.100mm-shot0000.npy,85.0,-87.1,170,429.8,0.3955,1.0,0,False
135.0,auto_scan-2026-07-29_14-33-49,y0135.00cm,jul29_axicon3_005-tableyp001350.000mm-gantryxp000080.000mm-yp000080.000mm-zm000083.100mm-shot0000.npy,80.0,-83.1,142,429.8,0.3304,0.826,0,False
135.0,auto_scan-2026-07-29_14-33-49,y0135.00cm,jul29_axicon3_005-tableyp001350.000mm-gantryxp000080.000mm-yp000080.000mm-zm000087.100mm-shot0000.npy,80.0,-87.1,163,429.8,0.3792,0.948,0,False
135.0,auto_scan-2026-07-29_14-33-49,y0135.00cm,jul29_axicon3_005-tableyp001350.000mm-gantryxp000085.000mm-yp000080.000mm-zm000083.100mm-shot0000.npy,85.0,-83.1,146,429.8,0.3397,0.849,0,False
135.0,auto_scan-2026-07-29_14-33-49,y0135.00cm,jul29_axicon3_005-tableyp001350.000mm-gantryxp000085.000mm-yp000080.000mm-zm000087.100mm-shot0000.npy,85.0,-87.1,172,429.8,0.4002,1.0,0,False
135.5,auto_scan-2026-07-29_14-33-49,y0135.50cm,jul29_axicon3_005-tableyp001355.000mm-gantryxp000080.000mm-yp000075.000mm-zm000083.100mm-shot0000.npy,80.0,-83.1,153,429.8,0.356,0.939,0,False
135.5,auto_scan-2026-07-29_14-33-49,y0135.50cm,jul29_axicon3_005-tableyp001355.000mm-gantryxp000080.000mm-yp000075.000mm-zm000087.100mm-shot0000.npy,80.0,-87.1,158,429.8,0.3676,0.969,0,False
135.5,auto_scan-2026-07-29_14-33-49,y0135.50cm,jul29_axicon3_005-tableyp001355.000mm-gantryxp000085.000mm-yp000075.000mm-zm000083.100mm-shot0000.npy,85.0,-83.1,152,429.8,0.3536,0.933,0,False
135.5,auto_scan-2026-07-29_14-33-49,y0135.50cm,jul29_axicon3_005-tableyp001355.000mm-gantryxp000085.000mm-yp000075.000mm-zm000087.100mm-shot0000.npy,85.0,-87.1,163,429.8,0.3792,1.0,0,False
136.0,auto_scan-2026-07-29_14-33-49,y0136.00cm,jul29_axicon3_005-tableyp001360.000mm-gantryxp000080.000mm-yp000070.000mm-zm000083.100mm-shot0000.npy,80.0,-83.1,147,429.8,0.342,0.896,0,False
136.0,auto_scan-2026-07-29_14-33-49,y0136.00cm,jul29_axicon3_005-tableyp001360.000mm-gantryxp000080.000mm-yp000070.000mm-zm000087.100mm-shot0000.npy,80.0,-87.1,148,429.8,0.3443,0.902,0,False
136.0,auto_scan-2026-07-29_14-33-49,y0136.00cm,jul29_axicon3_005-tableyp001360.000mm-gantryxp000085.000mm-yp000070.000mm-zm000083.100mm-shot0000.npy,85.0,-83.1,149,429.8,0.3466,0.909,0,False
136.0,auto_scan-2026-07-29_14-33-49,y0136.00cm,jul29_axicon3_005-tableyp001360.000mm-gantryxp000085.000mm-yp000070.000mm-zm000087.100mm-shot0000.npy,85.0,-87.1,164,429.8,0.3815,1.0,0,False
136.5,auto_scan-2026-07-29_14-33-49,y0136.50cm,jul29_axicon3_005-tableyp001365.000mm-gantryxp000080.000mm-yp000065.000mm-zm000083.100mm-shot0000.npy,80.0,-83.1,148,429.8,0.3443,0.937,0,False
136.5,auto_scan-2026-07-29_14-33-49,y0136.50cm,jul29_axicon3_005-tableyp001365.000mm-gantryxp000080.000mm-yp000065.000mm-zm000087.100mm-shot0000.npy,80.0,-87.1,151,429.8,0.3513,0.956,0,False
136.5,auto_scan-2026-07-29_14-33-49,y0136.50cm,jul29_axicon3_005-tableyp001365.000mm-gantryxp000085.000mm-yp000065.000mm-zm000083.100mm-shot0000.npy,85.0,-83.1,149,429.8,0.3466,0.943,0,False
136.5,auto_scan-2026-07-29_14-33-49,y0136.50cm,jul29_axicon3_005-tableyp001365.000mm-gantryxp000085.000mm-yp000065.000mm-zm000087.100mm-shot0000.npy,85.0,-87.1,158,429.8,0.3676,1.0,0,False
137.0,auto_scan-2026-07-29_14-33-49,y0137.00cm,jul29_axicon3_005-tableyp001370.000mm-gantryxp000080.000mm-yp000060.000mm-zm000083.100mm-shot0000.npy,80.0,-83.1,153,429.8,0.356,0.968,0,False
137.0,auto_scan-2026-07-29_14-33-49,y0137.00cm,jul29_axicon3_005-tableyp001370.000mm-gantryxp000080.000mm-yp000060.000mm-zm000087.100mm-shot0000.npy,80.0,-87.1,158,429.8,0.3676,1.0,0,False
137.0,auto_scan-2026-07-29_14-33-49,y0137.00cm,jul29_axicon3_005-tableyp001370.000mm-gantryxp000085.000mm-yp000060.000mm-zm000083.100mm-shot0000.npy,85.0,-83.1,145,429.8,0.3373,0.918,0,False
137.0,auto_scan-2026-07-29_14-33-49,y0137.00cm,jul29_axicon3_005-tableyp001370.000mm-gantryxp000085.000mm-yp000060.000mm-zm000087.100mm-shot0000.npy,85.0,-87.1,155,429.8,0.3606,0.981,0,False
137.5,auto_scan-2026-07-29_14-33-49,y0137.50cm,jul29_axicon3_005-tableyp001375.000mm-gantryxp000080.000mm-yp000055.000mm-zm000083.100mm-shot0000.npy,80.0,-83.1,153,429.8,0.356,0.927,0,False
137.5,auto_scan-2026-07-29_14-33-49,y0137.50cm,jul29_axicon3_005-tableyp001375.000mm-gantryxp000080.000mm-yp000055.000mm-zm000087.100mm-shot0000.npy,80.0,-87.1,165,429.8,0.3839,1.0,0,False
137.5,auto_scan-2026-07-29_14-33-49,y0137.50cm,jul29_axicon3_005-tableyp001375.000mm-gantryxp000085.000mm-yp000055.000mm-zm000083.100mm-shot0000.npy,85.0,-83.1,148,429.8,0.3443,0.897,0,False
137.5,auto_scan-2026-07-29_14-33-49,y0137.50cm,jul29_axicon3_005-tableyp001375.000mm-gantryxp000085.000mm-yp000055.000mm-zm000087.100mm-shot0000.npy,85.0,-87.1,149,429.8,0.3466,0.903,0,False
138.0,auto_scan-2026-07-29_14-33-49,y0138.00cm,jul29_axicon3_005-tableyp001380.000mm-gantryxp000080.000mm-yp000050.000mm-zm000083.100mm-shot0000.npy,80.0,-83.1,150,429.8,0.349,0.926,0,False
138.0,auto_scan-2026-07-29_14-33-49,y0138.00cm,jul29_axicon3_005-tableyp001380.000mm-gantryxp000080.000mm-yp000050.000mm-zm000087.100mm-shot0000.npy,80.0,-87.1,162,429.8,0.3769,1.0,0,False
138.0,auto_scan-2026-07-29_14-33-49,y0138.00cm,jul29_axicon3_005-tableyp001380.000mm-gantryxp000085.000mm-yp000050.000mm-zm000083.100mm-shot0000.npy,85.0,-83.1,151,429.8,0.3513,0.932,0,False
138.0,auto_scan-2026-07-29_14-33-49,y0138.00cm,jul29_axicon3_005-tableyp001380.000mm-gantryxp000085.000mm-yp000050.000mm-zm000087.100mm-shot0000.npy,85.0,-87.1,155,429.8,0.3606,0.957,0,False
138.5,auto_scan-2026-07-29_14-33-49,y0138.50cm,jul29_axicon3_005-tableyp001385.000mm-gantryxp000080.000mm-yp000045.000mm-zm000083.100mm-shot0000.npy,80.0,-83.1,151,429.8,0.3513,0.91,0,False
138.5,auto_scan-2026-07-29_14-33-49,y0138.50cm,jul29_axicon3_005-tableyp001385.000mm-gantryxp000080.000mm-yp000045.000mm-zm000087.100mm-shot0000.npy,80.0,-87.1,166,429.8,0.3862,1.0,0,False
138.5,auto_scan-2026-07-29_14-33-49,y0138.50cm,jul29_axicon3_005-tableyp001385.000mm-gantryxp000085.000mm-yp000045.000mm-zm000083.100mm-shot0000.npy,85.0,-83.1,155,429.8,0.3606,0.934,0,False
138.5,auto_scan-2026-07-29_14-33-49,y0138.50cm,jul29_axicon3_005-tableyp001385.000mm-gantryxp000085.000mm-yp000045.000mm-zm000087.100mm-shot0000.npy,85.0,-87.1,156,429.8,0.3629,0.94,0,False
139.0,auto_scan-2026-07-29_14-33-49,y0139.00cm,jul29_axicon3_005-tableyp001390.000mm-gantryxp000080.000mm-yp000040.000mm-zm000083.100mm-shot0000.npy,80.0,-83.1,155,429.8,0.3606,0.934,0,False
139.0,auto_scan-2026-07-29_14-33-49,y0139.00cm,jul29_axicon3_005-tableyp001390.000mm-gantryxp000080.000mm-yp000040.000mm-zm000087.100mm-shot0000.npy,80.0,-87.1,160,429.8,0.3722,0.964,0,False
139.0,auto_scan-2026-07-29_14-33-49,y0139.00cm,jul29_axicon3_005-tableyp001390.000mm-gantryxp000085.000mm-yp000040.000mm-zm000083.100mm-shot0000.npy,85.0,-83.1,157,429.8,0.3653,0.946,0,False
139.0,auto_scan-2026-07-29_14-33-49,y0139.00cm,jul29_axicon3_005-tableyp001390.000mm-gantryxp000085.000mm-yp000040.000mm-zm000087.100mm-shot0000.npy,85.0,-87.1,166,429.8,0.3862,1.0,0,False
139.5,auto_scan-2026-07-29_14-33-49,y0139.50cm,jul29_axicon3_005-tableyp001395.000mm-gantryxp000080.000mm-yp000035.000mm-zm000083.100mm-shot0000.npy,80.0,-83.1,168,429.8,0.3909,0.939,0,False
139.5,auto_scan-2026-07-29_14-33-49,y0139.50cm,jul29_axicon3_005-tableyp001395.000mm-gantryxp000080.000mm-yp000035.000mm-zm000087.100mm-shot0000.npy,80.0,-87.1,179,429.8,0.4164,1.0,0,False
139.5,auto_scan-2026-07-29_14-33-49,y0139.50cm,jul29_axicon3_005-tableyp001395.000mm-gantryxp000085.000mm-yp000035.000mm-zm000083.100mm-shot0000.npy,85.0,-83.1,171,429.8,0.3978,0.955,0,False
139.5,auto_scan-2026-07-29_14-33-49,y0139.50cm,jul29_axicon3_005-tableyp001395.000mm-gantryxp000085.000mm-yp000035.000mm-zm000087.100mm-shot0000.npy,85.0,-87.1,158,429.8,0.3676,0.883,0,False
140.0,auto_scan-2026-07-29_14-33-49,y0140.00cm,jul29_axicon3_005-tableyp001400.000mm-gantryxp000080.000mm-yp000030.000mm-zm000083.100mm-shot0000.npy,80.0,-83.1,170,429.8,0.3955,0.96,0,False
140.0,auto_scan-2026-07-29_14-33-49,y0140.00cm,jul29_axicon3_005-tableyp001400.000mm-gantryxp000080.000mm-yp000030.000mm-zm000087.100mm-shot0000.npy,80.0,-87.1,177,429.8,0.4118,1.0,0,False
140.0,auto_scan-2026-07-29_14-33-49,y0140.00cm,jul29_axicon3_005-tableyp001400.000mm-gantryxp000085.000mm-yp000030.000mm-zm000083.100mm-shot0000.npy,85.0,-83.1,175,429.8,0.4071,0.989,0,False
140.0,auto_scan-2026-07-29_14-33-49,y0140.00cm,jul29_axicon3_005-tableyp001400.000mm-gantryxp000085.000mm-yp000030.000mm-zm000087.100mm-shot0000.npy,85.0,-87.1,161,429.8,0.3746,0.91,0,False
140.0,auto_scan-2026-07-29_14-54-27,y0140.00cm,jul29_axicon3_006-tableyp001400.000mm-gantryxp000080.000mm-yp000130.000mm-zm000083.100mm-shot0000.npy,80.0,-83.1,155,389.9,0.3975,1.0,0,False
140.0,auto_scan-2026-07-29_14-54-27,y0140.00cm,jul29_axicon3_006-tableyp001400.000mm-gantryxp000080.000mm-yp000130.000mm-zm000087.100mm-shot0000.npy,80.0,-87.1,145,389.9,0.3718,0.935,0,False
140.0,auto_scan-2026-07-29_14-54-27,y0140.00cm,jul29_axicon3_006-tableyp001400.000mm-gantryxp000085.000mm-yp000130.000mm-zm000083.100mm-shot0000.npy,85.0,-83.1,153,389.9,0.3924,0.987,0,False
140.0,auto_scan-2026-07-29_14-54-27,y0140.00cm,jul29_axicon3_006-tableyp001400.000mm-gantryxp000085.000mm-yp000130.000mm-zm000087.100mm-shot0000.npy,85.0,-87.1,147,389.9,0.377,0.948,0,False
140.5,auto_scan-2026-07-29_14-33-49,y0140.50cm,jul29_axicon3_005-tableyp001405.000mm-gantryxp000080.000mm-yp000025.000mm-zm000083.100mm-shot0000.npy,80.0,-83.1,176,429.8,0.4095,0.972,0,False
140.5,auto_scan-2026-07-29_14-33-49,y0140.50cm,jul29_axicon3_005-tableyp001405.000mm-gantryxp000080.000mm-yp000025.000mm-zm000087.100mm-shot0000.npy,80.0,-87.1,181,429.8,0.4211,1.0,0,False
140.5,auto_scan-2026-07-29_14-33-49,y0140.50cm,jul29_axicon3_005-tableyp001405.000mm-gantryxp000085.000mm-yp000025.000mm-zm000083.100mm-shot0000.npy,85.0,-83.1,180,429.8,0.4188,0.994,0,False
140.5,auto_scan-2026-07-29_14-33-49,y0140.50cm,jul29_axicon3_005-tableyp001405.000mm-gantryxp000085.000mm-yp000025.000mm-zm000087.100mm-shot0000.npy,85.0,-87.1,162,429.8,0.3769,0.895,0,False
140.5,auto_scan-2026-07-29_14-54-27,y0140.50cm,jul29_axicon3_006-tableyp001405.000mm-gantryxp000080.000mm-yp000125.000mm-zm000083.100mm-shot0000.npy,80.0,-83.1,160,389.9,0.4103,1.0,0,False
141.0,auto_scan-2026-07-29_14-33-49,y0141.00cm,jul29_axicon3_005-tableyp001410.000mm-gantryxp000080.000mm-yp000020.000mm-zm000083.100mm-shot0000.npy,80.0,-83.1,140,342.3,0.409,0.952,0,False
141.0,auto_scan-2026-07-29_14-33-49,y0141.00cm,jul29_axicon3_005-tableyp001410.000mm-gantryxp000080.000mm-yp000020.000mm-zm000087.100mm-shot0000.npy,80.0,-87.1,144,342.3,0.4207,0.98,0,False
141.0,auto_scan-2026-07-29_14-33-49,y0141.00cm,jul29_axicon3_005-tableyp001410.000mm-gantryxp000085.000mm-yp000020.000mm-zm000083.100mm-shot0000.npy,85.0,-83.1,147,342.3,0.4295,1.0,0,False
141.0,auto_scan-2026-07-29_14-33-49,y0141.00cm,jul29_axicon3_005-tableyp001410.000mm-gantryxp000085.000mm-yp000020.000mm-zm000087.100mm-shot0000.npy,85.0,-87.1,135,342.3,0.3944,0.918,0,False
141.0,auto_scan-2026-07-29_14-54-27,y0141.00cm,jul29_axicon3_006-tableyp001410.000mm-gantryxp000080.000mm-yp000120.000mm-zm000083.100mm-shot0000.npy,80.0,-83.1,154,389.9,0.3949,1.0,0,False
141.5,auto_scan-2026-07-29_14-33-49,y0141.50cm,jul29_axicon3_005-tableyp001415.000mm-gantryxp000080.000mm-yp000015.000mm-zm000083.100mm-shot0000.npy,80.0,-83.1,147,342.3,0.4295,1.0,0,False
141.5,auto_scan-2026-07-29_14-33-49,y0141.50cm,jul29_axicon3_005-tableyp001415.000mm-gantryxp000080.000mm-yp000015.000mm-zm000087.100mm-shot0000.npy,80.0,-87.1,136,342.3,0.3973,0.925,0,False
141.5,auto_scan-2026-07-29_14-33-49,y0141.50cm,jul29_axicon3_005-tableyp001415.000mm-gantryxp000085.000mm-yp000015.000mm-zm000083.100mm-shot0000.npy,85.0,-83.1,138,342.3,0.4032,0.939,0,False
141.5,auto_scan-2026-07-29_14-33-49,y0141.50cm,jul29_axicon3_005-tableyp001415.000mm-gantryxp000085.000mm-yp000015.000mm-zm000087.100mm-shot0000.npy,85.0,-87.1,140,342.3,0.409,0.952,0,False
141.5,auto_scan-2026-07-29_14-54-27,y0141.50cm,jul29_axicon3_006-tableyp001415.000mm-gantryxp000080.000mm-yp000115.000mm-zm000083.100mm-shot0000.npy,80.0,-83.1,157,389.9,0.4026,1.0,0,False
142.0,auto_scan-2026-07-29_14-33-49,y0142.00cm,jul29_axicon3_005-tableyp001420.000mm-gantryxp000080.000mm-yp000010.000mm-zm000083.100mm-shot0000.npy,80.0,-83.1,149,342.3,0.4353,1.0,0,False
142.0,auto_scan-2026-07-29_14-33-49,y0142.00cm,jul29_axicon3_005-tableyp001420.000mm-gantryxp000080.000mm-yp000010.000mm-zm000087.100mm-shot0000.npy,80.0,-87.1,142,342.3,0.4149,0.953,0,False
142.0,auto_scan-2026-07-29_14-33-49,y0142.00cm,jul29_axicon3_005-tableyp001420.000mm-gantryxp000085.000mm-yp000010.000mm-zm000083.100mm-shot0000.npy,85.0,-83.1,140,342.3,0.409,0.94,0,False
142.0,auto_scan-2026-07-29_14-33-49,y0142.00cm,jul29_axicon3_005-tableyp001420.000mm-gantryxp000085.000mm-yp000010.000mm-zm000087.100mm-shot0000.npy,85.0,-87.1,145,342.3,0.4236,0.973,0,False
142.0,auto_scan-2026-07-29_14-54-27,y0142.00cm,jul29_axicon3_006-tableyp001420.000mm-gantryxp000080.000mm-yp000110.000mm-zm000083.100mm-shot0000.npy,80.0,-83.1,164,389.9,0.4206,1.0,0,False
142.5,auto_scan-2026-07-29_14-54-27,y0142.50cm,jul29_axicon3_006-tableyp001425.000mm-gantryxp000080.000mm-yp000105.000mm-zm000083.100mm-shot0000.npy,80.0,-83.1,167,389.9,0.4283,1.0,0,False
143.0,auto_scan-2026-07-29_14-54-27,y0143.00cm,jul29_axicon3_006-tableyp001430.000mm-gantryxp000080.000mm-yp000100.000mm-zm000083.100mm-shot0000.npy,80.0,-83.1,171,389.9,0.4385,1.0,0,False
143.5,auto_scan-2026-07-29_14-54-27,y0143.50cm,jul29_axicon3_006-tableyp001435.000mm-gantryxp000080.000mm-yp000095.000mm-zm000083.100mm-shot0000.npy,80.0,-83.1,173,389.9,0.4436,1.0,0,False
144.0,auto_scan-2026-07-29_14-54-27,y0144.00cm,jul29_axicon3_006-tableyp001440.000mm-gantryxp000080.000mm-yp000090.000mm-zm000083.100mm-shot0000.npy,80.0,-83.1,176,389.9,0.4513,1.0,0,False
144.5,auto_scan-2026-07-29_14-54-27,y0144.50cm,jul29_axicon3_006-tableyp001445.000mm-gantryxp000080.000mm-yp000085.000mm-zm000083.100mm-shot0000.npy,80.0,-83.1,176,389.9,0.4513,1.0,0,False
145.0,auto_scan-2026-07-29_14-54-27,y0145.00cm,jul29_axicon3_006-tableyp001450.000mm-gantryxp000080.000mm-yp000080.000mm-zm000083.100mm-shot0000.npy,80.0,-83.1,176,389.9,0.4513,1.0,0,False
145.5,auto_scan-2026-07-29_14-54-27,y0145.50cm,jul29_axicon3_006-tableyp001455.000mm-gantryxp000080.000mm-yp000075.000mm-zm000083.100mm-shot0000.npy,80.0,-83.1,172,389.9,0.4411,1.0,0,False
146.0,auto_scan-2026-07-29_14-54-27,y0146.00cm,jul29_axicon3_006-tableyp001460.000mm-gantryxp000080.000mm-yp000070.000mm-zm000083.100mm-shot0000.npy,80.0,-83.1,165,389.9,0.4231,0.954,0,False
146.0,auto_scan-2026-07-29_14-54-27,y0146.00cm,jul29_axicon3_006-tableyp001460.000mm-gantryxp000080.000mm-yp000070.000mm-zm000087.100mm-shot0000.npy,80.0,-87.1,156,389.9,0.4001,0.902,0,False
146.0,auto_scan-2026-07-29_14-54-27,y0146.00cm,jul29_axicon3_006-tableyp001460.000mm-gantryxp000085.000mm-yp000070.000mm-zm000083.100mm-shot0000.npy,85.0,-83.1,173,389.9,0.4436,1.0,0,False
146.0,auto_scan-2026-07-29_14-54-27,y0146.00cm,jul29_axicon3_006-tableyp001460.000mm-gantryxp000085.000mm-yp000070.000mm-zm000087.100mm-shot0000.npy,85.0,-87.1,151,389.9,0.3872,0.873,0,False
146.5,auto_scan-2026-07-29_14-54-27,y0146.50cm,jul29_axicon3_006-tableyp001465.000mm-gantryxp000080.000mm-yp000065.000mm-zm000083.100mm-shot0000.npy,80.0,-83.1,163,389.9,0.418,0.964,0,False
146.5,auto_scan-2026-07-29_14-54-27,y0146.50cm,jul29_axicon3_006-tableyp001465.000mm-gantryxp000080.000mm-yp000065.000mm-zm000087.100mm-shot0000.npy,80.0,-87.1,155,389.9,0.3975,0.917,0,False
146.5,auto_scan-2026-07-29_14-54-27,y0146.50cm,jul29_axicon3_006-tableyp001465.000mm-gantryxp000085.000mm-yp000065.000mm-zm000083.100mm-shot0000.npy,85.0,-83.1,169,389.9,0.4334,1.0,0,False
146.5,auto_scan-2026-07-29_14-54-27,y0146.50cm,jul29_axicon3_006-tableyp001465.000mm-gantryxp000085.000mm-yp000065.000mm-zm000087.100mm-shot0000.npy,85.0,-87.1,149,389.9,0.3821,0.882,0,False
147.0,auto_scan-2026-07-29_14-54-27,y0147.00cm,jul29_axicon3_006-tableyp001470.000mm-gantryxp000080.000mm-yp000060.000mm-zm000083.100mm-shot0000.npy,80.0,-83.1,162,389.9,0.4154,0.994,0,False
147.0,auto_scan-2026-07-29_14-54-27,y0147.00cm,jul29_axicon3_006-tableyp001470.000mm-gantryxp000080.000mm-yp000060.000mm-zm000087.100mm-shot0000.npy,80.0,-87.1,156,389.9,0.4001,0.957,0,False
147.0,auto_scan-2026-07-29_14-54-27,y0147.00cm,jul29_axicon3_006-tableyp001470.000mm-gantryxp000085.000mm-yp000060.000mm-zm000083.100mm-shot0000.npy,85.0,-83.1,163,389.9,0.418,1.0,0,False
147.0,auto_scan-2026-07-29_14-54-27,y0147.00cm,jul29_axicon3_006-tableyp001470.000mm-gantryxp000085.000mm-yp000060.000mm-zm000087.100mm-shot0000.npy,85.0,-87.1,160,389.9,0.4103,0.982,0,False
147.5,auto_scan-2026-07-29_14-54-27,y0147.50cm,jul29_axicon3_006-tableyp001475.000mm-gantryxp000080.000mm-yp000055.000mm-zm000083.100mm-shot0000.npy,80.0,-83.1,171,389.9,0.4385,1.0,0,False
147.5,auto_scan-2026-07-29_14-54-27,y0147.50cm,jul29_axicon3_006-tableyp001475.000mm-gantryxp000080.000mm-yp000055.000mm-zm000087.100mm-shot0000.npy,80.0,-87.1,170,389.9,0.436,0.994,0,False
147.5,auto_scan-2026-07-29_14-54-27,y0147.50cm,jul29_axicon3_006-tableyp001475.000mm-gantryxp000085.000mm-yp000055.000mm-zm000083.100mm-shot0000.npy,85.0,-83.1,159,389.9,0.4077,0.93,0,False
147.5,auto_scan-2026-07-29_14-54-27,y0147.50cm,jul29_axicon3_006-tableyp001475.000mm-gantryxp000085.000mm-yp000055.000mm-zm000087.100mm-shot0000.npy,85.0,-87.1,167,389.9,0.4283,0.977,0,False
148.0,auto_scan-2026-07-29_14-54-27,y0148.00cm,jul29_axicon3_006-tableyp001480.000mm-gantryxp000080.000mm-yp000050.000mm-zm000083.100mm-shot0000.npy,80.0,-83.1,175,389.9,0.4488,0.994,0,False
148.0,auto_scan-2026-07-29_14-54-27,y0148.00cm,jul29_axicon3_006-tableyp001480.000mm-gantryxp000080.000mm-yp000050.000mm-zm000087.100mm-shot0000.npy,80.0,-87.1,176,389.9,0.4513,1.0,0,False
148.0,auto_scan-2026-07-29_14-54-27,y0148.00cm,jul29_axicon3_006-tableyp001480.000mm-gantryxp000085.000mm-yp000050.000mm-zm000083.100mm-shot0000.npy,85.0,-83.1,161,389.9,0.4129,0.915,0,False
148.0,auto_scan-2026-07-29_14-54-27,y0148.00cm,jul29_axicon3_006-tableyp001480.000mm-gantryxp000085.000mm-yp000050.000mm-zm000087.100mm-shot0000.npy,85.0,-87.1,163,389.9,0.418,0.926,0,False
148.5,auto_scan-2026-07-29_14-54-27,y0148.50cm,jul29_axicon3_006-tableyp001485.000mm-gantryxp000080.000mm-yp000045.000mm-zm000083.100mm-shot0000.npy,80.0,-83.1,177,389.9,0.4539,1.0,0,False
148.5,auto_scan-2026-07-29_14-54-27,y0148.50cm,jul29_axicon3_006-tableyp001485.000mm-gantryxp000080.000mm-yp000045.000mm-zm000087.100mm-shot0000.npy,80.0,-87.1,176,389.9,0.4513,0.994,0,False
148.5,auto_scan-2026-07-29_14-54-27,y0148.50cm,jul29_axicon3_006-tableyp001485.000mm-gantryxp000085.000mm-yp000045.000mm-zm000083.100mm-shot0000.npy,85.0,-83.1,158,389.9,0.4052,0.893,0,False
148.5,auto_scan-2026-07-29_14-54-27,y0148.50cm,jul29_axicon3_006-tableyp001485.000mm-gantryxp000085.000mm-yp000045.000mm-zm000087.100mm-shot0000.npy,85.0,-87.1,161,389.9,0.4129,0.91,0,False
149.0,auto_scan-2026-07-29_14-54-27,y0149.00cm,jul29_axicon3_006-tableyp001490.000mm-gantryxp000080.000mm-yp000040.000mm-zm000083.100mm-shot0000.npy,80.0,-83.1,154,331.5,0.4646,1.0,0,False
149.0,auto_scan-2026-07-29_14-54-27,y0149.00cm,jul29_axicon3_006-tableyp001490.000mm-gantryxp000080.000mm-yp000040.000mm-zm000087.100mm-shot0000.npy,80.0,-87.1,152,331.5,0.4586,0.987,0,False
149.0,auto_scan-2026-07-29_14-54-27,y0149.00cm,jul29_axicon3_006-tableyp001490.000mm-gantryxp000085.000mm-yp000040.000mm-zm000083.100mm-shot0000.npy,85.0,-83.1,141,331.5,0.4254,0.916,0,False
149.0,auto_scan-2026-07-29_14-54-27,y0149.00cm,jul29_axicon3_006-tableyp001490.000mm-gantryxp000085.000mm-yp000040.000mm-zm000087.100mm-shot0000.npy,85.0,-87.1,134,331.5,0.4043,0.87,0,False
149.5,auto_scan-2026-07-29_14-54-27,y0149.50cm,jul29_axicon3_006-tableyp001495.000mm-gantryxp000080.000mm-yp000035.000mm-zm000083.100mm-shot0000.npy,80.0,-83.1,155,331.5,0.4676,1.0,0,False
149.5,auto_scan-2026-07-29_14-54-27,y0149.50cm,jul29_axicon3_006-tableyp001495.000mm-gantryxp000080.000mm-yp000035.000mm-zm000087.100mm-shot0000.npy,80.0,-87.1,145,331.5,0.4375,0.935,0,False
149.5,auto_scan-2026-07-29_14-54-27,y0149.50cm,jul29_axicon3_006-tableyp001495.000mm-gantryxp000085.000mm-yp000035.000mm-zm000083.100mm-shot0000.npy,85.0,-83.1,152,331.5,0.4586,0.981,0,False
149.5,auto_scan-2026-07-29_14-54-27,y0149.50cm,jul29_axicon3_006-tableyp001495.000mm-gantryxp000085.000mm-yp000035.000mm-zm000087.100mm-shot0000.npy,85.0,-87.1,137,331.5,0.4133,0.884,0,False
150.0,auto_scan-2026-07-29_14-54-27,y0150.00cm,jul29_axicon3_006-tableyp001500.000mm-gantryxp000080.000mm-yp000030.000mm-zm000083.100mm-shot0000.npy,80.0,-83.1,157,331.5,0.4737,1.0,0,False
150.0,auto_scan-2026-07-29_14-54-27,y0150.00cm,jul29_axicon3_006-tableyp001500.000mm-gantryxp000080.000mm-yp000030.000mm-zm000087.100mm-shot0000.npy,80.0,-87.1,141,331.5,0.4254,0.898,0,False
150.0,auto_scan-2026-07-29_14-54-27,y0150.00cm,jul29_axicon3_006-tableyp001500.000mm-gantryxp000085.000mm-yp000030.000mm-zm000083.100mm-shot0000.npy,85.0,-83.1,154,331.5,0.4646,0.981,0,False
150.0,auto_scan-2026-07-29_14-54-27,y0150.00cm,jul29_axicon3_006-tableyp001500.000mm-gantryxp000085.000mm-yp000030.000mm-zm000087.100mm-shot0000.npy,85.0,-87.1,150,331.5,0.4525,0.955,0,False
150.0,auto_scan-2026-07-29_15-07-43,y0150.00cm,jul29_axicon3_007-tableyp001500.000mm-gantryxp000080.000mm-yp000130.000mm-zm000083.100mm-shot0000.npy,80.0,-83.1,109,250.0,0.436,0.916,0,False
150.0,auto_scan-2026-07-29_15-07-43,y0150.00cm,jul29_axicon3_007-tableyp001500.000mm-gantryxp000080.000mm-yp000130.000mm-zm000087.100mm-shot0000.npy,80.0,-87.1,111,250.0,0.444,0.933,0,False
150.0,auto_scan-2026-07-29_15-07-43,y0150.00cm,jul29_axicon3_007-tableyp001500.000mm-gantryxp000085.000mm-yp000130.000mm-zm000083.100mm-shot0000.npy,85.0,-83.1,119,250.0,0.476,1.0,0,False
150.0,auto_scan-2026-07-29_15-07-43,y0150.00cm,jul29_axicon3_007-tableyp001500.000mm-gantryxp000085.000mm-yp000130.000mm-zm000087.100mm-shot0000.npy,85.0,-87.1,108,250.0,0.432,0.908,0,False
150.5,auto_scan-2026-07-29_14-54-27,y0150.50cm,jul29_axicon3_006-tableyp001505.000mm-gantryxp000080.000mm-yp000025.000mm-zm000083.100mm-shot0000.npy,80.0,-83.1,159,331.5,0.4797,1.0,0,False
150.5,auto_scan-2026-07-29_14-54-27,y0150.50cm,jul29_axicon3_006-tableyp001505.000mm-gantryxp000080.000mm-yp000025.000mm-zm000087.100mm-shot0000.npy,80.0,-87.1,149,331.5,0.4495,0.937,0,False
150.5,auto_scan-2026-07-29_14-54-27,y0150.50cm,jul29_axicon3_006-tableyp001505.000mm-gantryxp000085.000mm-yp000025.000mm-zm000083.100mm-shot0000.npy,85.0,-83.1,154,331.5,0.4646,0.969,0,False
150.5,auto_scan-2026-07-29_14-54-27,y0150.50cm,jul29_axicon3_006-tableyp001505.000mm-gantryxp000085.000mm-yp000025.000mm-zm000087.100mm-shot0000.npy,85.0,-87.1,158,331.5,0.4767,0.994,0,False
150.5,auto_scan-2026-07-29_15-07-43,y0150.50cm,jul29_axicon3_007-tableyp001505.000mm-gantryxp000080.000mm-yp000125.000mm-zm000083.100mm-shot0000.npy,80.0,-83.1,118,250.0,0.472,0.929,0,False
150.5,auto_scan-2026-07-29_15-07-43,y0150.50cm,jul29_axicon3_007-tableyp001505.000mm-gantryxp000080.000mm-yp000125.000mm-zm000087.100mm-shot0000.npy,80.0,-87.1,112,250.0,0.448,0.882,0,False
150.5,auto_scan-2026-07-29_15-07-43,y0150.50cm,jul29_axicon3_007-tableyp001505.000mm-gantryxp000085.000mm-yp000125.000mm-zm000083.100mm-shot0000.npy,85.0,-83.1,121,250.0,0.484,0.953,0,False
150.5,auto_scan-2026-07-29_15-07-43,y0150.50cm,jul29_axicon3_007-tableyp001505.000mm-gantryxp000085.000mm-yp000125.000mm-zm000087.100mm-shot0000.npy,85.0,-87.1,127,250.0,0.508,1.0,0,False
151.0,auto_scan-2026-07-29_14-54-27,y0151.00cm,jul29_axicon3_006-tableyp001510.000mm-gantryxp000080.000mm-yp000020.000mm-zm000083.100mm-shot0000.npy,80.0,-83.1,167,331.5,0.5038,1.0,0,False
151.0,auto_scan-2026-07-29_14-54-27,y0151.00cm,jul29_axicon3_006-tableyp001510.000mm-gantryxp000080.000mm-yp000020.000mm-zm000087.100mm-shot0000.npy,80.0,-87.1,165,331.5,0.4978,0.988,0,False
151.0,auto_scan-2026-07-29_14-54-27,y0151.00cm,jul29_axicon3_006-tableyp001510.000mm-gantryxp000085.000mm-yp000020.000mm-zm000083.100mm-shot0000.npy,85.0,-83.1,156,331.5,0.4707,0.934,0,False
151.0,auto_scan-2026-07-29_14-54-27,y0151.00cm,jul29_axicon3_006-tableyp001510.000mm-gantryxp000085.000mm-yp000020.000mm-zm000087.100mm-shot0000.npy,85.0,-87.1,161,331.5,0.4857,0.964,0,False
151.0,auto_scan-2026-07-29_15-07-43,y0151.00cm,jul29_axicon3_007-tableyp001510.000mm-gantryxp000080.000mm-yp000120.000mm-zm000083.100mm-shot0000.npy,80.0,-83.1,120,250.0,0.48,0.952,0,False
151.0,auto_scan-2026-07-29_15-07-43,y0151.00cm,jul29_axicon3_007-tableyp001510.000mm-gantryxp000080.000mm-yp000120.000mm-zm000087.100mm-shot0000.npy,80.0,-87.1,114,250.0,0.456,0.905,0,False
151.0,auto_scan-2026-07-29_15-07-43,y0151.00cm,jul29_axicon3_007-tableyp001510.000mm-gantryxp000085.000mm-yp000120.000mm-zm000083.100mm-shot0000.npy,85.0,-83.1,126,250.0,0.504,1.0,0,False
151.0,auto_scan-2026-07-29_15-07-43,y0151.00cm,jul29_axicon3_007-tableyp001510.000mm-gantryxp000085.000mm-yp000120.000mm-zm000087.100mm-shot0000.npy,85.0,-87.1,113,250.0,0.452,0.897,0,False
151.5,auto_scan-2026-07-29_14-54-27,y0151.50cm,jul29_axicon3_006-tableyp001515.000mm-gantryxp000080.000mm-yp000015.000mm-zm000083.100mm-shot0000.npy,80.0,-83.1,165,331.5,0.4978,0.988,0,False
151.5,auto_scan-2026-07-29_14-54-27,y0151.50cm,jul29_axicon3_006-tableyp001515.000mm-gantryxp000080.000mm-yp000015.000mm-zm000087.100mm-shot0000.npy,80.0,-87.1,167,331.5,0.5038,1.0,0,False
151.5,auto_scan-2026-07-29_14-54-27,y0151.50cm,jul29_axicon3_006-tableyp001515.000mm-gantryxp000085.000mm-yp000015.000mm-zm000083.100mm-shot0000.npy,85.0,-83.1,163,331.5,0.4918,0.976,0,False
151.5,auto_scan-2026-07-29_14-54-27,y0151.50cm,jul29_axicon3_006-tableyp001515.000mm-gantryxp000085.000mm-yp000015.000mm-zm000087.100mm-shot0000.npy,85.0,-87.1,159,331.5,0.4797,0.952,0,False
151.5,auto_scan-2026-07-29_15-07-43,y0151.50cm,jul29_axicon3_007-tableyp001515.000mm-gantryxp000080.000mm-yp000115.000mm-zm000083.100mm-shot0000.npy,80.0,-83.1,129,250.0,0.516,1.0,0,False
151.5,auto_scan-2026-07-29_15-07-43,y0151.50cm,jul29_axicon3_007-tableyp001515.000mm-gantryxp000080.000mm-yp000115.000mm-zm000087.100mm-shot0000.npy,80.0,-87.1,121,250.0,0.484,0.938,0,False
151.5,auto_scan-2026-07-29_15-07-43,y0151.50cm,jul29_axicon3_007-tableyp001515.000mm-gantryxp000085.000mm-yp000115.000mm-zm000083.100mm-shot0000.npy,85.0,-83.1,124,250.0,0.496,0.961,0,False
151.5,auto_scan-2026-07-29_15-07-43,y0151.50cm,jul29_axicon3_007-tableyp001515.000mm-gantryxp000085.000mm-yp000115.000mm-zm000087.100mm-shot0000.npy,85.0,-87.1,76,250.0,0.304,0.589,0,False
152.0,auto_scan-2026-07-29_14-54-27,y0152.00cm,jul29_axicon3_006-tableyp001520.000mm-gantryxp000080.000mm-yp000010.000mm-zm000083.100mm-shot0000.npy,80.0,-83.1,175,331.5,0.528,1.0,0,False
152.0,auto_scan-2026-07-29_14-54-27,y0152.00cm,jul29_axicon3_006-tableyp001520.000mm-gantryxp000080.000mm-yp000010.000mm-zm000087.100mm-shot0000.npy,80.0,-87.1,162,331.5,0.4888,0.926,0,False
152.0,auto_scan-2026-07-29_14-54-27,y0152.00cm,jul29_axicon3_006-tableyp001520.000mm-gantryxp000085.000mm-yp000010.000mm-zm000083.100mm-shot0000.npy,85.0,-83.1,171,331.5,0.5159,0.977,0,False
152.0,auto_scan-2026-07-29_14-54-27,y0152.00cm,jul29_axicon3_006-tableyp001520.000mm-gantryxp000085.000mm-yp000010.000mm-zm000087.100mm-shot0000.npy,85.0,-87.1,150,331.5,0.4525,0.857,0,False
152.0,auto_scan-2026-07-29_15-07-43,y0152.00cm,jul29_axicon3_007-tableyp001520.000mm-gantryxp000080.000mm-yp000110.000mm-zm000083.100mm-shot0000.npy,80.0,-83.1,129,250.0,0.516,1.0,0,False
152.5,auto_scan-2026-07-29_15-07-43,y0152.50cm,jul29_axicon3_007-tableyp001525.000mm-gantryxp000080.000mm-yp000105.000mm-zm000083.100mm-shot0000.npy,80.0,-83.1,134,250.0,0.536,1.0,0,False
153.0,auto_scan-2026-07-29_15-07-43,y0153.00cm,jul29_axicon3_007-tableyp001530.000mm-gantryxp000080.000mm-yp000100.000mm-zm000083.100mm-shot0000.npy,80.0,-83.1,135,250.0,0.54,1.0,0,False
153.5,auto_scan-2026-07-29_15-07-43,y0153.50cm,jul29_axicon3_007-tableyp001535.000mm-gantryxp000080.000mm-yp000095.000mm-zm000083.100mm-shot0000.npy,80.0,-83.1,129,250.0,0.516,1.0,0,False
154.0,auto_scan-2026-07-29_15-07-43,y0154.00cm,jul29_axicon3_007-tableyp001540.000mm-gantryxp000080.000mm-yp000090.000mm-zm000083.100mm-shot0000.npy,80.0,-83.1,124,250.0,0.496,1.0,0,False
154.5,auto_scan-2026-07-29_15-07-43,y0154.50cm,jul29_axicon3_007-tableyp001545.000mm-gantryxp000080.000mm-yp000085.000mm-zm000083.100mm-shot0000.npy,80.0,-83.1,120,250.0,0.48,0.968,0,False
154.5,auto_scan-2026-07-29_15-07-43,y0154.50cm,jul29_axicon3_007-tableyp001545.000mm-gantryxp000080.000mm-yp000085.000mm-zm000087.100mm-shot0000.npy,80.0,-87.1,118,250.0,0.472,0.952,0,False
154.5,auto_scan-2026-07-29_15-07-43,y0154.50cm,jul29_axicon3_007-tableyp001545.000mm-gantryxp000085.000mm-yp000085.000mm-zm000083.100mm-shot0000.npy,85.0,-83.1,124,250.0,0.496,1.0,0,False
154.5,auto_scan-2026-07-29_15-07-43,y0154.50cm,jul29_axicon3_007-tableyp001545.000mm-gantryxp000085.000mm-yp000085.000mm-zm000087.100mm-shot0000.npy,85.0,-87.1,119,250.0,0.476,0.96,0,False
155.0,auto_scan-2026-07-29_15-07-43,y0155.00cm,jul29_axicon3_007-tableyp001550.000mm-gantryxp000080.000mm-yp000080.000mm-zm000083.100mm-shot0000.npy,80.0,-83.1,110,250.0,0.44,0.902,0,False
155.0,auto_scan-2026-07-29_15-07-43,y0155.00cm,jul29_axicon3_007-tableyp001550.000mm-gantryxp000080.000mm-yp000080.000mm-zm000087.100mm-shot0000.npy,80.0,-87.1,116,250.0,0.464,0.951,0,False
155.0,auto_scan-2026-07-29_15-07-43,y0155.00cm,jul29_axicon3_007-tableyp001550.000mm-gantryxp000085.000mm-yp000080.000mm-zm000083.100mm-shot0000.npy,85.0,-83.1,122,250.0,0.488,1.0,0,False
155.0,auto_scan-2026-07-29_15-07-43,y0155.00cm,jul29_axicon3_007-tableyp001550.000mm-gantryxp000085.000mm-yp000080.000mm-zm000087.100mm-shot0000.npy,85.0,-87.1,122,250.0,0.488,1.0,0,False
155.5,auto_scan-2026-07-29_15-07-43,y0155.50cm,jul29_axicon3_007-tableyp001555.000mm-gantryxp000080.000mm-yp000075.000mm-zm000083.100mm-shot0000.npy,80.0,-83.1,114,250.0,0.456,0.934,0,False
155.5,auto_scan-2026-07-29_15-07-43,y0155.50cm,jul29_axicon3_007-tableyp001555.000mm-gantryxp000080.000mm-yp000075.000mm-zm000087.100mm-shot0000.npy,80.0,-87.1,122,250.0,0.488,1.0,0,False
155.5,auto_scan-2026-07-29_15-07-43,y0155.50cm,jul29_axicon3_007-tableyp001555.000mm-gantryxp000085.000mm-yp000075.000mm-zm000083.100mm-shot0000.npy,85.0,-83.1,105,250.0,0.42,0.861,0,False
155.5,auto_scan-2026-07-29_15-07-43,y0155.50cm,jul29_axicon3_007-tableyp001555.000mm-gantryxp000085.000mm-yp000075.000mm-zm000087.100mm-shot0000.npy,85.0,-87.1,118,250.0,0.472,0.967,0,False
156.0,auto_scan-2026-07-29_15-07-43,y0156.00cm,jul29_axicon3_007-tableyp001560.000mm-gantryxp000080.000mm-yp000070.000mm-zm000083.100mm-shot0000.npy,80.0,-83.1,105,250.0,0.42,0.929,0,False
156.0,auto_scan-2026-07-29_15-07-43,y0156.00cm,jul29_axicon3_007-tableyp001560.000mm-gantryxp000080.000mm-yp000070.000mm-zm000087.100mm-shot0000.npy,80.0,-87.1,112,250.0,0.448,0.991,0,False
156.0,auto_scan-2026-07-29_15-07-43,y0156.00cm,jul29_axicon3_007-tableyp001560.000mm-gantryxp000085.000mm-yp000070.000mm-zm000083.100mm-shot0000.npy,85.0,-83.1,108,250.0,0.432,0.956,0,False
156.0,auto_scan-2026-07-29_15-07-43,y0156.00cm,jul29_axicon3_007-tableyp001560.000mm-gantryxp000085.000mm-yp000070.000mm-zm000087.100mm-shot0000.npy,85.0,-87.1,113,250.0,0.452,1.0,0,False
156.5,auto_scan-2026-07-29_15-07-43,y0156.50cm,jul29_axicon3_007-tableyp001565.000mm-gantryxp000080.000mm-yp000065.000mm-zm000083.100mm-shot0000.npy,80.0,-83.1,121,250.0,0.484,1.0,0,False
156.5,auto_scan-2026-07-29_15-07-43,y0156.50cm,jul29_axicon3_007-tableyp001565.000mm-gantryxp000080.000mm-yp000065.000mm-zm000087.100mm-shot0000.npy,80.0,-87.1,102,250.0,0.408,0.843,0,False
156.5,auto_scan-2026-07-29_15-07-43,y0156.50cm,jul29_axicon3_007-tableyp001565.000mm-gantryxp000085.000mm-yp000065.000mm-zm000083.100mm-shot0000.npy,85.0,-83.1,115,250.0,0.46,0.95,0,False
156.5,auto_scan-2026-07-29_15-07-43,y0156.50cm,jul29_axicon3_007-tableyp001565.000mm-gantryxp000085.000mm-yp000065.000mm-zm000087.100mm-shot0000.npy,85.0,-87.1,108,250.0,0.432,0.893,0,False
156.5,auto_scan-2026-07-29_15-20-31,y0156.50cm,jul29_axicon3_007-tableyp001565.000mm-gantryxp000080.000mm-yp000065.000mm-zm000083.100mm-shot0000.npy,80.0,-83.1,119,250.0,0.476,0.992,0,False
156.5,auto_scan-2026-07-29_15-20-31,y0156.50cm,jul29_axicon3_007-tableyp001565.000mm-gantryxp000080.000mm-yp000065.000mm-zm000087.100mm-shot0000.npy,80.0,-87.1,111,250.0,0.444,0.925,0,False
156.5,auto_scan-2026-07-29_15-20-31,y0156.50cm,jul29_axicon3_007-tableyp001565.000mm-gantryxp000085.000mm-yp000065.000mm-zm000083.100mm-shot0000.npy,85.0,-83.1,120,250.0,0.48,1.0,0,False
156.5,auto_scan-2026-07-29_15-20-31,y0156.50cm,jul29_axicon3_007-tableyp001565.000mm-gantryxp000085.000mm-yp000065.000mm-zm000087.100mm-shot0000.npy,85.0,-87.1,115,250.0,0.46,0.958,0,False
157.0,auto_scan-2026-07-29_15-07-43,y0157.00cm,jul29_axicon3_007-tableyp001570.000mm-gantryxp000080.000mm-yp000060.000mm-zm000083.100mm-shot0000.npy,80.0,-83.1,118,250.0,0.472,1.0,0,False
157.0,auto_scan-2026-07-29_15-07-43,y0157.00cm,jul29_axicon3_007-tableyp001570.000mm-gantryxp000085.000mm-yp000060.000mm-zm000083.100mm-shot0000.npy,85.0,-83.1,117,250.0,0.468,0.992,0,False
157.0,auto_scan-2026-07-29_15-20-31,y0157.00cm,jul29_axicon3_007-tableyp001570.000mm-gantryxp000080.000mm-yp000060.000mm-zm000083.100mm-shot0000.npy,80.0,-83.1,110,250.0,0.44,0.924,0,False
157.0,auto_scan-2026-07-29_15-20-31,y0157.00cm,jul29_axicon3_007-tableyp001570.000mm-gantryxp000080.000mm-yp000060.000mm-zm000087.100mm-shot0000.npy,80.0,-87.1,107,250.0,0.428,0.899,0,False
157.0,auto_scan-2026-07-29_15-20-31,y0157.00cm,jul29_axicon3_007-tableyp001570.000mm-gantryxp000085.000mm-yp000060.000mm-zm000083.100mm-shot0000.npy,85.0,-83.1,117,250.0,0.468,0.983,0,False
157.0,auto_scan-2026-07-29_15-20-31,y0157.00cm,jul29_axicon3_007-tableyp001570.000mm-gantryxp000085.000mm-yp000060.000mm-zm000087.100mm-shot0000.npy,85.0,-87.1,119,250.0,0.476,1.0,0,False
157.5,auto_scan-2026-07-29_15-20-31,y0157.50cm,jul29_axicon3_007-tableyp001575.000mm-gantryxp000080.000mm-yp000055.000mm-zm000083.100mm-shot0000.npy,80.0,-83.1,107,250.0,0.428,0.922,0,False
157.5,auto_scan-2026-07-29_15-20-31,y0157.50cm,jul29_axicon3_007-tableyp001575.000mm-gantryxp000080.000mm-yp000055.000mm-zm000087.100mm-shot0000.npy,80.0,-87.1,112,250.0,0.448,0.966,0,False
157.5,auto_scan-2026-07-29_15-20-31,y0157.50cm,jul29_axicon3_007-tableyp001575.000mm-gantryxp000085.000mm-yp000055.000mm-zm000083.100mm-shot0000.npy,85.0,-83.1,107,250.0,0.428,0.922,0,False
157.5,auto_scan-2026-07-29_15-20-31,y0157.50cm,jul29_axicon3_007-tableyp001575.000mm-gantryxp000085.000mm-yp000055.000mm-zm000087.100mm-shot0000.npy,85.0,-87.1,116,250.0,0.464,1.0,0,False
158.0,auto_scan-2026-07-29_15-20-31,y0158.00cm,jul29_axicon3_007-tableyp001580.000mm-gantryxp000080.000mm-yp000050.000mm-zm000083.100mm-shot0000.npy,80.0,-83.1,110,250.0,0.44,0.88,0,False
158.0,auto_scan-2026-07-29_15-20-31,y0158.00cm,jul29_axicon3_007-tableyp001580.000mm-gantryxp000080.000mm-yp000050.000mm-zm000087.100mm-shot0000.npy,80.0,-87.1,119,250.0,0.476,0.952,0,False
158.0,auto_scan-2026-07-29_15-20-31,y0158.00cm,jul29_axicon3_007-tableyp001580.000mm-gantryxp000085.000mm-yp000050.000mm-zm000083.100mm-shot0000.npy,85.0,-83.1,111,250.0,0.444,0.888,0,False
158.0,auto_scan-2026-07-29_15-20-31,y0158.00cm,jul29_axicon3_007-tableyp001580.000mm-gantryxp000085.000mm-yp000050.000mm-zm000087.100mm-shot0000.npy,85.0,-87.1,125,250.0,0.5,1.0,0,False
158.5,auto_scan-2026-07-29_15-20-31,y0158.50cm,jul29_axicon3_007-tableyp001585.000mm-gantryxp000080.000mm-yp000045.000mm-zm000083.100mm-shot0000.npy,80.0,-83.1,106,250.0,0.424,0.891,0,False
158.5,auto_scan-2026-07-29_15-20-31,y0158.50cm,jul29_axicon3_007-tableyp001585.000mm-gantryxp000080.000mm-yp000045.000mm-zm000087.100mm-shot0000.npy,80.0,-87.1,119,250.0,0.476,1.0,0,False
158.5,auto_scan-2026-07-29_15-20-31,y0158.50cm,jul29_axicon3_007-tableyp001585.000mm-gantryxp000085.000mm-yp000045.000mm-zm000083.100mm-shot0000.npy,85.0,-83.1,110,250.0,0.44,0.924,0,False
158.5,auto_scan-2026-07-29_15-20-31,y0158.50cm,jul29_axicon3_007-tableyp001585.000mm-gantryxp000085.000mm-yp000045.000mm-zm000087.100mm-shot0000.npy,85.0,-87.1,115,250.0,0.46,0.966,0,False
159.0,auto_scan-2026-07-29_15-20-31,y0159.00cm,jul29_axicon3_007-tableyp001590.000mm-gantryxp000080.000mm-yp000040.000mm-zm000083.100mm-shot0000.npy,80.0,-83.1,100,250.0,0.4,0.855,0,False
159.0,auto_scan-2026-07-29_15-20-31,y0159.00cm,jul29_axicon3_007-tableyp001590.000mm-gantryxp000080.000mm-yp000040.000mm-zm000087.100mm-shot0000.npy,80.0,-87.1,117,250.0,0.468,1.0,0,False
159.0,auto_scan-2026-07-29_15-20-31,y0159.00cm,jul29_axicon3_007-tableyp001590.000mm-gantryxp000085.000mm-yp000040.000mm-zm000083.100mm-shot0000.npy,85.0,-83.1,114,250.0,0.456,0.974,0,False
159.0,auto_scan-2026-07-29_15-20-31,y0159.00cm,jul29_axicon3_007-tableyp001590.000mm-gantryxp000085.000mm-yp000040.000mm-zm000087.100mm-shot0000.npy,85.0,-87.1,114,250.0,0.456,0.974,0,False
159.5,auto_scan-2026-07-29_15-20-31,y0159.50cm,jul29_axicon3_007-tableyp001595.000mm-gantryxp000080.000mm-yp000035.000mm-zm000083.100mm-shot0000.npy,80.0,-83.1,125,250.0,0.5,0.992,0,False
159.5,auto_scan-2026-07-29_15-20-31,y0159.50cm,jul29_axicon3_007-tableyp001595.000mm-gantryxp000080.000mm-yp000035.000mm-zm000087.100mm-shot0000.npy,80.0,-87.1,113,250.0,0.452,0.897,0,False
159.5,auto_scan-2026-07-29_15-20-31,y0159.50cm,jul29_axicon3_007-tableyp001595.000mm-gantryxp000085.000mm-yp000035.000mm-zm000083.100mm-shot0000.npy,85.0,-83.1,126,250.0,0.504,1.0,0,False
159.5,auto_scan-2026-07-29_15-20-31,y0159.50cm,jul29_axicon3_007-tableyp001595.000mm-gantryxp000085.000mm-yp000035.000mm-zm000087.100mm-shot0000.npy,85.0,-87.1,122,250.0,0.488,0.968,0,False
160.0,auto_scan-2026-07-29_15-20-31,y0160.00cm,jul29_axicon3_007-tableyp001600.000mm-gantryxp000085.000mm-yp000030.000mm-zm000083.100mm-shot0000.npy,85.0,-83.1,130,250.0,0.52,1.0,0,False
160.0,auto_scan-2026-07-29_15-47-48,y0160.00cm,jul29_axicon3_008-tableyp001600.000mm-gantryxp000080.000mm-yp000130.000mm-zm000083.100mm-shot0000.npy,80.0,-83.1,184,26313.0,0.007,0.722,0,False
160.0,auto_scan-2026-07-29_15-47-48,y0160.00cm,jul29_axicon3_008-tableyp001600.000mm-gantryxp000080.000mm-yp000130.000mm-zm000087.100mm-shot0000.npy,80.0,-87.1,156,26313.0,0.0059,0.612,0,False
160.0,auto_scan-2026-07-29_15-47-48,y0160.00cm,jul29_axicon3_008-tableyp001600.000mm-gantryxp000085.000mm-yp000130.000mm-zm000083.100mm-shot0000.npy,85.0,-83.1,255,26313.0,0.0097,1.0,50635,False
160.0,auto_scan-2026-07-29_15-47-48,y0160.00cm,jul29_axicon3_008-tableyp001600.000mm-gantryxp000085.000mm-yp000130.000mm-zm000087.100mm-shot0000.npy,85.0,-87.1,255,26313.0,0.0097,1.0,16088,False
160.5,auto_scan-2026-07-29_15-20-31,y0160.50cm,jul29_axicon3_007-tableyp001605.000mm-gantryxp000085.000mm-yp000025.000mm-zm000083.100mm-shot0000.npy,85.0,-83.1,123,250.0,0.492,1.0,0,False
160.5,auto_scan-2026-07-29_15-47-48,y0160.50cm,jul29_axicon3_008-tableyp001605.000mm-gantryxp000085.000mm-yp000125.000mm-zm000083.100mm-shot0000.npy,85.0,-83.1,255,3289.1,0.0775,1.0,813,False
160.5,auto_scan-2026-07-29_15-47-48,y0160.50cm,jul29_axicon3_008-tableyp001605.000mm-gantryxp000085.000mm-yp000125.000mm-zm000087.100mm-shot0000.npy,85.0,-87.1,139,3289.1,0.0423,0.545,0,False
161.0,auto_scan-2026-07-29_15-20-31,y0161.00cm,jul29_axicon3_007-tableyp001610.000mm-gantryxp000085.000mm-yp000020.000mm-zm000083.100mm-shot0000.npy,85.0,-83.1,126,250.0,0.504,1.0,0,False
161.0,auto_scan-2026-07-29_15-47-48,y0161.00cm,jul29_axicon3_008-tableyp001610.000mm-gantryxp000085.000mm-yp000120.000mm-zm000083.100mm-shot0000.npy,85.0,-83.1,105,205.6,0.5108,1.0,0,False
161.5,auto_scan-2026-07-29_15-20-31,y0161.50cm,jul29_axicon3_007-tableyp001615.000mm-gantryxp000085.000mm-yp000015.000mm-zm000083.100mm-shot0000.npy,85.0,-83.1,138,250.0,0.552,1.0,0,False
161.5,auto_scan-2026-07-29_15-47-48,y0161.50cm,jul29_axicon3_008-tableyp001615.000mm-gantryxp000085.000mm-yp000115.000mm-zm000083.100mm-shot0000.npy,85.0,-83.1,111,205.6,0.54,1.0,0,False
162.0,auto_scan-2026-07-29_15-20-31,y0162.00cm,jul29_axicon3_007-tableyp001620.000mm-gantryxp000085.000mm-yp000010.000mm-zm000083.100mm-shot0000.npy,85.0,-83.1,144,250.0,0.576,1.0,0,False
162.0,auto_scan-2026-07-29_15-47-48,y0162.00cm,jul29_axicon3_008-tableyp001620.000mm-gantryxp000085.000mm-yp000110.000mm-zm000083.100mm-shot0000.npy,85.0,-83.1,109,205.6,0.5302,1.0,0,False
162.5,auto_scan-2026-07-29_15-47-48,y0162.50cm,jul29_axicon3_008-tableyp001625.000mm-gantryxp000085.000mm-yp000105.000mm-zm000083.100mm-shot0000.npy,85.0,-83.1,108,205.6,0.5254,1.0,0,False
163.0,auto_scan-2026-07-29_15-47-48,y0163.00cm,jul29_axicon3_008-tableyp001630.000mm-gantryxp000085.000mm-yp000100.000mm-zm000083.100mm-shot0000.npy,85.0,-83.1,110,205.6,0.5351,1.0,0,False
163.5,auto_scan-2026-07-29_15-47-48,y0163.50cm,jul29_axicon3_008-tableyp001635.000mm-gantryxp000085.000mm-yp000095.000mm-zm000083.100mm-shot0000.npy,85.0,-83.1,153,302.0,0.5067,1.0,0,False
164.0,auto_scan-2026-07-29_15-47-48,y0164.00cm,jul29_axicon3_008-tableyp001640.000mm-gantryxp000085.000mm-yp000090.000mm-zm000083.100mm-shot0000.npy,85.0,-83.1,147,302.0,0.4868,1.0,0,False
164.5,auto_scan-2026-07-29_15-47-48,y0164.50cm,jul29_axicon3_008-tableyp001645.000mm-gantryxp000085.000mm-yp000085.000mm-zm000083.100mm-shot0000.npy,85.0,-83.1,148,302.0,0.4901,1.0,0,False
165.0,auto_scan-2026-07-29_15-47-48,y0165.00cm,jul29_axicon3_008-tableyp001650.000mm-gantryxp000085.000mm-yp000080.000mm-zm000083.100mm-shot0000.npy,85.0,-83.1,140,302.0,0.4636,1.0,0,False
165.5,auto_scan-2026-07-29_15-47-48,y0165.50cm,jul29_axicon3_008-tableyp001655.000mm-gantryxp000085.000mm-yp000075.000mm-zm000083.100mm-shot0000.npy,85.0,-83.1,136,302.0,0.4504,1.0,0,False
166.0,auto_scan-2026-07-29_15-47-48,y0166.00cm,jul29_axicon3_008-tableyp001660.000mm-gantryxp000085.000mm-yp000070.000mm-zm000083.100mm-shot0000.npy,85.0,-83.1,131,302.0,0.4338,1.0,0,False
166.5,auto_scan-2026-07-29_15-47-48,y0166.50cm,jul29_axicon3_008-tableyp001665.000mm-gantryxp000085.000mm-yp000065.000mm-zm000083.100mm-shot0000.npy,85.0,-83.1,124,302.0,0.4106,1.0,0,False
167.0,auto_scan-2026-07-29_15-47-48,y0167.00cm,jul29_axicon3_008-tableyp001670.000mm-gantryxp000085.000mm-yp000060.000mm-zm000083.100mm-shot0000.npy,85.0,-83.1,121,302.0,0.4007,1.0,0,False
167.5,auto_scan-2026-07-29_15-47-48,y0167.50cm,jul29_axicon3_008-tableyp001675.000mm-gantryxp000085.000mm-yp000055.000mm-zm000083.100mm-shot0000.npy,85.0,-83.1,119,302.0,0.3941,1.0,0,False
168.0,auto_scan-2026-07-29_15-47-48,y0168.00cm,jul29_axicon3_008-tableyp001680.000mm-gantryxp000085.000mm-yp000050.000mm-zm000083.100mm-shot0000.npy,85.0,-83.1,113,302.0,0.3742,1.0,0,False
168.5,auto_scan-2026-07-29_15-47-48,y0168.50cm,jul29_axicon3_008-tableyp001685.000mm-gantryxp000085.000mm-yp000045.000mm-zm000083.100mm-shot0000.npy,85.0,-83.1,112,302.0,0.3709,1.0,0,False
169.0,auto_scan-2026-07-29_15-47-48,y0169.00cm,jul29_axicon3_008-tableyp001690.000mm-gantryxp000085.000mm-yp000040.000mm-zm000083.100mm-shot0000.npy,85.0,-83.1,113,302.0,0.3742,1.0,0,False
169.5,auto_scan-2026-07-29_15-47-48,y0169.50cm,jul29_axicon3_008-tableyp001695.000mm-gantryxp000085.000mm-yp000035.000mm-zm000083.100mm-shot0000.npy,85.0,-83.1,109,302.0,0.361,1.0,0,False
170.0,auto_scan-2026-07-29_15-47-48,y0170.00cm,jul29_axicon3_008-tableyp001700.000mm-gantryxp000085.000mm-yp000030.000mm-zm000083.100mm-shot0000.npy,85.0,-83.1,112,302.0,0.3709,1.0,0,False
170.0,auto_scan-2026-07-29_15-56-42,y0170.00cm,jul29_axicon3_009-tableyp001700.000mm-gantryxp000080.000mm-yp000130.000mm-zm000083.100mm-shot0000.npy,80.0,-83.1,158,5403.6,0.0292,0.62,0,False
170.0,auto_scan-2026-07-29_15-56-42,y0170.00cm,jul29_axicon3_009-tableyp001700.000mm-gantryxp000085.000mm-yp000130.000mm-zm000083.100mm-shot0000.npy,85.0,-83.1,255,5403.6,0.0472,1.0,1842,False
170.0,auto_scan-2026-07-29_15-56-42,y0170.00cm,jul29_axicon3_009-tableyp001700.000mm-gantryxp000085.000mm-yp000130.000mm-zm000087.100mm-shot0000.npy,85.0,-87.1,153,5403.6,0.0283,0.6,0,False
170.5,auto_scan-2026-07-29_15-47-48,y0170.50cm,jul29_axicon3_008-tableyp001705.000mm-gantryxp000085.000mm-yp000025.000mm-zm000083.100mm-shot0000.npy,85.0,-83.1,117,302.0,0.3875,1.0,0,False
170.5,auto_scan-2026-07-29_15-56-42,y0170.50cm,jul29_axicon3_009-tableyp001705.000mm-gantryxp000085.000mm-yp000125.000mm-zm000083.100mm-shot0000.npy,85.0,-83.1,129,337.7,0.382,1.0,0,False
171.0,auto_scan-2026-07-29_15-47-48,y0171.00cm,jul29_axicon3_008-tableyp001710.000mm-gantryxp000085.000mm-yp000020.000mm-zm000083.100mm-shot0000.npy,85.0,-83.1,118,302.0,0.3908,1.0,0,False
171.0,auto_scan-2026-07-29_15-56-42,y0171.00cm,jul29_axicon3_009-tableyp001710.000mm-gantryxp000085.000mm-yp000120.000mm-zm000083.100mm-shot0000.npy,85.0,-83.1,129,337.7,0.382,1.0,0,False
171.5,auto_scan-2026-07-29_15-47-48,y0171.50cm,jul29_axicon3_008-tableyp001715.000mm-gantryxp000085.000mm-yp000015.000mm-zm000083.100mm-shot0000.npy,85.0,-83.1,121,302.0,0.4007,1.0,0,False
171.5,auto_scan-2026-07-29_15-56-42,y0171.50cm,jul29_axicon3_009-tableyp001715.000mm-gantryxp000085.000mm-yp000115.000mm-zm000083.100mm-shot0000.npy,85.0,-83.1,134,337.7,0.3968,1.0,0,False
172.0,auto_scan-2026-07-29_15-47-48,y0172.00cm,jul29_axicon3_008-tableyp001720.000mm-gantryxp000085.000mm-yp000010.000mm-zm000083.100mm-shot0000.npy,85.0,-83.1,121,302.0,0.4007,1.0,0,False
172.0,auto_scan-2026-07-29_15-56-42,y0172.00cm,jul29_axicon3_009-tableyp001720.000mm-gantryxp000085.000mm-yp000110.000mm-zm000083.100mm-shot0000.npy,85.0,-83.1,136,337.7,0.4027,1.0,0,False
172.5,auto_scan-2026-07-29_15-56-42,y0172.50cm,jul29_axicon3_009-tableyp001725.000mm-gantryxp000085.000mm-yp000105.000mm-zm000083.100mm-shot0000.npy,85.0,-83.1,143,337.7,0.4234,1.0,0,False
173.0,auto_scan-2026-07-29_15-56-42,y0173.00cm,jul29_axicon3_009-tableyp001730.000mm-gantryxp000085.000mm-yp000100.000mm-zm000083.100mm-shot0000.npy,85.0,-83.1,150,337.7,0.4442,1.0,0,False
173.5,auto_scan-2026-07-29_15-56-42,y0173.50cm,jul29_axicon3_009-tableyp001735.000mm-gantryxp000085.000mm-yp000095.000mm-zm000083.100mm-shot0000.npy,85.0,-83.1,149,337.7,0.4412,1.0,0,False
174.0,auto_scan-2026-07-29_15-56-42,y0174.00cm,jul29_axicon3_009-tableyp001740.000mm-gantryxp000085.000mm-yp000090.000mm-zm000083.100mm-shot0000.npy,85.0,-83.1,162,337.7,0.4797,1.0,0,False
174.5,auto_scan-2026-07-29_15-56-42,y0174.50cm,jul29_axicon3_009-tableyp001745.000mm-gantryxp000085.000mm-yp000085.000mm-zm000083.100mm-shot0000.npy,85.0,-83.1,163,337.7,0.4826,1.0,0,False
175.0,auto_scan-2026-07-29_15-56-42,y0175.00cm,jul29_axicon3_009-tableyp001750.000mm-gantryxp000085.000mm-yp000080.000mm-zm000083.100mm-shot0000.npy,85.0,-83.1,163,337.7,0.4826,1.0,0,False
175.5,auto_scan-2026-07-29_15-56-42,y0175.50cm,jul29_axicon3_009-tableyp001755.000mm-gantryxp000085.000mm-yp000075.000mm-zm000083.100mm-shot0000.npy,85.0,-83.1,167,337.7,0.4945,1.0,0,False
176.0,auto_scan-2026-07-29_15-56-42,y0176.00cm,jul29_axicon3_009-tableyp001760.000mm-gantryxp000085.000mm-yp000070.000mm-zm000083.100mm-shot0000.npy,85.0,-83.1,165,337.7,0.4886,1.0,0,False
176.5,auto_scan-2026-07-29_15-56-42,y0176.50cm,jul29_axicon3_009-tableyp001765.000mm-gantryxp000085.000mm-yp000065.000mm-zm000083.100mm-shot0000.npy,85.0,-83.1,171,337.7,0.5063,1.0,0,False
177.0,auto_scan-2026-07-29_15-56-42,y0177.00cm,jul29_axicon3_009-tableyp001770.000mm-gantryxp000085.000mm-yp000060.000mm-zm000083.100mm-shot0000.npy,85.0,-83.1,165,337.7,0.4886,1.0,0,False
177.5,auto_scan-2026-07-29_15-56-42,y0177.50cm,jul29_axicon3_009-tableyp001775.000mm-gantryxp000085.000mm-yp000055.000mm-zm000083.100mm-shot0000.npy,85.0,-83.1,160,337.7,0.4738,1.0,0,False
178.0,auto_scan-2026-07-29_15-56-42,y0178.00cm,jul29_axicon3_009-tableyp001780.000mm-gantryxp000085.000mm-yp000050.000mm-zm000083.100mm-shot0000.npy,85.0,-83.1,150,337.7,0.4442,1.0,0,False
178.5,auto_scan-2026-07-29_15-56-42,y0178.50cm,jul29_axicon3_009-tableyp001785.000mm-gantryxp000085.000mm-yp000045.000mm-zm000083.100mm-shot0000.npy,85.0,-83.1,148,337.7,0.4382,1.0,0,False
179.0,auto_scan-2026-07-29_15-56-42,y0179.00cm,jul29_axicon3_009-tableyp001790.000mm-gantryxp000085.000mm-yp000040.000mm-zm000083.100mm-shot0000.npy,85.0,-83.1,143,337.7,0.4234,1.0,0,False
179.5,auto_scan-2026-07-29_15-56-42,y0179.50cm,jul29_axicon3_009-tableyp001795.000mm-gantryxp000085.000mm-yp000035.000mm-zm000083.100mm-shot0000.npy,85.0,-83.1,136,337.7,0.4027,1.0,0,False
180.0,auto_scan-2026-07-29_15-56-42,y0180.00cm,jul29_axicon3_009-tableyp001800.000mm-gantryxp000085.000mm-yp000030.000mm-zm000083.100mm-shot0000.npy,85.0,-83.1,129,337.7,0.382,1.0,0,False
180.0,auto_scan-2026-07-29_16-25-57,y0180.00cm,jul29_axicon3_010-tableyp001800.000mm-gantryxp000080.000mm-yp000130.000mm-zm000082.100mm-shot0000.npy,80.0,-82.1,255,8000.0,0.0319,1.0,2910,False
180.5,auto_scan-2026-07-29_15-56-42,y0180.50cm,jul29_axicon3_009-tableyp001805.000mm-gantryxp000085.000mm-yp000025.000mm-zm000083.100mm-shot0000.npy,85.0,-83.1,119,337.7,0.3524,1.0,0,False
180.5,auto_scan-2026-07-29_16-25-57,y0180.50cm,jul29_axicon3_010-tableyp001805.000mm-gantryxp000080.000mm-yp000125.000mm-zm000082.100mm-shot0000.npy,80.0,-82.1,165,500.0,0.33,1.0,0,False
181.0,auto_scan-2026-07-29_15-56-42,y0181.00cm,jul29_axicon3_009-tableyp001810.000mm-gantryxp000085.000mm-yp000020.000mm-zm000083.100mm-shot0000.npy,85.0,-83.1,113,337.7,0.3346,1.0,0,False
181.0,auto_scan-2026-07-29_16-25-57,y0181.00cm,jul29_axicon3_010-tableyp001810.000mm-gantryxp000080.000mm-yp000120.000mm-zm000082.100mm-shot0000.npy,80.0,-82.1,158,500.0,0.316,1.0,0,False
181.5,auto_scan-2026-07-29_15-56-42,y0181.50cm,jul29_axicon3_009-tableyp001815.000mm-gantryxp000085.000mm-yp000015.000mm-zm000083.100mm-shot0000.npy,85.0,-83.1,106,337.7,0.3139,1.0,0,False
181.5,auto_scan-2026-07-29_16-25-57,y0181.50cm,jul29_axicon3_010-tableyp001815.000mm-gantryxp000080.000mm-yp000115.000mm-zm000082.100mm-shot0000.npy,80.0,-82.1,143,500.0,0.286,1.0,0,False
182.0,auto_scan-2026-07-29_15-56-42,y0182.00cm,jul29_axicon3_009-tableyp001820.000mm-gantryxp000085.000mm-yp000010.000mm-zm000083.100mm-shot0000.npy,85.0,-83.1,150,505.9,0.2965,0.962,0,False
182.0,auto_scan-2026-07-29_15-56-42,y0182.00cm,jul29_axicon3_009-tableyp001820.000mm-gantryxp000090.000mm-yp000010.000mm-zm000083.100mm-shot0000.npy,90.0,-83.1,156,505.9,0.3084,1.0,0,False
182.0,auto_scan-2026-07-29_16-25-57,y0182.00cm,jul29_axicon3_010-tableyp001820.000mm-gantryxp000080.000mm-yp000110.000mm-zm000082.100mm-shot0000.npy,80.0,-82.1,136,500.0,0.272,1.0,0,False
182.0,auto_scan-2026-07-29_16-25-57,y0182.00cm,jul29_axicon3_010-tableyp001820.000mm-gantryxp000085.000mm-yp000110.000mm-zm000082.100mm-shot0000.npy,85.0,-82.1,136,500.0,0.272,1.0,0,False
182.5,auto_scan-2026-07-29_16-25-57,y0182.50cm,jul29_axicon3_010-tableyp001825.000mm-gantryxp000080.000mm-yp000105.000mm-zm000082.100mm-shot0000.npy,80.0,-82.1,133,500.0,0.266,1.0,0,False
182.5,auto_scan-2026-07-29_16-25-57,y0182.50cm,jul29_axicon3_010-tableyp001825.000mm-gantryxp000085.000mm-yp000105.000mm-zm000082.100mm-shot0000.npy,85.0,-82.1,128,500.0,0.256,0.962,0,False
183.0,auto_scan-2026-07-29_16-25-57,y0183.00cm,jul29_axicon3_010-tableyp001830.000mm-gantryxp000080.000mm-yp000100.000mm-zm000082.100mm-shot0000.npy,80.0,-82.1,127,500.0,0.254,1.0,0,False
183.0,auto_scan-2026-07-29_16-25-57,y0183.00cm,jul29_axicon3_010-tableyp001830.000mm-gantryxp000085.000mm-yp000100.000mm-zm000082.100mm-shot0000.npy,85.0,-82.1,127,500.0,0.254,1.0,0,False
183.5,auto_scan-2026-07-29_16-25-57,y0183.50cm,jul29_axicon3_010-tableyp001835.000mm-gantryxp000080.000mm-yp000095.000mm-zm000082.100mm-shot0000.npy,80.0,-82.1,120,500.0,0.24,1.0,0,False
183.5,auto_scan-2026-07-29_16-25-57,y0183.50cm,jul29_axicon3_010-tableyp001835.000mm-gantryxp000085.000mm-yp000095.000mm-zm000082.100mm-shot0000.npy,85.0,-82.1,119,500.0,0.238,0.992,0,False
184.0,auto_scan-2026-07-29_16-25-57,y0184.00cm,jul29_axicon3_010-tableyp001840.000mm-gantryxp000080.000mm-yp000090.000mm-zm000082.100mm-shot0000.npy,80.0,-82.1,118,500.0,0.236,1.0,0,False
184.0,auto_scan-2026-07-29_16-25-57,y0184.00cm,jul29_axicon3_010-tableyp001840.000mm-gantryxp000085.000mm-yp000090.000mm-zm000082.100mm-shot0000.npy,85.0,-82.1,117,500.0,0.234,0.992,0,False
184.5,auto_scan-2026-07-29_16-25-57,y0184.50cm,jul29_axicon3_010-tableyp001845.000mm-gantryxp000080.000mm-yp000085.000mm-zm000082.100mm-shot0000.npy,80.0,-82.1,116,500.0,0.232,1.0,0,False
184.5,auto_scan-2026-07-29_16-25-57,y0184.50cm,jul29_axicon3_010-tableyp001845.000mm-gantryxp000085.000mm-yp000085.000mm-zm000082.100mm-shot0000.npy,85.0,-82.1,115,500.0,0.23,0.991,0,False
185.0,auto_scan-2026-07-29_16-25-57,y0185.00cm,jul29_axicon3_010-tableyp001850.000mm-gantryxp000080.000mm-yp000080.000mm-zm000082.100mm-shot0000.npy,80.0,-82.1,117,500.0,0.234,1.0,0,False
185.0,auto_scan-2026-07-29_16-25-57,y0185.00cm,jul29_axicon3_010-tableyp001850.000mm-gantryxp000085.000mm-yp000080.000mm-zm000082.100mm-shot0000.npy,85.0,-82.1,115,500.0,0.23,0.983,0,False
185.5,auto_scan-2026-07-29_16-25-57,y0185.50cm,jul29_axicon3_010-tableyp001855.000mm-gantryxp000080.000mm-yp000075.000mm-zm000082.100mm-shot0000.npy,80.0,-82.1,109,500.0,0.218,0.94,0,False
185.5,auto_scan-2026-07-29_16-25-57,y0185.50cm,jul29_axicon3_010-tableyp001855.000mm-gantryxp000085.000mm-yp000075.000mm-zm000082.100mm-shot0000.npy,85.0,-82.1,116,500.0,0.232,1.0,0,False
186.0,auto_scan-2026-07-29_16-25-57,y0186.00cm,jul29_axicon3_010-tableyp001860.000mm-gantryxp000085.000mm-yp000070.000mm-zm000082.100mm-shot0000.npy,85.0,-82.1,118,500.0,0.236,1.0,0,False
186.5,auto_scan-2026-07-29_16-25-57,y0186.50cm,jul29_axicon3_010-tableyp001865.000mm-gantryxp000085.000mm-yp000065.000mm-zm000082.100mm-shot0000.npy,85.0,-82.1,120,500.0,0.24,1.0,0,False
187.0,auto_scan-2026-07-29_16-25-57,y0187.00cm,jul29_axicon3_010-tableyp001870.000mm-gantryxp000085.000mm-yp000060.000mm-zm000082.100mm-shot0000.npy,85.0,-82.1,120,500.0,0.24,1.0,0,False
187.5,auto_scan-2026-07-29_16-25-57,y0187.50cm,jul29_axicon3_010-tableyp001875.000mm-gantryxp000085.000mm-yp000055.000mm-zm000082.100mm-shot0000.npy,85.0,-82.1,131,500.0,0.262,1.0,0,False
188.0,auto_scan-2026-07-29_16-25-57,y0188.00cm,jul29_axicon3_010-tableyp001880.000mm-gantryxp000085.000mm-yp000050.000mm-zm000082.100mm-shot0000.npy,85.0,-82.1,132,500.0,0.264,1.0,0,False
188.5,auto_scan-2026-07-29_16-25-57,y0188.50cm,jul29_axicon3_010-tableyp001885.000mm-gantryxp000085.000mm-yp000045.000mm-zm000082.100mm-shot0000.npy,85.0,-82.1,140,500.0,0.28,1.0,0,False
189.0,auto_scan-2026-07-29_16-25-57,y0189.00cm,jul29_axicon3_010-tableyp001890.000mm-gantryxp000085.000mm-yp000040.000mm-zm000082.100mm-shot0000.npy,85.0,-82.1,150,500.0,0.3,1.0,0,False
189.0,auto_scan-2026-07-29_17-14-37,y0189.00cm,jul29_axicon3_011-tableyp001890.000mm-gantryxp000085.000mm-yp000130.000mm-zm000082.100mm-shot0000.npy,85.0,-82.1,255,8000.0,0.0319,1.0,3050,False
189.0,auto_scan-2026-07-29_17-14-37,y0189.00cm,jul29_axicon3_011-tableyp001890.000mm-gantryxp000090.000mm-yp000130.000mm-zm000082.100mm-shot0000.npy,90.0,-82.1,255,8000.0,0.0319,1.0,2626,False
189.0,auto_scan-2026-07-29_17-14-37,y0189.00cm,jul29_axicon3_011-tableyp001890.000mm-gantryxp000090.000mm-yp000130.000mm-zm000087.100mm-shot0000.npy,90.0,-87.1,129,8000.0,0.0161,0.506,0,False
189.5,auto_scan-2026-07-29_16-25-57,y0189.50cm,jul29_axicon3_010-tableyp001895.000mm-gantryxp000085.000mm-yp000035.000mm-zm000082.100mm-shot0000.npy,85.0,-82.1,162,500.0,0.324,1.0,0,False
189.5,auto_scan-2026-07-29_17-14-37,y0189.50cm,jul29_axicon3_011-tableyp001895.000mm-gantryxp000085.000mm-yp000125.000mm-zm000082.100mm-shot0000.npy,85.0,-82.1,159,500.0,0.318,0.981,0,False
189.5,auto_scan-2026-07-29_17-14-37,y0189.50cm,jul29_axicon3_011-tableyp001895.000mm-gantryxp000090.000mm-yp000125.000mm-zm000082.100mm-shot0000.npy,90.0,-82.1,162,500.0,0.324,1.0,0,False
190.0,auto_scan-2026-07-29_16-25-57,y0190.00cm,jul29_axicon3_010-tableyp001900.000mm-gantryxp000085.000mm-yp000030.000mm-zm000082.100mm-shot0000.npy,85.0,-82.1,171,500.0,0.342,1.0,0,False
190.0,auto_scan-2026-07-29_17-14-37,y0190.00cm,jul29_axicon3_011-tableyp001900.000mm-gantryxp000085.000mm-yp000120.000mm-zm000082.100mm-shot0000.npy,85.0,-82.1,179,500.0,0.358,1.0,0,False
190.0,auto_scan-2026-07-29_17-14-37,y0190.00cm,jul29_axicon3_011-tableyp001900.000mm-gantryxp000090.000mm-yp000120.000mm-zm000082.100mm-shot0000.npy,90.0,-82.1,164,500.0,0.328,0.916,0,False
190.5,auto_scan-2026-07-29_16-25-57,y0190.50cm,jul29_axicon3_010-tableyp001905.000mm-gantryxp000085.000mm-yp000025.000mm-zm000082.100mm-shot0000.npy,85.0,-82.1,148,429.8,0.3443,1.0,0,False
190.5,auto_scan-2026-07-29_17-14-37,y0190.50cm,jul29_axicon3_011-tableyp001905.000mm-gantryxp000085.000mm-yp000115.000mm-zm000082.100mm-shot0000.npy,85.0,-82.1,142,402.4,0.3529,1.0,0,False
190.5,auto_scan-2026-07-29_17-14-37,y0190.50cm,jul29_axicon3_011-tableyp001905.000mm-gantryxp000090.000mm-yp000115.000mm-zm000082.100mm-shot0000.npy,90.0,-82.1,140,402.4,0.3479,0.986,0,False
191.0,auto_scan-2026-07-29_16-25-57,y0191.00cm,jul29_axicon3_010-tableyp001910.000mm-gantryxp000085.000mm-yp000020.000mm-zm000082.100mm-shot0000.npy,85.0,-82.1,159,429.8,0.3699,1.0,0,False
191.0,auto_scan-2026-07-29_16-25-57,y0191.00cm,jul29_axicon3_010-tableyp001910.000mm-gantryxp000090.000mm-yp000020.000mm-zm000082.100mm-shot0000.npy,90.0,-82.1,157,429.8,0.3653,0.987,0,False
191.0,auto_scan-2026-07-29_17-14-37,y0191.00cm,jul29_axicon3_011-tableyp001910.000mm-gantryxp000085.000mm-yp000110.000mm-zm000082.100mm-shot0000.npy,85.0,-82.1,152,402.4,0.3777,1.0,0,False
191.0,auto_scan-2026-07-29_17-14-37,y0191.00cm,jul29_axicon3_011-tableyp001910.000mm-gantryxp000090.000mm-yp000110.000mm-zm000082.100mm-shot0000.npy,90.0,-82.1,135,402.4,0.3355,0.888,0,False
191.5,auto_scan-2026-07-29_16-25-57,y0191.50cm,jul29_axicon3_010-tableyp001915.000mm-gantryxp000085.000mm-yp000015.000mm-zm000082.100mm-shot0000.npy,85.0,-82.1,166,429.8,0.3862,1.0,0,False
191.5,auto_scan-2026-07-29_16-25-57,y0191.50cm,jul29_axicon3_010-tableyp001915.000mm-gantryxp000090.000mm-yp000015.000mm-zm000082.100mm-shot0000.npy,90.0,-82.1,160,429.8,0.3722,0.964,0,False
191.5,auto_scan-2026-07-29_17-14-37,y0191.50cm,jul29_axicon3_011-tableyp001915.000mm-gantryxp000085.000mm-yp000105.000mm-zm000082.100mm-shot0000.npy,85.0,-82.1,159,402.4,0.3951,1.0,0,False
191.5,auto_scan-2026-07-29_17-14-37,y0191.50cm,jul29_axicon3_011-tableyp001915.000mm-gantryxp000090.000mm-yp000105.000mm-zm000082.100mm-shot0000.npy,90.0,-82.1,140,402.4,0.3479,0.881,0,False
192.0,auto_scan-2026-07-29_16-25-57,y0192.00cm,jul29_axicon3_010-tableyp001920.000mm-gantryxp000085.000mm-yp000010.000mm-zm000082.100mm-shot0000.npy,85.0,-82.1,144,353.4,0.4074,1.0,0,False
192.0,auto_scan-2026-07-29_16-25-57,y0192.00cm,jul29_axicon3_010-tableyp001920.000mm-gantryxp000090.000mm-yp000010.000mm-zm000082.100mm-shot0000.npy,90.0,-82.1,141,353.4,0.3989,0.979,0,False
192.0,auto_scan-2026-07-29_17-14-37,y0192.00cm,jul29_axicon3_011-tableyp001920.000mm-gantryxp000085.000mm-yp000100.000mm-zm000082.100mm-shot0000.npy,85.0,-82.1,162,402.4,0.4026,1.0,0,False
192.0,auto_scan-2026-07-29_17-14-37,y0192.00cm,jul29_axicon3_011-tableyp001920.000mm-gantryxp000090.000mm-yp000100.000mm-zm000082.100mm-shot0000.npy,90.0,-82.1,149,402.4,0.3703,0.92,0,False
192.5,auto_scan-2026-07-29_17-14-37,y0192.50cm,jul29_axicon3_011-tableyp001925.000mm-gantryxp000085.000mm-yp000095.000mm-zm000082.100mm-shot0000.npy,85.0,-82.1,163,402.4,0.4051,0.982,0,False
192.5,auto_scan-2026-07-29_17-14-37,y0192.50cm,jul29_axicon3_011-tableyp001925.000mm-gantryxp000090.000mm-yp000095.000mm-zm000082.100mm-shot0000.npy,90.0,-82.1,166,402.4,0.4125,1.0,0,False
193.0,auto_scan-2026-07-29_17-14-37,y0193.00cm,jul29_axicon3_011-tableyp001930.000mm-gantryxp000085.000mm-yp000090.000mm-zm000082.100mm-shot0000.npy,85.0,-82.1,146,345.9,0.4221,0.936,0,False
193.0,auto_scan-2026-07-29_17-14-37,y0193.00cm,jul29_axicon3_011-tableyp001930.000mm-gantryxp000090.000mm-yp000090.000mm-zm000082.100mm-shot0000.npy,90.0,-82.1,156,345.9,0.451,1.0,0,False
193.5,auto_scan-2026-07-29_17-14-37,y0193.50cm,jul29_axicon3_011-tableyp001935.000mm-gantryxp000085.000mm-yp000085.000mm-zm000082.100mm-shot0000.npy,85.0,-82.1,147,345.9,0.425,0.948,0,False
193.5,auto_scan-2026-07-29_17-14-37,y0193.50cm,jul29_axicon3_011-tableyp001935.000mm-gantryxp000090.000mm-yp000085.000mm-zm000082.100mm-shot0000.npy,90.0,-82.1,155,345.9,0.4481,1.0,0,False
194.0,auto_scan-2026-07-29_17-14-37,y0194.00cm,jul29_axicon3_011-tableyp001940.000mm-gantryxp000085.000mm-yp000080.000mm-zm000082.100mm-shot0000.npy,85.0,-82.1,157,345.9,0.4539,0.882,0,False
194.0,auto_scan-2026-07-29_17-14-37,y0194.00cm,jul29_axicon3_011-tableyp001940.000mm-gantryxp000090.000mm-yp000080.000mm-zm000082.100mm-shot0000.npy,90.0,-82.1,178,345.9,0.5146,1.0,0,False
194.5,auto_scan-2026-07-29_17-14-37,y0194.50cm,jul29_axicon3_011-tableyp001945.000mm-gantryxp000085.000mm-yp000075.000mm-zm000082.100mm-shot0000.npy,85.0,-82.1,163,345.9,0.4712,0.953,0,False
194.5,auto_scan-2026-07-29_17-14-37,y0194.50cm,jul29_axicon3_011-tableyp001945.000mm-gantryxp000090.000mm-yp000075.000mm-zm000082.100mm-shot0000.npy,90.0,-82.1,171,345.9,0.4943,1.0,0,False
195.0,auto_scan-2026-07-29_17-14-37,y0195.00cm,jul29_axicon3_011-tableyp001950.000mm-gantryxp000085.000mm-yp000070.000mm-zm000082.100mm-shot0000.npy,85.0,-82.1,181,345.9,0.5232,1.0,0,False
195.0,auto_scan-2026-07-29_17-14-37,y0195.00cm,jul29_axicon3_011-tableyp001950.000mm-gantryxp000090.000mm-yp000070.000mm-zm000082.100mm-shot0000.npy,90.0,-82.1,176,345.9,0.5088,0.972,0,False
195.5,auto_scan-2026-07-29_17-14-37,y0195.50cm,jul29_axicon3_011-tableyp001955.000mm-gantryxp000085.000mm-yp000065.000mm-zm000082.100mm-shot0000.npy,85.0,-82.1,145,278.4,0.5208,0.954,0,False
195.5,auto_scan-2026-07-29_17-14-37,y0195.50cm,jul29_axicon3_011-tableyp001955.000mm-gantryxp000090.000mm-yp000065.000mm-zm000082.100mm-shot0000.npy,90.0,-82.1,152,278.4,0.546,1.0,0,False
196.0,auto_scan-2026-07-29_17-14-37,y0196.00cm,jul29_axicon3_011-tableyp001960.000mm-gantryxp000085.000mm-yp000060.000mm-zm000082.100mm-shot0000.npy,85.0,-82.1,153,278.4,0.5496,1.0,0,False
196.0,auto_scan-2026-07-29_17-14-37,y0196.00cm,jul29_axicon3_011-tableyp001960.000mm-gantryxp000090.000mm-yp000060.000mm-zm000082.100mm-shot0000.npy,90.0,-82.1,145,278.4,0.5208,0.948,0,False
196.5,auto_scan-2026-07-29_17-14-37,y0196.50cm,jul29_axicon3_011-tableyp001965.000mm-gantryxp000085.000mm-yp000055.000mm-zm000082.100mm-shot0000.npy,85.0,-82.1,152,278.4,0.546,1.0,0,False
196.5,auto_scan-2026-07-29_17-14-37,y0196.50cm,jul29_axicon3_011-tableyp001965.000mm-gantryxp000090.000mm-yp000055.000mm-zm000082.100mm-shot0000.npy,90.0,-82.1,143,278.4,0.5137,0.941,0,False
197.0,auto_scan-2026-07-29_17-14-37,y0197.00cm,jul29_axicon3_011-tableyp001970.000mm-gantryxp000085.000mm-yp000050.000mm-zm000082.100mm-shot0000.npy,85.0,-82.1,150,278.4,0.5388,0.968,0,False
197.0,auto_scan-2026-07-29_17-14-37,y0197.00cm,jul29_axicon3_011-tableyp001970.000mm-gantryxp000090.000mm-yp000050.000mm-zm000082.100mm-shot0000.npy,90.0,-82.1,155,278.4,0.5568,1.0,0,False
197.5,auto_scan-2026-07-29_17-14-37,y0197.50cm,jul29_axicon3_011-tableyp001975.000mm-gantryxp000085.000mm-yp000045.000mm-zm000082.100mm-shot0000.npy,85.0,-82.1,151,278.4,0.5424,0.932,0,False
197.5,auto_scan-2026-07-29_17-14-37,y0197.50cm,jul29_axicon3_011-tableyp001975.000mm-gantryxp000090.000mm-yp000045.000mm-zm000082.100mm-shot0000.npy,90.0,-82.1,162,278.4,0.5819,1.0,0,False
198.0,auto_scan-2026-07-29_17-14-37,y0198.00cm,jul29_axicon3_011-tableyp001980.000mm-gantryxp000085.000mm-yp000040.000mm-zm000082.100mm-shot0000.npy,85.0,-82.1,153,278.4,0.5496,0.944,0,False
198.0,auto_scan-2026-07-29_17-14-37,y0198.00cm,jul29_axicon3_011-tableyp001980.000mm-gantryxp000090.000mm-yp000040.000mm-zm000082.100mm-shot0000.npy,90.0,-82.1,162,278.4,0.5819,1.0,0,False
198.5,auto_scan-2026-07-29_17-14-37,y0198.50cm,jul29_axicon3_011-tableyp001985.000mm-gantryxp000085.000mm-yp000035.000mm-zm000082.100mm-shot0000.npy,85.0,-82.1,158,278.4,0.5675,0.946,0,False
198.5,auto_scan-2026-07-29_17-14-37,y0198.50cm,jul29_axicon3_011-tableyp001985.000mm-gantryxp000090.000mm-yp000035.000mm-zm000082.100mm-shot0000.npy,90.0,-82.1,167,278.4,0.5999,1.0,0,False
199.0,auto_scan-2026-07-29_17-14-37,y0199.00cm,jul29_axicon3_011-tableyp001990.000mm-gantryxp000085.000mm-yp000030.000mm-zm000082.100mm-shot0000.npy,85.0,-82.1,168,278.4,0.6035,1.0,0,False
199.0,auto_scan-2026-07-29_17-14-37,y0199.00cm,jul29_axicon3_011-tableyp001990.000mm-gantryxp000090.000mm-yp000030.000mm-zm000082.100mm-shot0000.npy,90.0,-82.1,165,278.4,0.5927,0.982,0,False
199.5,auto_scan-2026-07-29_17-14-37,y0199.50cm,jul29_axicon3_011-tableyp001995.000mm-gantryxp000085.000mm-yp000025.000mm-zm000082.100mm-shot0000.npy,85.0,-82.1,166,278.4,0.5963,1.0,0,False
199.5,auto_scan-2026-07-29_17-14-37,y0199.50cm,jul29_axicon3_011-tableyp001995.000mm-gantryxp000090.000mm-yp000025.000mm-zm000082.100mm-shot0000.npy,90.0,-82.1,159,278.4,0.5711,0.958,0,False
200.0,auto_scan-2026-07-29_17-14-37,y0200.00cm,jul29_axicon3_011-tableyp002000.000mm-gantryxp000085.000mm-yp000020.000mm-zm000082.100mm-shot0000.npy,85.0,-82.1,165,278.4,0.5927,1.0,0,False
200.0,auto_scan-2026-07-29_17-14-37,y0200.00cm,jul29_axicon3_011-tableyp002000.000mm-gantryxp000090.000mm-yp000020.000mm-zm000082.100mm-shot0000.npy,90.0,-82.1,155,278.4,0.5568,0.939,0,False
200.5,auto_scan-2026-07-29_17-14-37,y0200.50cm,jul29_axicon3_011-tableyp002005.000mm-gantryxp000085.000mm-yp000015.000mm-zm000082.100mm-shot0000.npy,85.0,-82.1,159,278.4,0.5711,1.0,0,False
200.5,auto_scan-2026-07-29_17-14-37,y0200.50cm,jul29_axicon3_011-tableyp002005.000mm-gantryxp000090.000mm-yp000015.000mm-zm000082.100mm-shot0000.npy,90.0,-82.1,147,278.4,0.528,0.925,0,False
201.0,auto_scan-2026-07-29_17-14-37,y0201.00cm,jul29_axicon3_011-tableyp002010.000mm-gantryxp000085.000mm-yp000010.000mm-zm000082.100mm-shot0000.npy,85.0,-82.1,153,278.4,0.5496,1.0,0,False
201.0,auto_scan-2026-07-29_17-14-37,y0201.00cm,jul29_axicon3_011-tableyp002010.000mm-gantryxp000090.000mm-yp000010.000mm-zm000082.100mm-shot0000.npy,90.0,-82.1,149,278.4,0.5352,0.974,0,False
