ISO-10303-21;
HEADER;
FILE_DESCRIPTION(('Open CASCADE Model'),'2;1');
FILE_NAME('Open CASCADE Shape Model','2026-07-16T20:27:34',('Author'),(
    'Open CASCADE'),'Open CASCADE STEP processor 7.9','Open CASCADE 7.9'
  ,'Unknown');
FILE_SCHEMA(('AUTOMOTIVE_DESIGN { 1 0 10303 214 1 1 1 1 }'));
ENDSEC;
DATA;
#1 = APPLICATION_PROTOCOL_DEFINITION('international standard',
  'automotive_design',2000,#2);
#2 = APPLICATION_CONTEXT(
  'core data for automotive mechanical design processes');
#3 = SHAPE_DEFINITION_REPRESENTATION(#4,#10);
#4 = PRODUCT_DEFINITION_SHAPE('','',#5);
#5 = PRODUCT_DEFINITION('design','',#6,#9);
#6 = PRODUCT_DEFINITION_FORMATION('','',#7);
#7 = PRODUCT('Open CASCADE STEP translator 7.9 2',
  'Open CASCADE STEP translator 7.9 2','',(#8));
#8 = PRODUCT_CONTEXT('',#2,'mechanical');
#9 = PRODUCT_DEFINITION_CONTEXT('part definition',#2,'design');
#10 = ADVANCED_BREP_SHAPE_REPRESENTATION('',(#11,#15),#2149);
#11 = AXIS2_PLACEMENT_3D('',#12,#13,#14);
#12 = CARTESIAN_POINT('',(0.,0.,0.));
#13 = DIRECTION('',(0.,0.,1.));
#14 = DIRECTION('',(1.,0.,-0.));
#15 = MANIFOLD_SOLID_BREP('',#16);
#16 = CLOSED_SHELL('',(#17,#249,#384,#572,#710,#786,#868,#1041,#1119,
    #1190,#1276,#1347,#1403,#1544,#1571,#1601,#1698,#1752,#1806,#1833,
    #1889,#1938,#1970,#2004,#2036,#2064,#2106,#2138));
#17 = ADVANCED_FACE('',(#18),#32,.F.);
#18 = FACE_BOUND('',#19,.F.);
#19 = EDGE_LOOP('',(#20,#55,#83,#111,#139,#167,#195,#223));
#20 = ORIENTED_EDGE('',*,*,#21,.T.);
#21 = EDGE_CURVE('',#22,#24,#26,.T.);
#22 = VERTEX_POINT('',#23);
#23 = CARTESIAN_POINT('',(-19.,-16.,-3.));
#24 = VERTEX_POINT('',#25);
#25 = CARTESIAN_POINT('',(-19.,-13.15,-3.));
#26 = SURFACE_CURVE('',#27,(#31,#43),.PCURVE_S1.);
#27 = LINE('',#28,#29);
#28 = CARTESIAN_POINT('',(-19.,-19.,-3.));
#29 = VECTOR('',#30,1.);
#30 = DIRECTION('',(0.,1.,0.));
#31 = PCURVE('',#32,#37);
#32 = PLANE('',#33);
#33 = AXIS2_PLACEMENT_3D('',#34,#35,#36);
#34 = CARTESIAN_POINT('',(-19.,-19.,0.));
#35 = DIRECTION('',(1.,0.,0.));
#36 = DIRECTION('',(0.,0.,1.));
#37 = DEFINITIONAL_REPRESENTATION('',(#38),#42);
#38 = LINE('',#39,#40);
#39 = CARTESIAN_POINT('',(-3.,0.));
#40 = VECTOR('',#41,1.);
#41 = DIRECTION('',(0.,-1.));
#42 = ( GEOMETRIC_REPRESENTATION_CONTEXT(2) 
PARAMETRIC_REPRESENTATION_CONTEXT() REPRESENTATION_CONTEXT('2D SPACE',''
  ) );
#43 = PCURVE('',#44,#49);
#44 = PLANE('',#45);
#45 = AXIS2_PLACEMENT_3D('',#46,#47,#48);
#46 = CARTESIAN_POINT('',(-19.,-19.,-3.));
#47 = DIRECTION('',(0.,0.,1.));
#48 = DIRECTION('',(1.,0.,0.));
#49 = DEFINITIONAL_REPRESENTATION('',(#50),#54);
#50 = LINE('',#51,#52);
#51 = CARTESIAN_POINT('',(0.,0.));
#52 = VECTOR('',#53,1.);
#53 = DIRECTION('',(0.,1.));
#54 = ( GEOMETRIC_REPRESENTATION_CONTEXT(2) 
PARAMETRIC_REPRESENTATION_CONTEXT() REPRESENTATION_CONTEXT('2D SPACE',''
  ) );
#55 = ORIENTED_EDGE('',*,*,#56,.T.);
#56 = EDGE_CURVE('',#24,#57,#59,.T.);
#57 = VERTEX_POINT('',#58);
#58 = CARTESIAN_POINT('',(-19.,-13.15,0.));
#59 = SURFACE_CURVE('',#60,(#64,#71),.PCURVE_S1.);
#60 = LINE('',#61,#62);
#61 = CARTESIAN_POINT('',(-19.,-13.15,-3.));
#62 = VECTOR('',#63,1.);
#63 = DIRECTION('',(0.,0.,1.));
#64 = PCURVE('',#32,#65);
#65 = DEFINITIONAL_REPRESENTATION('',(#66),#70);
#66 = LINE('',#67,#68);
#67 = CARTESIAN_POINT('',(-3.,-5.85));
#68 = VECTOR('',#69,1.);
#69 = DIRECTION('',(1.,0.));
#70 = ( GEOMETRIC_REPRESENTATION_CONTEXT(2) 
PARAMETRIC_REPRESENTATION_CONTEXT() REPRESENTATION_CONTEXT('2D SPACE',''
  ) );
#71 = PCURVE('',#72,#77);
#72 = CYLINDRICAL_SURFACE('',#73,3.);
#73 = AXIS2_PLACEMENT_3D('',#74,#75,#76);
#74 = CARTESIAN_POINT('',(-16.,-13.15,-3.));
#75 = DIRECTION('',(0.,0.,1.));
#76 = DIRECTION('',(-1.,-0.,0.));
#77 = DEFINITIONAL_REPRESENTATION('',(#78),#82);
#78 = LINE('',#79,#80);
#79 = CARTESIAN_POINT('',(-0.,0.));
#80 = VECTOR('',#81,1.);
#81 = DIRECTION('',(-0.,1.));
#82 = ( GEOMETRIC_REPRESENTATION_CONTEXT(2) 
PARAMETRIC_REPRESENTATION_CONTEXT() REPRESENTATION_CONTEXT('2D SPACE',''
  ) );
#83 = ORIENTED_EDGE('',*,*,#84,.F.);
#84 = EDGE_CURVE('',#85,#57,#87,.T.);
#85 = VERTEX_POINT('',#86);
#86 = CARTESIAN_POINT('',(-19.,13.15,0.));
#87 = SURFACE_CURVE('',#88,(#92,#99),.PCURVE_S1.);
#88 = LINE('',#89,#90);
#89 = CARTESIAN_POINT('',(-19.,13.15,0.));
#90 = VECTOR('',#91,1.);
#91 = DIRECTION('',(0.,-1.,0.));
#92 = PCURVE('',#32,#93);
#93 = DEFINITIONAL_REPRESENTATION('',(#94),#98);
#94 = LINE('',#95,#96);
#95 = CARTESIAN_POINT('',(0.,-32.15));
#96 = VECTOR('',#97,1.);
#97 = DIRECTION('',(0.,1.));
#98 = ( GEOMETRIC_REPRESENTATION_CONTEXT(2) 
PARAMETRIC_REPRESENTATION_CONTEXT() REPRESENTATION_CONTEXT('2D SPACE',''
  ) );
#99 = PCURVE('',#100,#105);
#100 = PLANE('',#101);
#101 = AXIS2_PLACEMENT_3D('',#102,#103,#104);
#102 = CARTESIAN_POINT('',(-19.,-19.,0.));
#103 = DIRECTION('',(0.,0.,1.));
#104 = DIRECTION('',(1.,0.,0.));
#105 = DEFINITIONAL_REPRESENTATION('',(#106),#110);
#106 = LINE('',#107,#108);
#107 = CARTESIAN_POINT('',(0.,32.15));
#108 = VECTOR('',#109,1.);
#109 = DIRECTION('',(0.,-1.));
#110 = ( GEOMETRIC_REPRESENTATION_CONTEXT(2) 
PARAMETRIC_REPRESENTATION_CONTEXT() REPRESENTATION_CONTEXT('2D SPACE',''
  ) );
#111 = ORIENTED_EDGE('',*,*,#112,.F.);
#112 = EDGE_CURVE('',#113,#85,#115,.T.);
#113 = VERTEX_POINT('',#114);
#114 = CARTESIAN_POINT('',(-19.,13.15,-3.));
#115 = SURFACE_CURVE('',#116,(#120,#127),.PCURVE_S1.);
#116 = LINE('',#117,#118);
#117 = CARTESIAN_POINT('',(-19.,13.15,-3.));
#118 = VECTOR('',#119,1.);
#119 = DIRECTION('',(0.,0.,1.));
#120 = PCURVE('',#32,#121);
#121 = DEFINITIONAL_REPRESENTATION('',(#122),#126);
#122 = LINE('',#123,#124);
#123 = CARTESIAN_POINT('',(-3.,-32.15));
#124 = VECTOR('',#125,1.);
#125 = DIRECTION('',(1.,0.));
#126 = ( GEOMETRIC_REPRESENTATION_CONTEXT(2) 
PARAMETRIC_REPRESENTATION_CONTEXT() REPRESENTATION_CONTEXT('2D SPACE',''
  ) );
#127 = PCURVE('',#128,#133);
#128 = CYLINDRICAL_SURFACE('',#129,3.);
#129 = AXIS2_PLACEMENT_3D('',#130,#131,#132);
#130 = CARTESIAN_POINT('',(-16.,13.15,-3.));
#131 = DIRECTION('',(0.,0.,1.));
#132 = DIRECTION('',(-1.,-0.,0.));
#133 = DEFINITIONAL_REPRESENTATION('',(#134),#138);
#134 = LINE('',#135,#136);
#135 = CARTESIAN_POINT('',(0.,0.));
#136 = VECTOR('',#137,1.);
#137 = DIRECTION('',(0.,1.));
#138 = ( GEOMETRIC_REPRESENTATION_CONTEXT(2) 
PARAMETRIC_REPRESENTATION_CONTEXT() REPRESENTATION_CONTEXT('2D SPACE',''
  ) );
#139 = ORIENTED_EDGE('',*,*,#140,.T.);
#140 = EDGE_CURVE('',#113,#141,#143,.T.);
#141 = VERTEX_POINT('',#142);
#142 = CARTESIAN_POINT('',(-19.,16.,-3.));
#143 = SURFACE_CURVE('',#144,(#148,#155),.PCURVE_S1.);
#144 = LINE('',#145,#146);
#145 = CARTESIAN_POINT('',(-19.,10.15,-3.));
#146 = VECTOR('',#147,1.);
#147 = DIRECTION('',(0.,1.,0.));
#148 = PCURVE('',#32,#149);
#149 = DEFINITIONAL_REPRESENTATION('',(#150),#154);
#150 = LINE('',#151,#152);
#151 = CARTESIAN_POINT('',(-3.,-29.15));
#152 = VECTOR('',#153,1.);
#153 = DIRECTION('',(0.,-1.));
#154 = ( GEOMETRIC_REPRESENTATION_CONTEXT(2) 
PARAMETRIC_REPRESENTATION_CONTEXT() REPRESENTATION_CONTEXT('2D SPACE',''
  ) );
#155 = PCURVE('',#156,#161);
#156 = PLANE('',#157);
#157 = AXIS2_PLACEMENT_3D('',#158,#159,#160);
#158 = CARTESIAN_POINT('',(-19.,10.15,-3.));
#159 = DIRECTION('',(0.,0.,1.));
#160 = DIRECTION('',(1.,0.,0.));
#161 = DEFINITIONAL_REPRESENTATION('',(#162),#166);
#162 = LINE('',#163,#164);
#163 = CARTESIAN_POINT('',(0.,0.));
#164 = VECTOR('',#165,1.);
#165 = DIRECTION('',(0.,1.));
#166 = ( GEOMETRIC_REPRESENTATION_CONTEXT(2) 
PARAMETRIC_REPRESENTATION_CONTEXT() REPRESENTATION_CONTEXT('2D SPACE',''
  ) );
#167 = ORIENTED_EDGE('',*,*,#168,.F.);
#168 = EDGE_CURVE('',#169,#141,#171,.T.);
#169 = VERTEX_POINT('',#170);
#170 = CARTESIAN_POINT('',(-19.,16.,4.));
#171 = SURFACE_CURVE('',#172,(#176,#183),.PCURVE_S1.);
#172 = LINE('',#173,#174);
#173 = CARTESIAN_POINT('',(-19.,16.,4.));
#174 = VECTOR('',#175,1.);
#175 = DIRECTION('',(0.,0.,-1.));
#176 = PCURVE('',#32,#177);
#177 = DEFINITIONAL_REPRESENTATION('',(#178),#182);
#178 = LINE('',#179,#180);
#179 = CARTESIAN_POINT('',(4.,-35.));
#180 = VECTOR('',#181,1.);
#181 = DIRECTION('',(-1.,0.));
#182 = ( GEOMETRIC_REPRESENTATION_CONTEXT(2) 
PARAMETRIC_REPRESENTATION_CONTEXT() REPRESENTATION_CONTEXT('2D SPACE',''
  ) );
#183 = PCURVE('',#184,#189);
#184 = CYLINDRICAL_SURFACE('',#185,3.);
#185 = AXIS2_PLACEMENT_3D('',#186,#187,#188);
#186 = CARTESIAN_POINT('',(-16.,16.,4.));
#187 = DIRECTION('',(0.,0.,-1.));
#188 = DIRECTION('',(-1.,-0.,-0.));
#189 = DEFINITIONAL_REPRESENTATION('',(#190),#194);
#190 = LINE('',#191,#192);
#191 = CARTESIAN_POINT('',(0.,0.));
#192 = VECTOR('',#193,1.);
#193 = DIRECTION('',(0.,1.));
#194 = ( GEOMETRIC_REPRESENTATION_CONTEXT(2) 
PARAMETRIC_REPRESENTATION_CONTEXT() REPRESENTATION_CONTEXT('2D SPACE',''
  ) );
#195 = ORIENTED_EDGE('',*,*,#196,.F.);
#196 = EDGE_CURVE('',#197,#169,#199,.T.);
#197 = VERTEX_POINT('',#198);
#198 = CARTESIAN_POINT('',(-19.,-16.,4.));
#199 = SURFACE_CURVE('',#200,(#204,#211),.PCURVE_S1.);
#200 = LINE('',#201,#202);
#201 = CARTESIAN_POINT('',(-19.,-19.,4.));
#202 = VECTOR('',#203,1.);
#203 = DIRECTION('',(0.,1.,0.));
#204 = PCURVE('',#32,#205);
#205 = DEFINITIONAL_REPRESENTATION('',(#206),#210);
#206 = LINE('',#207,#208);
#207 = CARTESIAN_POINT('',(4.,0.));
#208 = VECTOR('',#209,1.);
#209 = DIRECTION('',(0.,-1.));
#210 = ( GEOMETRIC_REPRESENTATION_CONTEXT(2) 
PARAMETRIC_REPRESENTATION_CONTEXT() REPRESENTATION_CONTEXT('2D SPACE',''
  ) );
#211 = PCURVE('',#212,#217);
#212 = PLANE('',#213);
#213 = AXIS2_PLACEMENT_3D('',#214,#215,#216);
#214 = CARTESIAN_POINT('',(-19.,-19.,4.));
#215 = DIRECTION('',(0.,0.,1.));
#216 = DIRECTION('',(1.,0.,0.));
#217 = DEFINITIONAL_REPRESENTATION('',(#218),#222);
#218 = LINE('',#219,#220);
#219 = CARTESIAN_POINT('',(0.,0.));
#220 = VECTOR('',#221,1.);
#221 = DIRECTION('',(0.,1.));
#222 = ( GEOMETRIC_REPRESENTATION_CONTEXT(2) 
PARAMETRIC_REPRESENTATION_CONTEXT() REPRESENTATION_CONTEXT('2D SPACE',''
  ) );
#223 = ORIENTED_EDGE('',*,*,#224,.F.);
#224 = EDGE_CURVE('',#22,#197,#225,.T.);
#225 = SURFACE_CURVE('',#226,(#230,#237),.PCURVE_S1.);
#226 = LINE('',#227,#228);
#227 = CARTESIAN_POINT('',(-19.,-16.,-3.));
#228 = VECTOR('',#229,1.);
#229 = DIRECTION('',(0.,0.,1.));
#230 = PCURVE('',#32,#231);
#231 = DEFINITIONAL_REPRESENTATION('',(#232),#236);
#232 = LINE('',#233,#234);
#233 = CARTESIAN_POINT('',(-3.,-3.));
#234 = VECTOR('',#235,1.);
#235 = DIRECTION('',(1.,0.));
#236 = ( GEOMETRIC_REPRESENTATION_CONTEXT(2) 
PARAMETRIC_REPRESENTATION_CONTEXT() REPRESENTATION_CONTEXT('2D SPACE',''
  ) );
#237 = PCURVE('',#238,#243);
#238 = CYLINDRICAL_SURFACE('',#239,3.);
#239 = AXIS2_PLACEMENT_3D('',#240,#241,#242);
#240 = CARTESIAN_POINT('',(-16.,-16.,-3.));
#241 = DIRECTION('',(0.,0.,1.));
#242 = DIRECTION('',(-1.,-0.,0.));
#243 = DEFINITIONAL_REPRESENTATION('',(#244),#248);
#244 = LINE('',#245,#246);
#245 = CARTESIAN_POINT('',(0.,0.));
#246 = VECTOR('',#247,1.);
#247 = DIRECTION('',(0.,1.));
#248 = ( GEOMETRIC_REPRESENTATION_CONTEXT(2) 
PARAMETRIC_REPRESENTATION_CONTEXT() REPRESENTATION_CONTEXT('2D SPACE',''
  ) );
#249 = ADVANCED_FACE('',(#250),#238,.T.);
#250 = FACE_BOUND('',#251,.T.);
#251 = EDGE_LOOP('',(#252,#276,#277,#301,#329,#358));
#252 = ORIENTED_EDGE('',*,*,#253,.F.);
#253 = EDGE_CURVE('',#197,#254,#256,.T.);
#254 = VERTEX_POINT('',#255);
#255 = CARTESIAN_POINT('',(-17.8,-18.4,4.));
#256 = SURFACE_CURVE('',#257,(#262,#269),.PCURVE_S1.);
#257 = CIRCLE('',#258,3.);
#258 = AXIS2_PLACEMENT_3D('',#259,#260,#261);
#259 = CARTESIAN_POINT('',(-16.,-16.,4.));
#260 = DIRECTION('',(0.,0.,1.));
#261 = DIRECTION('',(0.,-1.,0.));
#262 = PCURVE('',#238,#263);
#263 = DEFINITIONAL_REPRESENTATION('',(#264),#268);
#264 = LINE('',#265,#266);
#265 = CARTESIAN_POINT('',(-4.712388980385,7.));
#266 = VECTOR('',#267,1.);
#267 = DIRECTION('',(1.,0.));
#268 = ( GEOMETRIC_REPRESENTATION_CONTEXT(2) 
PARAMETRIC_REPRESENTATION_CONTEXT() REPRESENTATION_CONTEXT('2D SPACE',''
  ) );
#269 = PCURVE('',#212,#270);
#270 = DEFINITIONAL_REPRESENTATION('',(#271),#275);
#271 = CIRCLE('',#272,3.);
#272 = AXIS2_PLACEMENT_2D('',#273,#274);
#273 = CARTESIAN_POINT('',(3.,3.));
#274 = DIRECTION('',(0.,-1.));
#275 = ( GEOMETRIC_REPRESENTATION_CONTEXT(2) 
PARAMETRIC_REPRESENTATION_CONTEXT() REPRESENTATION_CONTEXT('2D SPACE',''
  ) );
#276 = ORIENTED_EDGE('',*,*,#224,.F.);
#277 = ORIENTED_EDGE('',*,*,#278,.T.);
#278 = EDGE_CURVE('',#22,#279,#281,.T.);
#279 = VERTEX_POINT('',#280);
#280 = CARTESIAN_POINT('',(-16.,-19.,-3.));
#281 = SURFACE_CURVE('',#282,(#287,#294),.PCURVE_S1.);
#282 = CIRCLE('',#283,3.);
#283 = AXIS2_PLACEMENT_3D('',#284,#285,#286);
#284 = CARTESIAN_POINT('',(-16.,-16.,-3.));
#285 = DIRECTION('',(0.,0.,1.));
#286 = DIRECTION('',(0.,-1.,0.));
#287 = PCURVE('',#238,#288);
#288 = DEFINITIONAL_REPRESENTATION('',(#289),#293);
#289 = LINE('',#290,#291);
#290 = CARTESIAN_POINT('',(-4.712388980385,0.));
#291 = VECTOR('',#292,1.);
#292 = DIRECTION('',(1.,0.));
#293 = ( GEOMETRIC_REPRESENTATION_CONTEXT(2) 
PARAMETRIC_REPRESENTATION_CONTEXT() REPRESENTATION_CONTEXT('2D SPACE',''
  ) );
#294 = PCURVE('',#44,#295);
#295 = DEFINITIONAL_REPRESENTATION('',(#296),#300);
#296 = CIRCLE('',#297,3.);
#297 = AXIS2_PLACEMENT_2D('',#298,#299);
#298 = CARTESIAN_POINT('',(3.,3.));
#299 = DIRECTION('',(0.,-1.));
#300 = ( GEOMETRIC_REPRESENTATION_CONTEXT(2) 
PARAMETRIC_REPRESENTATION_CONTEXT() REPRESENTATION_CONTEXT('2D SPACE',''
  ) );
#301 = ORIENTED_EDGE('',*,*,#302,.T.);
#302 = EDGE_CURVE('',#279,#303,#305,.T.);
#303 = VERTEX_POINT('',#304);
#304 = CARTESIAN_POINT('',(-16.,-19.,6.));
#305 = SURFACE_CURVE('',#306,(#310,#317),.PCURVE_S1.);
#306 = LINE('',#307,#308);
#307 = CARTESIAN_POINT('',(-16.,-19.,-3.));
#308 = VECTOR('',#309,1.);
#309 = DIRECTION('',(0.,0.,1.));
#310 = PCURVE('',#238,#311);
#311 = DEFINITIONAL_REPRESENTATION('',(#312),#316);
#312 = LINE('',#313,#314);
#313 = CARTESIAN_POINT('',(1.570796326795,0.));
#314 = VECTOR('',#315,1.);
#315 = DIRECTION('',(0.,1.));
#316 = ( GEOMETRIC_REPRESENTATION_CONTEXT(2) 
PARAMETRIC_REPRESENTATION_CONTEXT() REPRESENTATION_CONTEXT('2D SPACE',''
  ) );
#317 = PCURVE('',#318,#323);
#318 = PLANE('',#319);
#319 = AXIS2_PLACEMENT_3D('',#320,#321,#322);
#320 = CARTESIAN_POINT('',(-19.,-19.,0.));
#321 = DIRECTION('',(0.,1.,0.));
#322 = DIRECTION('',(0.,0.,1.));
#323 = DEFINITIONAL_REPRESENTATION('',(#324),#328);
#324 = LINE('',#325,#326);
#325 = CARTESIAN_POINT('',(-3.,3.));
#326 = VECTOR('',#327,1.);
#327 = DIRECTION('',(1.,0.));
#328 = ( GEOMETRIC_REPRESENTATION_CONTEXT(2) 
PARAMETRIC_REPRESENTATION_CONTEXT() REPRESENTATION_CONTEXT('2D SPACE',''
  ) );
#329 = ORIENTED_EDGE('',*,*,#330,.F.);
#330 = EDGE_CURVE('',#331,#303,#333,.T.);
#331 = VERTEX_POINT('',#332);
#332 = CARTESIAN_POINT('',(-17.8,-18.4,6.));
#333 = SURFACE_CURVE('',#334,(#339,#346),.PCURVE_S1.);
#334 = CIRCLE('',#335,3.);
#335 = AXIS2_PLACEMENT_3D('',#336,#337,#338);
#336 = CARTESIAN_POINT('',(-16.,-16.,6.));
#337 = DIRECTION('',(0.,0.,1.));
#338 = DIRECTION('',(0.,-1.,0.));
#339 = PCURVE('',#238,#340);
#340 = DEFINITIONAL_REPRESENTATION('',(#341),#345);
#341 = LINE('',#342,#343);
#342 = CARTESIAN_POINT('',(-4.712388980385,9.));
#343 = VECTOR('',#344,1.);
#344 = DIRECTION('',(1.,0.));
#345 = ( GEOMETRIC_REPRESENTATION_CONTEXT(2) 
PARAMETRIC_REPRESENTATION_CONTEXT() REPRESENTATION_CONTEXT('2D SPACE',''
  ) );
#346 = PCURVE('',#347,#352);
#347 = PLANE('',#348);
#348 = AXIS2_PLACEMENT_3D('',#349,#350,#351);
#349 = CARTESIAN_POINT('',(-17.8,-19.,6.));
#350 = DIRECTION('',(0.,0.,1.));
#351 = DIRECTION('',(1.,0.,0.));
#352 = DEFINITIONAL_REPRESENTATION('',(#353),#357);
#353 = CIRCLE('',#354,3.);
#354 = AXIS2_PLACEMENT_2D('',#355,#356);
#355 = CARTESIAN_POINT('',(1.8,3.));
#356 = DIRECTION('',(0.,-1.));
#357 = ( GEOMETRIC_REPRESENTATION_CONTEXT(2) 
PARAMETRIC_REPRESENTATION_CONTEXT() REPRESENTATION_CONTEXT('2D SPACE',''
  ) );
#358 = ORIENTED_EDGE('',*,*,#359,.F.);
#359 = EDGE_CURVE('',#254,#331,#360,.T.);
#360 = SURFACE_CURVE('',#361,(#365,#372),.PCURVE_S1.);
#361 = LINE('',#362,#363);
#362 = CARTESIAN_POINT('',(-17.8,-18.4,-3.));
#363 = VECTOR('',#364,1.);
#364 = DIRECTION('',(0.,0.,1.));
#365 = PCURVE('',#238,#366);
#366 = DEFINITIONAL_REPRESENTATION('',(#367),#371);
#367 = LINE('',#368,#369);
#368 = CARTESIAN_POINT('',(0.927295218002,0.));
#369 = VECTOR('',#370,1.);
#370 = DIRECTION('',(0.,1.));
#371 = ( GEOMETRIC_REPRESENTATION_CONTEXT(2) 
PARAMETRIC_REPRESENTATION_CONTEXT() REPRESENTATION_CONTEXT('2D SPACE',''
  ) );
#372 = PCURVE('',#373,#378);
#373 = PLANE('',#374);
#374 = AXIS2_PLACEMENT_3D('',#375,#376,#377);
#375 = CARTESIAN_POINT('',(-17.8,-19.,4.));
#376 = DIRECTION('',(1.,0.,0.));
#377 = DIRECTION('',(0.,0.,1.));
#378 = DEFINITIONAL_REPRESENTATION('',(#379),#383);
#379 = LINE('',#380,#381);
#380 = CARTESIAN_POINT('',(-7.,-0.6));
#381 = VECTOR('',#382,1.);
#382 = DIRECTION('',(1.,0.));
#383 = ( GEOMETRIC_REPRESENTATION_CONTEXT(2) 
PARAMETRIC_REPRESENTATION_CONTEXT() REPRESENTATION_CONTEXT('2D SPACE',''
  ) );
#384 = ADVANCED_FACE('',(#385),#318,.F.);
#385 = FACE_BOUND('',#386,.F.);
#386 = EDGE_LOOP('',(#387,#410,#438,#466,#494,#522,#550,#571));
#387 = ORIENTED_EDGE('',*,*,#388,.T.);
#388 = EDGE_CURVE('',#303,#389,#391,.T.);
#389 = VERTEX_POINT('',#390);
#390 = CARTESIAN_POINT('',(-15.3,-19.,6.));
#391 = SURFACE_CURVE('',#392,(#396,#403),.PCURVE_S1.);
#392 = LINE('',#393,#394);
#393 = CARTESIAN_POINT('',(-17.8,-19.,6.));
#394 = VECTOR('',#395,1.);
#395 = DIRECTION('',(1.,0.,0.));
#396 = PCURVE('',#318,#397);
#397 = DEFINITIONAL_REPRESENTATION('',(#398),#402);
#398 = LINE('',#399,#400);
#399 = CARTESIAN_POINT('',(6.,1.2));
#400 = VECTOR('',#401,1.);
#401 = DIRECTION('',(0.,1.));
#402 = ( GEOMETRIC_REPRESENTATION_CONTEXT(2) 
PARAMETRIC_REPRESENTATION_CONTEXT() REPRESENTATION_CONTEXT('2D SPACE',''
  ) );
#403 = PCURVE('',#347,#404);
#404 = DEFINITIONAL_REPRESENTATION('',(#405),#409);
#405 = LINE('',#406,#407);
#406 = CARTESIAN_POINT('',(0.,0.));
#407 = VECTOR('',#408,1.);
#408 = DIRECTION('',(1.,0.));
#409 = ( GEOMETRIC_REPRESENTATION_CONTEXT(2) 
PARAMETRIC_REPRESENTATION_CONTEXT() REPRESENTATION_CONTEXT('2D SPACE',''
  ) );
#410 = ORIENTED_EDGE('',*,*,#411,.F.);
#411 = EDGE_CURVE('',#412,#389,#414,.T.);
#412 = VERTEX_POINT('',#413);
#413 = CARTESIAN_POINT('',(-15.3,-19.,4.));
#414 = SURFACE_CURVE('',#415,(#419,#426),.PCURVE_S1.);
#415 = LINE('',#416,#417);
#416 = CARTESIAN_POINT('',(-15.3,-19.,4.));
#417 = VECTOR('',#418,1.);
#418 = DIRECTION('',(0.,0.,1.));
#419 = PCURVE('',#318,#420);
#420 = DEFINITIONAL_REPRESENTATION('',(#421),#425);
#421 = LINE('',#422,#423);
#422 = CARTESIAN_POINT('',(4.,3.7));
#423 = VECTOR('',#424,1.);
#424 = DIRECTION('',(1.,0.));
#425 = ( GEOMETRIC_REPRESENTATION_CONTEXT(2) 
PARAMETRIC_REPRESENTATION_CONTEXT() REPRESENTATION_CONTEXT('2D SPACE',''
  ) );
#426 = PCURVE('',#427,#432);
#427 = PLANE('',#428);
#428 = AXIS2_PLACEMENT_3D('',#429,#430,#431);
#429 = CARTESIAN_POINT('',(-15.3,-19.,4.));
#430 = DIRECTION('',(1.,0.,0.));
#431 = DIRECTION('',(0.,0.,1.));
#432 = DEFINITIONAL_REPRESENTATION('',(#433),#437);
#433 = LINE('',#434,#435);
#434 = CARTESIAN_POINT('',(0.,0.));
#435 = VECTOR('',#436,1.);
#436 = DIRECTION('',(1.,0.));
#437 = ( GEOMETRIC_REPRESENTATION_CONTEXT(2) 
PARAMETRIC_REPRESENTATION_CONTEXT() REPRESENTATION_CONTEXT('2D SPACE',''
  ) );
#438 = ORIENTED_EDGE('',*,*,#439,.T.);
#439 = EDGE_CURVE('',#412,#440,#442,.T.);
#440 = VERTEX_POINT('',#441);
#441 = CARTESIAN_POINT('',(15.3,-19.,4.));
#442 = SURFACE_CURVE('',#443,(#447,#454),.PCURVE_S1.);
#443 = LINE('',#444,#445);
#444 = CARTESIAN_POINT('',(-19.,-19.,4.));
#445 = VECTOR('',#446,1.);
#446 = DIRECTION('',(1.,0.,0.));
#447 = PCURVE('',#318,#448);
#448 = DEFINITIONAL_REPRESENTATION('',(#449),#453);
#449 = LINE('',#450,#451);
#450 = CARTESIAN_POINT('',(4.,0.));
#451 = VECTOR('',#452,1.);
#452 = DIRECTION('',(0.,1.));
#453 = ( GEOMETRIC_REPRESENTATION_CONTEXT(2) 
PARAMETRIC_REPRESENTATION_CONTEXT() REPRESENTATION_CONTEXT('2D SPACE',''
  ) );
#454 = PCURVE('',#455,#460);
#455 = PLANE('',#456);
#456 = AXIS2_PLACEMENT_3D('',#457,#458,#459);
#457 = CARTESIAN_POINT('',(-19.,-19.,4.));
#458 = DIRECTION('',(0.,0.,1.));
#459 = DIRECTION('',(1.,0.,0.));
#460 = DEFINITIONAL_REPRESENTATION('',(#461),#465);
#461 = LINE('',#462,#463);
#462 = CARTESIAN_POINT('',(0.,0.));
#463 = VECTOR('',#464,1.);
#464 = DIRECTION('',(1.,0.));
#465 = ( GEOMETRIC_REPRESENTATION_CONTEXT(2) 
PARAMETRIC_REPRESENTATION_CONTEXT() REPRESENTATION_CONTEXT('2D SPACE',''
  ) );
#466 = ORIENTED_EDGE('',*,*,#467,.T.);
#467 = EDGE_CURVE('',#440,#468,#470,.T.);
#468 = VERTEX_POINT('',#469);
#469 = CARTESIAN_POINT('',(15.3,-19.,6.));
#470 = SURFACE_CURVE('',#471,(#475,#482),.PCURVE_S1.);
#471 = LINE('',#472,#473);
#472 = CARTESIAN_POINT('',(15.3,-19.,4.));
#473 = VECTOR('',#474,1.);
#474 = DIRECTION('',(0.,0.,1.));
#475 = PCURVE('',#318,#476);
#476 = DEFINITIONAL_REPRESENTATION('',(#477),#481);
#477 = LINE('',#478,#479);
#478 = CARTESIAN_POINT('',(4.,34.3));
#479 = VECTOR('',#480,1.);
#480 = DIRECTION('',(1.,0.));
#481 = ( GEOMETRIC_REPRESENTATION_CONTEXT(2) 
PARAMETRIC_REPRESENTATION_CONTEXT() REPRESENTATION_CONTEXT('2D SPACE',''
  ) );
#482 = PCURVE('',#483,#488);
#483 = PLANE('',#484);
#484 = AXIS2_PLACEMENT_3D('',#485,#486,#487);
#485 = CARTESIAN_POINT('',(15.3,-19.,4.));
#486 = DIRECTION('',(1.,0.,0.));
#487 = DIRECTION('',(0.,0.,1.));
#488 = DEFINITIONAL_REPRESENTATION('',(#489),#493);
#489 = LINE('',#490,#491);
#490 = CARTESIAN_POINT('',(0.,0.));
#491 = VECTOR('',#492,1.);
#492 = DIRECTION('',(1.,0.));
#493 = ( GEOMETRIC_REPRESENTATION_CONTEXT(2) 
PARAMETRIC_REPRESENTATION_CONTEXT() REPRESENTATION_CONTEXT('2D SPACE',''
  ) );
#494 = ORIENTED_EDGE('',*,*,#495,.T.);
#495 = EDGE_CURVE('',#468,#496,#498,.T.);
#496 = VERTEX_POINT('',#497);
#497 = CARTESIAN_POINT('',(16.,-19.,6.));
#498 = SURFACE_CURVE('',#499,(#503,#510),.PCURVE_S1.);
#499 = LINE('',#500,#501);
#500 = CARTESIAN_POINT('',(15.3,-19.,6.));
#501 = VECTOR('',#502,1.);
#502 = DIRECTION('',(1.,0.,0.));
#503 = PCURVE('',#318,#504);
#504 = DEFINITIONAL_REPRESENTATION('',(#505),#509);
#505 = LINE('',#506,#507);
#506 = CARTESIAN_POINT('',(6.,34.3));
#507 = VECTOR('',#508,1.);
#508 = DIRECTION('',(0.,1.));
#509 = ( GEOMETRIC_REPRESENTATION_CONTEXT(2) 
PARAMETRIC_REPRESENTATION_CONTEXT() REPRESENTATION_CONTEXT('2D SPACE',''
  ) );
#510 = PCURVE('',#511,#516);
#511 = PLANE('',#512);
#512 = AXIS2_PLACEMENT_3D('',#513,#514,#515);
#513 = CARTESIAN_POINT('',(15.3,-19.,6.));
#514 = DIRECTION('',(0.,0.,1.));
#515 = DIRECTION('',(1.,0.,0.));
#516 = DEFINITIONAL_REPRESENTATION('',(#517),#521);
#517 = LINE('',#518,#519);
#518 = CARTESIAN_POINT('',(0.,0.));
#519 = VECTOR('',#520,1.);
#520 = DIRECTION('',(1.,0.));
#521 = ( GEOMETRIC_REPRESENTATION_CONTEXT(2) 
PARAMETRIC_REPRESENTATION_CONTEXT() REPRESENTATION_CONTEXT('2D SPACE',''
  ) );
#522 = ORIENTED_EDGE('',*,*,#523,.F.);
#523 = EDGE_CURVE('',#524,#496,#526,.T.);
#524 = VERTEX_POINT('',#525);
#525 = CARTESIAN_POINT('',(16.,-19.,-3.));
#526 = SURFACE_CURVE('',#527,(#531,#538),.PCURVE_S1.);
#527 = LINE('',#528,#529);
#528 = CARTESIAN_POINT('',(16.,-19.,-3.));
#529 = VECTOR('',#530,1.);
#530 = DIRECTION('',(0.,0.,1.));
#531 = PCURVE('',#318,#532);
#532 = DEFINITIONAL_REPRESENTATION('',(#533),#537);
#533 = LINE('',#534,#535);
#534 = CARTESIAN_POINT('',(-3.,35.));
#535 = VECTOR('',#536,1.);
#536 = DIRECTION('',(1.,0.));
#537 = ( GEOMETRIC_REPRESENTATION_CONTEXT(2) 
PARAMETRIC_REPRESENTATION_CONTEXT() REPRESENTATION_CONTEXT('2D SPACE',''
  ) );
#538 = PCURVE('',#539,#544);
#539 = CYLINDRICAL_SURFACE('',#540,3.);
#540 = AXIS2_PLACEMENT_3D('',#541,#542,#543);
#541 = CARTESIAN_POINT('',(16.,-16.,-3.));
#542 = DIRECTION('',(0.,0.,1.));
#543 = DIRECTION('',(0.,-1.,0.));
#544 = DEFINITIONAL_REPRESENTATION('',(#545),#549);
#545 = LINE('',#546,#547);
#546 = CARTESIAN_POINT('',(0.,0.));
#547 = VECTOR('',#548,1.);
#548 = DIRECTION('',(0.,1.));
#549 = ( GEOMETRIC_REPRESENTATION_CONTEXT(2) 
PARAMETRIC_REPRESENTATION_CONTEXT() REPRESENTATION_CONTEXT('2D SPACE',''
  ) );
#550 = ORIENTED_EDGE('',*,*,#551,.F.);
#551 = EDGE_CURVE('',#279,#524,#552,.T.);
#552 = SURFACE_CURVE('',#553,(#557,#564),.PCURVE_S1.);
#553 = LINE('',#554,#555);
#554 = CARTESIAN_POINT('',(-19.,-19.,-3.));
#555 = VECTOR('',#556,1.);
#556 = DIRECTION('',(1.,0.,0.));
#557 = PCURVE('',#318,#558);
#558 = DEFINITIONAL_REPRESENTATION('',(#559),#563);
#559 = LINE('',#560,#561);
#560 = CARTESIAN_POINT('',(-3.,0.));
#561 = VECTOR('',#562,1.);
#562 = DIRECTION('',(0.,1.));
#563 = ( GEOMETRIC_REPRESENTATION_CONTEXT(2) 
PARAMETRIC_REPRESENTATION_CONTEXT() REPRESENTATION_CONTEXT('2D SPACE',''
  ) );
#564 = PCURVE('',#44,#565);
#565 = DEFINITIONAL_REPRESENTATION('',(#566),#570);
#566 = LINE('',#567,#568);
#567 = CARTESIAN_POINT('',(0.,0.));
#568 = VECTOR('',#569,1.);
#569 = DIRECTION('',(1.,0.));
#570 = ( GEOMETRIC_REPRESENTATION_CONTEXT(2) 
PARAMETRIC_REPRESENTATION_CONTEXT() REPRESENTATION_CONTEXT('2D SPACE',''
  ) );
#571 = ORIENTED_EDGE('',*,*,#302,.T.);
#572 = ADVANCED_FACE('',(#573),#511,.T.);
#573 = FACE_BOUND('',#574,.T.);
#574 = EDGE_LOOP('',(#575,#605,#626,#627,#651,#679));
#575 = ORIENTED_EDGE('',*,*,#576,.F.);
#576 = EDGE_CURVE('',#577,#579,#581,.T.);
#577 = VERTEX_POINT('',#578);
#578 = CARTESIAN_POINT('',(15.3,19.,6.));
#579 = VERTEX_POINT('',#580);
#580 = CARTESIAN_POINT('',(16.,19.,6.));
#581 = SURFACE_CURVE('',#582,(#586,#593),.PCURVE_S1.);
#582 = LINE('',#583,#584);
#583 = CARTESIAN_POINT('',(15.3,19.,6.));
#584 = VECTOR('',#585,1.);
#585 = DIRECTION('',(1.,0.,0.));
#586 = PCURVE('',#511,#587);
#587 = DEFINITIONAL_REPRESENTATION('',(#588),#592);
#588 = LINE('',#589,#590);
#589 = CARTESIAN_POINT('',(0.,38.));
#590 = VECTOR('',#591,1.);
#591 = DIRECTION('',(1.,0.));
#592 = ( GEOMETRIC_REPRESENTATION_CONTEXT(2) 
PARAMETRIC_REPRESENTATION_CONTEXT() REPRESENTATION_CONTEXT('2D SPACE',''
  ) );
#593 = PCURVE('',#594,#599);
#594 = PLANE('',#595);
#595 = AXIS2_PLACEMENT_3D('',#596,#597,#598);
#596 = CARTESIAN_POINT('',(-19.,19.,0.));
#597 = DIRECTION('',(0.,1.,0.));
#598 = DIRECTION('',(0.,0.,1.));
#599 = DEFINITIONAL_REPRESENTATION('',(#600),#604);
#600 = LINE('',#601,#602);
#601 = CARTESIAN_POINT('',(6.,34.3));
#602 = VECTOR('',#603,1.);
#603 = DIRECTION('',(0.,1.));
#604 = ( GEOMETRIC_REPRESENTATION_CONTEXT(2) 
PARAMETRIC_REPRESENTATION_CONTEXT() REPRESENTATION_CONTEXT('2D SPACE',''
  ) );
#605 = ORIENTED_EDGE('',*,*,#606,.F.);
#606 = EDGE_CURVE('',#468,#577,#607,.T.);
#607 = SURFACE_CURVE('',#608,(#612,#619),.PCURVE_S1.);
#608 = LINE('',#609,#610);
#609 = CARTESIAN_POINT('',(15.3,-19.,6.));
#610 = VECTOR('',#611,1.);
#611 = DIRECTION('',(0.,1.,0.));
#612 = PCURVE('',#511,#613);
#613 = DEFINITIONAL_REPRESENTATION('',(#614),#618);
#614 = LINE('',#615,#616);
#615 = CARTESIAN_POINT('',(0.,0.));
#616 = VECTOR('',#617,1.);
#617 = DIRECTION('',(0.,1.));
#618 = ( GEOMETRIC_REPRESENTATION_CONTEXT(2) 
PARAMETRIC_REPRESENTATION_CONTEXT() REPRESENTATION_CONTEXT('2D SPACE',''
  ) );
#619 = PCURVE('',#483,#620);
#620 = DEFINITIONAL_REPRESENTATION('',(#621),#625);
#621 = LINE('',#622,#623);
#622 = CARTESIAN_POINT('',(2.,0.));
#623 = VECTOR('',#624,1.);
#624 = DIRECTION('',(0.,-1.));
#625 = ( GEOMETRIC_REPRESENTATION_CONTEXT(2) 
PARAMETRIC_REPRESENTATION_CONTEXT() REPRESENTATION_CONTEXT('2D SPACE',''
  ) );
#626 = ORIENTED_EDGE('',*,*,#495,.T.);
#627 = ORIENTED_EDGE('',*,*,#628,.T.);
#628 = EDGE_CURVE('',#496,#629,#631,.T.);
#629 = VERTEX_POINT('',#630);
#630 = CARTESIAN_POINT('',(17.8,-18.4,6.));
#631 = SURFACE_CURVE('',#632,(#637,#644),.PCURVE_S1.);
#632 = CIRCLE('',#633,3.);
#633 = AXIS2_PLACEMENT_3D('',#634,#635,#636);
#634 = CARTESIAN_POINT('',(16.,-16.,6.));
#635 = DIRECTION('',(0.,0.,1.));
#636 = DIRECTION('',(0.,-1.,0.));
#637 = PCURVE('',#511,#638);
#638 = DEFINITIONAL_REPRESENTATION('',(#639),#643);
#639 = CIRCLE('',#640,3.);
#640 = AXIS2_PLACEMENT_2D('',#641,#642);
#641 = CARTESIAN_POINT('',(0.7,3.));
#642 = DIRECTION('',(0.,-1.));
#643 = ( GEOMETRIC_REPRESENTATION_CONTEXT(2) 
PARAMETRIC_REPRESENTATION_CONTEXT() REPRESENTATION_CONTEXT('2D SPACE',''
  ) );
#644 = PCURVE('',#539,#645);
#645 = DEFINITIONAL_REPRESENTATION('',(#646),#650);
#646 = LINE('',#647,#648);
#647 = CARTESIAN_POINT('',(0.,9.));
#648 = VECTOR('',#649,1.);
#649 = DIRECTION('',(1.,0.));
#650 = ( GEOMETRIC_REPRESENTATION_CONTEXT(2) 
PARAMETRIC_REPRESENTATION_CONTEXT() REPRESENTATION_CONTEXT('2D SPACE',''
  ) );
#651 = ORIENTED_EDGE('',*,*,#652,.T.);
#652 = EDGE_CURVE('',#629,#653,#655,.T.);
#653 = VERTEX_POINT('',#654);
#654 = CARTESIAN_POINT('',(17.8,18.4,6.));
#655 = SURFACE_CURVE('',#656,(#660,#667),.PCURVE_S1.);
#656 = LINE('',#657,#658);
#657 = CARTESIAN_POINT('',(17.8,-19.,6.));
#658 = VECTOR('',#659,1.);
#659 = DIRECTION('',(0.,1.,0.));
#660 = PCURVE('',#511,#661);
#661 = DEFINITIONAL_REPRESENTATION('',(#662),#666);
#662 = LINE('',#663,#664);
#663 = CARTESIAN_POINT('',(2.5,0.));
#664 = VECTOR('',#665,1.);
#665 = DIRECTION('',(0.,1.));
#666 = ( GEOMETRIC_REPRESENTATION_CONTEXT(2) 
PARAMETRIC_REPRESENTATION_CONTEXT() REPRESENTATION_CONTEXT('2D SPACE',''
  ) );
#667 = PCURVE('',#668,#673);
#668 = PLANE('',#669);
#669 = AXIS2_PLACEMENT_3D('',#670,#671,#672);
#670 = CARTESIAN_POINT('',(17.8,-19.,4.));
#671 = DIRECTION('',(1.,0.,0.));
#672 = DIRECTION('',(0.,0.,1.));
#673 = DEFINITIONAL_REPRESENTATION('',(#674),#678);
#674 = LINE('',#675,#676);
#675 = CARTESIAN_POINT('',(2.,0.));
#676 = VECTOR('',#677,1.);
#677 = DIRECTION('',(0.,-1.));
#678 = ( GEOMETRIC_REPRESENTATION_CONTEXT(2) 
PARAMETRIC_REPRESENTATION_CONTEXT() REPRESENTATION_CONTEXT('2D SPACE',''
  ) );
#679 = ORIENTED_EDGE('',*,*,#680,.F.);
#680 = EDGE_CURVE('',#579,#653,#681,.T.);
#681 = SURFACE_CURVE('',#682,(#687,#698),.PCURVE_S1.);
#682 = CIRCLE('',#683,3.);
#683 = AXIS2_PLACEMENT_3D('',#684,#685,#686);
#684 = CARTESIAN_POINT('',(16.,16.,6.));
#685 = DIRECTION('',(0.,0.,-1.));
#686 = DIRECTION('',(0.,1.,0.));
#687 = PCURVE('',#511,#688);
#688 = DEFINITIONAL_REPRESENTATION('',(#689),#697);
#689 = ( BOUNDED_CURVE() B_SPLINE_CURVE(2,(#690,#691,#692,#693,#694,#695
,#696),.UNSPECIFIED.,.T.,.F.) B_SPLINE_CURVE_WITH_KNOTS((1,2,2,2,2,1),(
    -2.094395102393,0.,2.094395102393,4.188790204786,6.28318530718,
8.377580409573),.UNSPECIFIED.) CURVE() GEOMETRIC_REPRESENTATION_ITEM() 
RATIONAL_B_SPLINE_CURVE((1.,0.5,1.,0.5,1.,0.5,1.)) REPRESENTATION_ITEM(
  '') );
#690 = CARTESIAN_POINT('',(0.7,38.));
#691 = CARTESIAN_POINT('',(5.896152422707,38.));
#692 = CARTESIAN_POINT('',(3.298076211353,33.5));
#693 = CARTESIAN_POINT('',(0.7,29.));
#694 = CARTESIAN_POINT('',(-1.898076211353,33.5));
#695 = CARTESIAN_POINT('',(-4.496152422707,38.));
#696 = CARTESIAN_POINT('',(0.7,38.));
#697 = ( GEOMETRIC_REPRESENTATION_CONTEXT(2) 
PARAMETRIC_REPRESENTATION_CONTEXT() REPRESENTATION_CONTEXT('2D SPACE',''
  ) );
#698 = PCURVE('',#699,#704);
#699 = CYLINDRICAL_SURFACE('',#700,3.);
#700 = AXIS2_PLACEMENT_3D('',#701,#702,#703);
#701 = CARTESIAN_POINT('',(16.,16.,4.));
#702 = DIRECTION('',(0.,0.,-1.));
#703 = DIRECTION('',(0.,1.,0.));
#704 = DEFINITIONAL_REPRESENTATION('',(#705),#709);
#705 = LINE('',#706,#707);
#706 = CARTESIAN_POINT('',(0.,-2.));
#707 = VECTOR('',#708,1.);
#708 = DIRECTION('',(1.,0.));
#709 = ( GEOMETRIC_REPRESENTATION_CONTEXT(2) 
PARAMETRIC_REPRESENTATION_CONTEXT() REPRESENTATION_CONTEXT('2D SPACE',''
  ) );
#710 = ADVANCED_FACE('',(#711),#668,.T.);
#711 = FACE_BOUND('',#712,.T.);
#712 = EDGE_LOOP('',(#713,#714,#737,#765));
#713 = ORIENTED_EDGE('',*,*,#652,.F.);
#714 = ORIENTED_EDGE('',*,*,#715,.T.);
#715 = EDGE_CURVE('',#629,#716,#718,.T.);
#716 = VERTEX_POINT('',#717);
#717 = CARTESIAN_POINT('',(17.8,-18.4,4.));
#718 = SURFACE_CURVE('',#719,(#723,#730),.PCURVE_S1.);
#719 = LINE('',#720,#721);
#720 = CARTESIAN_POINT('',(17.8,-18.4,-3.));
#721 = VECTOR('',#722,1.);
#722 = DIRECTION('',(-0.,-0.,-1.));
#723 = PCURVE('',#668,#724);
#724 = DEFINITIONAL_REPRESENTATION('',(#725),#729);
#725 = LINE('',#726,#727);
#726 = CARTESIAN_POINT('',(-7.,-0.6));
#727 = VECTOR('',#728,1.);
#728 = DIRECTION('',(-1.,0.));
#729 = ( GEOMETRIC_REPRESENTATION_CONTEXT(2) 
PARAMETRIC_REPRESENTATION_CONTEXT() REPRESENTATION_CONTEXT('2D SPACE',''
  ) );
#730 = PCURVE('',#539,#731);
#731 = DEFINITIONAL_REPRESENTATION('',(#732),#736);
#732 = LINE('',#733,#734);
#733 = CARTESIAN_POINT('',(0.643501108793,0.));
#734 = VECTOR('',#735,1.);
#735 = DIRECTION('',(0.,-1.));
#736 = ( GEOMETRIC_REPRESENTATION_CONTEXT(2) 
PARAMETRIC_REPRESENTATION_CONTEXT() REPRESENTATION_CONTEXT('2D SPACE',''
  ) );
#737 = ORIENTED_EDGE('',*,*,#738,.T.);
#738 = EDGE_CURVE('',#716,#739,#741,.T.);
#739 = VERTEX_POINT('',#740);
#740 = CARTESIAN_POINT('',(17.8,18.4,4.));
#741 = SURFACE_CURVE('',#742,(#746,#753),.PCURVE_S1.);
#742 = LINE('',#743,#744);
#743 = CARTESIAN_POINT('',(17.8,-19.,4.));
#744 = VECTOR('',#745,1.);
#745 = DIRECTION('',(0.,1.,0.));
#746 = PCURVE('',#668,#747);
#747 = DEFINITIONAL_REPRESENTATION('',(#748),#752);
#748 = LINE('',#749,#750);
#749 = CARTESIAN_POINT('',(0.,0.));
#750 = VECTOR('',#751,1.);
#751 = DIRECTION('',(0.,-1.));
#752 = ( GEOMETRIC_REPRESENTATION_CONTEXT(2) 
PARAMETRIC_REPRESENTATION_CONTEXT() REPRESENTATION_CONTEXT('2D SPACE',''
  ) );
#753 = PCURVE('',#754,#759);
#754 = PLANE('',#755);
#755 = AXIS2_PLACEMENT_3D('',#756,#757,#758);
#756 = CARTESIAN_POINT('',(-19.,-19.,4.));
#757 = DIRECTION('',(0.,0.,1.));
#758 = DIRECTION('',(1.,0.,0.));
#759 = DEFINITIONAL_REPRESENTATION('',(#760),#764);
#760 = LINE('',#761,#762);
#761 = CARTESIAN_POINT('',(36.8,0.));
#762 = VECTOR('',#763,1.);
#763 = DIRECTION('',(0.,1.));
#764 = ( GEOMETRIC_REPRESENTATION_CONTEXT(2) 
PARAMETRIC_REPRESENTATION_CONTEXT() REPRESENTATION_CONTEXT('2D SPACE',''
  ) );
#765 = ORIENTED_EDGE('',*,*,#766,.F.);
#766 = EDGE_CURVE('',#653,#739,#767,.T.);
#767 = SURFACE_CURVE('',#768,(#772,#779),.PCURVE_S1.);
#768 = LINE('',#769,#770);
#769 = CARTESIAN_POINT('',(17.8,18.4,4.));
#770 = VECTOR('',#771,1.);
#771 = DIRECTION('',(0.,0.,-1.));
#772 = PCURVE('',#668,#773);
#773 = DEFINITIONAL_REPRESENTATION('',(#774),#778);
#774 = LINE('',#775,#776);
#775 = CARTESIAN_POINT('',(0.,-37.4));
#776 = VECTOR('',#777,1.);
#777 = DIRECTION('',(-1.,0.));
#778 = ( GEOMETRIC_REPRESENTATION_CONTEXT(2) 
PARAMETRIC_REPRESENTATION_CONTEXT() REPRESENTATION_CONTEXT('2D SPACE',''
  ) );
#779 = PCURVE('',#699,#780);
#780 = DEFINITIONAL_REPRESENTATION('',(#781),#785);
#781 = LINE('',#782,#783);
#782 = CARTESIAN_POINT('',(0.643501108793,0.));
#783 = VECTOR('',#784,1.);
#784 = DIRECTION('',(0.,1.));
#785 = ( GEOMETRIC_REPRESENTATION_CONTEXT(2) 
PARAMETRIC_REPRESENTATION_CONTEXT() REPRESENTATION_CONTEXT('2D SPACE',''
  ) );
#786 = ADVANCED_FACE('',(#787),#754,.T.);
#787 = FACE_BOUND('',#788,.T.);
#788 = EDGE_LOOP('',(#789,#819,#845,#846));
#789 = ORIENTED_EDGE('',*,*,#790,.T.);
#790 = EDGE_CURVE('',#791,#793,#795,.T.);
#791 = VERTEX_POINT('',#792);
#792 = CARTESIAN_POINT('',(19.,-16.,4.));
#793 = VERTEX_POINT('',#794);
#794 = CARTESIAN_POINT('',(19.,16.,4.));
#795 = SURFACE_CURVE('',#796,(#800,#807),.PCURVE_S1.);
#796 = LINE('',#797,#798);
#797 = CARTESIAN_POINT('',(19.,-19.,4.));
#798 = VECTOR('',#799,1.);
#799 = DIRECTION('',(0.,1.,0.));
#800 = PCURVE('',#754,#801);
#801 = DEFINITIONAL_REPRESENTATION('',(#802),#806);
#802 = LINE('',#803,#804);
#803 = CARTESIAN_POINT('',(38.,0.));
#804 = VECTOR('',#805,1.);
#805 = DIRECTION('',(0.,1.));
#806 = ( GEOMETRIC_REPRESENTATION_CONTEXT(2) 
PARAMETRIC_REPRESENTATION_CONTEXT() REPRESENTATION_CONTEXT('2D SPACE',''
  ) );
#807 = PCURVE('',#808,#813);
#808 = PLANE('',#809);
#809 = AXIS2_PLACEMENT_3D('',#810,#811,#812);
#810 = CARTESIAN_POINT('',(19.,-19.,0.));
#811 = DIRECTION('',(1.,0.,0.));
#812 = DIRECTION('',(0.,0.,1.));
#813 = DEFINITIONAL_REPRESENTATION('',(#814),#818);
#814 = LINE('',#815,#816);
#815 = CARTESIAN_POINT('',(4.,0.));
#816 = VECTOR('',#817,1.);
#817 = DIRECTION('',(0.,-1.));
#818 = ( GEOMETRIC_REPRESENTATION_CONTEXT(2) 
PARAMETRIC_REPRESENTATION_CONTEXT() REPRESENTATION_CONTEXT('2D SPACE',''
  ) );
#819 = ORIENTED_EDGE('',*,*,#820,.F.);
#820 = EDGE_CURVE('',#739,#793,#821,.T.);
#821 = SURFACE_CURVE('',#822,(#827,#838),.PCURVE_S1.);
#822 = CIRCLE('',#823,3.);
#823 = AXIS2_PLACEMENT_3D('',#824,#825,#826);
#824 = CARTESIAN_POINT('',(16.,16.,4.));
#825 = DIRECTION('',(0.,0.,-1.));
#826 = DIRECTION('',(0.,1.,0.));
#827 = PCURVE('',#754,#828);
#828 = DEFINITIONAL_REPRESENTATION('',(#829),#837);
#829 = ( BOUNDED_CURVE() B_SPLINE_CURVE(2,(#830,#831,#832,#833,#834,#835
,#836),.UNSPECIFIED.,.T.,.F.) B_SPLINE_CURVE_WITH_KNOTS((1,2,2,2,2,1),(
    -2.094395102393,0.,2.094395102393,4.188790204786,6.28318530718,
8.377580409573),.UNSPECIFIED.) CURVE() GEOMETRIC_REPRESENTATION_ITEM() 
RATIONAL_B_SPLINE_CURVE((1.,0.5,1.,0.5,1.,0.5,1.)) REPRESENTATION_ITEM(
  '') );
#830 = CARTESIAN_POINT('',(35.,38.));
#831 = CARTESIAN_POINT('',(40.196152422707,38.));
#832 = CARTESIAN_POINT('',(37.598076211353,33.5));
#833 = CARTESIAN_POINT('',(35.,29.));
#834 = CARTESIAN_POINT('',(32.401923788647,33.5));
#835 = CARTESIAN_POINT('',(29.803847577293,38.));
#836 = CARTESIAN_POINT('',(35.,38.));
#837 = ( GEOMETRIC_REPRESENTATION_CONTEXT(2) 
PARAMETRIC_REPRESENTATION_CONTEXT() REPRESENTATION_CONTEXT('2D SPACE',''
  ) );
#838 = PCURVE('',#699,#839);
#839 = DEFINITIONAL_REPRESENTATION('',(#840),#844);
#840 = LINE('',#841,#842);
#841 = CARTESIAN_POINT('',(0.,0.));
#842 = VECTOR('',#843,1.);
#843 = DIRECTION('',(1.,0.));
#844 = ( GEOMETRIC_REPRESENTATION_CONTEXT(2) 
PARAMETRIC_REPRESENTATION_CONTEXT() REPRESENTATION_CONTEXT('2D SPACE',''
  ) );
#845 = ORIENTED_EDGE('',*,*,#738,.F.);
#846 = ORIENTED_EDGE('',*,*,#847,.T.);
#847 = EDGE_CURVE('',#716,#791,#848,.T.);
#848 = SURFACE_CURVE('',#849,(#854,#861),.PCURVE_S1.);
#849 = CIRCLE('',#850,3.);
#850 = AXIS2_PLACEMENT_3D('',#851,#852,#853);
#851 = CARTESIAN_POINT('',(16.,-16.,4.));
#852 = DIRECTION('',(0.,0.,1.));
#853 = DIRECTION('',(0.,-1.,0.));
#854 = PCURVE('',#754,#855);
#855 = DEFINITIONAL_REPRESENTATION('',(#856),#860);
#856 = CIRCLE('',#857,3.);
#857 = AXIS2_PLACEMENT_2D('',#858,#859);
#858 = CARTESIAN_POINT('',(35.,3.));
#859 = DIRECTION('',(0.,-1.));
#860 = ( GEOMETRIC_REPRESENTATION_CONTEXT(2) 
PARAMETRIC_REPRESENTATION_CONTEXT() REPRESENTATION_CONTEXT('2D SPACE',''
  ) );
#861 = PCURVE('',#539,#862);
#862 = DEFINITIONAL_REPRESENTATION('',(#863),#867);
#863 = LINE('',#864,#865);
#864 = CARTESIAN_POINT('',(0.,7.));
#865 = VECTOR('',#866,1.);
#866 = DIRECTION('',(1.,0.));
#867 = ( GEOMETRIC_REPRESENTATION_CONTEXT(2) 
PARAMETRIC_REPRESENTATION_CONTEXT() REPRESENTATION_CONTEXT('2D SPACE',''
  ) );
#868 = ADVANCED_FACE('',(#869),#808,.T.);
#869 = FACE_BOUND('',#870,.T.);
#870 = EDGE_LOOP('',(#871,#896,#924,#947,#975,#998,#1019,#1020));
#871 = ORIENTED_EDGE('',*,*,#872,.T.);
#872 = EDGE_CURVE('',#873,#875,#877,.T.);
#873 = VERTEX_POINT('',#874);
#874 = CARTESIAN_POINT('',(19.,-16.,-3.));
#875 = VERTEX_POINT('',#876);
#876 = CARTESIAN_POINT('',(19.,-13.15,-3.));
#877 = SURFACE_CURVE('',#878,(#882,#889),.PCURVE_S1.);
#878 = LINE('',#879,#880);
#879 = CARTESIAN_POINT('',(19.,-19.,-3.));
#880 = VECTOR('',#881,1.);
#881 = DIRECTION('',(0.,1.,0.));
#882 = PCURVE('',#808,#883);
#883 = DEFINITIONAL_REPRESENTATION('',(#884),#888);
#884 = LINE('',#885,#886);
#885 = CARTESIAN_POINT('',(-3.,0.));
#886 = VECTOR('',#887,1.);
#887 = DIRECTION('',(0.,-1.));
#888 = ( GEOMETRIC_REPRESENTATION_CONTEXT(2) 
PARAMETRIC_REPRESENTATION_CONTEXT() REPRESENTATION_CONTEXT('2D SPACE',''
  ) );
#889 = PCURVE('',#44,#890);
#890 = DEFINITIONAL_REPRESENTATION('',(#891),#895);
#891 = LINE('',#892,#893);
#892 = CARTESIAN_POINT('',(38.,0.));
#893 = VECTOR('',#894,1.);
#894 = DIRECTION('',(0.,1.));
#895 = ( GEOMETRIC_REPRESENTATION_CONTEXT(2) 
PARAMETRIC_REPRESENTATION_CONTEXT() REPRESENTATION_CONTEXT('2D SPACE',''
  ) );
#896 = ORIENTED_EDGE('',*,*,#897,.T.);
#897 = EDGE_CURVE('',#875,#898,#900,.T.);
#898 = VERTEX_POINT('',#899);
#899 = CARTESIAN_POINT('',(19.,-13.15,0.));
#900 = SURFACE_CURVE('',#901,(#905,#912),.PCURVE_S1.);
#901 = LINE('',#902,#903);
#902 = CARTESIAN_POINT('',(19.,-13.15,-3.));
#903 = VECTOR('',#904,1.);
#904 = DIRECTION('',(0.,0.,1.));
#905 = PCURVE('',#808,#906);
#906 = DEFINITIONAL_REPRESENTATION('',(#907),#911);
#907 = LINE('',#908,#909);
#908 = CARTESIAN_POINT('',(-3.,-5.85));
#909 = VECTOR('',#910,1.);
#910 = DIRECTION('',(1.,0.));
#911 = ( GEOMETRIC_REPRESENTATION_CONTEXT(2) 
PARAMETRIC_REPRESENTATION_CONTEXT() REPRESENTATION_CONTEXT('2D SPACE',''
  ) );
#912 = PCURVE('',#913,#918);
#913 = CYLINDRICAL_SURFACE('',#914,3.);
#914 = AXIS2_PLACEMENT_3D('',#915,#916,#917);
#915 = CARTESIAN_POINT('',(16.,-13.15,-3.));
#916 = DIRECTION('',(0.,0.,1.));
#917 = DIRECTION('',(0.,1.,0.));
#918 = DEFINITIONAL_REPRESENTATION('',(#919),#923);
#919 = LINE('',#920,#921);
#920 = CARTESIAN_POINT('',(-1.570796326795,0.));
#921 = VECTOR('',#922,1.);
#922 = DIRECTION('',(-0.,1.));
#923 = ( GEOMETRIC_REPRESENTATION_CONTEXT(2) 
PARAMETRIC_REPRESENTATION_CONTEXT() REPRESENTATION_CONTEXT('2D SPACE',''
  ) );
#924 = ORIENTED_EDGE('',*,*,#925,.F.);
#925 = EDGE_CURVE('',#926,#898,#928,.T.);
#926 = VERTEX_POINT('',#927);
#927 = CARTESIAN_POINT('',(19.,13.15,0.));
#928 = SURFACE_CURVE('',#929,(#933,#940),.PCURVE_S1.);
#929 = LINE('',#930,#931);
#930 = CARTESIAN_POINT('',(19.,13.15,0.));
#931 = VECTOR('',#932,1.);
#932 = DIRECTION('',(0.,-1.,0.));
#933 = PCURVE('',#808,#934);
#934 = DEFINITIONAL_REPRESENTATION('',(#935),#939);
#935 = LINE('',#936,#937);
#936 = CARTESIAN_POINT('',(0.,-32.15));
#937 = VECTOR('',#938,1.);
#938 = DIRECTION('',(0.,1.));
#939 = ( GEOMETRIC_REPRESENTATION_CONTEXT(2) 
PARAMETRIC_REPRESENTATION_CONTEXT() REPRESENTATION_CONTEXT('2D SPACE',''
  ) );
#940 = PCURVE('',#100,#941);
#941 = DEFINITIONAL_REPRESENTATION('',(#942),#946);
#942 = LINE('',#943,#944);
#943 = CARTESIAN_POINT('',(38.,32.15));
#944 = VECTOR('',#945,1.);
#945 = DIRECTION('',(0.,-1.));
#946 = ( GEOMETRIC_REPRESENTATION_CONTEXT(2) 
PARAMETRIC_REPRESENTATION_CONTEXT() REPRESENTATION_CONTEXT('2D SPACE',''
  ) );
#947 = ORIENTED_EDGE('',*,*,#948,.F.);
#948 = EDGE_CURVE('',#949,#926,#951,.T.);
#949 = VERTEX_POINT('',#950);
#950 = CARTESIAN_POINT('',(19.,13.15,-3.));
#951 = SURFACE_CURVE('',#952,(#956,#963),.PCURVE_S1.);
#952 = LINE('',#953,#954);
#953 = CARTESIAN_POINT('',(19.,13.15,-3.));
#954 = VECTOR('',#955,1.);
#955 = DIRECTION('',(0.,0.,1.));
#956 = PCURVE('',#808,#957);
#957 = DEFINITIONAL_REPRESENTATION('',(#958),#962);
#958 = LINE('',#959,#960);
#959 = CARTESIAN_POINT('',(-3.,-32.15));
#960 = VECTOR('',#961,1.);
#961 = DIRECTION('',(1.,0.));
#962 = ( GEOMETRIC_REPRESENTATION_CONTEXT(2) 
PARAMETRIC_REPRESENTATION_CONTEXT() REPRESENTATION_CONTEXT('2D SPACE',''
  ) );
#963 = PCURVE('',#964,#969);
#964 = CYLINDRICAL_SURFACE('',#965,3.);
#965 = AXIS2_PLACEMENT_3D('',#966,#967,#968);
#966 = CARTESIAN_POINT('',(16.,13.15,-3.));
#967 = DIRECTION('',(0.,0.,1.));
#968 = DIRECTION('',(0.,-1.,0.));
#969 = DEFINITIONAL_REPRESENTATION('',(#970),#974);
#970 = LINE('',#971,#972);
#971 = CARTESIAN_POINT('',(1.570796326795,0.));
#972 = VECTOR('',#973,1.);
#973 = DIRECTION('',(0.,1.));
#974 = ( GEOMETRIC_REPRESENTATION_CONTEXT(2) 
PARAMETRIC_REPRESENTATION_CONTEXT() REPRESENTATION_CONTEXT('2D SPACE',''
  ) );
#975 = ORIENTED_EDGE('',*,*,#976,.T.);
#976 = EDGE_CURVE('',#949,#977,#979,.T.);
#977 = VERTEX_POINT('',#978);
#978 = CARTESIAN_POINT('',(19.,16.,-3.));
#979 = SURFACE_CURVE('',#980,(#984,#991),.PCURVE_S1.);
#980 = LINE('',#981,#982);
#981 = CARTESIAN_POINT('',(19.,10.15,-3.));
#982 = VECTOR('',#983,1.);
#983 = DIRECTION('',(0.,1.,0.));
#984 = PCURVE('',#808,#985);
#985 = DEFINITIONAL_REPRESENTATION('',(#986),#990);
#986 = LINE('',#987,#988);
#987 = CARTESIAN_POINT('',(-3.,-29.15));
#988 = VECTOR('',#989,1.);
#989 = DIRECTION('',(0.,-1.));
#990 = ( GEOMETRIC_REPRESENTATION_CONTEXT(2) 
PARAMETRIC_REPRESENTATION_CONTEXT() REPRESENTATION_CONTEXT('2D SPACE',''
  ) );
#991 = PCURVE('',#156,#992);
#992 = DEFINITIONAL_REPRESENTATION('',(#993),#997);
#993 = LINE('',#994,#995);
#994 = CARTESIAN_POINT('',(38.,0.));
#995 = VECTOR('',#996,1.);
#996 = DIRECTION('',(0.,1.));
#997 = ( GEOMETRIC_REPRESENTATION_CONTEXT(2) 
PARAMETRIC_REPRESENTATION_CONTEXT() REPRESENTATION_CONTEXT('2D SPACE',''
  ) );
#998 = ORIENTED_EDGE('',*,*,#999,.F.);
#999 = EDGE_CURVE('',#793,#977,#1000,.T.);
#1000 = SURFACE_CURVE('',#1001,(#1005,#1012),.PCURVE_S1.);
#1001 = LINE('',#1002,#1003);
#1002 = CARTESIAN_POINT('',(19.,16.,4.));
#1003 = VECTOR('',#1004,1.);
#1004 = DIRECTION('',(0.,0.,-1.));
#1005 = PCURVE('',#808,#1006);
#1006 = DEFINITIONAL_REPRESENTATION('',(#1007),#1011);
#1007 = LINE('',#1008,#1009);
#1008 = CARTESIAN_POINT('',(4.,-35.));
#1009 = VECTOR('',#1010,1.);
#1010 = DIRECTION('',(-1.,0.));
#1011 = ( GEOMETRIC_REPRESENTATION_CONTEXT(2) 
PARAMETRIC_REPRESENTATION_CONTEXT() REPRESENTATION_CONTEXT('2D SPACE',''
  ) );
#1012 = PCURVE('',#699,#1013);
#1013 = DEFINITIONAL_REPRESENTATION('',(#1014),#1018);
#1014 = LINE('',#1015,#1016);
#1015 = CARTESIAN_POINT('',(1.570796326795,0.));
#1016 = VECTOR('',#1017,1.);
#1017 = DIRECTION('',(0.,1.));
#1018 = ( GEOMETRIC_REPRESENTATION_CONTEXT(2) 
PARAMETRIC_REPRESENTATION_CONTEXT() REPRESENTATION_CONTEXT('2D SPACE',''
  ) );
#1019 = ORIENTED_EDGE('',*,*,#790,.F.);
#1020 = ORIENTED_EDGE('',*,*,#1021,.F.);
#1021 = EDGE_CURVE('',#873,#791,#1022,.T.);
#1022 = SURFACE_CURVE('',#1023,(#1027,#1034),.PCURVE_S1.);
#1023 = LINE('',#1024,#1025);
#1024 = CARTESIAN_POINT('',(19.,-16.,-3.));
#1025 = VECTOR('',#1026,1.);
#1026 = DIRECTION('',(0.,0.,1.));
#1027 = PCURVE('',#808,#1028);
#1028 = DEFINITIONAL_REPRESENTATION('',(#1029),#1033);
#1029 = LINE('',#1030,#1031);
#1030 = CARTESIAN_POINT('',(-3.,-3.));
#1031 = VECTOR('',#1032,1.);
#1032 = DIRECTION('',(1.,0.));
#1033 = ( GEOMETRIC_REPRESENTATION_CONTEXT(2) 
PARAMETRIC_REPRESENTATION_CONTEXT() REPRESENTATION_CONTEXT('2D SPACE',''
  ) );
#1034 = PCURVE('',#539,#1035);
#1035 = DEFINITIONAL_REPRESENTATION('',(#1036),#1040);
#1036 = LINE('',#1037,#1038);
#1037 = CARTESIAN_POINT('',(1.570796326795,0.));
#1038 = VECTOR('',#1039,1.);
#1039 = DIRECTION('',(0.,1.));
#1040 = ( GEOMETRIC_REPRESENTATION_CONTEXT(2) 
PARAMETRIC_REPRESENTATION_CONTEXT() REPRESENTATION_CONTEXT('2D SPACE',''
  ) );
#1041 = ADVANCED_FACE('',(#1042),#964,.T.);
#1042 = FACE_BOUND('',#1043,.T.);
#1043 = EDGE_LOOP('',(#1044,#1068,#1069,#1093));
#1044 = ORIENTED_EDGE('',*,*,#1045,.T.);
#1045 = EDGE_CURVE('',#1046,#949,#1048,.T.);
#1046 = VERTEX_POINT('',#1047);
#1047 = CARTESIAN_POINT('',(16.,10.15,-3.));
#1048 = SURFACE_CURVE('',#1049,(#1054,#1061),.PCURVE_S1.);
#1049 = CIRCLE('',#1050,3.);
#1050 = AXIS2_PLACEMENT_3D('',#1051,#1052,#1053);
#1051 = CARTESIAN_POINT('',(16.,13.15,-3.));
#1052 = DIRECTION('',(0.,0.,1.));
#1053 = DIRECTION('',(0.,-1.,0.));
#1054 = PCURVE('',#964,#1055);
#1055 = DEFINITIONAL_REPRESENTATION('',(#1056),#1060);
#1056 = LINE('',#1057,#1058);
#1057 = CARTESIAN_POINT('',(0.,0.));
#1058 = VECTOR('',#1059,1.);
#1059 = DIRECTION('',(1.,0.));
#1060 = ( GEOMETRIC_REPRESENTATION_CONTEXT(2) 
PARAMETRIC_REPRESENTATION_CONTEXT() REPRESENTATION_CONTEXT('2D SPACE',''
  ) );
#1061 = PCURVE('',#156,#1062);
#1062 = DEFINITIONAL_REPRESENTATION('',(#1063),#1067);
#1063 = CIRCLE('',#1064,3.);
#1064 = AXIS2_PLACEMENT_2D('',#1065,#1066);
#1065 = CARTESIAN_POINT('',(35.,3.));
#1066 = DIRECTION('',(0.,-1.));
#1067 = ( GEOMETRIC_REPRESENTATION_CONTEXT(2) 
PARAMETRIC_REPRESENTATION_CONTEXT() REPRESENTATION_CONTEXT('2D SPACE',''
  ) );
#1068 = ORIENTED_EDGE('',*,*,#948,.T.);
#1069 = ORIENTED_EDGE('',*,*,#1070,.F.);
#1070 = EDGE_CURVE('',#1071,#926,#1073,.T.);
#1071 = VERTEX_POINT('',#1072);
#1072 = CARTESIAN_POINT('',(16.,10.15,0.));
#1073 = SURFACE_CURVE('',#1074,(#1079,#1086),.PCURVE_S1.);
#1074 = CIRCLE('',#1075,3.);
#1075 = AXIS2_PLACEMENT_3D('',#1076,#1077,#1078);
#1076 = CARTESIAN_POINT('',(16.,13.15,0.));
#1077 = DIRECTION('',(0.,0.,1.));
#1078 = DIRECTION('',(0.,-1.,0.));
#1079 = PCURVE('',#964,#1080);
#1080 = DEFINITIONAL_REPRESENTATION('',(#1081),#1085);
#1081 = LINE('',#1082,#1083);
#1082 = CARTESIAN_POINT('',(0.,3.));
#1083 = VECTOR('',#1084,1.);
#1084 = DIRECTION('',(1.,0.));
#1085 = ( GEOMETRIC_REPRESENTATION_CONTEXT(2) 
PARAMETRIC_REPRESENTATION_CONTEXT() REPRESENTATION_CONTEXT('2D SPACE',''
  ) );
#1086 = PCURVE('',#100,#1087);
#1087 = DEFINITIONAL_REPRESENTATION('',(#1088),#1092);
#1088 = CIRCLE('',#1089,3.);
#1089 = AXIS2_PLACEMENT_2D('',#1090,#1091);
#1090 = CARTESIAN_POINT('',(35.,32.15));
#1091 = DIRECTION('',(0.,-1.));
#1092 = ( GEOMETRIC_REPRESENTATION_CONTEXT(2) 
PARAMETRIC_REPRESENTATION_CONTEXT() REPRESENTATION_CONTEXT('2D SPACE',''
  ) );
#1093 = ORIENTED_EDGE('',*,*,#1094,.F.);
#1094 = EDGE_CURVE('',#1046,#1071,#1095,.T.);
#1095 = SURFACE_CURVE('',#1096,(#1100,#1107),.PCURVE_S1.);
#1096 = LINE('',#1097,#1098);
#1097 = CARTESIAN_POINT('',(16.,10.15,-3.));
#1098 = VECTOR('',#1099,1.);
#1099 = DIRECTION('',(0.,0.,1.));
#1100 = PCURVE('',#964,#1101);
#1101 = DEFINITIONAL_REPRESENTATION('',(#1102),#1106);
#1102 = LINE('',#1103,#1104);
#1103 = CARTESIAN_POINT('',(0.,0.));
#1104 = VECTOR('',#1105,1.);
#1105 = DIRECTION('',(0.,1.));
#1106 = ( GEOMETRIC_REPRESENTATION_CONTEXT(2) 
PARAMETRIC_REPRESENTATION_CONTEXT() REPRESENTATION_CONTEXT('2D SPACE',''
  ) );
#1107 = PCURVE('',#1108,#1113);
#1108 = PLANE('',#1109);
#1109 = AXIS2_PLACEMENT_3D('',#1110,#1111,#1112);
#1110 = CARTESIAN_POINT('',(-19.,10.15,-3.));
#1111 = DIRECTION('',(0.,1.,0.));
#1112 = DIRECTION('',(0.,0.,1.));
#1113 = DEFINITIONAL_REPRESENTATION('',(#1114),#1118);
#1114 = LINE('',#1115,#1116);
#1115 = CARTESIAN_POINT('',(0.,35.));
#1116 = VECTOR('',#1117,1.);
#1117 = DIRECTION('',(1.,0.));
#1118 = ( GEOMETRIC_REPRESENTATION_CONTEXT(2) 
PARAMETRIC_REPRESENTATION_CONTEXT() REPRESENTATION_CONTEXT('2D SPACE',''
  ) );
#1119 = ADVANCED_FACE('',(#1120),#1108,.F.);
#1120 = FACE_BOUND('',#1121,.F.);
#1121 = EDGE_LOOP('',(#1122,#1145,#1168,#1189));
#1122 = ORIENTED_EDGE('',*,*,#1123,.F.);
#1123 = EDGE_CURVE('',#1124,#1046,#1126,.T.);
#1124 = VERTEX_POINT('',#1125);
#1125 = CARTESIAN_POINT('',(-16.,10.15,-3.));
#1126 = SURFACE_CURVE('',#1127,(#1131,#1138),.PCURVE_S1.);
#1127 = LINE('',#1128,#1129);
#1128 = CARTESIAN_POINT('',(-19.,10.15,-3.));
#1129 = VECTOR('',#1130,1.);
#1130 = DIRECTION('',(1.,0.,0.));
#1131 = PCURVE('',#1108,#1132);
#1132 = DEFINITIONAL_REPRESENTATION('',(#1133),#1137);
#1133 = LINE('',#1134,#1135);
#1134 = CARTESIAN_POINT('',(0.,0.));
#1135 = VECTOR('',#1136,1.);
#1136 = DIRECTION('',(0.,1.));
#1137 = ( GEOMETRIC_REPRESENTATION_CONTEXT(2) 
PARAMETRIC_REPRESENTATION_CONTEXT() REPRESENTATION_CONTEXT('2D SPACE',''
  ) );
#1138 = PCURVE('',#156,#1139);
#1139 = DEFINITIONAL_REPRESENTATION('',(#1140),#1144);
#1140 = LINE('',#1141,#1142);
#1141 = CARTESIAN_POINT('',(0.,0.));
#1142 = VECTOR('',#1143,1.);
#1143 = DIRECTION('',(1.,0.));
#1144 = ( GEOMETRIC_REPRESENTATION_CONTEXT(2) 
PARAMETRIC_REPRESENTATION_CONTEXT() REPRESENTATION_CONTEXT('2D SPACE',''
  ) );
#1145 = ORIENTED_EDGE('',*,*,#1146,.T.);
#1146 = EDGE_CURVE('',#1124,#1147,#1149,.T.);
#1147 = VERTEX_POINT('',#1148);
#1148 = CARTESIAN_POINT('',(-16.,10.15,0.));
#1149 = SURFACE_CURVE('',#1150,(#1154,#1161),.PCURVE_S1.);
#1150 = LINE('',#1151,#1152);
#1151 = CARTESIAN_POINT('',(-16.,10.15,-3.));
#1152 = VECTOR('',#1153,1.);
#1153 = DIRECTION('',(0.,0.,1.));
#1154 = PCURVE('',#1108,#1155);
#1155 = DEFINITIONAL_REPRESENTATION('',(#1156),#1160);
#1156 = LINE('',#1157,#1158);
#1157 = CARTESIAN_POINT('',(0.,3.));
#1158 = VECTOR('',#1159,1.);
#1159 = DIRECTION('',(1.,0.));
#1160 = ( GEOMETRIC_REPRESENTATION_CONTEXT(2) 
PARAMETRIC_REPRESENTATION_CONTEXT() REPRESENTATION_CONTEXT('2D SPACE',''
  ) );
#1161 = PCURVE('',#128,#1162);
#1162 = DEFINITIONAL_REPRESENTATION('',(#1163),#1167);
#1163 = LINE('',#1164,#1165);
#1164 = CARTESIAN_POINT('',(1.570796326795,0.));
#1165 = VECTOR('',#1166,1.);
#1166 = DIRECTION('',(0.,1.));
#1167 = ( GEOMETRIC_REPRESENTATION_CONTEXT(2) 
PARAMETRIC_REPRESENTATION_CONTEXT() REPRESENTATION_CONTEXT('2D SPACE',''
  ) );
#1168 = ORIENTED_EDGE('',*,*,#1169,.T.);
#1169 = EDGE_CURVE('',#1147,#1071,#1170,.T.);
#1170 = SURFACE_CURVE('',#1171,(#1175,#1182),.PCURVE_S1.);
#1171 = LINE('',#1172,#1173);
#1172 = CARTESIAN_POINT('',(-19.,10.15,0.));
#1173 = VECTOR('',#1174,1.);
#1174 = DIRECTION('',(1.,0.,0.));
#1175 = PCURVE('',#1108,#1176);
#1176 = DEFINITIONAL_REPRESENTATION('',(#1177),#1181);
#1177 = LINE('',#1178,#1179);
#1178 = CARTESIAN_POINT('',(3.,0.));
#1179 = VECTOR('',#1180,1.);
#1180 = DIRECTION('',(0.,1.));
#1181 = ( GEOMETRIC_REPRESENTATION_CONTEXT(2) 
PARAMETRIC_REPRESENTATION_CONTEXT() REPRESENTATION_CONTEXT('2D SPACE',''
  ) );
#1182 = PCURVE('',#100,#1183);
#1183 = DEFINITIONAL_REPRESENTATION('',(#1184),#1188);
#1184 = LINE('',#1185,#1186);
#1185 = CARTESIAN_POINT('',(0.,29.15));
#1186 = VECTOR('',#1187,1.);
#1187 = DIRECTION('',(1.,0.));
#1188 = ( GEOMETRIC_REPRESENTATION_CONTEXT(2) 
PARAMETRIC_REPRESENTATION_CONTEXT() REPRESENTATION_CONTEXT('2D SPACE',''
  ) );
#1189 = ORIENTED_EDGE('',*,*,#1094,.F.);
#1190 = ADVANCED_FACE('',(#1191),#913,.T.);
#1191 = FACE_BOUND('',#1192,.F.);
#1192 = EDGE_LOOP('',(#1193,#1221,#1222,#1250));
#1193 = ORIENTED_EDGE('',*,*,#1194,.T.);
#1194 = EDGE_CURVE('',#1195,#875,#1197,.T.);
#1195 = VERTEX_POINT('',#1196);
#1196 = CARTESIAN_POINT('',(16.,-10.15,-3.));
#1197 = SURFACE_CURVE('',#1198,(#1203,#1210),.PCURVE_S1.);
#1198 = CIRCLE('',#1199,3.);
#1199 = AXIS2_PLACEMENT_3D('',#1200,#1201,#1202);
#1200 = CARTESIAN_POINT('',(16.,-13.15,-3.));
#1201 = DIRECTION('',(-0.,-0.,-1.));
#1202 = DIRECTION('',(0.,-1.,0.));
#1203 = PCURVE('',#913,#1204);
#1204 = DEFINITIONAL_REPRESENTATION('',(#1205),#1209);
#1205 = LINE('',#1206,#1207);
#1206 = CARTESIAN_POINT('',(3.14159265359,-0.));
#1207 = VECTOR('',#1208,1.);
#1208 = DIRECTION('',(-1.,0.));
#1209 = ( GEOMETRIC_REPRESENTATION_CONTEXT(2) 
PARAMETRIC_REPRESENTATION_CONTEXT() REPRESENTATION_CONTEXT('2D SPACE',''
  ) );
#1210 = PCURVE('',#44,#1211);
#1211 = DEFINITIONAL_REPRESENTATION('',(#1212),#1220);
#1212 = ( BOUNDED_CURVE() B_SPLINE_CURVE(2,(#1213,#1214,#1215,#1216,
#1217,#1218,#1219),.UNSPECIFIED.,.T.,.F.) B_SPLINE_CURVE_WITH_KNOTS((1,2
    ,2,2,2,1),(-2.094395102393,0.,2.094395102393,4.188790204786,
6.28318530718,8.377580409573),.UNSPECIFIED.) CURVE() 
GEOMETRIC_REPRESENTATION_ITEM() RATIONAL_B_SPLINE_CURVE((1.,0.5,1.,0.5,
1.,0.5,1.)) REPRESENTATION_ITEM('') );
#1213 = CARTESIAN_POINT('',(35.,2.85));
#1214 = CARTESIAN_POINT('',(29.803847577293,2.85));
#1215 = CARTESIAN_POINT('',(32.401923788647,7.35));
#1216 = CARTESIAN_POINT('',(35.,11.85));
#1217 = CARTESIAN_POINT('',(37.598076211353,7.35));
#1218 = CARTESIAN_POINT('',(40.196152422707,2.85));
#1219 = CARTESIAN_POINT('',(35.,2.85));
#1220 = ( GEOMETRIC_REPRESENTATION_CONTEXT(2) 
PARAMETRIC_REPRESENTATION_CONTEXT() REPRESENTATION_CONTEXT('2D SPACE',''
  ) );
#1221 = ORIENTED_EDGE('',*,*,#897,.T.);
#1222 = ORIENTED_EDGE('',*,*,#1223,.F.);
#1223 = EDGE_CURVE('',#1224,#898,#1226,.T.);
#1224 = VERTEX_POINT('',#1225);
#1225 = CARTESIAN_POINT('',(16.,-10.15,0.));
#1226 = SURFACE_CURVE('',#1227,(#1232,#1239),.PCURVE_S1.);
#1227 = CIRCLE('',#1228,3.);
#1228 = AXIS2_PLACEMENT_3D('',#1229,#1230,#1231);
#1229 = CARTESIAN_POINT('',(16.,-13.15,0.));
#1230 = DIRECTION('',(-0.,-0.,-1.));
#1231 = DIRECTION('',(0.,-1.,0.));
#1232 = PCURVE('',#913,#1233);
#1233 = DEFINITIONAL_REPRESENTATION('',(#1234),#1238);
#1234 = LINE('',#1235,#1236);
#1235 = CARTESIAN_POINT('',(3.14159265359,3.));
#1236 = VECTOR('',#1237,1.);
#1237 = DIRECTION('',(-1.,0.));
#1238 = ( GEOMETRIC_REPRESENTATION_CONTEXT(2) 
PARAMETRIC_REPRESENTATION_CONTEXT() REPRESENTATION_CONTEXT('2D SPACE',''
  ) );
#1239 = PCURVE('',#100,#1240);
#1240 = DEFINITIONAL_REPRESENTATION('',(#1241),#1249);
#1241 = ( BOUNDED_CURVE() B_SPLINE_CURVE(2,(#1242,#1243,#1244,#1245,
#1246,#1247,#1248),.UNSPECIFIED.,.T.,.F.) B_SPLINE_CURVE_WITH_KNOTS((1,2
    ,2,2,2,1),(-2.094395102393,0.,2.094395102393,4.188790204786,
6.28318530718,8.377580409573),.UNSPECIFIED.) CURVE() 
GEOMETRIC_REPRESENTATION_ITEM() RATIONAL_B_SPLINE_CURVE((1.,0.5,1.,0.5,
1.,0.5,1.)) REPRESENTATION_ITEM('') );
#1242 = CARTESIAN_POINT('',(35.,2.85));
#1243 = CARTESIAN_POINT('',(29.803847577293,2.85));
#1244 = CARTESIAN_POINT('',(32.401923788647,7.35));
#1245 = CARTESIAN_POINT('',(35.,11.85));
#1246 = CARTESIAN_POINT('',(37.598076211353,7.35));
#1247 = CARTESIAN_POINT('',(40.196152422707,2.85));
#1248 = CARTESIAN_POINT('',(35.,2.85));
#1249 = ( GEOMETRIC_REPRESENTATION_CONTEXT(2) 
PARAMETRIC_REPRESENTATION_CONTEXT() REPRESENTATION_CONTEXT('2D SPACE',''
  ) );
#1250 = ORIENTED_EDGE('',*,*,#1251,.F.);
#1251 = EDGE_CURVE('',#1195,#1224,#1252,.T.);
#1252 = SURFACE_CURVE('',#1253,(#1257,#1264),.PCURVE_S1.);
#1253 = LINE('',#1254,#1255);
#1254 = CARTESIAN_POINT('',(16.,-10.15,-3.));
#1255 = VECTOR('',#1256,1.);
#1256 = DIRECTION('',(0.,0.,1.));
#1257 = PCURVE('',#913,#1258);
#1258 = DEFINITIONAL_REPRESENTATION('',(#1259),#1263);
#1259 = LINE('',#1260,#1261);
#1260 = CARTESIAN_POINT('',(-0.,0.));
#1261 = VECTOR('',#1262,1.);
#1262 = DIRECTION('',(-0.,1.));
#1263 = ( GEOMETRIC_REPRESENTATION_CONTEXT(2) 
PARAMETRIC_REPRESENTATION_CONTEXT() REPRESENTATION_CONTEXT('2D SPACE',''
  ) );
#1264 = PCURVE('',#1265,#1270);
#1265 = PLANE('',#1266);
#1266 = AXIS2_PLACEMENT_3D('',#1267,#1268,#1269);
#1267 = CARTESIAN_POINT('',(-19.,-10.15,-3.));
#1268 = DIRECTION('',(0.,1.,0.));
#1269 = DIRECTION('',(0.,0.,1.));
#1270 = DEFINITIONAL_REPRESENTATION('',(#1271),#1275);
#1271 = LINE('',#1272,#1273);
#1272 = CARTESIAN_POINT('',(0.,35.));
#1273 = VECTOR('',#1274,1.);
#1274 = DIRECTION('',(1.,0.));
#1275 = ( GEOMETRIC_REPRESENTATION_CONTEXT(2) 
PARAMETRIC_REPRESENTATION_CONTEXT() REPRESENTATION_CONTEXT('2D SPACE',''
  ) );
#1276 = ADVANCED_FACE('',(#1277),#1265,.T.);
#1277 = FACE_BOUND('',#1278,.T.);
#1278 = EDGE_LOOP('',(#1279,#1302,#1325,#1346));
#1279 = ORIENTED_EDGE('',*,*,#1280,.F.);
#1280 = EDGE_CURVE('',#1281,#1195,#1283,.T.);
#1281 = VERTEX_POINT('',#1282);
#1282 = CARTESIAN_POINT('',(-16.,-10.15,-3.));
#1283 = SURFACE_CURVE('',#1284,(#1288,#1295),.PCURVE_S1.);
#1284 = LINE('',#1285,#1286);
#1285 = CARTESIAN_POINT('',(-19.,-10.15,-3.));
#1286 = VECTOR('',#1287,1.);
#1287 = DIRECTION('',(1.,0.,0.));
#1288 = PCURVE('',#1265,#1289);
#1289 = DEFINITIONAL_REPRESENTATION('',(#1290),#1294);
#1290 = LINE('',#1291,#1292);
#1291 = CARTESIAN_POINT('',(0.,0.));
#1292 = VECTOR('',#1293,1.);
#1293 = DIRECTION('',(0.,1.));
#1294 = ( GEOMETRIC_REPRESENTATION_CONTEXT(2) 
PARAMETRIC_REPRESENTATION_CONTEXT() REPRESENTATION_CONTEXT('2D SPACE',''
  ) );
#1295 = PCURVE('',#44,#1296);
#1296 = DEFINITIONAL_REPRESENTATION('',(#1297),#1301);
#1297 = LINE('',#1298,#1299);
#1298 = CARTESIAN_POINT('',(0.,8.85));
#1299 = VECTOR('',#1300,1.);
#1300 = DIRECTION('',(1.,0.));
#1301 = ( GEOMETRIC_REPRESENTATION_CONTEXT(2) 
PARAMETRIC_REPRESENTATION_CONTEXT() REPRESENTATION_CONTEXT('2D SPACE',''
  ) );
#1302 = ORIENTED_EDGE('',*,*,#1303,.T.);
#1303 = EDGE_CURVE('',#1281,#1304,#1306,.T.);
#1304 = VERTEX_POINT('',#1305);
#1305 = CARTESIAN_POINT('',(-16.,-10.15,0.));
#1306 = SURFACE_CURVE('',#1307,(#1311,#1318),.PCURVE_S1.);
#1307 = LINE('',#1308,#1309);
#1308 = CARTESIAN_POINT('',(-16.,-10.15,-3.));
#1309 = VECTOR('',#1310,1.);
#1310 = DIRECTION('',(0.,0.,1.));
#1311 = PCURVE('',#1265,#1312);
#1312 = DEFINITIONAL_REPRESENTATION('',(#1313),#1317);
#1313 = LINE('',#1314,#1315);
#1314 = CARTESIAN_POINT('',(0.,3.));
#1315 = VECTOR('',#1316,1.);
#1316 = DIRECTION('',(1.,0.));
#1317 = ( GEOMETRIC_REPRESENTATION_CONTEXT(2) 
PARAMETRIC_REPRESENTATION_CONTEXT() REPRESENTATION_CONTEXT('2D SPACE',''
  ) );
#1318 = PCURVE('',#72,#1319);
#1319 = DEFINITIONAL_REPRESENTATION('',(#1320),#1324);
#1320 = LINE('',#1321,#1322);
#1321 = CARTESIAN_POINT('',(-1.570796326795,0.));
#1322 = VECTOR('',#1323,1.);
#1323 = DIRECTION('',(-0.,1.));
#1324 = ( GEOMETRIC_REPRESENTATION_CONTEXT(2) 
PARAMETRIC_REPRESENTATION_CONTEXT() REPRESENTATION_CONTEXT('2D SPACE',''
  ) );
#1325 = ORIENTED_EDGE('',*,*,#1326,.T.);
#1326 = EDGE_CURVE('',#1304,#1224,#1327,.T.);
#1327 = SURFACE_CURVE('',#1328,(#1332,#1339),.PCURVE_S1.);
#1328 = LINE('',#1329,#1330);
#1329 = CARTESIAN_POINT('',(-19.,-10.15,0.));
#1330 = VECTOR('',#1331,1.);
#1331 = DIRECTION('',(1.,0.,0.));
#1332 = PCURVE('',#1265,#1333);
#1333 = DEFINITIONAL_REPRESENTATION('',(#1334),#1338);
#1334 = LINE('',#1335,#1336);
#1335 = CARTESIAN_POINT('',(3.,0.));
#1336 = VECTOR('',#1337,1.);
#1337 = DIRECTION('',(0.,1.));
#1338 = ( GEOMETRIC_REPRESENTATION_CONTEXT(2) 
PARAMETRIC_REPRESENTATION_CONTEXT() REPRESENTATION_CONTEXT('2D SPACE',''
  ) );
#1339 = PCURVE('',#100,#1340);
#1340 = DEFINITIONAL_REPRESENTATION('',(#1341),#1345);
#1341 = LINE('',#1342,#1343);
#1342 = CARTESIAN_POINT('',(0.,8.85));
#1343 = VECTOR('',#1344,1.);
#1344 = DIRECTION('',(1.,0.));
#1345 = ( GEOMETRIC_REPRESENTATION_CONTEXT(2) 
PARAMETRIC_REPRESENTATION_CONTEXT() REPRESENTATION_CONTEXT('2D SPACE',''
  ) );
#1346 = ORIENTED_EDGE('',*,*,#1251,.F.);
#1347 = ADVANCED_FACE('',(#1348),#699,.T.);
#1348 = FACE_BOUND('',#1349,.T.);
#1349 = EDGE_LOOP('',(#1350,#1351,#1352,#1353,#1354,#1382));
#1350 = ORIENTED_EDGE('',*,*,#680,.T.);
#1351 = ORIENTED_EDGE('',*,*,#766,.T.);
#1352 = ORIENTED_EDGE('',*,*,#820,.T.);
#1353 = ORIENTED_EDGE('',*,*,#999,.T.);
#1354 = ORIENTED_EDGE('',*,*,#1355,.F.);
#1355 = EDGE_CURVE('',#1356,#977,#1358,.T.);
#1356 = VERTEX_POINT('',#1357);
#1357 = CARTESIAN_POINT('',(16.,19.,-3.));
#1358 = SURFACE_CURVE('',#1359,(#1364,#1371),.PCURVE_S1.);
#1359 = CIRCLE('',#1360,3.);
#1360 = AXIS2_PLACEMENT_3D('',#1361,#1362,#1363);
#1361 = CARTESIAN_POINT('',(16.,16.,-3.));
#1362 = DIRECTION('',(0.,0.,-1.));
#1363 = DIRECTION('',(0.,1.,0.));
#1364 = PCURVE('',#699,#1365);
#1365 = DEFINITIONAL_REPRESENTATION('',(#1366),#1370);
#1366 = LINE('',#1367,#1368);
#1367 = CARTESIAN_POINT('',(0.,7.));
#1368 = VECTOR('',#1369,1.);
#1369 = DIRECTION('',(1.,0.));
#1370 = ( GEOMETRIC_REPRESENTATION_CONTEXT(2) 
PARAMETRIC_REPRESENTATION_CONTEXT() REPRESENTATION_CONTEXT('2D SPACE',''
  ) );
#1371 = PCURVE('',#156,#1372);
#1372 = DEFINITIONAL_REPRESENTATION('',(#1373),#1381);
#1373 = ( BOUNDED_CURVE() B_SPLINE_CURVE(2,(#1374,#1375,#1376,#1377,
#1378,#1379,#1380),.UNSPECIFIED.,.T.,.F.) B_SPLINE_CURVE_WITH_KNOTS((1,2
    ,2,2,2,1),(-2.094395102393,0.,2.094395102393,4.188790204786,
6.28318530718,8.377580409573),.UNSPECIFIED.) CURVE() 
GEOMETRIC_REPRESENTATION_ITEM() RATIONAL_B_SPLINE_CURVE((1.,0.5,1.,0.5,
1.,0.5,1.)) REPRESENTATION_ITEM('') );
#1374 = CARTESIAN_POINT('',(35.,8.85));
#1375 = CARTESIAN_POINT('',(40.196152422707,8.85));
#1376 = CARTESIAN_POINT('',(37.598076211353,4.35));
#1377 = CARTESIAN_POINT('',(35.,-0.15));
#1378 = CARTESIAN_POINT('',(32.401923788647,4.35));
#1379 = CARTESIAN_POINT('',(29.803847577293,8.85));
#1380 = CARTESIAN_POINT('',(35.,8.85));
#1381 = ( GEOMETRIC_REPRESENTATION_CONTEXT(2) 
PARAMETRIC_REPRESENTATION_CONTEXT() REPRESENTATION_CONTEXT('2D SPACE',''
  ) );
#1382 = ORIENTED_EDGE('',*,*,#1383,.F.);
#1383 = EDGE_CURVE('',#579,#1356,#1384,.T.);
#1384 = SURFACE_CURVE('',#1385,(#1389,#1396),.PCURVE_S1.);
#1385 = LINE('',#1386,#1387);
#1386 = CARTESIAN_POINT('',(16.,19.,4.));
#1387 = VECTOR('',#1388,1.);
#1388 = DIRECTION('',(0.,0.,-1.));
#1389 = PCURVE('',#699,#1390);
#1390 = DEFINITIONAL_REPRESENTATION('',(#1391),#1395);
#1391 = LINE('',#1392,#1393);
#1392 = CARTESIAN_POINT('',(0.,0.));
#1393 = VECTOR('',#1394,1.);
#1394 = DIRECTION('',(0.,1.));
#1395 = ( GEOMETRIC_REPRESENTATION_CONTEXT(2) 
PARAMETRIC_REPRESENTATION_CONTEXT() REPRESENTATION_CONTEXT('2D SPACE',''
  ) );
#1396 = PCURVE('',#594,#1397);
#1397 = DEFINITIONAL_REPRESENTATION('',(#1398),#1402);
#1398 = LINE('',#1399,#1400);
#1399 = CARTESIAN_POINT('',(4.,35.));
#1400 = VECTOR('',#1401,1.);
#1401 = DIRECTION('',(-1.,0.));
#1402 = ( GEOMETRIC_REPRESENTATION_CONTEXT(2) 
PARAMETRIC_REPRESENTATION_CONTEXT() REPRESENTATION_CONTEXT('2D SPACE',''
  ) );
#1403 = ADVANCED_FACE('',(#1404),#594,.T.);
#1404 = FACE_BOUND('',#1405,.T.);
#1405 = EDGE_LOOP('',(#1406,#1431,#1454,#1477,#1498,#1499,#1500,#1523));
#1406 = ORIENTED_EDGE('',*,*,#1407,.T.);
#1407 = EDGE_CURVE('',#1408,#1410,#1412,.T.);
#1408 = VERTEX_POINT('',#1409);
#1409 = CARTESIAN_POINT('',(-16.,19.,6.));
#1410 = VERTEX_POINT('',#1411);
#1411 = CARTESIAN_POINT('',(-15.3,19.,6.));
#1412 = SURFACE_CURVE('',#1413,(#1417,#1424),.PCURVE_S1.);
#1413 = LINE('',#1414,#1415);
#1414 = CARTESIAN_POINT('',(-17.8,19.,6.));
#1415 = VECTOR('',#1416,1.);
#1416 = DIRECTION('',(1.,0.,0.));
#1417 = PCURVE('',#594,#1418);
#1418 = DEFINITIONAL_REPRESENTATION('',(#1419),#1423);
#1419 = LINE('',#1420,#1421);
#1420 = CARTESIAN_POINT('',(6.,1.2));
#1421 = VECTOR('',#1422,1.);
#1422 = DIRECTION('',(0.,1.));
#1423 = ( GEOMETRIC_REPRESENTATION_CONTEXT(2) 
PARAMETRIC_REPRESENTATION_CONTEXT() REPRESENTATION_CONTEXT('2D SPACE',''
  ) );
#1424 = PCURVE('',#347,#1425);
#1425 = DEFINITIONAL_REPRESENTATION('',(#1426),#1430);
#1426 = LINE('',#1427,#1428);
#1427 = CARTESIAN_POINT('',(0.,38.));
#1428 = VECTOR('',#1429,1.);
#1429 = DIRECTION('',(1.,0.));
#1430 = ( GEOMETRIC_REPRESENTATION_CONTEXT(2) 
PARAMETRIC_REPRESENTATION_CONTEXT() REPRESENTATION_CONTEXT('2D SPACE',''
  ) );
#1431 = ORIENTED_EDGE('',*,*,#1432,.F.);
#1432 = EDGE_CURVE('',#1433,#1410,#1435,.T.);
#1433 = VERTEX_POINT('',#1434);
#1434 = CARTESIAN_POINT('',(-15.3,19.,4.));
#1435 = SURFACE_CURVE('',#1436,(#1440,#1447),.PCURVE_S1.);
#1436 = LINE('',#1437,#1438);
#1437 = CARTESIAN_POINT('',(-15.3,19.,4.));
#1438 = VECTOR('',#1439,1.);
#1439 = DIRECTION('',(0.,0.,1.));
#1440 = PCURVE('',#594,#1441);
#1441 = DEFINITIONAL_REPRESENTATION('',(#1442),#1446);
#1442 = LINE('',#1443,#1444);
#1443 = CARTESIAN_POINT('',(4.,3.7));
#1444 = VECTOR('',#1445,1.);
#1445 = DIRECTION('',(1.,0.));
#1446 = ( GEOMETRIC_REPRESENTATION_CONTEXT(2) 
PARAMETRIC_REPRESENTATION_CONTEXT() REPRESENTATION_CONTEXT('2D SPACE',''
  ) );
#1447 = PCURVE('',#427,#1448);
#1448 = DEFINITIONAL_REPRESENTATION('',(#1449),#1453);
#1449 = LINE('',#1450,#1451);
#1450 = CARTESIAN_POINT('',(0.,-38.));
#1451 = VECTOR('',#1452,1.);
#1452 = DIRECTION('',(1.,0.));
#1453 = ( GEOMETRIC_REPRESENTATION_CONTEXT(2) 
PARAMETRIC_REPRESENTATION_CONTEXT() REPRESENTATION_CONTEXT('2D SPACE',''
  ) );
#1454 = ORIENTED_EDGE('',*,*,#1455,.T.);
#1455 = EDGE_CURVE('',#1433,#1456,#1458,.T.);
#1456 = VERTEX_POINT('',#1457);
#1457 = CARTESIAN_POINT('',(15.3,19.,4.));
#1458 = SURFACE_CURVE('',#1459,(#1463,#1470),.PCURVE_S1.);
#1459 = LINE('',#1460,#1461);
#1460 = CARTESIAN_POINT('',(-19.,19.,4.));
#1461 = VECTOR('',#1462,1.);
#1462 = DIRECTION('',(1.,0.,0.));
#1463 = PCURVE('',#594,#1464);
#1464 = DEFINITIONAL_REPRESENTATION('',(#1465),#1469);
#1465 = LINE('',#1466,#1467);
#1466 = CARTESIAN_POINT('',(4.,0.));
#1467 = VECTOR('',#1468,1.);
#1468 = DIRECTION('',(0.,1.));
#1469 = ( GEOMETRIC_REPRESENTATION_CONTEXT(2) 
PARAMETRIC_REPRESENTATION_CONTEXT() REPRESENTATION_CONTEXT('2D SPACE',''
  ) );
#1470 = PCURVE('',#455,#1471);
#1471 = DEFINITIONAL_REPRESENTATION('',(#1472),#1476);
#1472 = LINE('',#1473,#1474);
#1473 = CARTESIAN_POINT('',(0.,38.));
#1474 = VECTOR('',#1475,1.);
#1475 = DIRECTION('',(1.,0.));
#1476 = ( GEOMETRIC_REPRESENTATION_CONTEXT(2) 
PARAMETRIC_REPRESENTATION_CONTEXT() REPRESENTATION_CONTEXT('2D SPACE',''
  ) );
#1477 = ORIENTED_EDGE('',*,*,#1478,.T.);
#1478 = EDGE_CURVE('',#1456,#577,#1479,.T.);
#1479 = SURFACE_CURVE('',#1480,(#1484,#1491),.PCURVE_S1.);
#1480 = LINE('',#1481,#1482);
#1481 = CARTESIAN_POINT('',(15.3,19.,4.));
#1482 = VECTOR('',#1483,1.);
#1483 = DIRECTION('',(0.,0.,1.));
#1484 = PCURVE('',#594,#1485);
#1485 = DEFINITIONAL_REPRESENTATION('',(#1486),#1490);
#1486 = LINE('',#1487,#1488);
#1487 = CARTESIAN_POINT('',(4.,34.3));
#1488 = VECTOR('',#1489,1.);
#1489 = DIRECTION('',(1.,0.));
#1490 = ( GEOMETRIC_REPRESENTATION_CONTEXT(2) 
PARAMETRIC_REPRESENTATION_CONTEXT() REPRESENTATION_CONTEXT('2D SPACE',''
  ) );
#1491 = PCURVE('',#483,#1492);
#1492 = DEFINITIONAL_REPRESENTATION('',(#1493),#1497);
#1493 = LINE('',#1494,#1495);
#1494 = CARTESIAN_POINT('',(0.,-38.));
#1495 = VECTOR('',#1496,1.);
#1496 = DIRECTION('',(1.,0.));
#1497 = ( GEOMETRIC_REPRESENTATION_CONTEXT(2) 
PARAMETRIC_REPRESENTATION_CONTEXT() REPRESENTATION_CONTEXT('2D SPACE',''
  ) );
#1498 = ORIENTED_EDGE('',*,*,#576,.T.);
#1499 = ORIENTED_EDGE('',*,*,#1383,.T.);
#1500 = ORIENTED_EDGE('',*,*,#1501,.F.);
#1501 = EDGE_CURVE('',#1502,#1356,#1504,.T.);
#1502 = VERTEX_POINT('',#1503);
#1503 = CARTESIAN_POINT('',(-16.,19.,-3.));
#1504 = SURFACE_CURVE('',#1505,(#1509,#1516),.PCURVE_S1.);
#1505 = LINE('',#1506,#1507);
#1506 = CARTESIAN_POINT('',(-19.,19.,-3.));
#1507 = VECTOR('',#1508,1.);
#1508 = DIRECTION('',(1.,0.,0.));
#1509 = PCURVE('',#594,#1510);
#1510 = DEFINITIONAL_REPRESENTATION('',(#1511),#1515);
#1511 = LINE('',#1512,#1513);
#1512 = CARTESIAN_POINT('',(-3.,0.));
#1513 = VECTOR('',#1514,1.);
#1514 = DIRECTION('',(0.,1.));
#1515 = ( GEOMETRIC_REPRESENTATION_CONTEXT(2) 
PARAMETRIC_REPRESENTATION_CONTEXT() REPRESENTATION_CONTEXT('2D SPACE',''
  ) );
#1516 = PCURVE('',#156,#1517);
#1517 = DEFINITIONAL_REPRESENTATION('',(#1518),#1522);
#1518 = LINE('',#1519,#1520);
#1519 = CARTESIAN_POINT('',(0.,8.85));
#1520 = VECTOR('',#1521,1.);
#1521 = DIRECTION('',(1.,0.));
#1522 = ( GEOMETRIC_REPRESENTATION_CONTEXT(2) 
PARAMETRIC_REPRESENTATION_CONTEXT() REPRESENTATION_CONTEXT('2D SPACE',''
  ) );
#1523 = ORIENTED_EDGE('',*,*,#1524,.F.);
#1524 = EDGE_CURVE('',#1408,#1502,#1525,.T.);
#1525 = SURFACE_CURVE('',#1526,(#1530,#1537),.PCURVE_S1.);
#1526 = LINE('',#1527,#1528);
#1527 = CARTESIAN_POINT('',(-16.,19.,4.));
#1528 = VECTOR('',#1529,1.);
#1529 = DIRECTION('',(0.,0.,-1.));
#1530 = PCURVE('',#594,#1531);
#1531 = DEFINITIONAL_REPRESENTATION('',(#1532),#1536);
#1532 = LINE('',#1533,#1534);
#1533 = CARTESIAN_POINT('',(4.,3.));
#1534 = VECTOR('',#1535,1.);
#1535 = DIRECTION('',(-1.,0.));
#1536 = ( GEOMETRIC_REPRESENTATION_CONTEXT(2) 
PARAMETRIC_REPRESENTATION_CONTEXT() REPRESENTATION_CONTEXT('2D SPACE',''
  ) );
#1537 = PCURVE('',#184,#1538);
#1538 = DEFINITIONAL_REPRESENTATION('',(#1539),#1543);
#1539 = LINE('',#1540,#1541);
#1540 = CARTESIAN_POINT('',(1.570796326795,0.));
#1541 = VECTOR('',#1542,1.);
#1542 = DIRECTION('',(0.,1.));
#1543 = ( GEOMETRIC_REPRESENTATION_CONTEXT(2) 
PARAMETRIC_REPRESENTATION_CONTEXT() REPRESENTATION_CONTEXT('2D SPACE',''
  ) );
#1544 = ADVANCED_FACE('',(#1545),#483,.F.);
#1545 = FACE_BOUND('',#1546,.F.);
#1546 = EDGE_LOOP('',(#1547,#1548,#1569,#1570));
#1547 = ORIENTED_EDGE('',*,*,#467,.F.);
#1548 = ORIENTED_EDGE('',*,*,#1549,.T.);
#1549 = EDGE_CURVE('',#440,#1456,#1550,.T.);
#1550 = SURFACE_CURVE('',#1551,(#1555,#1562),.PCURVE_S1.);
#1551 = LINE('',#1552,#1553);
#1552 = CARTESIAN_POINT('',(15.3,-19.,4.));
#1553 = VECTOR('',#1554,1.);
#1554 = DIRECTION('',(0.,1.,0.));
#1555 = PCURVE('',#483,#1556);
#1556 = DEFINITIONAL_REPRESENTATION('',(#1557),#1561);
#1557 = LINE('',#1558,#1559);
#1558 = CARTESIAN_POINT('',(0.,0.));
#1559 = VECTOR('',#1560,1.);
#1560 = DIRECTION('',(0.,-1.));
#1561 = ( GEOMETRIC_REPRESENTATION_CONTEXT(2) 
PARAMETRIC_REPRESENTATION_CONTEXT() REPRESENTATION_CONTEXT('2D SPACE',''
  ) );
#1562 = PCURVE('',#455,#1563);
#1563 = DEFINITIONAL_REPRESENTATION('',(#1564),#1568);
#1564 = LINE('',#1565,#1566);
#1565 = CARTESIAN_POINT('',(34.3,0.));
#1566 = VECTOR('',#1567,1.);
#1567 = DIRECTION('',(0.,1.));
#1568 = ( GEOMETRIC_REPRESENTATION_CONTEXT(2) 
PARAMETRIC_REPRESENTATION_CONTEXT() REPRESENTATION_CONTEXT('2D SPACE',''
  ) );
#1569 = ORIENTED_EDGE('',*,*,#1478,.T.);
#1570 = ORIENTED_EDGE('',*,*,#606,.F.);
#1571 = ADVANCED_FACE('',(#1572),#539,.T.);
#1572 = FACE_BOUND('',#1573,.T.);
#1573 = EDGE_LOOP('',(#1574,#1575,#1576,#1598,#1599,#1600));
#1574 = ORIENTED_EDGE('',*,*,#628,.F.);
#1575 = ORIENTED_EDGE('',*,*,#523,.F.);
#1576 = ORIENTED_EDGE('',*,*,#1577,.T.);
#1577 = EDGE_CURVE('',#524,#873,#1578,.T.);
#1578 = SURFACE_CURVE('',#1579,(#1584,#1591),.PCURVE_S1.);
#1579 = CIRCLE('',#1580,3.);
#1580 = AXIS2_PLACEMENT_3D('',#1581,#1582,#1583);
#1581 = CARTESIAN_POINT('',(16.,-16.,-3.));
#1582 = DIRECTION('',(0.,0.,1.));
#1583 = DIRECTION('',(0.,-1.,0.));
#1584 = PCURVE('',#539,#1585);
#1585 = DEFINITIONAL_REPRESENTATION('',(#1586),#1590);
#1586 = LINE('',#1587,#1588);
#1587 = CARTESIAN_POINT('',(0.,0.));
#1588 = VECTOR('',#1589,1.);
#1589 = DIRECTION('',(1.,0.));
#1590 = ( GEOMETRIC_REPRESENTATION_CONTEXT(2) 
PARAMETRIC_REPRESENTATION_CONTEXT() REPRESENTATION_CONTEXT('2D SPACE',''
  ) );
#1591 = PCURVE('',#44,#1592);
#1592 = DEFINITIONAL_REPRESENTATION('',(#1593),#1597);
#1593 = CIRCLE('',#1594,3.);
#1594 = AXIS2_PLACEMENT_2D('',#1595,#1596);
#1595 = CARTESIAN_POINT('',(35.,3.));
#1596 = DIRECTION('',(0.,-1.));
#1597 = ( GEOMETRIC_REPRESENTATION_CONTEXT(2) 
PARAMETRIC_REPRESENTATION_CONTEXT() REPRESENTATION_CONTEXT('2D SPACE',''
  ) );
#1598 = ORIENTED_EDGE('',*,*,#1021,.T.);
#1599 = ORIENTED_EDGE('',*,*,#847,.F.);
#1600 = ORIENTED_EDGE('',*,*,#715,.F.);
#1601 = ADVANCED_FACE('',(#1602,#1628,#1663),#455,.T.);
#1602 = FACE_BOUND('',#1603,.T.);
#1603 = EDGE_LOOP('',(#1604,#1605,#1626,#1627));
#1604 = ORIENTED_EDGE('',*,*,#1455,.F.);
#1605 = ORIENTED_EDGE('',*,*,#1606,.F.);
#1606 = EDGE_CURVE('',#412,#1433,#1607,.T.);
#1607 = SURFACE_CURVE('',#1608,(#1612,#1619),.PCURVE_S1.);
#1608 = LINE('',#1609,#1610);
#1609 = CARTESIAN_POINT('',(-15.3,-19.,4.));
#1610 = VECTOR('',#1611,1.);
#1611 = DIRECTION('',(0.,1.,0.));
#1612 = PCURVE('',#455,#1613);
#1613 = DEFINITIONAL_REPRESENTATION('',(#1614),#1618);
#1614 = LINE('',#1615,#1616);
#1615 = CARTESIAN_POINT('',(3.7,0.));
#1616 = VECTOR('',#1617,1.);
#1617 = DIRECTION('',(0.,1.));
#1618 = ( GEOMETRIC_REPRESENTATION_CONTEXT(2) 
PARAMETRIC_REPRESENTATION_CONTEXT() REPRESENTATION_CONTEXT('2D SPACE',''
  ) );
#1619 = PCURVE('',#427,#1620);
#1620 = DEFINITIONAL_REPRESENTATION('',(#1621),#1625);
#1621 = LINE('',#1622,#1623);
#1622 = CARTESIAN_POINT('',(0.,0.));
#1623 = VECTOR('',#1624,1.);
#1624 = DIRECTION('',(0.,-1.));
#1625 = ( GEOMETRIC_REPRESENTATION_CONTEXT(2) 
PARAMETRIC_REPRESENTATION_CONTEXT() REPRESENTATION_CONTEXT('2D SPACE',''
  ) );
#1626 = ORIENTED_EDGE('',*,*,#439,.T.);
#1627 = ORIENTED_EDGE('',*,*,#1549,.T.);
#1628 = FACE_BOUND('',#1629,.T.);
#1629 = EDGE_LOOP('',(#1630));
#1630 = ORIENTED_EDGE('',*,*,#1631,.T.);
#1631 = EDGE_CURVE('',#1632,#1632,#1634,.T.);
#1632 = VERTEX_POINT('',#1633);
#1633 = CARTESIAN_POINT('',(-6.8,0.,4.));
#1634 = SURFACE_CURVE('',#1635,(#1640,#1651),.PCURVE_S1.);
#1635 = CIRCLE('',#1636,1.7);
#1636 = AXIS2_PLACEMENT_3D('',#1637,#1638,#1639);
#1637 = CARTESIAN_POINT('',(-8.5,0.,4.));
#1638 = DIRECTION('',(0.,0.,-1.));
#1639 = DIRECTION('',(1.,0.,0.));
#1640 = PCURVE('',#455,#1641);
#1641 = DEFINITIONAL_REPRESENTATION('',(#1642),#1650);
#1642 = ( BOUNDED_CURVE() B_SPLINE_CURVE(2,(#1643,#1644,#1645,#1646,
#1647,#1648,#1649),.UNSPECIFIED.,.T.,.F.) B_SPLINE_CURVE_WITH_KNOTS((1,2
    ,2,2,2,1),(-2.094395102393,0.,2.094395102393,4.188790204786,
6.28318530718,8.377580409573),.UNSPECIFIED.) CURVE() 
GEOMETRIC_REPRESENTATION_ITEM() RATIONAL_B_SPLINE_CURVE((1.,0.5,1.,0.5,
1.,0.5,1.)) REPRESENTATION_ITEM('') );
#1643 = CARTESIAN_POINT('',(12.2,19.));
#1644 = CARTESIAN_POINT('',(12.2,16.055513627133));
#1645 = CARTESIAN_POINT('',(9.65,17.527756813566));
#1646 = CARTESIAN_POINT('',(7.1,19.));
#1647 = CARTESIAN_POINT('',(9.65,20.472243186434));
#1648 = CARTESIAN_POINT('',(12.2,21.944486372867));
#1649 = CARTESIAN_POINT('',(12.2,19.));
#1650 = ( GEOMETRIC_REPRESENTATION_CONTEXT(2) 
PARAMETRIC_REPRESENTATION_CONTEXT() REPRESENTATION_CONTEXT('2D SPACE',''
  ) );
#1651 = PCURVE('',#1652,#1657);
#1652 = CYLINDRICAL_SURFACE('',#1653,1.7);
#1653 = AXIS2_PLACEMENT_3D('',#1654,#1655,#1656);
#1654 = CARTESIAN_POINT('',(-8.5,0.,-4.));
#1655 = DIRECTION('',(-0.,-0.,-1.));
#1656 = DIRECTION('',(1.,0.,0.));
#1657 = DEFINITIONAL_REPRESENTATION('',(#1658),#1662);
#1658 = LINE('',#1659,#1660);
#1659 = CARTESIAN_POINT('',(-6.28318530718,-8.));
#1660 = VECTOR('',#1661,1.);
#1661 = DIRECTION('',(1.,-0.));
#1662 = ( GEOMETRIC_REPRESENTATION_CONTEXT(2) 
PARAMETRIC_REPRESENTATION_CONTEXT() REPRESENTATION_CONTEXT('2D SPACE',''
  ) );
#1663 = FACE_BOUND('',#1664,.T.);
#1664 = EDGE_LOOP('',(#1665));
#1665 = ORIENTED_EDGE('',*,*,#1666,.T.);
#1666 = EDGE_CURVE('',#1667,#1667,#1669,.T.);
#1667 = VERTEX_POINT('',#1668);
#1668 = CARTESIAN_POINT('',(10.2,0.,4.));
#1669 = SURFACE_CURVE('',#1670,(#1675,#1686),.PCURVE_S1.);
#1670 = CIRCLE('',#1671,1.7);
#1671 = AXIS2_PLACEMENT_3D('',#1672,#1673,#1674);
#1672 = CARTESIAN_POINT('',(8.5,0.,4.));
#1673 = DIRECTION('',(0.,0.,-1.));
#1674 = DIRECTION('',(1.,0.,0.));
#1675 = PCURVE('',#455,#1676);
#1676 = DEFINITIONAL_REPRESENTATION('',(#1677),#1685);
#1677 = ( BOUNDED_CURVE() B_SPLINE_CURVE(2,(#1678,#1679,#1680,#1681,
#1682,#1683,#1684),.UNSPECIFIED.,.T.,.F.) B_SPLINE_CURVE_WITH_KNOTS((1,2
    ,2,2,2,1),(-2.094395102393,0.,2.094395102393,4.188790204786,
6.28318530718,8.377580409573),.UNSPECIFIED.) CURVE() 
GEOMETRIC_REPRESENTATION_ITEM() RATIONAL_B_SPLINE_CURVE((1.,0.5,1.,0.5,
1.,0.5,1.)) REPRESENTATION_ITEM('') );
#1678 = CARTESIAN_POINT('',(29.2,19.));
#1679 = CARTESIAN_POINT('',(29.2,16.055513627133));
#1680 = CARTESIAN_POINT('',(26.65,17.527756813566));
#1681 = CARTESIAN_POINT('',(24.1,19.));
#1682 = CARTESIAN_POINT('',(26.65,20.472243186434));
#1683 = CARTESIAN_POINT('',(29.2,21.944486372867));
#1684 = CARTESIAN_POINT('',(29.2,19.));
#1685 = ( GEOMETRIC_REPRESENTATION_CONTEXT(2) 
PARAMETRIC_REPRESENTATION_CONTEXT() REPRESENTATION_CONTEXT('2D SPACE',''
  ) );
#1686 = PCURVE('',#1687,#1692);
#1687 = CYLINDRICAL_SURFACE('',#1688,1.7);
#1688 = AXIS2_PLACEMENT_3D('',#1689,#1690,#1691);
#1689 = CARTESIAN_POINT('',(8.5,0.,-4.));
#1690 = DIRECTION('',(-0.,-0.,-1.));
#1691 = DIRECTION('',(1.,0.,0.));
#1692 = DEFINITIONAL_REPRESENTATION('',(#1693),#1697);
#1693 = LINE('',#1694,#1695);
#1694 = CARTESIAN_POINT('',(-6.28318530718,-8.));
#1695 = VECTOR('',#1696,1.);
#1696 = DIRECTION('',(1.,-0.));
#1697 = ( GEOMETRIC_REPRESENTATION_CONTEXT(2) 
PARAMETRIC_REPRESENTATION_CONTEXT() REPRESENTATION_CONTEXT('2D SPACE',''
  ) );
#1698 = ADVANCED_FACE('',(#1699),#1687,.F.);
#1699 = FACE_BOUND('',#1700,.T.);
#1700 = EDGE_LOOP('',(#1701,#1729,#1750,#1751));
#1701 = ORIENTED_EDGE('',*,*,#1702,.T.);
#1702 = EDGE_CURVE('',#1703,#1703,#1705,.T.);
#1703 = VERTEX_POINT('',#1704);
#1704 = CARTESIAN_POINT('',(10.2,0.,0.));
#1705 = SURFACE_CURVE('',#1706,(#1711,#1718),.PCURVE_S1.);
#1706 = CIRCLE('',#1707,1.7);
#1707 = AXIS2_PLACEMENT_3D('',#1708,#1709,#1710);
#1708 = CARTESIAN_POINT('',(8.5,0.,0.));
#1709 = DIRECTION('',(0.,0.,-1.));
#1710 = DIRECTION('',(1.,0.,0.));
#1711 = PCURVE('',#1687,#1712);
#1712 = DEFINITIONAL_REPRESENTATION('',(#1713),#1717);
#1713 = LINE('',#1714,#1715);
#1714 = CARTESIAN_POINT('',(-6.28318530718,-4.));
#1715 = VECTOR('',#1716,1.);
#1716 = DIRECTION('',(1.,-0.));
#1717 = ( GEOMETRIC_REPRESENTATION_CONTEXT(2) 
PARAMETRIC_REPRESENTATION_CONTEXT() REPRESENTATION_CONTEXT('2D SPACE',''
  ) );
#1718 = PCURVE('',#100,#1719);
#1719 = DEFINITIONAL_REPRESENTATION('',(#1720),#1728);
#1720 = ( BOUNDED_CURVE() B_SPLINE_CURVE(2,(#1721,#1722,#1723,#1724,
#1725,#1726,#1727),.UNSPECIFIED.,.T.,.F.) B_SPLINE_CURVE_WITH_KNOTS((1,2
    ,2,2,2,1),(-2.094395102393,0.,2.094395102393,4.188790204786,
6.28318530718,8.377580409573),.UNSPECIFIED.) CURVE() 
GEOMETRIC_REPRESENTATION_ITEM() RATIONAL_B_SPLINE_CURVE((1.,0.5,1.,0.5,
1.,0.5,1.)) REPRESENTATION_ITEM('') );
#1721 = CARTESIAN_POINT('',(29.2,19.));
#1722 = CARTESIAN_POINT('',(29.2,16.055513627133));
#1723 = CARTESIAN_POINT('',(26.65,17.527756813566));
#1724 = CARTESIAN_POINT('',(24.1,19.));
#1725 = CARTESIAN_POINT('',(26.65,20.472243186434));
#1726 = CARTESIAN_POINT('',(29.2,21.944486372867));
#1727 = CARTESIAN_POINT('',(29.2,19.));
#1728 = ( GEOMETRIC_REPRESENTATION_CONTEXT(2) 
PARAMETRIC_REPRESENTATION_CONTEXT() REPRESENTATION_CONTEXT('2D SPACE',''
  ) );
#1729 = ORIENTED_EDGE('',*,*,#1730,.T.);
#1730 = EDGE_CURVE('',#1703,#1667,#1731,.T.);
#1731 = SEAM_CURVE('',#1732,(#1736,#1743),.PCURVE_S1.);
#1732 = LINE('',#1733,#1734);
#1733 = CARTESIAN_POINT('',(10.2,0.,-4.));
#1734 = VECTOR('',#1735,1.);
#1735 = DIRECTION('',(0.,0.,1.));
#1736 = PCURVE('',#1687,#1737);
#1737 = DEFINITIONAL_REPRESENTATION('',(#1738),#1742);
#1738 = LINE('',#1739,#1740);
#1739 = CARTESIAN_POINT('',(-6.28318530718,0.));
#1740 = VECTOR('',#1741,1.);
#1741 = DIRECTION('',(-0.,-1.));
#1742 = ( GEOMETRIC_REPRESENTATION_CONTEXT(2) 
PARAMETRIC_REPRESENTATION_CONTEXT() REPRESENTATION_CONTEXT('2D SPACE',''
  ) );
#1743 = PCURVE('',#1687,#1744);
#1744 = DEFINITIONAL_REPRESENTATION('',(#1745),#1749);
#1745 = LINE('',#1746,#1747);
#1746 = CARTESIAN_POINT('',(-0.,0.));
#1747 = VECTOR('',#1748,1.);
#1748 = DIRECTION('',(-0.,-1.));
#1749 = ( GEOMETRIC_REPRESENTATION_CONTEXT(2) 
PARAMETRIC_REPRESENTATION_CONTEXT() REPRESENTATION_CONTEXT('2D SPACE',''
  ) );
#1750 = ORIENTED_EDGE('',*,*,#1666,.F.);
#1751 = ORIENTED_EDGE('',*,*,#1730,.F.);
#1752 = ADVANCED_FACE('',(#1753),#1652,.F.);
#1753 = FACE_BOUND('',#1754,.T.);
#1754 = EDGE_LOOP('',(#1755,#1783,#1804,#1805));
#1755 = ORIENTED_EDGE('',*,*,#1756,.T.);
#1756 = EDGE_CURVE('',#1757,#1757,#1759,.T.);
#1757 = VERTEX_POINT('',#1758);
#1758 = CARTESIAN_POINT('',(-6.8,0.,0.));
#1759 = SURFACE_CURVE('',#1760,(#1765,#1772),.PCURVE_S1.);
#1760 = CIRCLE('',#1761,1.7);
#1761 = AXIS2_PLACEMENT_3D('',#1762,#1763,#1764);
#1762 = CARTESIAN_POINT('',(-8.5,0.,0.));
#1763 = DIRECTION('',(0.,0.,-1.));
#1764 = DIRECTION('',(1.,0.,0.));
#1765 = PCURVE('',#1652,#1766);
#1766 = DEFINITIONAL_REPRESENTATION('',(#1767),#1771);
#1767 = LINE('',#1768,#1769);
#1768 = CARTESIAN_POINT('',(-6.28318530718,-4.));
#1769 = VECTOR('',#1770,1.);
#1770 = DIRECTION('',(1.,-0.));
#1771 = ( GEOMETRIC_REPRESENTATION_CONTEXT(2) 
PARAMETRIC_REPRESENTATION_CONTEXT() REPRESENTATION_CONTEXT('2D SPACE',''
  ) );
#1772 = PCURVE('',#100,#1773);
#1773 = DEFINITIONAL_REPRESENTATION('',(#1774),#1782);
#1774 = ( BOUNDED_CURVE() B_SPLINE_CURVE(2,(#1775,#1776,#1777,#1778,
#1779,#1780,#1781),.UNSPECIFIED.,.T.,.F.) B_SPLINE_CURVE_WITH_KNOTS((1,2
    ,2,2,2,1),(-2.094395102393,0.,2.094395102393,4.188790204786,
6.28318530718,8.377580409573),.UNSPECIFIED.) CURVE() 
GEOMETRIC_REPRESENTATION_ITEM() RATIONAL_B_SPLINE_CURVE((1.,0.5,1.,0.5,
1.,0.5,1.)) REPRESENTATION_ITEM('') );
#1775 = CARTESIAN_POINT('',(12.2,19.));
#1776 = CARTESIAN_POINT('',(12.2,16.055513627133));
#1777 = CARTESIAN_POINT('',(9.65,17.527756813566));
#1778 = CARTESIAN_POINT('',(7.1,19.));
#1779 = CARTESIAN_POINT('',(9.65,20.472243186434));
#1780 = CARTESIAN_POINT('',(12.2,21.944486372867));
#1781 = CARTESIAN_POINT('',(12.2,19.));
#1782 = ( GEOMETRIC_REPRESENTATION_CONTEXT(2) 
PARAMETRIC_REPRESENTATION_CONTEXT() REPRESENTATION_CONTEXT('2D SPACE',''
  ) );
#1783 = ORIENTED_EDGE('',*,*,#1784,.T.);
#1784 = EDGE_CURVE('',#1757,#1632,#1785,.T.);
#1785 = SEAM_CURVE('',#1786,(#1790,#1797),.PCURVE_S1.);
#1786 = LINE('',#1787,#1788);
#1787 = CARTESIAN_POINT('',(-6.8,0.,-4.));
#1788 = VECTOR('',#1789,1.);
#1789 = DIRECTION('',(0.,0.,1.));
#1790 = PCURVE('',#1652,#1791);
#1791 = DEFINITIONAL_REPRESENTATION('',(#1792),#1796);
#1792 = LINE('',#1793,#1794);
#1793 = CARTESIAN_POINT('',(-6.28318530718,0.));
#1794 = VECTOR('',#1795,1.);
#1795 = DIRECTION('',(-0.,-1.));
#1796 = ( GEOMETRIC_REPRESENTATION_CONTEXT(2) 
PARAMETRIC_REPRESENTATION_CONTEXT() REPRESENTATION_CONTEXT('2D SPACE',''
  ) );
#1797 = PCURVE('',#1652,#1798);
#1798 = DEFINITIONAL_REPRESENTATION('',(#1799),#1803);
#1799 = LINE('',#1800,#1801);
#1800 = CARTESIAN_POINT('',(-0.,0.));
#1801 = VECTOR('',#1802,1.);
#1802 = DIRECTION('',(-0.,-1.));
#1803 = ( GEOMETRIC_REPRESENTATION_CONTEXT(2) 
PARAMETRIC_REPRESENTATION_CONTEXT() REPRESENTATION_CONTEXT('2D SPACE',''
  ) );
#1804 = ORIENTED_EDGE('',*,*,#1631,.F.);
#1805 = ORIENTED_EDGE('',*,*,#1784,.F.);
#1806 = ADVANCED_FACE('',(#1807),#427,.T.);
#1807 = FACE_BOUND('',#1808,.T.);
#1808 = EDGE_LOOP('',(#1809,#1810,#1811,#1812));
#1809 = ORIENTED_EDGE('',*,*,#411,.F.);
#1810 = ORIENTED_EDGE('',*,*,#1606,.T.);
#1811 = ORIENTED_EDGE('',*,*,#1432,.T.);
#1812 = ORIENTED_EDGE('',*,*,#1813,.F.);
#1813 = EDGE_CURVE('',#389,#1410,#1814,.T.);
#1814 = SURFACE_CURVE('',#1815,(#1819,#1826),.PCURVE_S1.);
#1815 = LINE('',#1816,#1817);
#1816 = CARTESIAN_POINT('',(-15.3,-19.,6.));
#1817 = VECTOR('',#1818,1.);
#1818 = DIRECTION('',(0.,1.,0.));
#1819 = PCURVE('',#427,#1820);
#1820 = DEFINITIONAL_REPRESENTATION('',(#1821),#1825);
#1821 = LINE('',#1822,#1823);
#1822 = CARTESIAN_POINT('',(2.,0.));
#1823 = VECTOR('',#1824,1.);
#1824 = DIRECTION('',(0.,-1.));
#1825 = ( GEOMETRIC_REPRESENTATION_CONTEXT(2) 
PARAMETRIC_REPRESENTATION_CONTEXT() REPRESENTATION_CONTEXT('2D SPACE',''
  ) );
#1826 = PCURVE('',#347,#1827);
#1827 = DEFINITIONAL_REPRESENTATION('',(#1828),#1832);
#1828 = LINE('',#1829,#1830);
#1829 = CARTESIAN_POINT('',(2.5,0.));
#1830 = VECTOR('',#1831,1.);
#1831 = DIRECTION('',(0.,1.));
#1832 = ( GEOMETRIC_REPRESENTATION_CONTEXT(2) 
PARAMETRIC_REPRESENTATION_CONTEXT() REPRESENTATION_CONTEXT('2D SPACE',''
  ) );
#1833 = ADVANCED_FACE('',(#1834),#347,.T.);
#1834 = FACE_BOUND('',#1835,.T.);
#1835 = EDGE_LOOP('',(#1836,#1859,#1860,#1861,#1862,#1863));
#1836 = ORIENTED_EDGE('',*,*,#1837,.F.);
#1837 = EDGE_CURVE('',#331,#1838,#1840,.T.);
#1838 = VERTEX_POINT('',#1839);
#1839 = CARTESIAN_POINT('',(-17.8,18.4,6.));
#1840 = SURFACE_CURVE('',#1841,(#1845,#1852),.PCURVE_S1.);
#1841 = LINE('',#1842,#1843);
#1842 = CARTESIAN_POINT('',(-17.8,-19.,6.));
#1843 = VECTOR('',#1844,1.);
#1844 = DIRECTION('',(0.,1.,0.));
#1845 = PCURVE('',#347,#1846);
#1846 = DEFINITIONAL_REPRESENTATION('',(#1847),#1851);
#1847 = LINE('',#1848,#1849);
#1848 = CARTESIAN_POINT('',(0.,0.));
#1849 = VECTOR('',#1850,1.);
#1850 = DIRECTION('',(0.,1.));
#1851 = ( GEOMETRIC_REPRESENTATION_CONTEXT(2) 
PARAMETRIC_REPRESENTATION_CONTEXT() REPRESENTATION_CONTEXT('2D SPACE',''
  ) );
#1852 = PCURVE('',#373,#1853);
#1853 = DEFINITIONAL_REPRESENTATION('',(#1854),#1858);
#1854 = LINE('',#1855,#1856);
#1855 = CARTESIAN_POINT('',(2.,0.));
#1856 = VECTOR('',#1857,1.);
#1857 = DIRECTION('',(0.,-1.));
#1858 = ( GEOMETRIC_REPRESENTATION_CONTEXT(2) 
PARAMETRIC_REPRESENTATION_CONTEXT() REPRESENTATION_CONTEXT('2D SPACE',''
  ) );
#1859 = ORIENTED_EDGE('',*,*,#330,.T.);
#1860 = ORIENTED_EDGE('',*,*,#388,.T.);
#1861 = ORIENTED_EDGE('',*,*,#1813,.T.);
#1862 = ORIENTED_EDGE('',*,*,#1407,.F.);
#1863 = ORIENTED_EDGE('',*,*,#1864,.F.);
#1864 = EDGE_CURVE('',#1838,#1408,#1865,.T.);
#1865 = SURFACE_CURVE('',#1866,(#1871,#1882),.PCURVE_S1.);
#1866 = CIRCLE('',#1867,3.);
#1867 = AXIS2_PLACEMENT_3D('',#1868,#1869,#1870);
#1868 = CARTESIAN_POINT('',(-16.,16.,6.));
#1869 = DIRECTION('',(0.,0.,-1.));
#1870 = DIRECTION('',(0.,1.,0.));
#1871 = PCURVE('',#347,#1872);
#1872 = DEFINITIONAL_REPRESENTATION('',(#1873),#1881);
#1873 = ( BOUNDED_CURVE() B_SPLINE_CURVE(2,(#1874,#1875,#1876,#1877,
#1878,#1879,#1880),.UNSPECIFIED.,.T.,.F.) B_SPLINE_CURVE_WITH_KNOTS((1,2
    ,2,2,2,1),(-2.094395102393,0.,2.094395102393,4.188790204786,
6.28318530718,8.377580409573),.UNSPECIFIED.) CURVE() 
GEOMETRIC_REPRESENTATION_ITEM() RATIONAL_B_SPLINE_CURVE((1.,0.5,1.,0.5,
1.,0.5,1.)) REPRESENTATION_ITEM('') );
#1874 = CARTESIAN_POINT('',(1.8,38.));
#1875 = CARTESIAN_POINT('',(6.996152422707,38.));
#1876 = CARTESIAN_POINT('',(4.398076211353,33.5));
#1877 = CARTESIAN_POINT('',(1.8,29.));
#1878 = CARTESIAN_POINT('',(-0.798076211353,33.5));
#1879 = CARTESIAN_POINT('',(-3.396152422707,38.));
#1880 = CARTESIAN_POINT('',(1.8,38.));
#1881 = ( GEOMETRIC_REPRESENTATION_CONTEXT(2) 
PARAMETRIC_REPRESENTATION_CONTEXT() REPRESENTATION_CONTEXT('2D SPACE',''
  ) );
#1882 = PCURVE('',#184,#1883);
#1883 = DEFINITIONAL_REPRESENTATION('',(#1884),#1888);
#1884 = LINE('',#1885,#1886);
#1885 = CARTESIAN_POINT('',(-4.712388980385,-2.));
#1886 = VECTOR('',#1887,1.);
#1887 = DIRECTION('',(1.,0.));
#1888 = ( GEOMETRIC_REPRESENTATION_CONTEXT(2) 
PARAMETRIC_REPRESENTATION_CONTEXT() REPRESENTATION_CONTEXT('2D SPACE',''
  ) );
#1889 = ADVANCED_FACE('',(#1890),#373,.F.);
#1890 = FACE_BOUND('',#1891,.F.);
#1891 = EDGE_LOOP('',(#1892,#1893,#1894,#1917));
#1892 = ORIENTED_EDGE('',*,*,#1837,.F.);
#1893 = ORIENTED_EDGE('',*,*,#359,.F.);
#1894 = ORIENTED_EDGE('',*,*,#1895,.T.);
#1895 = EDGE_CURVE('',#254,#1896,#1898,.T.);
#1896 = VERTEX_POINT('',#1897);
#1897 = CARTESIAN_POINT('',(-17.8,18.4,4.));
#1898 = SURFACE_CURVE('',#1899,(#1903,#1910),.PCURVE_S1.);
#1899 = LINE('',#1900,#1901);
#1900 = CARTESIAN_POINT('',(-17.8,-19.,4.));
#1901 = VECTOR('',#1902,1.);
#1902 = DIRECTION('',(0.,1.,0.));
#1903 = PCURVE('',#373,#1904);
#1904 = DEFINITIONAL_REPRESENTATION('',(#1905),#1909);
#1905 = LINE('',#1906,#1907);
#1906 = CARTESIAN_POINT('',(0.,0.));
#1907 = VECTOR('',#1908,1.);
#1908 = DIRECTION('',(0.,-1.));
#1909 = ( GEOMETRIC_REPRESENTATION_CONTEXT(2) 
PARAMETRIC_REPRESENTATION_CONTEXT() REPRESENTATION_CONTEXT('2D SPACE',''
  ) );
#1910 = PCURVE('',#212,#1911);
#1911 = DEFINITIONAL_REPRESENTATION('',(#1912),#1916);
#1912 = LINE('',#1913,#1914);
#1913 = CARTESIAN_POINT('',(1.2,0.));
#1914 = VECTOR('',#1915,1.);
#1915 = DIRECTION('',(0.,1.));
#1916 = ( GEOMETRIC_REPRESENTATION_CONTEXT(2) 
PARAMETRIC_REPRESENTATION_CONTEXT() REPRESENTATION_CONTEXT('2D SPACE',''
  ) );
#1917 = ORIENTED_EDGE('',*,*,#1918,.T.);
#1918 = EDGE_CURVE('',#1896,#1838,#1919,.T.);
#1919 = SURFACE_CURVE('',#1920,(#1924,#1931),.PCURVE_S1.);
#1920 = LINE('',#1921,#1922);
#1921 = CARTESIAN_POINT('',(-17.8,18.4,4.));
#1922 = VECTOR('',#1923,1.);
#1923 = DIRECTION('',(-0.,-0.,1.));
#1924 = PCURVE('',#373,#1925);
#1925 = DEFINITIONAL_REPRESENTATION('',(#1926),#1930);
#1926 = LINE('',#1927,#1928);
#1927 = CARTESIAN_POINT('',(0.,-37.4));
#1928 = VECTOR('',#1929,1.);
#1929 = DIRECTION('',(1.,0.));
#1930 = ( GEOMETRIC_REPRESENTATION_CONTEXT(2) 
PARAMETRIC_REPRESENTATION_CONTEXT() REPRESENTATION_CONTEXT('2D SPACE',''
  ) );
#1931 = PCURVE('',#184,#1932);
#1932 = DEFINITIONAL_REPRESENTATION('',(#1933),#1937);
#1933 = LINE('',#1934,#1935);
#1934 = CARTESIAN_POINT('',(0.927295218002,0.));
#1935 = VECTOR('',#1936,1.);
#1936 = DIRECTION('',(0.,-1.));
#1937 = ( GEOMETRIC_REPRESENTATION_CONTEXT(2) 
PARAMETRIC_REPRESENTATION_CONTEXT() REPRESENTATION_CONTEXT('2D SPACE',''
  ) );
#1938 = ADVANCED_FACE('',(#1939),#212,.T.);
#1939 = FACE_BOUND('',#1940,.T.);
#1940 = EDGE_LOOP('',(#1941,#1942,#1968,#1969));
#1941 = ORIENTED_EDGE('',*,*,#1895,.T.);
#1942 = ORIENTED_EDGE('',*,*,#1943,.F.);
#1943 = EDGE_CURVE('',#169,#1896,#1944,.T.);
#1944 = SURFACE_CURVE('',#1945,(#1950,#1961),.PCURVE_S1.);
#1945 = CIRCLE('',#1946,3.);
#1946 = AXIS2_PLACEMENT_3D('',#1947,#1948,#1949);
#1947 = CARTESIAN_POINT('',(-16.,16.,4.));
#1948 = DIRECTION('',(0.,0.,-1.));
#1949 = DIRECTION('',(0.,1.,0.));
#1950 = PCURVE('',#212,#1951);
#1951 = DEFINITIONAL_REPRESENTATION('',(#1952),#1960);
#1952 = ( BOUNDED_CURVE() B_SPLINE_CURVE(2,(#1953,#1954,#1955,#1956,
#1957,#1958,#1959),.UNSPECIFIED.,.T.,.F.) B_SPLINE_CURVE_WITH_KNOTS((1,2
    ,2,2,2,1),(-2.094395102393,0.,2.094395102393,4.188790204786,
6.28318530718,8.377580409573),.UNSPECIFIED.) CURVE() 
GEOMETRIC_REPRESENTATION_ITEM() RATIONAL_B_SPLINE_CURVE((1.,0.5,1.,0.5,
1.,0.5,1.)) REPRESENTATION_ITEM('') );
#1953 = CARTESIAN_POINT('',(3.,38.));
#1954 = CARTESIAN_POINT('',(8.196152422707,38.));
#1955 = CARTESIAN_POINT('',(5.598076211353,33.5));
#1956 = CARTESIAN_POINT('',(3.,29.));
#1957 = CARTESIAN_POINT('',(0.401923788647,33.5));
#1958 = CARTESIAN_POINT('',(-2.196152422707,38.));
#1959 = CARTESIAN_POINT('',(3.,38.));
#1960 = ( GEOMETRIC_REPRESENTATION_CONTEXT(2) 
PARAMETRIC_REPRESENTATION_CONTEXT() REPRESENTATION_CONTEXT('2D SPACE',''
  ) );
#1961 = PCURVE('',#184,#1962);
#1962 = DEFINITIONAL_REPRESENTATION('',(#1963),#1967);
#1963 = LINE('',#1964,#1965);
#1964 = CARTESIAN_POINT('',(-4.712388980385,0.));
#1965 = VECTOR('',#1966,1.);
#1966 = DIRECTION('',(1.,0.));
#1967 = ( GEOMETRIC_REPRESENTATION_CONTEXT(2) 
PARAMETRIC_REPRESENTATION_CONTEXT() REPRESENTATION_CONTEXT('2D SPACE',''
  ) );
#1968 = ORIENTED_EDGE('',*,*,#196,.F.);
#1969 = ORIENTED_EDGE('',*,*,#253,.T.);
#1970 = ADVANCED_FACE('',(#1971),#184,.T.);
#1971 = FACE_BOUND('',#1972,.T.);
#1972 = EDGE_LOOP('',(#1973,#1974,#1975,#1976,#1977,#2003));
#1973 = ORIENTED_EDGE('',*,*,#1943,.T.);
#1974 = ORIENTED_EDGE('',*,*,#1918,.T.);
#1975 = ORIENTED_EDGE('',*,*,#1864,.T.);
#1976 = ORIENTED_EDGE('',*,*,#1524,.T.);
#1977 = ORIENTED_EDGE('',*,*,#1978,.F.);
#1978 = EDGE_CURVE('',#141,#1502,#1979,.T.);
#1979 = SURFACE_CURVE('',#1980,(#1985,#1992),.PCURVE_S1.);
#1980 = CIRCLE('',#1981,3.);
#1981 = AXIS2_PLACEMENT_3D('',#1982,#1983,#1984);
#1982 = CARTESIAN_POINT('',(-16.,16.,-3.));
#1983 = DIRECTION('',(0.,0.,-1.));
#1984 = DIRECTION('',(0.,1.,0.));
#1985 = PCURVE('',#184,#1986);
#1986 = DEFINITIONAL_REPRESENTATION('',(#1987),#1991);
#1987 = LINE('',#1988,#1989);
#1988 = CARTESIAN_POINT('',(-4.712388980385,7.));
#1989 = VECTOR('',#1990,1.);
#1990 = DIRECTION('',(1.,0.));
#1991 = ( GEOMETRIC_REPRESENTATION_CONTEXT(2) 
PARAMETRIC_REPRESENTATION_CONTEXT() REPRESENTATION_CONTEXT('2D SPACE',''
  ) );
#1992 = PCURVE('',#156,#1993);
#1993 = DEFINITIONAL_REPRESENTATION('',(#1994),#2002);
#1994 = ( BOUNDED_CURVE() B_SPLINE_CURVE(2,(#1995,#1996,#1997,#1998,
#1999,#2000,#2001),.UNSPECIFIED.,.T.,.F.) B_SPLINE_CURVE_WITH_KNOTS((1,2
    ,2,2,2,1),(-2.094395102393,0.,2.094395102393,4.188790204786,
6.28318530718,8.377580409573),.UNSPECIFIED.) CURVE() 
GEOMETRIC_REPRESENTATION_ITEM() RATIONAL_B_SPLINE_CURVE((1.,0.5,1.,0.5,
1.,0.5,1.)) REPRESENTATION_ITEM('') );
#1995 = CARTESIAN_POINT('',(3.,8.85));
#1996 = CARTESIAN_POINT('',(8.196152422707,8.85));
#1997 = CARTESIAN_POINT('',(5.598076211353,4.35));
#1998 = CARTESIAN_POINT('',(3.,-0.15));
#1999 = CARTESIAN_POINT('',(0.401923788647,4.35));
#2000 = CARTESIAN_POINT('',(-2.196152422707,8.85));
#2001 = CARTESIAN_POINT('',(3.,8.85));
#2002 = ( GEOMETRIC_REPRESENTATION_CONTEXT(2) 
PARAMETRIC_REPRESENTATION_CONTEXT() REPRESENTATION_CONTEXT('2D SPACE',''
  ) );
#2003 = ORIENTED_EDGE('',*,*,#168,.F.);
#2004 = ADVANCED_FACE('',(#2005),#156,.F.);
#2005 = FACE_BOUND('',#2006,.F.);
#2006 = EDGE_LOOP('',(#2007,#2008,#2030,#2031,#2032,#2033,#2034,#2035));
#2007 = ORIENTED_EDGE('',*,*,#140,.F.);
#2008 = ORIENTED_EDGE('',*,*,#2009,.T.);
#2009 = EDGE_CURVE('',#113,#1124,#2010,.T.);
#2010 = SURFACE_CURVE('',#2011,(#2016,#2023),.PCURVE_S1.);
#2011 = CIRCLE('',#2012,3.);
#2012 = AXIS2_PLACEMENT_3D('',#2013,#2014,#2015);
#2013 = CARTESIAN_POINT('',(-16.,13.15,-3.));
#2014 = DIRECTION('',(0.,0.,1.));
#2015 = DIRECTION('',(0.,-1.,0.));
#2016 = PCURVE('',#156,#2017);
#2017 = DEFINITIONAL_REPRESENTATION('',(#2018),#2022);
#2018 = CIRCLE('',#2019,3.);
#2019 = AXIS2_PLACEMENT_2D('',#2020,#2021);
#2020 = CARTESIAN_POINT('',(3.,3.));
#2021 = DIRECTION('',(0.,-1.));
#2022 = ( GEOMETRIC_REPRESENTATION_CONTEXT(2) 
PARAMETRIC_REPRESENTATION_CONTEXT() REPRESENTATION_CONTEXT('2D SPACE',''
  ) );
#2023 = PCURVE('',#128,#2024);
#2024 = DEFINITIONAL_REPRESENTATION('',(#2025),#2029);
#2025 = LINE('',#2026,#2027);
#2026 = CARTESIAN_POINT('',(-4.712388980385,0.));
#2027 = VECTOR('',#2028,1.);
#2028 = DIRECTION('',(1.,0.));
#2029 = ( GEOMETRIC_REPRESENTATION_CONTEXT(2) 
PARAMETRIC_REPRESENTATION_CONTEXT() REPRESENTATION_CONTEXT('2D SPACE',''
  ) );
#2030 = ORIENTED_EDGE('',*,*,#1123,.T.);
#2031 = ORIENTED_EDGE('',*,*,#1045,.T.);
#2032 = ORIENTED_EDGE('',*,*,#976,.T.);
#2033 = ORIENTED_EDGE('',*,*,#1355,.F.);
#2034 = ORIENTED_EDGE('',*,*,#1501,.F.);
#2035 = ORIENTED_EDGE('',*,*,#1978,.F.);
#2036 = ADVANCED_FACE('',(#2037),#128,.T.);
#2037 = FACE_BOUND('',#2038,.T.);
#2038 = EDGE_LOOP('',(#2039,#2040,#2041,#2063));
#2039 = ORIENTED_EDGE('',*,*,#2009,.T.);
#2040 = ORIENTED_EDGE('',*,*,#1146,.T.);
#2041 = ORIENTED_EDGE('',*,*,#2042,.F.);
#2042 = EDGE_CURVE('',#85,#1147,#2043,.T.);
#2043 = SURFACE_CURVE('',#2044,(#2049,#2056),.PCURVE_S1.);
#2044 = CIRCLE('',#2045,3.);
#2045 = AXIS2_PLACEMENT_3D('',#2046,#2047,#2048);
#2046 = CARTESIAN_POINT('',(-16.,13.15,0.));
#2047 = DIRECTION('',(0.,0.,1.));
#2048 = DIRECTION('',(0.,-1.,0.));
#2049 = PCURVE('',#128,#2050);
#2050 = DEFINITIONAL_REPRESENTATION('',(#2051),#2055);
#2051 = LINE('',#2052,#2053);
#2052 = CARTESIAN_POINT('',(-4.712388980385,3.));
#2053 = VECTOR('',#2054,1.);
#2054 = DIRECTION('',(1.,0.));
#2055 = ( GEOMETRIC_REPRESENTATION_CONTEXT(2) 
PARAMETRIC_REPRESENTATION_CONTEXT() REPRESENTATION_CONTEXT('2D SPACE',''
  ) );
#2056 = PCURVE('',#100,#2057);
#2057 = DEFINITIONAL_REPRESENTATION('',(#2058),#2062);
#2058 = CIRCLE('',#2059,3.);
#2059 = AXIS2_PLACEMENT_2D('',#2060,#2061);
#2060 = CARTESIAN_POINT('',(3.,32.15));
#2061 = DIRECTION('',(0.,-1.));
#2062 = ( GEOMETRIC_REPRESENTATION_CONTEXT(2) 
PARAMETRIC_REPRESENTATION_CONTEXT() REPRESENTATION_CONTEXT('2D SPACE',''
  ) );
#2063 = ORIENTED_EDGE('',*,*,#112,.F.);
#2064 = ADVANCED_FACE('',(#2065,#2100,#2103),#100,.F.);
#2065 = FACE_BOUND('',#2066,.F.);
#2066 = EDGE_LOOP('',(#2067,#2068,#2069,#2070,#2071,#2072,#2073,#2074));
#2067 = ORIENTED_EDGE('',*,*,#1326,.T.);
#2068 = ORIENTED_EDGE('',*,*,#1223,.T.);
#2069 = ORIENTED_EDGE('',*,*,#925,.F.);
#2070 = ORIENTED_EDGE('',*,*,#1070,.F.);
#2071 = ORIENTED_EDGE('',*,*,#1169,.F.);
#2072 = ORIENTED_EDGE('',*,*,#2042,.F.);
#2073 = ORIENTED_EDGE('',*,*,#84,.T.);
#2074 = ORIENTED_EDGE('',*,*,#2075,.T.);
#2075 = EDGE_CURVE('',#57,#1304,#2076,.T.);
#2076 = SURFACE_CURVE('',#2077,(#2082,#2093),.PCURVE_S1.);
#2077 = CIRCLE('',#2078,3.);
#2078 = AXIS2_PLACEMENT_3D('',#2079,#2080,#2081);
#2079 = CARTESIAN_POINT('',(-16.,-13.15,0.));
#2080 = DIRECTION('',(-0.,-0.,-1.));
#2081 = DIRECTION('',(0.,-1.,0.));
#2082 = PCURVE('',#100,#2083);
#2083 = DEFINITIONAL_REPRESENTATION('',(#2084),#2092);
#2084 = ( BOUNDED_CURVE() B_SPLINE_CURVE(2,(#2085,#2086,#2087,#2088,
#2089,#2090,#2091),.UNSPECIFIED.,.T.,.F.) B_SPLINE_CURVE_WITH_KNOTS((1,2
    ,2,2,2,1),(-2.094395102393,0.,2.094395102393,4.188790204786,
6.28318530718,8.377580409573),.UNSPECIFIED.) CURVE() 
GEOMETRIC_REPRESENTATION_ITEM() RATIONAL_B_SPLINE_CURVE((1.,0.5,1.,0.5,
1.,0.5,1.)) REPRESENTATION_ITEM('') );
#2085 = CARTESIAN_POINT('',(3.,2.85));
#2086 = CARTESIAN_POINT('',(-2.196152422707,2.85));
#2087 = CARTESIAN_POINT('',(0.401923788647,7.35));
#2088 = CARTESIAN_POINT('',(3.,11.85));
#2089 = CARTESIAN_POINT('',(5.598076211353,7.35));
#2090 = CARTESIAN_POINT('',(8.196152422707,2.85));
#2091 = CARTESIAN_POINT('',(3.,2.85));
#2092 = ( GEOMETRIC_REPRESENTATION_CONTEXT(2) 
PARAMETRIC_REPRESENTATION_CONTEXT() REPRESENTATION_CONTEXT('2D SPACE',''
  ) );
#2093 = PCURVE('',#72,#2094);
#2094 = DEFINITIONAL_REPRESENTATION('',(#2095),#2099);
#2095 = LINE('',#2096,#2097);
#2096 = CARTESIAN_POINT('',(1.570796326795,3.));
#2097 = VECTOR('',#2098,1.);
#2098 = DIRECTION('',(-1.,0.));
#2099 = ( GEOMETRIC_REPRESENTATION_CONTEXT(2) 
PARAMETRIC_REPRESENTATION_CONTEXT() REPRESENTATION_CONTEXT('2D SPACE',''
  ) );
#2100 = FACE_BOUND('',#2101,.F.);
#2101 = EDGE_LOOP('',(#2102));
#2102 = ORIENTED_EDGE('',*,*,#1756,.T.);
#2103 = FACE_BOUND('',#2104,.F.);
#2104 = EDGE_LOOP('',(#2105));
#2105 = ORIENTED_EDGE('',*,*,#1702,.T.);
#2106 = ADVANCED_FACE('',(#2107),#72,.T.);
#2107 = FACE_BOUND('',#2108,.F.);
#2108 = EDGE_LOOP('',(#2109,#2135,#2136,#2137));
#2109 = ORIENTED_EDGE('',*,*,#2110,.T.);
#2110 = EDGE_CURVE('',#24,#1281,#2111,.T.);
#2111 = SURFACE_CURVE('',#2112,(#2117,#2124),.PCURVE_S1.);
#2112 = CIRCLE('',#2113,3.);
#2113 = AXIS2_PLACEMENT_3D('',#2114,#2115,#2116);
#2114 = CARTESIAN_POINT('',(-16.,-13.15,-3.));
#2115 = DIRECTION('',(-0.,-0.,-1.));
#2116 = DIRECTION('',(0.,-1.,0.));
#2117 = PCURVE('',#72,#2118);
#2118 = DEFINITIONAL_REPRESENTATION('',(#2119),#2123);
#2119 = LINE('',#2120,#2121);
#2120 = CARTESIAN_POINT('',(1.570796326795,-0.));
#2121 = VECTOR('',#2122,1.);
#2122 = DIRECTION('',(-1.,0.));
#2123 = ( GEOMETRIC_REPRESENTATION_CONTEXT(2) 
PARAMETRIC_REPRESENTATION_CONTEXT() REPRESENTATION_CONTEXT('2D SPACE',''
  ) );
#2124 = PCURVE('',#44,#2125);
#2125 = DEFINITIONAL_REPRESENTATION('',(#2126),#2134);
#2126 = ( BOUNDED_CURVE() B_SPLINE_CURVE(2,(#2127,#2128,#2129,#2130,
#2131,#2132,#2133),.UNSPECIFIED.,.T.,.F.) B_SPLINE_CURVE_WITH_KNOTS((1,2
    ,2,2,2,1),(-2.094395102393,0.,2.094395102393,4.188790204786,
6.28318530718,8.377580409573),.UNSPECIFIED.) CURVE() 
GEOMETRIC_REPRESENTATION_ITEM() RATIONAL_B_SPLINE_CURVE((1.,0.5,1.,0.5,
1.,0.5,1.)) REPRESENTATION_ITEM('') );
#2127 = CARTESIAN_POINT('',(3.,2.85));
#2128 = CARTESIAN_POINT('',(-2.196152422707,2.85));
#2129 = CARTESIAN_POINT('',(0.401923788647,7.35));
#2130 = CARTESIAN_POINT('',(3.,11.85));
#2131 = CARTESIAN_POINT('',(5.598076211353,7.35));
#2132 = CARTESIAN_POINT('',(8.196152422707,2.85));
#2133 = CARTESIAN_POINT('',(3.,2.85));
#2134 = ( GEOMETRIC_REPRESENTATION_CONTEXT(2) 
PARAMETRIC_REPRESENTATION_CONTEXT() REPRESENTATION_CONTEXT('2D SPACE',''
  ) );
#2135 = ORIENTED_EDGE('',*,*,#1303,.T.);
#2136 = ORIENTED_EDGE('',*,*,#2075,.F.);
#2137 = ORIENTED_EDGE('',*,*,#56,.F.);
#2138 = ADVANCED_FACE('',(#2139),#44,.F.);
#2139 = FACE_BOUND('',#2140,.F.);
#2140 = EDGE_LOOP('',(#2141,#2142,#2143,#2144,#2145,#2146,#2147,#2148));
#2141 = ORIENTED_EDGE('',*,*,#21,.F.);
#2142 = ORIENTED_EDGE('',*,*,#278,.T.);
#2143 = ORIENTED_EDGE('',*,*,#551,.T.);
#2144 = ORIENTED_EDGE('',*,*,#1577,.T.);
#2145 = ORIENTED_EDGE('',*,*,#872,.T.);
#2146 = ORIENTED_EDGE('',*,*,#1194,.F.);
#2147 = ORIENTED_EDGE('',*,*,#1280,.F.);
#2148 = ORIENTED_EDGE('',*,*,#2110,.F.);
#2149 = ( GEOMETRIC_REPRESENTATION_CONTEXT(3) 
GLOBAL_UNCERTAINTY_ASSIGNED_CONTEXT((#2153)) 
GLOBAL_UNIT_ASSIGNED_CONTEXT((#2150,#2151,#2152)) REPRESENTATION_CONTEXT
('Context #1','3D Context with UNIT and UNCERTAINTY') );
#2150 = ( LENGTH_UNIT() NAMED_UNIT(*) SI_UNIT(.MILLI.,.METRE.) );
#2151 = ( NAMED_UNIT(*) PLANE_ANGLE_UNIT() SI_UNIT($,.RADIAN.) );
#2152 = ( NAMED_UNIT(*) SI_UNIT($,.STERADIAN.) SOLID_ANGLE_UNIT() );
#2153 = UNCERTAINTY_MEASURE_WITH_UNIT(LENGTH_MEASURE(5.E-06),#2150,
  'distance_accuracy_value','confusion accuracy');
#2154 = PRODUCT_RELATED_PRODUCT_CATEGORY('part',$,(#7));
ENDSEC;
END-ISO-10303-21;
