ISO-10303-21;
HEADER;
FILE_DESCRIPTION(('Open CASCADE Model'),'2;1');
FILE_NAME('Open CASCADE Shape Model','2026-07-16T16:36:28',('Author'),(
    'Open CASCADE'),'Open CASCADE STEP processor 7.9','Open CASCADE 7.9'
  ,'Unknown');
FILE_SCHEMA(('AUTOMOTIVE_DESIGN { 1 0 10303 214 1 1 1 1 }'));
ENDSEC;
DATA;
#1 = APPLICATION_PROTOCOL_DEFINITION('international standard',
  'automotive_design',2000,#2);
#2 = APPLICATION_CONTEXT(
  'core data for automotive mechanical design processes');
#3 = SHAPE_DEFINITION_REPRESENTATION(#4,#10);
#4 = PRODUCT_DEFINITION_SHAPE('','',#5);
#5 = PRODUCT_DEFINITION('design','',#6,#9);
#6 = PRODUCT_DEFINITION_FORMATION('','',#7);
#7 = PRODUCT('Open CASCADE STEP translator 7.9 1',
  'Open CASCADE STEP translator 7.9 1','',(#8));
#8 = PRODUCT_CONTEXT('',#2,'mechanical');
#9 = PRODUCT_DEFINITION_CONTEXT('part definition',#2,'design');
#10 = ADVANCED_BREP_SHAPE_REPRESENTATION('',(#11,#15),#3831);
#11 = AXIS2_PLACEMENT_3D('',#12,#13,#14);
#12 = CARTESIAN_POINT('',(0.,0.,0.));
#13 = DIRECTION('',(0.,0.,1.));
#14 = DIRECTION('',(1.,0.,-0.));
#15 = MANIFOLD_SOLID_BREP('',#16);
#16 = CLOSED_SHELL('',(#17,#105,#162,#683,#857,#933,#983,#1037,#1310,
    #1543,#1593,#1647,#1674,#1750,#1797,#1844,#1876,#1931,#2007,#2054,
    #2101,#2133,#2209,#2263,#2317,#2371,#2425,#2457,#2492,#2527,#2554,
    #2581,#2608,#2635,#2662,#2689,#2982,#3039,#3086,#3113,#3140,#3167,
    #3194,#3201,#3277,#3331,#3385,#3439,#3493,#3525,#3669,#3716,#3743,
    #3770,#3797,#3824));
#17 = ADVANCED_FACE('',(#18),#32,.F.);
#18 = FACE_BOUND('',#19,.T.);
#19 = EDGE_LOOP('',(#20,#50,#77,#78));
#20 = ORIENTED_EDGE('',*,*,#21,.F.);
#21 = EDGE_CURVE('',#22,#24,#26,.T.);
#22 = VERTEX_POINT('',#23);
#23 = CARTESIAN_POINT('',(-6.8,0.,0.));
#24 = VERTEX_POINT('',#25);
#25 = CARTESIAN_POINT('',(-6.8,0.,4.8));
#26 = SEAM_CURVE('',#27,(#31,#43),.PCURVE_S1.);
#27 = LINE('',#28,#29);
#28 = CARTESIAN_POINT('',(-6.8,0.,0.));
#29 = VECTOR('',#30,1.);
#30 = DIRECTION('',(0.,0.,1.));
#31 = PCURVE('',#32,#37);
#32 = CYLINDRICAL_SURFACE('',#33,1.7);
#33 = AXIS2_PLACEMENT_3D('',#34,#35,#36);
#34 = CARTESIAN_POINT('',(-8.5,0.,0.));
#35 = DIRECTION('',(-0.,-0.,-1.));
#36 = DIRECTION('',(1.,0.,0.));
#37 = DEFINITIONAL_REPRESENTATION('',(#38),#42);
#38 = LINE('',#39,#40);
#39 = CARTESIAN_POINT('',(-6.28318530718,0.));
#40 = VECTOR('',#41,1.);
#41 = DIRECTION('',(-0.,-1.));
#42 = ( GEOMETRIC_REPRESENTATION_CONTEXT(2) 
PARAMETRIC_REPRESENTATION_CONTEXT() REPRESENTATION_CONTEXT('2D SPACE',''
  ) );
#43 = PCURVE('',#32,#44);
#44 = DEFINITIONAL_REPRESENTATION('',(#45),#49);
#45 = LINE('',#46,#47);
#46 = CARTESIAN_POINT('',(-0.,0.));
#47 = VECTOR('',#48,1.);
#48 = DIRECTION('',(-0.,-1.));
#49 = ( GEOMETRIC_REPRESENTATION_CONTEXT(2) 
PARAMETRIC_REPRESENTATION_CONTEXT() REPRESENTATION_CONTEXT('2D SPACE',''
  ) );
#50 = ORIENTED_EDGE('',*,*,#51,.F.);
#51 = EDGE_CURVE('',#22,#22,#52,.T.);
#52 = SURFACE_CURVE('',#53,(#58,#65),.PCURVE_S1.);
#53 = CIRCLE('',#54,1.7);
#54 = AXIS2_PLACEMENT_3D('',#55,#56,#57);
#55 = CARTESIAN_POINT('',(-8.5,0.,0.));
#56 = DIRECTION('',(0.,0.,1.));
#57 = DIRECTION('',(1.,0.,0.));
#58 = PCURVE('',#32,#59);
#59 = DEFINITIONAL_REPRESENTATION('',(#60),#64);
#60 = LINE('',#61,#62);
#61 = CARTESIAN_POINT('',(-0.,0.));
#62 = VECTOR('',#63,1.);
#63 = DIRECTION('',(-1.,0.));
#64 = ( GEOMETRIC_REPRESENTATION_CONTEXT(2) 
PARAMETRIC_REPRESENTATION_CONTEXT() REPRESENTATION_CONTEXT('2D SPACE',''
  ) );
#65 = PCURVE('',#66,#71);
#66 = PLANE('',#67);
#67 = AXIS2_PLACEMENT_3D('',#68,#69,#70);
#68 = CARTESIAN_POINT('',(-34.,-23.,0.));
#69 = DIRECTION('',(0.,0.,1.));
#70 = DIRECTION('',(1.,0.,0.));
#71 = DEFINITIONAL_REPRESENTATION('',(#72),#76);
#72 = CIRCLE('',#73,1.7);
#73 = AXIS2_PLACEMENT_2D('',#74,#75);
#74 = CARTESIAN_POINT('',(25.5,23.));
#75 = DIRECTION('',(1.,0.));
#76 = ( GEOMETRIC_REPRESENTATION_CONTEXT(2) 
PARAMETRIC_REPRESENTATION_CONTEXT() REPRESENTATION_CONTEXT('2D SPACE',''
  ) );
#77 = ORIENTED_EDGE('',*,*,#21,.T.);
#78 = ORIENTED_EDGE('',*,*,#79,.F.);
#79 = EDGE_CURVE('',#24,#24,#80,.T.);
#80 = SURFACE_CURVE('',#81,(#86,#93),.PCURVE_S1.);
#81 = CIRCLE('',#82,1.7);
#82 = AXIS2_PLACEMENT_3D('',#83,#84,#85);
#83 = CARTESIAN_POINT('',(-8.5,0.,4.8));
#84 = DIRECTION('',(0.,-0.,-1.));
#85 = DIRECTION('',(1.,0.,-0.));
#86 = PCURVE('',#32,#87);
#87 = DEFINITIONAL_REPRESENTATION('',(#88),#92);
#88 = LINE('',#89,#90);
#89 = CARTESIAN_POINT('',(-6.28318530718,-4.8));
#90 = VECTOR('',#91,1.);
#91 = DIRECTION('',(1.,-0.));
#92 = ( GEOMETRIC_REPRESENTATION_CONTEXT(2) 
PARAMETRIC_REPRESENTATION_CONTEXT() REPRESENTATION_CONTEXT('2D SPACE',''
  ) );
#93 = PCURVE('',#94,#99);
#94 = CONICAL_SURFACE('',#95,1.7,0.785398163397);
#95 = AXIS2_PLACEMENT_3D('',#96,#97,#98);
#96 = CARTESIAN_POINT('',(-8.5,0.,4.8));
#97 = DIRECTION('',(0.,0.,1.));
#98 = DIRECTION('',(1.,0.,-0.));
#99 = DEFINITIONAL_REPRESENTATION('',(#100),#104);
#100 = LINE('',#101,#102);
#101 = CARTESIAN_POINT('',(-0.,0.));
#102 = VECTOR('',#103,1.);
#103 = DIRECTION('',(-1.,0.));
#104 = ( GEOMETRIC_REPRESENTATION_CONTEXT(2) 
PARAMETRIC_REPRESENTATION_CONTEXT() REPRESENTATION_CONTEXT('2D SPACE',''
  ) );
#105 = ADVANCED_FACE('',(#106),#94,.F.);
#106 = FACE_BOUND('',#107,.T.);
#107 = EDGE_LOOP('',(#108,#129,#130,#131));
#108 = ORIENTED_EDGE('',*,*,#109,.F.);
#109 = EDGE_CURVE('',#24,#110,#112,.T.);
#110 = VERTEX_POINT('',#111);
#111 = CARTESIAN_POINT('',(-6.3,0.,5.3));
#112 = SEAM_CURVE('',#113,(#117,#123),.PCURVE_S1.);
#113 = LINE('',#114,#115);
#114 = CARTESIAN_POINT('',(-6.8,0.,4.8));
#115 = VECTOR('',#116,1.);
#116 = DIRECTION('',(0.707106781187,0.,0.707106781187));
#117 = PCURVE('',#94,#118);
#118 = DEFINITIONAL_REPRESENTATION('',(#119),#122);
#119 = B_SPLINE_CURVE_WITH_KNOTS('',1,(#120,#121),.UNSPECIFIED.,.F.,.F.,
  (2,2),(0.,0.707106781187),.PIECEWISE_BEZIER_KNOTS.);
#120 = CARTESIAN_POINT('',(0.,0.));
#121 = CARTESIAN_POINT('',(0.,0.5));
#122 = ( GEOMETRIC_REPRESENTATION_CONTEXT(2) 
PARAMETRIC_REPRESENTATION_CONTEXT() REPRESENTATION_CONTEXT('2D SPACE',''
  ) );
#123 = PCURVE('',#94,#124);
#124 = DEFINITIONAL_REPRESENTATION('',(#125),#128);
#125 = B_SPLINE_CURVE_WITH_KNOTS('',1,(#126,#127),.UNSPECIFIED.,.F.,.F.,
  (2,2),(0.,0.707106781187),.PIECEWISE_BEZIER_KNOTS.);
#126 = CARTESIAN_POINT('',(-6.28318530718,0.));
#127 = CARTESIAN_POINT('',(-6.28318530718,0.5));
#128 = ( GEOMETRIC_REPRESENTATION_CONTEXT(2) 
PARAMETRIC_REPRESENTATION_CONTEXT() REPRESENTATION_CONTEXT('2D SPACE',''
  ) );
#129 = ORIENTED_EDGE('',*,*,#79,.T.);
#130 = ORIENTED_EDGE('',*,*,#109,.T.);
#131 = ORIENTED_EDGE('',*,*,#132,.F.);
#132 = EDGE_CURVE('',#110,#110,#133,.T.);
#133 = SURFACE_CURVE('',#134,(#139,#146),.PCURVE_S1.);
#134 = CIRCLE('',#135,2.2);
#135 = AXIS2_PLACEMENT_3D('',#136,#137,#138);
#136 = CARTESIAN_POINT('',(-8.5,0.,5.3));
#137 = DIRECTION('',(0.,-0.,-1.));
#138 = DIRECTION('',(1.,0.,-0.));
#139 = PCURVE('',#94,#140);
#140 = DEFINITIONAL_REPRESENTATION('',(#141),#145);
#141 = LINE('',#142,#143);
#142 = CARTESIAN_POINT('',(-0.,0.5));
#143 = VECTOR('',#144,1.);
#144 = DIRECTION('',(-1.,0.));
#145 = ( GEOMETRIC_REPRESENTATION_CONTEXT(2) 
PARAMETRIC_REPRESENTATION_CONTEXT() REPRESENTATION_CONTEXT('2D SPACE',''
  ) );
#146 = PCURVE('',#147,#152);
#147 = PLANE('',#148);
#148 = AXIS2_PLACEMENT_3D('',#149,#150,#151);
#149 = CARTESIAN_POINT('',(-8.5,-3.535038486369E-16,5.3));
#150 = DIRECTION('',(0.,0.,1.));
#151 = DIRECTION('',(1.,0.,-0.));
#152 = DEFINITIONAL_REPRESENTATION('',(#153),#161);
#153 = ( BOUNDED_CURVE() B_SPLINE_CURVE(2,(#154,#155,#156,#157,#158,#159
,#160),.UNSPECIFIED.,.T.,.F.) B_SPLINE_CURVE_WITH_KNOTS((1,2,2,2,2,1),(
    -2.094395102393,0.,2.094395102393,4.188790204786,6.28318530718,
8.377580409573),.UNSPECIFIED.) CURVE() GEOMETRIC_REPRESENTATION_ITEM() 
RATIONAL_B_SPLINE_CURVE((1.,0.5,1.,0.5,1.,0.5,1.)) REPRESENTATION_ITEM(
  '') );
#154 = CARTESIAN_POINT('',(2.2,3.535038486369E-16));
#155 = CARTESIAN_POINT('',(2.2,-3.810511776652));
#156 = CARTESIAN_POINT('',(-1.1,-1.905255888326));
#157 = CARTESIAN_POINT('',(-4.4,-1.85340742988E-16));
#158 = CARTESIAN_POINT('',(-1.1,1.905255888326));
#159 = CARTESIAN_POINT('',(2.2,3.810511776652));
#160 = CARTESIAN_POINT('',(2.2,3.535038486369E-16));
#161 = ( GEOMETRIC_REPRESENTATION_CONTEXT(2) 
PARAMETRIC_REPRESENTATION_CONTEXT() REPRESENTATION_CONTEXT('2D SPACE',''
  ) );
#162 = ADVANCED_FACE('',(#163,#401,#525,#528,#559),#66,.F.);
#163 = FACE_BOUND('',#164,.F.);
#164 = EDGE_LOOP('',(#165,#195,#224,#252,#281,#309,#342,#370));
#165 = ORIENTED_EDGE('',*,*,#166,.F.);
#166 = EDGE_CURVE('',#167,#169,#171,.T.);
#167 = VERTEX_POINT('',#168);
#168 = CARTESIAN_POINT('',(-34.,-19.,0.));
#169 = VERTEX_POINT('',#170);
#170 = CARTESIAN_POINT('',(-34.,19.,0.));
#171 = SURFACE_CURVE('',#172,(#176,#183),.PCURVE_S1.);
#172 = LINE('',#173,#174);
#173 = CARTESIAN_POINT('',(-34.,-23.,0.));
#174 = VECTOR('',#175,1.);
#175 = DIRECTION('',(0.,1.,0.));
#176 = PCURVE('',#66,#177);
#177 = DEFINITIONAL_REPRESENTATION('',(#178),#182);
#178 = LINE('',#179,#180);
#179 = CARTESIAN_POINT('',(0.,0.));
#180 = VECTOR('',#181,1.);
#181 = DIRECTION('',(0.,1.));
#182 = ( GEOMETRIC_REPRESENTATION_CONTEXT(2) 
PARAMETRIC_REPRESENTATION_CONTEXT() REPRESENTATION_CONTEXT('2D SPACE',''
  ) );
#183 = PCURVE('',#184,#189);
#184 = PLANE('',#185);
#185 = AXIS2_PLACEMENT_3D('',#186,#187,#188);
#186 = CARTESIAN_POINT('',(-34.,-23.,0.));
#187 = DIRECTION('',(1.,0.,0.));
#188 = DIRECTION('',(0.,0.,1.));
#189 = DEFINITIONAL_REPRESENTATION('',(#190),#194);
#190 = LINE('',#191,#192);
#191 = CARTESIAN_POINT('',(0.,0.));
#192 = VECTOR('',#193,1.);
#193 = DIRECTION('',(0.,-1.));
#194 = ( GEOMETRIC_REPRESENTATION_CONTEXT(2) 
PARAMETRIC_REPRESENTATION_CONTEXT() REPRESENTATION_CONTEXT('2D SPACE',''
  ) );
#195 = ORIENTED_EDGE('',*,*,#196,.T.);
#196 = EDGE_CURVE('',#167,#197,#199,.T.);
#197 = VERTEX_POINT('',#198);
#198 = CARTESIAN_POINT('',(-30.,-23.,0.));
#199 = SURFACE_CURVE('',#200,(#205,#212),.PCURVE_S1.);
#200 = CIRCLE('',#201,4.);
#201 = AXIS2_PLACEMENT_3D('',#202,#203,#204);
#202 = CARTESIAN_POINT('',(-30.,-19.,0.));
#203 = DIRECTION('',(0.,0.,1.));
#204 = DIRECTION('',(0.,-1.,0.));
#205 = PCURVE('',#66,#206);
#206 = DEFINITIONAL_REPRESENTATION('',(#207),#211);
#207 = CIRCLE('',#208,4.);
#208 = AXIS2_PLACEMENT_2D('',#209,#210);
#209 = CARTESIAN_POINT('',(4.,4.));
#210 = DIRECTION('',(0.,-1.));
#211 = ( GEOMETRIC_REPRESENTATION_CONTEXT(2) 
PARAMETRIC_REPRESENTATION_CONTEXT() REPRESENTATION_CONTEXT('2D SPACE',''
  ) );
#212 = PCURVE('',#213,#218);
#213 = CYLINDRICAL_SURFACE('',#214,4.);
#214 = AXIS2_PLACEMENT_3D('',#215,#216,#217);
#215 = CARTESIAN_POINT('',(-30.,-19.,0.));
#216 = DIRECTION('',(0.,0.,1.));
#217 = DIRECTION('',(-1.,-0.,0.));
#218 = DEFINITIONAL_REPRESENTATION('',(#219),#223);
#219 = LINE('',#220,#221);
#220 = CARTESIAN_POINT('',(-4.712388980385,0.));
#221 = VECTOR('',#222,1.);
#222 = DIRECTION('',(1.,0.));
#223 = ( GEOMETRIC_REPRESENTATION_CONTEXT(2) 
PARAMETRIC_REPRESENTATION_CONTEXT() REPRESENTATION_CONTEXT('2D SPACE',''
  ) );
#224 = ORIENTED_EDGE('',*,*,#225,.T.);
#225 = EDGE_CURVE('',#197,#226,#228,.T.);
#226 = VERTEX_POINT('',#227);
#227 = CARTESIAN_POINT('',(30.,-23.,0.));
#228 = SURFACE_CURVE('',#229,(#233,#240),.PCURVE_S1.);
#229 = LINE('',#230,#231);
#230 = CARTESIAN_POINT('',(-34.,-23.,0.));
#231 = VECTOR('',#232,1.);
#232 = DIRECTION('',(1.,0.,0.));
#233 = PCURVE('',#66,#234);
#234 = DEFINITIONAL_REPRESENTATION('',(#235),#239);
#235 = LINE('',#236,#237);
#236 = CARTESIAN_POINT('',(0.,0.));
#237 = VECTOR('',#238,1.);
#238 = DIRECTION('',(1.,0.));
#239 = ( GEOMETRIC_REPRESENTATION_CONTEXT(2) 
PARAMETRIC_REPRESENTATION_CONTEXT() REPRESENTATION_CONTEXT('2D SPACE',''
  ) );
#240 = PCURVE('',#241,#246);
#241 = PLANE('',#242);
#242 = AXIS2_PLACEMENT_3D('',#243,#244,#245);
#243 = CARTESIAN_POINT('',(-34.,-23.,0.));
#244 = DIRECTION('',(0.,1.,0.));
#245 = DIRECTION('',(0.,0.,1.));
#246 = DEFINITIONAL_REPRESENTATION('',(#247),#251);
#247 = LINE('',#248,#249);
#248 = CARTESIAN_POINT('',(0.,0.));
#249 = VECTOR('',#250,1.);
#250 = DIRECTION('',(0.,1.));
#251 = ( GEOMETRIC_REPRESENTATION_CONTEXT(2) 
PARAMETRIC_REPRESENTATION_CONTEXT() REPRESENTATION_CONTEXT('2D SPACE',''
  ) );
#252 = ORIENTED_EDGE('',*,*,#253,.T.);
#253 = EDGE_CURVE('',#226,#254,#256,.T.);
#254 = VERTEX_POINT('',#255);
#255 = CARTESIAN_POINT('',(34.,-19.,0.));
#256 = SURFACE_CURVE('',#257,(#262,#269),.PCURVE_S1.);
#257 = CIRCLE('',#258,4.);
#258 = AXIS2_PLACEMENT_3D('',#259,#260,#261);
#259 = CARTESIAN_POINT('',(30.,-19.,0.));
#260 = DIRECTION('',(0.,0.,1.));
#261 = DIRECTION('',(0.,-1.,0.));
#262 = PCURVE('',#66,#263);
#263 = DEFINITIONAL_REPRESENTATION('',(#264),#268);
#264 = CIRCLE('',#265,4.);
#265 = AXIS2_PLACEMENT_2D('',#266,#267);
#266 = CARTESIAN_POINT('',(64.,4.));
#267 = DIRECTION('',(0.,-1.));
#268 = ( GEOMETRIC_REPRESENTATION_CONTEXT(2) 
PARAMETRIC_REPRESENTATION_CONTEXT() REPRESENTATION_CONTEXT('2D SPACE',''
  ) );
#269 = PCURVE('',#270,#275);
#270 = CYLINDRICAL_SURFACE('',#271,4.);
#271 = AXIS2_PLACEMENT_3D('',#272,#273,#274);
#272 = CARTESIAN_POINT('',(30.,-19.,0.));
#273 = DIRECTION('',(0.,0.,1.));
#274 = DIRECTION('',(0.,-1.,0.));
#275 = DEFINITIONAL_REPRESENTATION('',(#276),#280);
#276 = LINE('',#277,#278);
#277 = CARTESIAN_POINT('',(0.,0.));
#278 = VECTOR('',#279,1.);
#279 = DIRECTION('',(1.,0.));
#280 = ( GEOMETRIC_REPRESENTATION_CONTEXT(2) 
PARAMETRIC_REPRESENTATION_CONTEXT() REPRESENTATION_CONTEXT('2D SPACE',''
  ) );
#281 = ORIENTED_EDGE('',*,*,#282,.T.);
#282 = EDGE_CURVE('',#254,#283,#285,.T.);
#283 = VERTEX_POINT('',#284);
#284 = CARTESIAN_POINT('',(34.,19.,0.));
#285 = SURFACE_CURVE('',#286,(#290,#297),.PCURVE_S1.);
#286 = LINE('',#287,#288);
#287 = CARTESIAN_POINT('',(34.,-23.,0.));
#288 = VECTOR('',#289,1.);
#289 = DIRECTION('',(0.,1.,0.));
#290 = PCURVE('',#66,#291);
#291 = DEFINITIONAL_REPRESENTATION('',(#292),#296);
#292 = LINE('',#293,#294);
#293 = CARTESIAN_POINT('',(68.,0.));
#294 = VECTOR('',#295,1.);
#295 = DIRECTION('',(0.,1.));
#296 = ( GEOMETRIC_REPRESENTATION_CONTEXT(2) 
PARAMETRIC_REPRESENTATION_CONTEXT() REPRESENTATION_CONTEXT('2D SPACE',''
  ) );
#297 = PCURVE('',#298,#303);
#298 = PLANE('',#299);
#299 = AXIS2_PLACEMENT_3D('',#300,#301,#302);
#300 = CARTESIAN_POINT('',(34.,-23.,0.));
#301 = DIRECTION('',(1.,0.,0.));
#302 = DIRECTION('',(0.,0.,1.));
#303 = DEFINITIONAL_REPRESENTATION('',(#304),#308);
#304 = LINE('',#305,#306);
#305 = CARTESIAN_POINT('',(0.,0.));
#306 = VECTOR('',#307,1.);
#307 = DIRECTION('',(0.,-1.));
#308 = ( GEOMETRIC_REPRESENTATION_CONTEXT(2) 
PARAMETRIC_REPRESENTATION_CONTEXT() REPRESENTATION_CONTEXT('2D SPACE',''
  ) );
#309 = ORIENTED_EDGE('',*,*,#310,.F.);
#310 = EDGE_CURVE('',#311,#283,#313,.T.);
#311 = VERTEX_POINT('',#312);
#312 = CARTESIAN_POINT('',(30.,23.,0.));
#313 = SURFACE_CURVE('',#314,(#319,#330),.PCURVE_S1.);
#314 = CIRCLE('',#315,4.);
#315 = AXIS2_PLACEMENT_3D('',#316,#317,#318);
#316 = CARTESIAN_POINT('',(30.,19.,0.));
#317 = DIRECTION('',(-0.,-0.,-1.));
#318 = DIRECTION('',(0.,-1.,0.));
#319 = PCURVE('',#66,#320);
#320 = DEFINITIONAL_REPRESENTATION('',(#321),#329);
#321 = ( BOUNDED_CURVE() B_SPLINE_CURVE(2,(#322,#323,#324,#325,#326,#327
,#328),.UNSPECIFIED.,.T.,.F.) B_SPLINE_CURVE_WITH_KNOTS((1,2,2,2,2,1),(
    -2.094395102393,0.,2.094395102393,4.188790204786,6.28318530718,
8.377580409573),.UNSPECIFIED.) CURVE() GEOMETRIC_REPRESENTATION_ITEM() 
RATIONAL_B_SPLINE_CURVE((1.,0.5,1.,0.5,1.,0.5,1.)) REPRESENTATION_ITEM(
  '') );
#322 = CARTESIAN_POINT('',(64.,38.));
#323 = CARTESIAN_POINT('',(57.071796769724,38.));
#324 = CARTESIAN_POINT('',(60.535898384862,44.));
#325 = CARTESIAN_POINT('',(64.,50.));
#326 = CARTESIAN_POINT('',(67.464101615138,44.));
#327 = CARTESIAN_POINT('',(70.928203230276,38.));
#328 = CARTESIAN_POINT('',(64.,38.));
#329 = ( GEOMETRIC_REPRESENTATION_CONTEXT(2) 
PARAMETRIC_REPRESENTATION_CONTEXT() REPRESENTATION_CONTEXT('2D SPACE',''
  ) );
#330 = PCURVE('',#331,#336);
#331 = CYLINDRICAL_SURFACE('',#332,4.);
#332 = AXIS2_PLACEMENT_3D('',#333,#334,#335);
#333 = CARTESIAN_POINT('',(30.,19.,0.));
#334 = DIRECTION('',(0.,0.,1.));
#335 = DIRECTION('',(0.,1.,0.));
#336 = DEFINITIONAL_REPRESENTATION('',(#337),#341);
#337 = LINE('',#338,#339);
#338 = CARTESIAN_POINT('',(3.14159265359,-0.));
#339 = VECTOR('',#340,1.);
#340 = DIRECTION('',(-1.,0.));
#341 = ( GEOMETRIC_REPRESENTATION_CONTEXT(2) 
PARAMETRIC_REPRESENTATION_CONTEXT() REPRESENTATION_CONTEXT('2D SPACE',''
  ) );
#342 = ORIENTED_EDGE('',*,*,#343,.F.);
#343 = EDGE_CURVE('',#344,#311,#346,.T.);
#344 = VERTEX_POINT('',#345);
#345 = CARTESIAN_POINT('',(-30.,23.,0.));
#346 = SURFACE_CURVE('',#347,(#351,#358),.PCURVE_S1.);
#347 = LINE('',#348,#349);
#348 = CARTESIAN_POINT('',(-34.,23.,0.));
#349 = VECTOR('',#350,1.);
#350 = DIRECTION('',(1.,0.,0.));
#351 = PCURVE('',#66,#352);
#352 = DEFINITIONAL_REPRESENTATION('',(#353),#357);
#353 = LINE('',#354,#355);
#354 = CARTESIAN_POINT('',(0.,46.));
#355 = VECTOR('',#356,1.);
#356 = DIRECTION('',(1.,0.));
#357 = ( GEOMETRIC_REPRESENTATION_CONTEXT(2) 
PARAMETRIC_REPRESENTATION_CONTEXT() REPRESENTATION_CONTEXT('2D SPACE',''
  ) );
#358 = PCURVE('',#359,#364);
#359 = PLANE('',#360);
#360 = AXIS2_PLACEMENT_3D('',#361,#362,#363);
#361 = CARTESIAN_POINT('',(-34.,23.,0.));
#362 = DIRECTION('',(0.,1.,0.));
#363 = DIRECTION('',(0.,0.,1.));
#364 = DEFINITIONAL_REPRESENTATION('',(#365),#369);
#365 = LINE('',#366,#367);
#366 = CARTESIAN_POINT('',(0.,0.));
#367 = VECTOR('',#368,1.);
#368 = DIRECTION('',(0.,1.));
#369 = ( GEOMETRIC_REPRESENTATION_CONTEXT(2) 
PARAMETRIC_REPRESENTATION_CONTEXT() REPRESENTATION_CONTEXT('2D SPACE',''
  ) );
#370 = ORIENTED_EDGE('',*,*,#371,.F.);
#371 = EDGE_CURVE('',#169,#344,#372,.T.);
#372 = SURFACE_CURVE('',#373,(#378,#389),.PCURVE_S1.);
#373 = CIRCLE('',#374,4.);
#374 = AXIS2_PLACEMENT_3D('',#375,#376,#377);
#375 = CARTESIAN_POINT('',(-30.,19.,0.));
#376 = DIRECTION('',(-0.,-0.,-1.));
#377 = DIRECTION('',(0.,-1.,0.));
#378 = PCURVE('',#66,#379);
#379 = DEFINITIONAL_REPRESENTATION('',(#380),#388);
#380 = ( BOUNDED_CURVE() B_SPLINE_CURVE(2,(#381,#382,#383,#384,#385,#386
,#387),.UNSPECIFIED.,.T.,.F.) B_SPLINE_CURVE_WITH_KNOTS((1,2,2,2,2,1),(
    -2.094395102393,0.,2.094395102393,4.188790204786,6.28318530718,
8.377580409573),.UNSPECIFIED.) CURVE() GEOMETRIC_REPRESENTATION_ITEM() 
RATIONAL_B_SPLINE_CURVE((1.,0.5,1.,0.5,1.,0.5,1.)) REPRESENTATION_ITEM(
  '') );
#381 = CARTESIAN_POINT('',(4.,38.));
#382 = CARTESIAN_POINT('',(-2.928203230276,38.));
#383 = CARTESIAN_POINT('',(0.535898384862,44.));
#384 = CARTESIAN_POINT('',(4.,50.));
#385 = CARTESIAN_POINT('',(7.464101615138,44.));
#386 = CARTESIAN_POINT('',(10.928203230276,38.));
#387 = CARTESIAN_POINT('',(4.,38.));
#388 = ( GEOMETRIC_REPRESENTATION_CONTEXT(2) 
PARAMETRIC_REPRESENTATION_CONTEXT() REPRESENTATION_CONTEXT('2D SPACE',''
  ) );
#389 = PCURVE('',#390,#395);
#390 = CYLINDRICAL_SURFACE('',#391,4.);
#391 = AXIS2_PLACEMENT_3D('',#392,#393,#394);
#392 = CARTESIAN_POINT('',(-30.,19.,0.));
#393 = DIRECTION('',(0.,0.,1.));
#394 = DIRECTION('',(-1.,-0.,0.));
#395 = DEFINITIONAL_REPRESENTATION('',(#396),#400);
#396 = LINE('',#397,#398);
#397 = CARTESIAN_POINT('',(1.570796326795,-0.));
#398 = VECTOR('',#399,1.);
#399 = DIRECTION('',(-1.,0.));
#400 = ( GEOMETRIC_REPRESENTATION_CONTEXT(2) 
PARAMETRIC_REPRESENTATION_CONTEXT() REPRESENTATION_CONTEXT('2D SPACE',''
  ) );
#401 = FACE_BOUND('',#402,.F.);
#402 = EDGE_LOOP('',(#403,#438,#466,#499));
#403 = ORIENTED_EDGE('',*,*,#404,.T.);
#404 = EDGE_CURVE('',#405,#407,#409,.T.);
#405 = VERTEX_POINT('',#406);
#406 = CARTESIAN_POINT('',(-21.9,-13.,0.));
#407 = VERTEX_POINT('',#408);
#408 = CARTESIAN_POINT('',(-28.9,-13.,0.));
#409 = SURFACE_CURVE('',#410,(#415,#426),.PCURVE_S1.);
#410 = CIRCLE('',#411,3.5);
#411 = AXIS2_PLACEMENT_3D('',#412,#413,#414);
#412 = CARTESIAN_POINT('',(-25.4,-13.,0.));
#413 = DIRECTION('',(0.,-0.,-1.));
#414 = DIRECTION('',(1.,-1.110223024625E-16,0.));
#415 = PCURVE('',#66,#416);
#416 = DEFINITIONAL_REPRESENTATION('',(#417),#425);
#417 = ( BOUNDED_CURVE() B_SPLINE_CURVE(2,(#418,#419,#420,#421,#422,#423
,#424),.UNSPECIFIED.,.T.,.F.) B_SPLINE_CURVE_WITH_KNOTS((1,2,2,2,2,1),(
    -2.094395102393,0.,2.094395102393,4.188790204786,6.28318530718,
8.377580409573),.UNSPECIFIED.) CURVE() GEOMETRIC_REPRESENTATION_ITEM() 
RATIONAL_B_SPLINE_CURVE((1.,0.5,1.,0.5,1.,0.5,1.)) REPRESENTATION_ITEM(
  '') );
#418 = CARTESIAN_POINT('',(12.1,10.));
#419 = CARTESIAN_POINT('',(12.1,3.937822173509));
#420 = CARTESIAN_POINT('',(6.85,6.968911086754));
#421 = CARTESIAN_POINT('',(1.6,10.));
#422 = CARTESIAN_POINT('',(6.85,13.031088913246));
#423 = CARTESIAN_POINT('',(12.1,16.062177826491));
#424 = CARTESIAN_POINT('',(12.1,10.));
#425 = ( GEOMETRIC_REPRESENTATION_CONTEXT(2) 
PARAMETRIC_REPRESENTATION_CONTEXT() REPRESENTATION_CONTEXT('2D SPACE',''
  ) );
#426 = PCURVE('',#427,#432);
#427 = CYLINDRICAL_SURFACE('',#428,3.5);
#428 = AXIS2_PLACEMENT_3D('',#429,#430,#431);
#429 = CARTESIAN_POINT('',(-25.4,-13.,0.));
#430 = DIRECTION('',(0.,-0.,-1.));
#431 = DIRECTION('',(1.,-1.110223024625E-16,0.));
#432 = DEFINITIONAL_REPRESENTATION('',(#433),#437);
#433 = LINE('',#434,#435);
#434 = CARTESIAN_POINT('',(0.,0.));
#435 = VECTOR('',#436,1.);
#436 = DIRECTION('',(1.,0.));
#437 = ( GEOMETRIC_REPRESENTATION_CONTEXT(2) 
PARAMETRIC_REPRESENTATION_CONTEXT() REPRESENTATION_CONTEXT('2D SPACE',''
  ) );
#438 = ORIENTED_EDGE('',*,*,#439,.T.);
#439 = EDGE_CURVE('',#407,#440,#442,.T.);
#440 = VERTEX_POINT('',#441);
#441 = CARTESIAN_POINT('',(-28.9,13.,0.));
#442 = SURFACE_CURVE('',#443,(#447,#454),.PCURVE_S1.);
#443 = LINE('',#444,#445);
#444 = CARTESIAN_POINT('',(-28.9,-13.,0.));
#445 = VECTOR('',#446,1.);
#446 = DIRECTION('',(1.110223024625E-16,1.,0.));
#447 = PCURVE('',#66,#448);
#448 = DEFINITIONAL_REPRESENTATION('',(#449),#453);
#449 = LINE('',#450,#451);
#450 = CARTESIAN_POINT('',(5.1,10.));
#451 = VECTOR('',#452,1.);
#452 = DIRECTION('',(1.110223024625E-16,1.));
#453 = ( GEOMETRIC_REPRESENTATION_CONTEXT(2) 
PARAMETRIC_REPRESENTATION_CONTEXT() REPRESENTATION_CONTEXT('2D SPACE',''
  ) );
#454 = PCURVE('',#455,#460);
#455 = PLANE('',#456);
#456 = AXIS2_PLACEMENT_3D('',#457,#458,#459);
#457 = CARTESIAN_POINT('',(-28.9,-13.,0.));
#458 = DIRECTION('',(-1.,1.110223024625E-16,0.));
#459 = DIRECTION('',(1.110223024625E-16,1.,0.));
#460 = DEFINITIONAL_REPRESENTATION('',(#461),#465);
#461 = LINE('',#462,#463);
#462 = CARTESIAN_POINT('',(0.,0.));
#463 = VECTOR('',#464,1.);
#464 = DIRECTION('',(1.,0.));
#465 = ( GEOMETRIC_REPRESENTATION_CONTEXT(2) 
PARAMETRIC_REPRESENTATION_CONTEXT() REPRESENTATION_CONTEXT('2D SPACE',''
  ) );
#466 = ORIENTED_EDGE('',*,*,#467,.T.);
#467 = EDGE_CURVE('',#440,#468,#470,.T.);
#468 = VERTEX_POINT('',#469);
#469 = CARTESIAN_POINT('',(-21.9,13.,0.));
#470 = SURFACE_CURVE('',#471,(#476,#487),.PCURVE_S1.);
#471 = CIRCLE('',#472,3.5);
#472 = AXIS2_PLACEMENT_3D('',#473,#474,#475);
#473 = CARTESIAN_POINT('',(-25.4,13.,0.));
#474 = DIRECTION('',(0.,0.,-1.));
#475 = DIRECTION('',(-1.,1.110223024625E-16,0.));
#476 = PCURVE('',#66,#477);
#477 = DEFINITIONAL_REPRESENTATION('',(#478),#486);
#478 = ( BOUNDED_CURVE() B_SPLINE_CURVE(2,(#479,#480,#481,#482,#483,#484
,#485),.UNSPECIFIED.,.T.,.F.) B_SPLINE_CURVE_WITH_KNOTS((1,2,2,2,2,1),(
    -2.094395102393,0.,2.094395102393,4.188790204786,6.28318530718,
8.377580409573),.UNSPECIFIED.) CURVE() GEOMETRIC_REPRESENTATION_ITEM() 
RATIONAL_B_SPLINE_CURVE((1.,0.5,1.,0.5,1.,0.5,1.)) REPRESENTATION_ITEM(
  '') );
#479 = CARTESIAN_POINT('',(5.1,36.));
#480 = CARTESIAN_POINT('',(5.1,42.062177826491));
#481 = CARTESIAN_POINT('',(10.35,39.031088913246));
#482 = CARTESIAN_POINT('',(15.6,36.));
#483 = CARTESIAN_POINT('',(10.35,32.968911086754));
#484 = CARTESIAN_POINT('',(5.1,29.937822173509));
#485 = CARTESIAN_POINT('',(5.1,36.));
#486 = ( GEOMETRIC_REPRESENTATION_CONTEXT(2) 
PARAMETRIC_REPRESENTATION_CONTEXT() REPRESENTATION_CONTEXT('2D SPACE',''
  ) );
#487 = PCURVE('',#488,#493);
#488 = CYLINDRICAL_SURFACE('',#489,3.5);
#489 = AXIS2_PLACEMENT_3D('',#490,#491,#492);
#490 = CARTESIAN_POINT('',(-25.4,13.,0.));
#491 = DIRECTION('',(0.,0.,-1.));
#492 = DIRECTION('',(-1.,1.110223024625E-16,0.));
#493 = DEFINITIONAL_REPRESENTATION('',(#494),#498);
#494 = LINE('',#495,#496);
#495 = CARTESIAN_POINT('',(0.,0.));
#496 = VECTOR('',#497,1.);
#497 = DIRECTION('',(1.,0.));
#498 = ( GEOMETRIC_REPRESENTATION_CONTEXT(2) 
PARAMETRIC_REPRESENTATION_CONTEXT() REPRESENTATION_CONTEXT('2D SPACE',''
  ) );
#499 = ORIENTED_EDGE('',*,*,#500,.T.);
#500 = EDGE_CURVE('',#468,#405,#501,.T.);
#501 = SURFACE_CURVE('',#502,(#506,#513),.PCURVE_S1.);
#502 = LINE('',#503,#504);
#503 = CARTESIAN_POINT('',(-21.9,13.,0.));
#504 = VECTOR('',#505,1.);
#505 = DIRECTION('',(-1.110223024625E-16,-1.,0.));
#506 = PCURVE('',#66,#507);
#507 = DEFINITIONAL_REPRESENTATION('',(#508),#512);
#508 = LINE('',#509,#510);
#509 = CARTESIAN_POINT('',(12.1,36.));
#510 = VECTOR('',#511,1.);
#511 = DIRECTION('',(-1.110223024625E-16,-1.));
#512 = ( GEOMETRIC_REPRESENTATION_CONTEXT(2) 
PARAMETRIC_REPRESENTATION_CONTEXT() REPRESENTATION_CONTEXT('2D SPACE',''
  ) );
#513 = PCURVE('',#514,#519);
#514 = PLANE('',#515);
#515 = AXIS2_PLACEMENT_3D('',#516,#517,#518);
#516 = CARTESIAN_POINT('',(-21.9,13.,0.));
#517 = DIRECTION('',(1.,-1.110223024625E-16,0.));
#518 = DIRECTION('',(-1.110223024625E-16,-1.,0.));
#519 = DEFINITIONAL_REPRESENTATION('',(#520),#524);
#520 = LINE('',#521,#522);
#521 = CARTESIAN_POINT('',(0.,0.));
#522 = VECTOR('',#523,1.);
#523 = DIRECTION('',(1.,0.));
#524 = ( GEOMETRIC_REPRESENTATION_CONTEXT(2) 
PARAMETRIC_REPRESENTATION_CONTEXT() REPRESENTATION_CONTEXT('2D SPACE',''
  ) );
#525 = FACE_BOUND('',#526,.F.);
#526 = EDGE_LOOP('',(#527));
#527 = ORIENTED_EDGE('',*,*,#51,.F.);
#528 = FACE_BOUND('',#529,.F.);
#529 = EDGE_LOOP('',(#530));
#530 = ORIENTED_EDGE('',*,*,#531,.F.);
#531 = EDGE_CURVE('',#532,#532,#534,.T.);
#532 = VERTEX_POINT('',#533);
#533 = CARTESIAN_POINT('',(10.2,0.,0.));
#534 = SURFACE_CURVE('',#535,(#540,#547),.PCURVE_S1.);
#535 = CIRCLE('',#536,1.7);
#536 = AXIS2_PLACEMENT_3D('',#537,#538,#539);
#537 = CARTESIAN_POINT('',(8.5,0.,0.));
#538 = DIRECTION('',(0.,0.,1.));
#539 = DIRECTION('',(1.,0.,0.));
#540 = PCURVE('',#66,#541);
#541 = DEFINITIONAL_REPRESENTATION('',(#542),#546);
#542 = CIRCLE('',#543,1.7);
#543 = AXIS2_PLACEMENT_2D('',#544,#545);
#544 = CARTESIAN_POINT('',(42.5,23.));
#545 = DIRECTION('',(1.,0.));
#546 = ( GEOMETRIC_REPRESENTATION_CONTEXT(2) 
PARAMETRIC_REPRESENTATION_CONTEXT() REPRESENTATION_CONTEXT('2D SPACE',''
  ) );
#547 = PCURVE('',#548,#553);
#548 = CYLINDRICAL_SURFACE('',#549,1.7);
#549 = AXIS2_PLACEMENT_3D('',#550,#551,#552);
#550 = CARTESIAN_POINT('',(8.5,0.,0.));
#551 = DIRECTION('',(-0.,-0.,-1.));
#552 = DIRECTION('',(1.,0.,0.));
#553 = DEFINITIONAL_REPRESENTATION('',(#554),#558);
#554 = LINE('',#555,#556);
#555 = CARTESIAN_POINT('',(-0.,0.));
#556 = VECTOR('',#557,1.);
#557 = DIRECTION('',(-1.,0.));
#558 = ( GEOMETRIC_REPRESENTATION_CONTEXT(2) 
PARAMETRIC_REPRESENTATION_CONTEXT() REPRESENTATION_CONTEXT('2D SPACE',''
  ) );
#559 = FACE_BOUND('',#560,.F.);
#560 = EDGE_LOOP('',(#561,#596,#624,#657));
#561 = ORIENTED_EDGE('',*,*,#562,.T.);
#562 = EDGE_CURVE('',#563,#565,#567,.T.);
#563 = VERTEX_POINT('',#564);
#564 = CARTESIAN_POINT('',(28.9,-13.,0.));
#565 = VERTEX_POINT('',#566);
#566 = CARTESIAN_POINT('',(21.9,-13.,0.));
#567 = SURFACE_CURVE('',#568,(#573,#584),.PCURVE_S1.);
#568 = CIRCLE('',#569,3.5);
#569 = AXIS2_PLACEMENT_3D('',#570,#571,#572);
#570 = CARTESIAN_POINT('',(25.4,-13.,0.));
#571 = DIRECTION('',(0.,-0.,-1.));
#572 = DIRECTION('',(1.,-1.110223024625E-16,0.));
#573 = PCURVE('',#66,#574);
#574 = DEFINITIONAL_REPRESENTATION('',(#575),#583);
#575 = ( BOUNDED_CURVE() B_SPLINE_CURVE(2,(#576,#577,#578,#579,#580,#581
,#582),.UNSPECIFIED.,.T.,.F.) B_SPLINE_CURVE_WITH_KNOTS((1,2,2,2,2,1),(
    -2.094395102393,0.,2.094395102393,4.188790204786,6.28318530718,
8.377580409573),.UNSPECIFIED.) CURVE() GEOMETRIC_REPRESENTATION_ITEM() 
RATIONAL_B_SPLINE_CURVE((1.,0.5,1.,0.5,1.,0.5,1.)) REPRESENTATION_ITEM(
  '') );
#576 = CARTESIAN_POINT('',(62.9,10.));
#577 = CARTESIAN_POINT('',(62.9,3.937822173509));
#578 = CARTESIAN_POINT('',(57.65,6.968911086754));
#579 = CARTESIAN_POINT('',(52.4,10.));
#580 = CARTESIAN_POINT('',(57.65,13.031088913246));
#581 = CARTESIAN_POINT('',(62.9,16.062177826491));
#582 = CARTESIAN_POINT('',(62.9,10.));
#583 = ( GEOMETRIC_REPRESENTATION_CONTEXT(2) 
PARAMETRIC_REPRESENTATION_CONTEXT() REPRESENTATION_CONTEXT('2D SPACE',''
  ) );
#584 = PCURVE('',#585,#590);
#585 = CYLINDRICAL_SURFACE('',#586,3.5);
#586 = AXIS2_PLACEMENT_3D('',#587,#588,#589);
#587 = CARTESIAN_POINT('',(25.4,-13.,0.));
#588 = DIRECTION('',(0.,-0.,-1.));
#589 = DIRECTION('',(1.,-1.110223024625E-16,0.));
#590 = DEFINITIONAL_REPRESENTATION('',(#591),#595);
#591 = LINE('',#592,#593);
#592 = CARTESIAN_POINT('',(0.,0.));
#593 = VECTOR('',#594,1.);
#594 = DIRECTION('',(1.,0.));
#595 = ( GEOMETRIC_REPRESENTATION_CONTEXT(2) 
PARAMETRIC_REPRESENTATION_CONTEXT() REPRESENTATION_CONTEXT('2D SPACE',''
  ) );
#596 = ORIENTED_EDGE('',*,*,#597,.T.);
#597 = EDGE_CURVE('',#565,#598,#600,.T.);
#598 = VERTEX_POINT('',#599);
#599 = CARTESIAN_POINT('',(21.9,13.,0.));
#600 = SURFACE_CURVE('',#601,(#605,#612),.PCURVE_S1.);
#601 = LINE('',#602,#603);
#602 = CARTESIAN_POINT('',(21.9,-13.,0.));
#603 = VECTOR('',#604,1.);
#604 = DIRECTION('',(1.110223024625E-16,1.,0.));
#605 = PCURVE('',#66,#606);
#606 = DEFINITIONAL_REPRESENTATION('',(#607),#611);
#607 = LINE('',#608,#609);
#608 = CARTESIAN_POINT('',(55.9,10.));
#609 = VECTOR('',#610,1.);
#610 = DIRECTION('',(1.110223024625E-16,1.));
#611 = ( GEOMETRIC_REPRESENTATION_CONTEXT(2) 
PARAMETRIC_REPRESENTATION_CONTEXT() REPRESENTATION_CONTEXT('2D SPACE',''
  ) );
#612 = PCURVE('',#613,#618);
#613 = PLANE('',#614);
#614 = AXIS2_PLACEMENT_3D('',#615,#616,#617);
#615 = CARTESIAN_POINT('',(21.9,-13.,0.));
#616 = DIRECTION('',(-1.,1.110223024625E-16,0.));
#617 = DIRECTION('',(1.110223024625E-16,1.,0.));
#618 = DEFINITIONAL_REPRESENTATION('',(#619),#623);
#619 = LINE('',#620,#621);
#620 = CARTESIAN_POINT('',(0.,0.));
#621 = VECTOR('',#622,1.);
#622 = DIRECTION('',(1.,0.));
#623 = ( GEOMETRIC_REPRESENTATION_CONTEXT(2) 
PARAMETRIC_REPRESENTATION_CONTEXT() REPRESENTATION_CONTEXT('2D SPACE',''
  ) );
#624 = ORIENTED_EDGE('',*,*,#625,.T.);
#625 = EDGE_CURVE('',#598,#626,#628,.T.);
#626 = VERTEX_POINT('',#627);
#627 = CARTESIAN_POINT('',(28.9,13.,0.));
#628 = SURFACE_CURVE('',#629,(#634,#645),.PCURVE_S1.);
#629 = CIRCLE('',#630,3.5);
#630 = AXIS2_PLACEMENT_3D('',#631,#632,#633);
#631 = CARTESIAN_POINT('',(25.4,13.,0.));
#632 = DIRECTION('',(0.,0.,-1.));
#633 = DIRECTION('',(-1.,1.110223024625E-16,0.));
#634 = PCURVE('',#66,#635);
#635 = DEFINITIONAL_REPRESENTATION('',(#636),#644);
#636 = ( BOUNDED_CURVE() B_SPLINE_CURVE(2,(#637,#638,#639,#640,#641,#642
,#643),.UNSPECIFIED.,.T.,.F.) B_SPLINE_CURVE_WITH_KNOTS((1,2,2,2,2,1),(
    -2.094395102393,0.,2.094395102393,4.188790204786,6.28318530718,
8.377580409573),.UNSPECIFIED.) CURVE() GEOMETRIC_REPRESENTATION_ITEM() 
RATIONAL_B_SPLINE_CURVE((1.,0.5,1.,0.5,1.,0.5,1.)) REPRESENTATION_ITEM(
  '') );
#637 = CARTESIAN_POINT('',(55.9,36.));
#638 = CARTESIAN_POINT('',(55.9,42.062177826491));
#639 = CARTESIAN_POINT('',(61.15,39.031088913246));
#640 = CARTESIAN_POINT('',(66.4,36.));
#641 = CARTESIAN_POINT('',(61.15,32.968911086754));
#642 = CARTESIAN_POINT('',(55.9,29.937822173509));
#643 = CARTESIAN_POINT('',(55.9,36.));
#644 = ( GEOMETRIC_REPRESENTATION_CONTEXT(2) 
PARAMETRIC_REPRESENTATION_CONTEXT() REPRESENTATION_CONTEXT('2D SPACE',''
  ) );
#645 = PCURVE('',#646,#651);
#646 = CYLINDRICAL_SURFACE('',#647,3.5);
#647 = AXIS2_PLACEMENT_3D('',#648,#649,#650);
#648 = CARTESIAN_POINT('',(25.4,13.,0.));
#649 = DIRECTION('',(0.,0.,-1.));
#650 = DIRECTION('',(-1.,1.110223024625E-16,0.));
#651 = DEFINITIONAL_REPRESENTATION('',(#652),#656);
#652 = LINE('',#653,#654);
#653 = CARTESIAN_POINT('',(0.,0.));
#654 = VECTOR('',#655,1.);
#655 = DIRECTION('',(1.,0.));
#656 = ( GEOMETRIC_REPRESENTATION_CONTEXT(2) 
PARAMETRIC_REPRESENTATION_CONTEXT() REPRESENTATION_CONTEXT('2D SPACE',''
  ) );
#657 = ORIENTED_EDGE('',*,*,#658,.T.);
#658 = EDGE_CURVE('',#626,#563,#659,.T.);
#659 = SURFACE_CURVE('',#660,(#664,#671),.PCURVE_S1.);
#660 = LINE('',#661,#662);
#661 = CARTESIAN_POINT('',(28.9,13.,0.));
#662 = VECTOR('',#663,1.);
#663 = DIRECTION('',(-1.110223024625E-16,-1.,0.));
#664 = PCURVE('',#66,#665);
#665 = DEFINITIONAL_REPRESENTATION('',(#666),#670);
#666 = LINE('',#667,#668);
#667 = CARTESIAN_POINT('',(62.9,36.));
#668 = VECTOR('',#669,1.);
#669 = DIRECTION('',(-1.110223024625E-16,-1.));
#670 = ( GEOMETRIC_REPRESENTATION_CONTEXT(2) 
PARAMETRIC_REPRESENTATION_CONTEXT() REPRESENTATION_CONTEXT('2D SPACE',''
  ) );
#671 = PCURVE('',#672,#677);
#672 = PLANE('',#673);
#673 = AXIS2_PLACEMENT_3D('',#674,#675,#676);
#674 = CARTESIAN_POINT('',(28.9,13.,0.));
#675 = DIRECTION('',(1.,-1.110223024625E-16,0.));
#676 = DIRECTION('',(-1.110223024625E-16,-1.,0.));
#677 = DEFINITIONAL_REPRESENTATION('',(#678),#682);
#678 = LINE('',#679,#680);
#679 = CARTESIAN_POINT('',(0.,0.));
#680 = VECTOR('',#681,1.);
#681 = DIRECTION('',(1.,0.));
#682 = ( GEOMETRIC_REPRESENTATION_CONTEXT(2) 
PARAMETRIC_REPRESENTATION_CONTEXT() REPRESENTATION_CONTEXT('2D SPACE',''
  ) );
#683 = ADVANCED_FACE('',(#684,#854),#147,.T.);
#684 = FACE_BOUND('',#685,.T.);
#685 = EDGE_LOOP('',(#686,#716,#744,#772,#800,#828));
#686 = ORIENTED_EDGE('',*,*,#687,.T.);
#687 = EDGE_CURVE('',#688,#690,#692,.T.);
#688 = VERTEX_POINT('',#689);
#689 = CARTESIAN_POINT('',(-5.72735026919,-1.040834085586E-15,5.3));
#690 = VERTEX_POINT('',#691);
#691 = CARTESIAN_POINT('',(-7.113675134595,2.401185102678,5.3));
#692 = SURFACE_CURVE('',#693,(#697,#704),.PCURVE_S1.);
#693 = LINE('',#694,#695);
#694 = CARTESIAN_POINT('',(-5.583012701892,-0.25,5.3));
#695 = VECTOR('',#696,1.);
#696 = DIRECTION('',(-0.5,0.866025403784,0.));
#697 = PCURVE('',#147,#698);
#698 = DEFINITIONAL_REPRESENTATION('',(#699),#703);
#699 = LINE('',#700,#701);
#700 = CARTESIAN_POINT('',(2.916987298108,-0.25));
#701 = VECTOR('',#702,1.);
#702 = DIRECTION('',(-0.5,0.866025403784));
#703 = ( GEOMETRIC_REPRESENTATION_CONTEXT(2) 
PARAMETRIC_REPRESENTATION_CONTEXT() REPRESENTATION_CONTEXT('2D SPACE',''
  ) );
#704 = PCURVE('',#705,#710);
#705 = PLANE('',#706);
#706 = AXIS2_PLACEMENT_3D('',#707,#708,#709);
#707 = CARTESIAN_POINT('',(-5.366506350946,-0.125,5.55));
#708 = DIRECTION('',(0.612372435696,0.353553390593,-0.707106781187));
#709 = DIRECTION('',(-0.5,0.866025403784,2.775557561563E-17));
#710 = DEFINITIONAL_REPRESENTATION('',(#711),#715);
#711 = LINE('',#712,#713);
#712 = CARTESIAN_POINT('',(0.,-0.353553390593));
#713 = VECTOR('',#714,1.);
#714 = DIRECTION('',(1.,0.));
#715 = ( GEOMETRIC_REPRESENTATION_CONTEXT(2) 
PARAMETRIC_REPRESENTATION_CONTEXT() REPRESENTATION_CONTEXT('2D SPACE',''
  ) );
#716 = ORIENTED_EDGE('',*,*,#717,.T.);
#717 = EDGE_CURVE('',#690,#718,#720,.T.);
#718 = VERTEX_POINT('',#719);
#719 = CARTESIAN_POINT('',(-9.886324865405,2.401185102678,5.3));
#720 = SURFACE_CURVE('',#721,(#725,#732),.PCURVE_S1.);
#721 = LINE('',#722,#723);
#722 = CARTESIAN_POINT('',(-6.825,2.401185102678,5.3));
#723 = VECTOR('',#724,1.);
#724 = DIRECTION('',(-1.,1.325639432388E-16,0.));
#725 = PCURVE('',#147,#726);
#726 = DEFINITIONAL_REPRESENTATION('',(#727),#731);
#727 = LINE('',#728,#729);
#728 = CARTESIAN_POINT('',(1.675,2.401185102678));
#729 = VECTOR('',#730,1.);
#730 = DIRECTION('',(-1.,1.325639432388E-16));
#731 = ( GEOMETRIC_REPRESENTATION_CONTEXT(2) 
PARAMETRIC_REPRESENTATION_CONTEXT() REPRESENTATION_CONTEXT('2D SPACE',''
  ) );
#732 = PCURVE('',#733,#738);
#733 = PLANE('',#734);
#734 = AXIS2_PLACEMENT_3D('',#735,#736,#737);
#735 = CARTESIAN_POINT('',(-6.825,2.651185102678,5.55));
#736 = DIRECTION('',(9.043085361264E-17,0.707106781187,-0.707106781187)
  );
#737 = DIRECTION('',(-1.,1.302262414374E-16,2.337701801425E-18));
#738 = DEFINITIONAL_REPRESENTATION('',(#739),#743);
#739 = LINE('',#740,#741);
#740 = CARTESIAN_POINT('',(0.,-0.353553390593));
#741 = VECTOR('',#742,1.);
#742 = DIRECTION('',(1.,0.));
#743 = ( GEOMETRIC_REPRESENTATION_CONTEXT(2) 
PARAMETRIC_REPRESENTATION_CONTEXT() REPRESENTATION_CONTEXT('2D SPACE',''
  ) );
#744 = ORIENTED_EDGE('',*,*,#745,.T.);
#745 = EDGE_CURVE('',#718,#746,#748,.T.);
#746 = VERTEX_POINT('',#747);
#747 = CARTESIAN_POINT('',(-11.27264973081,3.552713678801E-15,5.3));
#748 = SURFACE_CURVE('',#749,(#753,#760),.PCURVE_S1.);
#749 = LINE('',#750,#751);
#750 = CARTESIAN_POINT('',(-9.741987298108,2.651185102678,5.3));
#751 = VECTOR('',#752,1.);
#752 = DIRECTION('',(-0.5,-0.866025403784,0.));
#753 = PCURVE('',#147,#754);
#754 = DEFINITIONAL_REPRESENTATION('',(#755),#759);
#755 = LINE('',#756,#757);
#756 = CARTESIAN_POINT('',(-1.241987298108,2.651185102678));
#757 = VECTOR('',#758,1.);
#758 = DIRECTION('',(-0.5,-0.866025403784));
#759 = ( GEOMETRIC_REPRESENTATION_CONTEXT(2) 
PARAMETRIC_REPRESENTATION_CONTEXT() REPRESENTATION_CONTEXT('2D SPACE',''
  ) );
#760 = PCURVE('',#761,#766);
#761 = PLANE('',#762);
#762 = AXIS2_PLACEMENT_3D('',#763,#764,#765);
#763 = CARTESIAN_POINT('',(-9.958493649054,2.776185102678,5.55));
#764 = DIRECTION('',(-0.612372435696,0.353553390593,-0.707106781187));
#765 = DIRECTION('',(-0.5,-0.866025403784,2.775557561563E-17));
#766 = DEFINITIONAL_REPRESENTATION('',(#767),#771);
#767 = LINE('',#768,#769);
#768 = CARTESIAN_POINT('',(8.881784197001E-16,-0.353553390593));
#769 = VECTOR('',#770,1.);
#770 = DIRECTION('',(1.,0.));
#771 = ( GEOMETRIC_REPRESENTATION_CONTEXT(2) 
PARAMETRIC_REPRESENTATION_CONTEXT() REPRESENTATION_CONTEXT('2D SPACE',''
  ) );
#772 = ORIENTED_EDGE('',*,*,#773,.T.);
#773 = EDGE_CURVE('',#746,#774,#776,.T.);
#774 = VERTEX_POINT('',#775);
#775 = CARTESIAN_POINT('',(-9.886324865405,-2.401185102678,5.3));
#776 = SURFACE_CURVE('',#777,(#781,#788),.PCURVE_S1.);
#777 = LINE('',#778,#779);
#778 = CARTESIAN_POINT('',(-11.4169872981,0.25,5.3));
#779 = VECTOR('',#780,1.);
#780 = DIRECTION('',(0.5,-0.866025403784,0.));
#781 = PCURVE('',#147,#782);
#782 = DEFINITIONAL_REPRESENTATION('',(#783),#787);
#783 = LINE('',#784,#785);
#784 = CARTESIAN_POINT('',(-2.916987298108,0.25));
#785 = VECTOR('',#786,1.);
#786 = DIRECTION('',(0.5,-0.866025403784));
#787 = ( GEOMETRIC_REPRESENTATION_CONTEXT(2) 
PARAMETRIC_REPRESENTATION_CONTEXT() REPRESENTATION_CONTEXT('2D SPACE',''
  ) );
#788 = PCURVE('',#789,#794);
#789 = PLANE('',#790);
#790 = AXIS2_PLACEMENT_3D('',#791,#792,#793);
#791 = CARTESIAN_POINT('',(-11.63349364905,0.125,5.55));
#792 = DIRECTION('',(-0.612372435696,-0.353553390593,-0.707106781187));
#793 = DIRECTION('',(0.5,-0.866025403784,-2.775557561563E-17));
#794 = DEFINITIONAL_REPRESENTATION('',(#795),#799);
#795 = LINE('',#796,#797);
#796 = CARTESIAN_POINT('',(8.881784197001E-16,-0.353553390593));
#797 = VECTOR('',#798,1.);
#798 = DIRECTION('',(1.,0.));
#799 = ( GEOMETRIC_REPRESENTATION_CONTEXT(2) 
PARAMETRIC_REPRESENTATION_CONTEXT() REPRESENTATION_CONTEXT('2D SPACE',''
  ) );
#800 = ORIENTED_EDGE('',*,*,#801,.T.);
#801 = EDGE_CURVE('',#774,#802,#804,.T.);
#802 = VERTEX_POINT('',#803);
#803 = CARTESIAN_POINT('',(-7.113675134595,-2.401185102678,5.3));
#804 = SURFACE_CURVE('',#805,(#809,#816),.PCURVE_S1.);
#805 = LINE('',#806,#807);
#806 = CARTESIAN_POINT('',(-10.175,-2.401185102678,5.3));
#807 = VECTOR('',#808,1.);
#808 = DIRECTION('',(1.,-6.628197161941E-16,0.));
#809 = PCURVE('',#147,#810);
#810 = DEFINITIONAL_REPRESENTATION('',(#811),#815);
#811 = LINE('',#812,#813);
#812 = CARTESIAN_POINT('',(-1.675,-2.401185102678));
#813 = VECTOR('',#814,1.);
#814 = DIRECTION('',(1.,-6.628197161941E-16));
#815 = ( GEOMETRIC_REPRESENTATION_CONTEXT(2) 
PARAMETRIC_REPRESENTATION_CONTEXT() REPRESENTATION_CONTEXT('2D SPACE',''
  ) );
#816 = PCURVE('',#817,#822);
#817 = PLANE('',#818);
#818 = AXIS2_PLACEMENT_3D('',#819,#820,#821);
#819 = CARTESIAN_POINT('',(-10.175,-2.651185102678,5.55));
#820 = DIRECTION('',(-4.730229265892E-16,-0.707106781187,-0.707106781187
    ));
#821 = DIRECTION('',(1.,-6.65887577145E-16,-3.067860950875E-18));
#822 = DEFINITIONAL_REPRESENTATION('',(#823),#827);
#823 = LINE('',#824,#825);
#824 = CARTESIAN_POINT('',(0.,-0.353553390593));
#825 = VECTOR('',#826,1.);
#826 = DIRECTION('',(1.,0.));
#827 = ( GEOMETRIC_REPRESENTATION_CONTEXT(2) 
PARAMETRIC_REPRESENTATION_CONTEXT() REPRESENTATION_CONTEXT('2D SPACE',''
  ) );
#828 = ORIENTED_EDGE('',*,*,#829,.T.);
#829 = EDGE_CURVE('',#802,#688,#830,.T.);
#830 = SURFACE_CURVE('',#831,(#835,#842),.PCURVE_S1.);
#831 = LINE('',#832,#833);
#832 = CARTESIAN_POINT('',(-7.258012701892,-2.651185102678,5.3));
#833 = VECTOR('',#834,1.);
#834 = DIRECTION('',(0.5,0.866025403784,0.));
#835 = PCURVE('',#147,#836);
#836 = DEFINITIONAL_REPRESENTATION('',(#837),#841);
#837 = LINE('',#838,#839);
#838 = CARTESIAN_POINT('',(1.241987298108,-2.651185102678));
#839 = VECTOR('',#840,1.);
#840 = DIRECTION('',(0.5,0.866025403784));
#841 = ( GEOMETRIC_REPRESENTATION_CONTEXT(2) 
PARAMETRIC_REPRESENTATION_CONTEXT() REPRESENTATION_CONTEXT('2D SPACE',''
  ) );
#842 = PCURVE('',#843,#848);
#843 = PLANE('',#844);
#844 = AXIS2_PLACEMENT_3D('',#845,#846,#847);
#845 = CARTESIAN_POINT('',(-7.041506350946,-2.776185102678,5.55));
#846 = DIRECTION('',(0.612372435696,-0.353553390593,-0.707106781187));
#847 = DIRECTION('',(0.5,0.866025403784,-8.326672684689E-17));
#848 = DEFINITIONAL_REPRESENTATION('',(#849),#853);
#849 = LINE('',#850,#851);
#850 = CARTESIAN_POINT('',(0.,-0.353553390593));
#851 = VECTOR('',#852,1.);
#852 = DIRECTION('',(1.,0.));
#853 = ( GEOMETRIC_REPRESENTATION_CONTEXT(2) 
PARAMETRIC_REPRESENTATION_CONTEXT() REPRESENTATION_CONTEXT('2D SPACE',''
  ) );
#854 = FACE_BOUND('',#855,.T.);
#855 = EDGE_LOOP('',(#856));
#856 = ORIENTED_EDGE('',*,*,#132,.T.);
#857 = ADVANCED_FACE('',(#858),#184,.F.);
#858 = FACE_BOUND('',#859,.F.);
#859 = EDGE_LOOP('',(#860,#890,#911,#912));
#860 = ORIENTED_EDGE('',*,*,#861,.F.);
#861 = EDGE_CURVE('',#862,#864,#866,.T.);
#862 = VERTEX_POINT('',#863);
#863 = CARTESIAN_POINT('',(-34.,-19.,8.));
#864 = VERTEX_POINT('',#865);
#865 = CARTESIAN_POINT('',(-34.,19.,8.));
#866 = SURFACE_CURVE('',#867,(#871,#878),.PCURVE_S1.);
#867 = LINE('',#868,#869);
#868 = CARTESIAN_POINT('',(-34.,-23.,8.));
#869 = VECTOR('',#870,1.);
#870 = DIRECTION('',(0.,1.,0.));
#871 = PCURVE('',#184,#872);
#872 = DEFINITIONAL_REPRESENTATION('',(#873),#877);
#873 = LINE('',#874,#875);
#874 = CARTESIAN_POINT('',(8.,0.));
#875 = VECTOR('',#876,1.);
#876 = DIRECTION('',(0.,-1.));
#877 = ( GEOMETRIC_REPRESENTATION_CONTEXT(2) 
PARAMETRIC_REPRESENTATION_CONTEXT() REPRESENTATION_CONTEXT('2D SPACE',''
  ) );
#878 = PCURVE('',#879,#884);
#879 = PLANE('',#880);
#880 = AXIS2_PLACEMENT_3D('',#881,#882,#883);
#881 = CARTESIAN_POINT('',(-34.,-23.,8.));
#882 = DIRECTION('',(0.,0.,1.));
#883 = DIRECTION('',(1.,0.,0.));
#884 = DEFINITIONAL_REPRESENTATION('',(#885),#889);
#885 = LINE('',#886,#887);
#886 = CARTESIAN_POINT('',(0.,0.));
#887 = VECTOR('',#888,1.);
#888 = DIRECTION('',(0.,1.));
#889 = ( GEOMETRIC_REPRESENTATION_CONTEXT(2) 
PARAMETRIC_REPRESENTATION_CONTEXT() REPRESENTATION_CONTEXT('2D SPACE',''
  ) );
#890 = ORIENTED_EDGE('',*,*,#891,.F.);
#891 = EDGE_CURVE('',#167,#862,#892,.T.);
#892 = SURFACE_CURVE('',#893,(#897,#904),.PCURVE_S1.);
#893 = LINE('',#894,#895);
#894 = CARTESIAN_POINT('',(-34.,-19.,0.));
#895 = VECTOR('',#896,1.);
#896 = DIRECTION('',(0.,0.,1.));
#897 = PCURVE('',#184,#898);
#898 = DEFINITIONAL_REPRESENTATION('',(#899),#903);
#899 = LINE('',#900,#901);
#900 = CARTESIAN_POINT('',(0.,-4.));
#901 = VECTOR('',#902,1.);
#902 = DIRECTION('',(1.,0.));
#903 = ( GEOMETRIC_REPRESENTATION_CONTEXT(2) 
PARAMETRIC_REPRESENTATION_CONTEXT() REPRESENTATION_CONTEXT('2D SPACE',''
  ) );
#904 = PCURVE('',#213,#905);
#905 = DEFINITIONAL_REPRESENTATION('',(#906),#910);
#906 = LINE('',#907,#908);
#907 = CARTESIAN_POINT('',(0.,0.));
#908 = VECTOR('',#909,1.);
#909 = DIRECTION('',(0.,1.));
#910 = ( GEOMETRIC_REPRESENTATION_CONTEXT(2) 
PARAMETRIC_REPRESENTATION_CONTEXT() REPRESENTATION_CONTEXT('2D SPACE',''
  ) );
#911 = ORIENTED_EDGE('',*,*,#166,.T.);
#912 = ORIENTED_EDGE('',*,*,#913,.T.);
#913 = EDGE_CURVE('',#169,#864,#914,.T.);
#914 = SURFACE_CURVE('',#915,(#919,#926),.PCURVE_S1.);
#915 = LINE('',#916,#917);
#916 = CARTESIAN_POINT('',(-34.,19.,0.));
#917 = VECTOR('',#918,1.);
#918 = DIRECTION('',(0.,0.,1.));
#919 = PCURVE('',#184,#920);
#920 = DEFINITIONAL_REPRESENTATION('',(#921),#925);
#921 = LINE('',#922,#923);
#922 = CARTESIAN_POINT('',(0.,-42.));
#923 = VECTOR('',#924,1.);
#924 = DIRECTION('',(1.,0.));
#925 = ( GEOMETRIC_REPRESENTATION_CONTEXT(2) 
PARAMETRIC_REPRESENTATION_CONTEXT() REPRESENTATION_CONTEXT('2D SPACE',''
  ) );
#926 = PCURVE('',#390,#927);
#927 = DEFINITIONAL_REPRESENTATION('',(#928),#932);
#928 = LINE('',#929,#930);
#929 = CARTESIAN_POINT('',(-0.,0.));
#930 = VECTOR('',#931,1.);
#931 = DIRECTION('',(-0.,1.));
#932 = ( GEOMETRIC_REPRESENTATION_CONTEXT(2) 
PARAMETRIC_REPRESENTATION_CONTEXT() REPRESENTATION_CONTEXT('2D SPACE',''
  ) );
#933 = ADVANCED_FACE('',(#934),#213,.T.);
#934 = FACE_BOUND('',#935,.T.);
#935 = EDGE_LOOP('',(#936,#937,#960,#982));
#936 = ORIENTED_EDGE('',*,*,#196,.T.);
#937 = ORIENTED_EDGE('',*,*,#938,.T.);
#938 = EDGE_CURVE('',#197,#939,#941,.T.);
#939 = VERTEX_POINT('',#940);
#940 = CARTESIAN_POINT('',(-30.,-23.,8.));
#941 = SURFACE_CURVE('',#942,(#946,#953),.PCURVE_S1.);
#942 = LINE('',#943,#944);
#943 = CARTESIAN_POINT('',(-30.,-23.,0.));
#944 = VECTOR('',#945,1.);
#945 = DIRECTION('',(0.,0.,1.));
#946 = PCURVE('',#213,#947);
#947 = DEFINITIONAL_REPRESENTATION('',(#948),#952);
#948 = LINE('',#949,#950);
#949 = CARTESIAN_POINT('',(1.570796326795,0.));
#950 = VECTOR('',#951,1.);
#951 = DIRECTION('',(0.,1.));
#952 = ( GEOMETRIC_REPRESENTATION_CONTEXT(2) 
PARAMETRIC_REPRESENTATION_CONTEXT() REPRESENTATION_CONTEXT('2D SPACE',''
  ) );
#953 = PCURVE('',#241,#954);
#954 = DEFINITIONAL_REPRESENTATION('',(#955),#959);
#955 = LINE('',#956,#957);
#956 = CARTESIAN_POINT('',(0.,4.));
#957 = VECTOR('',#958,1.);
#958 = DIRECTION('',(1.,0.));
#959 = ( GEOMETRIC_REPRESENTATION_CONTEXT(2) 
PARAMETRIC_REPRESENTATION_CONTEXT() REPRESENTATION_CONTEXT('2D SPACE',''
  ) );
#960 = ORIENTED_EDGE('',*,*,#961,.F.);
#961 = EDGE_CURVE('',#862,#939,#962,.T.);
#962 = SURFACE_CURVE('',#963,(#968,#975),.PCURVE_S1.);
#963 = CIRCLE('',#964,4.);
#964 = AXIS2_PLACEMENT_3D('',#965,#966,#967);
#965 = CARTESIAN_POINT('',(-30.,-19.,8.));
#966 = DIRECTION('',(0.,0.,1.));
#967 = DIRECTION('',(0.,-1.,0.));
#968 = PCURVE('',#213,#969);
#969 = DEFINITIONAL_REPRESENTATION('',(#970),#974);
#970 = LINE('',#971,#972);
#971 = CARTESIAN_POINT('',(-4.712388980385,8.));
#972 = VECTOR('',#973,1.);
#973 = DIRECTION('',(1.,0.));
#974 = ( GEOMETRIC_REPRESENTATION_CONTEXT(2) 
PARAMETRIC_REPRESENTATION_CONTEXT() REPRESENTATION_CONTEXT('2D SPACE',''
  ) );
#975 = PCURVE('',#879,#976);
#976 = DEFINITIONAL_REPRESENTATION('',(#977),#981);
#977 = CIRCLE('',#978,4.);
#978 = AXIS2_PLACEMENT_2D('',#979,#980);
#979 = CARTESIAN_POINT('',(4.,4.));
#980 = DIRECTION('',(0.,-1.));
#981 = ( GEOMETRIC_REPRESENTATION_CONTEXT(2) 
PARAMETRIC_REPRESENTATION_CONTEXT() REPRESENTATION_CONTEXT('2D SPACE',''
  ) );
#982 = ORIENTED_EDGE('',*,*,#891,.F.);
#983 = ADVANCED_FACE('',(#984),#390,.T.);
#984 = FACE_BOUND('',#985,.F.);
#985 = EDGE_LOOP('',(#986,#987,#1010,#1036));
#986 = ORIENTED_EDGE('',*,*,#371,.T.);
#987 = ORIENTED_EDGE('',*,*,#988,.T.);
#988 = EDGE_CURVE('',#344,#989,#991,.T.);
#989 = VERTEX_POINT('',#990);
#990 = CARTESIAN_POINT('',(-30.,23.,8.));
#991 = SURFACE_CURVE('',#992,(#996,#1003),.PCURVE_S1.);
#992 = LINE('',#993,#994);
#993 = CARTESIAN_POINT('',(-30.,23.,0.));
#994 = VECTOR('',#995,1.);
#995 = DIRECTION('',(0.,0.,1.));
#996 = PCURVE('',#390,#997);
#997 = DEFINITIONAL_REPRESENTATION('',(#998),#1002);
#998 = LINE('',#999,#1000);
#999 = CARTESIAN_POINT('',(-1.570796326795,0.));
#1000 = VECTOR('',#1001,1.);
#1001 = DIRECTION('',(-0.,1.));
#1002 = ( GEOMETRIC_REPRESENTATION_CONTEXT(2) 
PARAMETRIC_REPRESENTATION_CONTEXT() REPRESENTATION_CONTEXT('2D SPACE',''
  ) );
#1003 = PCURVE('',#359,#1004);
#1004 = DEFINITIONAL_REPRESENTATION('',(#1005),#1009);
#1005 = LINE('',#1006,#1007);
#1006 = CARTESIAN_POINT('',(0.,4.));
#1007 = VECTOR('',#1008,1.);
#1008 = DIRECTION('',(1.,0.));
#1009 = ( GEOMETRIC_REPRESENTATION_CONTEXT(2) 
PARAMETRIC_REPRESENTATION_CONTEXT() REPRESENTATION_CONTEXT('2D SPACE',''
  ) );
#1010 = ORIENTED_EDGE('',*,*,#1011,.F.);
#1011 = EDGE_CURVE('',#864,#989,#1012,.T.);
#1012 = SURFACE_CURVE('',#1013,(#1018,#1025),.PCURVE_S1.);
#1013 = CIRCLE('',#1014,4.);
#1014 = AXIS2_PLACEMENT_3D('',#1015,#1016,#1017);
#1015 = CARTESIAN_POINT('',(-30.,19.,8.));
#1016 = DIRECTION('',(-0.,-0.,-1.));
#1017 = DIRECTION('',(0.,-1.,0.));
#1018 = PCURVE('',#390,#1019);
#1019 = DEFINITIONAL_REPRESENTATION('',(#1020),#1024);
#1020 = LINE('',#1021,#1022);
#1021 = CARTESIAN_POINT('',(1.570796326795,8.));
#1022 = VECTOR('',#1023,1.);
#1023 = DIRECTION('',(-1.,0.));
#1024 = ( GEOMETRIC_REPRESENTATION_CONTEXT(2) 
PARAMETRIC_REPRESENTATION_CONTEXT() REPRESENTATION_CONTEXT('2D SPACE',''
  ) );
#1025 = PCURVE('',#879,#1026);
#1026 = DEFINITIONAL_REPRESENTATION('',(#1027),#1035);
#1027 = ( BOUNDED_CURVE() B_SPLINE_CURVE(2,(#1028,#1029,#1030,#1031,
#1032,#1033,#1034),.UNSPECIFIED.,.T.,.F.) B_SPLINE_CURVE_WITH_KNOTS((1,2
    ,2,2,2,1),(-2.094395102393,0.,2.094395102393,4.188790204786,
6.28318530718,8.377580409573),.UNSPECIFIED.) CURVE() 
GEOMETRIC_REPRESENTATION_ITEM() RATIONAL_B_SPLINE_CURVE((1.,0.5,1.,0.5,
1.,0.5,1.)) REPRESENTATION_ITEM('') );
#1028 = CARTESIAN_POINT('',(4.,38.));
#1029 = CARTESIAN_POINT('',(-2.928203230276,38.));
#1030 = CARTESIAN_POINT('',(0.535898384862,44.));
#1031 = CARTESIAN_POINT('',(4.,50.));
#1032 = CARTESIAN_POINT('',(7.464101615138,44.));
#1033 = CARTESIAN_POINT('',(10.928203230276,38.));
#1034 = CARTESIAN_POINT('',(4.,38.));
#1035 = ( GEOMETRIC_REPRESENTATION_CONTEXT(2) 
PARAMETRIC_REPRESENTATION_CONTEXT() REPRESENTATION_CONTEXT('2D SPACE',''
  ) );
#1036 = ORIENTED_EDGE('',*,*,#913,.F.);
#1037 = ADVANCED_FACE('',(#1038),#241,.F.);
#1038 = FACE_BOUND('',#1039,.F.);
#1039 = EDGE_LOOP('',(#1040,#1041,#1042,#1065,#1093,#1121,#1149,#1177,
    #1205,#1233,#1261,#1289));
#1040 = ORIENTED_EDGE('',*,*,#225,.F.);
#1041 = ORIENTED_EDGE('',*,*,#938,.T.);
#1042 = ORIENTED_EDGE('',*,*,#1043,.T.);
#1043 = EDGE_CURVE('',#939,#1044,#1046,.T.);
#1044 = VERTEX_POINT('',#1045);
#1045 = CARTESIAN_POINT('',(-17.8,-23.,8.));
#1046 = SURFACE_CURVE('',#1047,(#1051,#1058),.PCURVE_S1.);
#1047 = LINE('',#1048,#1049);
#1048 = CARTESIAN_POINT('',(-34.,-23.,8.));
#1049 = VECTOR('',#1050,1.);
#1050 = DIRECTION('',(1.,0.,0.));
#1051 = PCURVE('',#241,#1052);
#1052 = DEFINITIONAL_REPRESENTATION('',(#1053),#1057);
#1053 = LINE('',#1054,#1055);
#1054 = CARTESIAN_POINT('',(8.,0.));
#1055 = VECTOR('',#1056,1.);
#1056 = DIRECTION('',(0.,1.));
#1057 = ( GEOMETRIC_REPRESENTATION_CONTEXT(2) 
PARAMETRIC_REPRESENTATION_CONTEXT() REPRESENTATION_CONTEXT('2D SPACE',''
  ) );
#1058 = PCURVE('',#879,#1059);
#1059 = DEFINITIONAL_REPRESENTATION('',(#1060),#1064);
#1060 = LINE('',#1061,#1062);
#1061 = CARTESIAN_POINT('',(0.,0.));
#1062 = VECTOR('',#1063,1.);
#1063 = DIRECTION('',(1.,0.));
#1064 = ( GEOMETRIC_REPRESENTATION_CONTEXT(2) 
PARAMETRIC_REPRESENTATION_CONTEXT() REPRESENTATION_CONTEXT('2D SPACE',''
  ) );
#1065 = ORIENTED_EDGE('',*,*,#1066,.T.);
#1066 = EDGE_CURVE('',#1044,#1067,#1069,.T.);
#1067 = VERTEX_POINT('',#1068);
#1068 = CARTESIAN_POINT('',(-17.8,-23.,10.));
#1069 = SURFACE_CURVE('',#1070,(#1074,#1081),.PCURVE_S1.);
#1070 = LINE('',#1071,#1072);
#1071 = CARTESIAN_POINT('',(-17.8,-23.,8.));
#1072 = VECTOR('',#1073,1.);
#1073 = DIRECTION('',(0.,0.,1.));
#1074 = PCURVE('',#241,#1075);
#1075 = DEFINITIONAL_REPRESENTATION('',(#1076),#1080);
#1076 = LINE('',#1077,#1078);
#1077 = CARTESIAN_POINT('',(8.,16.2));
#1078 = VECTOR('',#1079,1.);
#1079 = DIRECTION('',(1.,0.));
#1080 = ( GEOMETRIC_REPRESENTATION_CONTEXT(2) 
PARAMETRIC_REPRESENTATION_CONTEXT() REPRESENTATION_CONTEXT('2D SPACE',''
  ) );
#1081 = PCURVE('',#1082,#1087);
#1082 = PLANE('',#1083);
#1083 = AXIS2_PLACEMENT_3D('',#1084,#1085,#1086);
#1084 = CARTESIAN_POINT('',(-17.8,-23.,8.));
#1085 = DIRECTION('',(1.,0.,0.));
#1086 = DIRECTION('',(0.,0.,1.));
#1087 = DEFINITIONAL_REPRESENTATION('',(#1088),#1092);
#1088 = LINE('',#1089,#1090);
#1089 = CARTESIAN_POINT('',(0.,0.));
#1090 = VECTOR('',#1091,1.);
#1091 = DIRECTION('',(1.,0.));
#1092 = ( GEOMETRIC_REPRESENTATION_CONTEXT(2) 
PARAMETRIC_REPRESENTATION_CONTEXT() REPRESENTATION_CONTEXT('2D SPACE',''
  ) );
#1093 = ORIENTED_EDGE('',*,*,#1094,.T.);
#1094 = EDGE_CURVE('',#1067,#1095,#1097,.T.);
#1095 = VERTEX_POINT('',#1096);
#1096 = CARTESIAN_POINT('',(-15.3,-23.,10.));
#1097 = SURFACE_CURVE('',#1098,(#1102,#1109),.PCURVE_S1.);
#1098 = LINE('',#1099,#1100);
#1099 = CARTESIAN_POINT('',(-17.8,-23.,10.));
#1100 = VECTOR('',#1101,1.);
#1101 = DIRECTION('',(1.,0.,0.));
#1102 = PCURVE('',#241,#1103);
#1103 = DEFINITIONAL_REPRESENTATION('',(#1104),#1108);
#1104 = LINE('',#1105,#1106);
#1105 = CARTESIAN_POINT('',(10.,16.2));
#1106 = VECTOR('',#1107,1.);
#1107 = DIRECTION('',(0.,1.));
#1108 = ( GEOMETRIC_REPRESENTATION_CONTEXT(2) 
PARAMETRIC_REPRESENTATION_CONTEXT() REPRESENTATION_CONTEXT('2D SPACE',''
  ) );
#1109 = PCURVE('',#1110,#1115);
#1110 = PLANE('',#1111);
#1111 = AXIS2_PLACEMENT_3D('',#1112,#1113,#1114);
#1112 = CARTESIAN_POINT('',(-17.8,-23.,10.));
#1113 = DIRECTION('',(0.,0.,1.));
#1114 = DIRECTION('',(1.,0.,0.));
#1115 = DEFINITIONAL_REPRESENTATION('',(#1116),#1120);
#1116 = LINE('',#1117,#1118);
#1117 = CARTESIAN_POINT('',(0.,0.));
#1118 = VECTOR('',#1119,1.);
#1119 = DIRECTION('',(1.,0.));
#1120 = ( GEOMETRIC_REPRESENTATION_CONTEXT(2) 
PARAMETRIC_REPRESENTATION_CONTEXT() REPRESENTATION_CONTEXT('2D SPACE',''
  ) );
#1121 = ORIENTED_EDGE('',*,*,#1122,.F.);
#1122 = EDGE_CURVE('',#1123,#1095,#1125,.T.);
#1123 = VERTEX_POINT('',#1124);
#1124 = CARTESIAN_POINT('',(-15.3,-23.,8.));
#1125 = SURFACE_CURVE('',#1126,(#1130,#1137),.PCURVE_S1.);
#1126 = LINE('',#1127,#1128);
#1127 = CARTESIAN_POINT('',(-15.3,-23.,8.));
#1128 = VECTOR('',#1129,1.);
#1129 = DIRECTION('',(0.,0.,1.));
#1130 = PCURVE('',#241,#1131);
#1131 = DEFINITIONAL_REPRESENTATION('',(#1132),#1136);
#1132 = LINE('',#1133,#1134);
#1133 = CARTESIAN_POINT('',(8.,18.7));
#1134 = VECTOR('',#1135,1.);
#1135 = DIRECTION('',(1.,0.));
#1136 = ( GEOMETRIC_REPRESENTATION_CONTEXT(2) 
PARAMETRIC_REPRESENTATION_CONTEXT() REPRESENTATION_CONTEXT('2D SPACE',''
  ) );
#1137 = PCURVE('',#1138,#1143);
#1138 = PLANE('',#1139);
#1139 = AXIS2_PLACEMENT_3D('',#1140,#1141,#1142);
#1140 = CARTESIAN_POINT('',(-15.3,-23.,8.));
#1141 = DIRECTION('',(1.,0.,0.));
#1142 = DIRECTION('',(0.,0.,1.));
#1143 = DEFINITIONAL_REPRESENTATION('',(#1144),#1148);
#1144 = LINE('',#1145,#1146);
#1145 = CARTESIAN_POINT('',(0.,0.));
#1146 = VECTOR('',#1147,1.);
#1147 = DIRECTION('',(1.,0.));
#1148 = ( GEOMETRIC_REPRESENTATION_CONTEXT(2) 
PARAMETRIC_REPRESENTATION_CONTEXT() REPRESENTATION_CONTEXT('2D SPACE',''
  ) );
#1149 = ORIENTED_EDGE('',*,*,#1150,.T.);
#1150 = EDGE_CURVE('',#1123,#1151,#1153,.T.);
#1151 = VERTEX_POINT('',#1152);
#1152 = CARTESIAN_POINT('',(15.3,-23.,8.));
#1153 = SURFACE_CURVE('',#1154,(#1158,#1165),.PCURVE_S1.);
#1154 = LINE('',#1155,#1156);
#1155 = CARTESIAN_POINT('',(-34.,-23.,8.));
#1156 = VECTOR('',#1157,1.);
#1157 = DIRECTION('',(1.,0.,0.));
#1158 = PCURVE('',#241,#1159);
#1159 = DEFINITIONAL_REPRESENTATION('',(#1160),#1164);
#1160 = LINE('',#1161,#1162);
#1161 = CARTESIAN_POINT('',(8.,0.));
#1162 = VECTOR('',#1163,1.);
#1163 = DIRECTION('',(0.,1.));
#1164 = ( GEOMETRIC_REPRESENTATION_CONTEXT(2) 
PARAMETRIC_REPRESENTATION_CONTEXT() REPRESENTATION_CONTEXT('2D SPACE',''
  ) );
#1165 = PCURVE('',#1166,#1171);
#1166 = PLANE('',#1167);
#1167 = AXIS2_PLACEMENT_3D('',#1168,#1169,#1170);
#1168 = CARTESIAN_POINT('',(-34.,-23.,8.));
#1169 = DIRECTION('',(0.,0.,1.));
#1170 = DIRECTION('',(1.,0.,0.));
#1171 = DEFINITIONAL_REPRESENTATION('',(#1172),#1176);
#1172 = LINE('',#1173,#1174);
#1173 = CARTESIAN_POINT('',(0.,0.));
#1174 = VECTOR('',#1175,1.);
#1175 = DIRECTION('',(1.,0.));
#1176 = ( GEOMETRIC_REPRESENTATION_CONTEXT(2) 
PARAMETRIC_REPRESENTATION_CONTEXT() REPRESENTATION_CONTEXT('2D SPACE',''
  ) );
#1177 = ORIENTED_EDGE('',*,*,#1178,.T.);
#1178 = EDGE_CURVE('',#1151,#1179,#1181,.T.);
#1179 = VERTEX_POINT('',#1180);
#1180 = CARTESIAN_POINT('',(15.3,-23.,10.));
#1181 = SURFACE_CURVE('',#1182,(#1186,#1193),.PCURVE_S1.);
#1182 = LINE('',#1183,#1184);
#1183 = CARTESIAN_POINT('',(15.3,-23.,8.));
#1184 = VECTOR('',#1185,1.);
#1185 = DIRECTION('',(0.,0.,1.));
#1186 = PCURVE('',#241,#1187);
#1187 = DEFINITIONAL_REPRESENTATION('',(#1188),#1192);
#1188 = LINE('',#1189,#1190);
#1189 = CARTESIAN_POINT('',(8.,49.3));
#1190 = VECTOR('',#1191,1.);
#1191 = DIRECTION('',(1.,0.));
#1192 = ( GEOMETRIC_REPRESENTATION_CONTEXT(2) 
PARAMETRIC_REPRESENTATION_CONTEXT() REPRESENTATION_CONTEXT('2D SPACE',''
  ) );
#1193 = PCURVE('',#1194,#1199);
#1194 = PLANE('',#1195);
#1195 = AXIS2_PLACEMENT_3D('',#1196,#1197,#1198);
#1196 = CARTESIAN_POINT('',(15.3,-23.,8.));
#1197 = DIRECTION('',(1.,0.,0.));
#1198 = DIRECTION('',(0.,0.,1.));
#1199 = DEFINITIONAL_REPRESENTATION('',(#1200),#1204);
#1200 = LINE('',#1201,#1202);
#1201 = CARTESIAN_POINT('',(0.,0.));
#1202 = VECTOR('',#1203,1.);
#1203 = DIRECTION('',(1.,0.));
#1204 = ( GEOMETRIC_REPRESENTATION_CONTEXT(2) 
PARAMETRIC_REPRESENTATION_CONTEXT() REPRESENTATION_CONTEXT('2D SPACE',''
  ) );
#1205 = ORIENTED_EDGE('',*,*,#1206,.T.);
#1206 = EDGE_CURVE('',#1179,#1207,#1209,.T.);
#1207 = VERTEX_POINT('',#1208);
#1208 = CARTESIAN_POINT('',(17.8,-23.,10.));
#1209 = SURFACE_CURVE('',#1210,(#1214,#1221),.PCURVE_S1.);
#1210 = LINE('',#1211,#1212);
#1211 = CARTESIAN_POINT('',(15.3,-23.,10.));
#1212 = VECTOR('',#1213,1.);
#1213 = DIRECTION('',(1.,0.,0.));
#1214 = PCURVE('',#241,#1215);
#1215 = DEFINITIONAL_REPRESENTATION('',(#1216),#1220);
#1216 = LINE('',#1217,#1218);
#1217 = CARTESIAN_POINT('',(10.,49.3));
#1218 = VECTOR('',#1219,1.);
#1219 = DIRECTION('',(0.,1.));
#1220 = ( GEOMETRIC_REPRESENTATION_CONTEXT(2) 
PARAMETRIC_REPRESENTATION_CONTEXT() REPRESENTATION_CONTEXT('2D SPACE',''
  ) );
#1221 = PCURVE('',#1222,#1227);
#1222 = PLANE('',#1223);
#1223 = AXIS2_PLACEMENT_3D('',#1224,#1225,#1226);
#1224 = CARTESIAN_POINT('',(15.3,-23.,10.));
#1225 = DIRECTION('',(0.,0.,1.));
#1226 = DIRECTION('',(1.,0.,0.));
#1227 = DEFINITIONAL_REPRESENTATION('',(#1228),#1232);
#1228 = LINE('',#1229,#1230);
#1229 = CARTESIAN_POINT('',(0.,0.));
#1230 = VECTOR('',#1231,1.);
#1231 = DIRECTION('',(1.,0.));
#1232 = ( GEOMETRIC_REPRESENTATION_CONTEXT(2) 
PARAMETRIC_REPRESENTATION_CONTEXT() REPRESENTATION_CONTEXT('2D SPACE',''
  ) );
#1233 = ORIENTED_EDGE('',*,*,#1234,.F.);
#1234 = EDGE_CURVE('',#1235,#1207,#1237,.T.);
#1235 = VERTEX_POINT('',#1236);
#1236 = CARTESIAN_POINT('',(17.8,-23.,8.));
#1237 = SURFACE_CURVE('',#1238,(#1242,#1249),.PCURVE_S1.);
#1238 = LINE('',#1239,#1240);
#1239 = CARTESIAN_POINT('',(17.8,-23.,8.));
#1240 = VECTOR('',#1241,1.);
#1241 = DIRECTION('',(0.,0.,1.));
#1242 = PCURVE('',#241,#1243);
#1243 = DEFINITIONAL_REPRESENTATION('',(#1244),#1248);
#1244 = LINE('',#1245,#1246);
#1245 = CARTESIAN_POINT('',(8.,51.8));
#1246 = VECTOR('',#1247,1.);
#1247 = DIRECTION('',(1.,0.));
#1248 = ( GEOMETRIC_REPRESENTATION_CONTEXT(2) 
PARAMETRIC_REPRESENTATION_CONTEXT() REPRESENTATION_CONTEXT('2D SPACE',''
  ) );
#1249 = PCURVE('',#1250,#1255);
#1250 = PLANE('',#1251);
#1251 = AXIS2_PLACEMENT_3D('',#1252,#1253,#1254);
#1252 = CARTESIAN_POINT('',(17.8,-23.,8.));
#1253 = DIRECTION('',(1.,0.,0.));
#1254 = DIRECTION('',(0.,0.,1.));
#1255 = DEFINITIONAL_REPRESENTATION('',(#1256),#1260);
#1256 = LINE('',#1257,#1258);
#1257 = CARTESIAN_POINT('',(0.,0.));
#1258 = VECTOR('',#1259,1.);
#1259 = DIRECTION('',(1.,0.));
#1260 = ( GEOMETRIC_REPRESENTATION_CONTEXT(2) 
PARAMETRIC_REPRESENTATION_CONTEXT() REPRESENTATION_CONTEXT('2D SPACE',''
  ) );
#1261 = ORIENTED_EDGE('',*,*,#1262,.T.);
#1262 = EDGE_CURVE('',#1235,#1263,#1265,.T.);
#1263 = VERTEX_POINT('',#1264);
#1264 = CARTESIAN_POINT('',(30.,-23.,8.));
#1265 = SURFACE_CURVE('',#1266,(#1270,#1277),.PCURVE_S1.);
#1266 = LINE('',#1267,#1268);
#1267 = CARTESIAN_POINT('',(-34.,-23.,8.));
#1268 = VECTOR('',#1269,1.);
#1269 = DIRECTION('',(1.,0.,0.));
#1270 = PCURVE('',#241,#1271);
#1271 = DEFINITIONAL_REPRESENTATION('',(#1272),#1276);
#1272 = LINE('',#1273,#1274);
#1273 = CARTESIAN_POINT('',(8.,0.));
#1274 = VECTOR('',#1275,1.);
#1275 = DIRECTION('',(0.,1.));
#1276 = ( GEOMETRIC_REPRESENTATION_CONTEXT(2) 
PARAMETRIC_REPRESENTATION_CONTEXT() REPRESENTATION_CONTEXT('2D SPACE',''
  ) );
#1277 = PCURVE('',#1278,#1283);
#1278 = PLANE('',#1279);
#1279 = AXIS2_PLACEMENT_3D('',#1280,#1281,#1282);
#1280 = CARTESIAN_POINT('',(-34.,-23.,8.));
#1281 = DIRECTION('',(0.,0.,1.));
#1282 = DIRECTION('',(1.,0.,0.));
#1283 = DEFINITIONAL_REPRESENTATION('',(#1284),#1288);
#1284 = LINE('',#1285,#1286);
#1285 = CARTESIAN_POINT('',(0.,0.));
#1286 = VECTOR('',#1287,1.);
#1287 = DIRECTION('',(1.,0.));
#1288 = ( GEOMETRIC_REPRESENTATION_CONTEXT(2) 
PARAMETRIC_REPRESENTATION_CONTEXT() REPRESENTATION_CONTEXT('2D SPACE',''
  ) );
#1289 = ORIENTED_EDGE('',*,*,#1290,.F.);
#1290 = EDGE_CURVE('',#226,#1263,#1291,.T.);
#1291 = SURFACE_CURVE('',#1292,(#1296,#1303),.PCURVE_S1.);
#1292 = LINE('',#1293,#1294);
#1293 = CARTESIAN_POINT('',(30.,-23.,0.));
#1294 = VECTOR('',#1295,1.);
#1295 = DIRECTION('',(0.,0.,1.));
#1296 = PCURVE('',#241,#1297);
#1297 = DEFINITIONAL_REPRESENTATION('',(#1298),#1302);
#1298 = LINE('',#1299,#1300);
#1299 = CARTESIAN_POINT('',(0.,64.));
#1300 = VECTOR('',#1301,1.);
#1301 = DIRECTION('',(1.,0.));
#1302 = ( GEOMETRIC_REPRESENTATION_CONTEXT(2) 
PARAMETRIC_REPRESENTATION_CONTEXT() REPRESENTATION_CONTEXT('2D SPACE',''
  ) );
#1303 = PCURVE('',#270,#1304);
#1304 = DEFINITIONAL_REPRESENTATION('',(#1305),#1309);
#1305 = LINE('',#1306,#1307);
#1306 = CARTESIAN_POINT('',(0.,0.));
#1307 = VECTOR('',#1308,1.);
#1308 = DIRECTION('',(0.,1.));
#1309 = ( GEOMETRIC_REPRESENTATION_CONTEXT(2) 
PARAMETRIC_REPRESENTATION_CONTEXT() REPRESENTATION_CONTEXT('2D SPACE',''
  ) );
#1310 = ADVANCED_FACE('',(#1311),#359,.T.);
#1311 = FACE_BOUND('',#1312,.T.);
#1312 = EDGE_LOOP('',(#1313,#1314,#1315,#1338,#1361,#1384,#1407,#1430,
    #1453,#1476,#1499,#1522));
#1313 = ORIENTED_EDGE('',*,*,#343,.F.);
#1314 = ORIENTED_EDGE('',*,*,#988,.T.);
#1315 = ORIENTED_EDGE('',*,*,#1316,.T.);
#1316 = EDGE_CURVE('',#989,#1317,#1319,.T.);
#1317 = VERTEX_POINT('',#1318);
#1318 = CARTESIAN_POINT('',(-17.8,23.,8.));
#1319 = SURFACE_CURVE('',#1320,(#1324,#1331),.PCURVE_S1.);
#1320 = LINE('',#1321,#1322);
#1321 = CARTESIAN_POINT('',(-34.,23.,8.));
#1322 = VECTOR('',#1323,1.);
#1323 = DIRECTION('',(1.,0.,0.));
#1324 = PCURVE('',#359,#1325);
#1325 = DEFINITIONAL_REPRESENTATION('',(#1326),#1330);
#1326 = LINE('',#1327,#1328);
#1327 = CARTESIAN_POINT('',(8.,0.));
#1328 = VECTOR('',#1329,1.);
#1329 = DIRECTION('',(0.,1.));
#1330 = ( GEOMETRIC_REPRESENTATION_CONTEXT(2) 
PARAMETRIC_REPRESENTATION_CONTEXT() REPRESENTATION_CONTEXT('2D SPACE',''
  ) );
#1331 = PCURVE('',#879,#1332);
#1332 = DEFINITIONAL_REPRESENTATION('',(#1333),#1337);
#1333 = LINE('',#1334,#1335);
#1334 = CARTESIAN_POINT('',(0.,46.));
#1335 = VECTOR('',#1336,1.);
#1336 = DIRECTION('',(1.,0.));
#1337 = ( GEOMETRIC_REPRESENTATION_CONTEXT(2) 
PARAMETRIC_REPRESENTATION_CONTEXT() REPRESENTATION_CONTEXT('2D SPACE',''
  ) );
#1338 = ORIENTED_EDGE('',*,*,#1339,.T.);
#1339 = EDGE_CURVE('',#1317,#1340,#1342,.T.);
#1340 = VERTEX_POINT('',#1341);
#1341 = CARTESIAN_POINT('',(-17.8,23.,10.));
#1342 = SURFACE_CURVE('',#1343,(#1347,#1354),.PCURVE_S1.);
#1343 = LINE('',#1344,#1345);
#1344 = CARTESIAN_POINT('',(-17.8,23.,8.));
#1345 = VECTOR('',#1346,1.);
#1346 = DIRECTION('',(0.,0.,1.));
#1347 = PCURVE('',#359,#1348);
#1348 = DEFINITIONAL_REPRESENTATION('',(#1349),#1353);
#1349 = LINE('',#1350,#1351);
#1350 = CARTESIAN_POINT('',(8.,16.2));
#1351 = VECTOR('',#1352,1.);
#1352 = DIRECTION('',(1.,0.));
#1353 = ( GEOMETRIC_REPRESENTATION_CONTEXT(2) 
PARAMETRIC_REPRESENTATION_CONTEXT() REPRESENTATION_CONTEXT('2D SPACE',''
  ) );
#1354 = PCURVE('',#1082,#1355);
#1355 = DEFINITIONAL_REPRESENTATION('',(#1356),#1360);
#1356 = LINE('',#1357,#1358);
#1357 = CARTESIAN_POINT('',(0.,-46.));
#1358 = VECTOR('',#1359,1.);
#1359 = DIRECTION('',(1.,0.));
#1360 = ( GEOMETRIC_REPRESENTATION_CONTEXT(2) 
PARAMETRIC_REPRESENTATION_CONTEXT() REPRESENTATION_CONTEXT('2D SPACE',''
  ) );
#1361 = ORIENTED_EDGE('',*,*,#1362,.T.);
#1362 = EDGE_CURVE('',#1340,#1363,#1365,.T.);
#1363 = VERTEX_POINT('',#1364);
#1364 = CARTESIAN_POINT('',(-15.3,23.,10.));
#1365 = SURFACE_CURVE('',#1366,(#1370,#1377),.PCURVE_S1.);
#1366 = LINE('',#1367,#1368);
#1367 = CARTESIAN_POINT('',(-17.8,23.,10.));
#1368 = VECTOR('',#1369,1.);
#1369 = DIRECTION('',(1.,0.,0.));
#1370 = PCURVE('',#359,#1371);
#1371 = DEFINITIONAL_REPRESENTATION('',(#1372),#1376);
#1372 = LINE('',#1373,#1374);
#1373 = CARTESIAN_POINT('',(10.,16.2));
#1374 = VECTOR('',#1375,1.);
#1375 = DIRECTION('',(0.,1.));
#1376 = ( GEOMETRIC_REPRESENTATION_CONTEXT(2) 
PARAMETRIC_REPRESENTATION_CONTEXT() REPRESENTATION_CONTEXT('2D SPACE',''
  ) );
#1377 = PCURVE('',#1110,#1378);
#1378 = DEFINITIONAL_REPRESENTATION('',(#1379),#1383);
#1379 = LINE('',#1380,#1381);
#1380 = CARTESIAN_POINT('',(0.,46.));
#1381 = VECTOR('',#1382,1.);
#1382 = DIRECTION('',(1.,0.));
#1383 = ( GEOMETRIC_REPRESENTATION_CONTEXT(2) 
PARAMETRIC_REPRESENTATION_CONTEXT() REPRESENTATION_CONTEXT('2D SPACE',''
  ) );
#1384 = ORIENTED_EDGE('',*,*,#1385,.F.);
#1385 = EDGE_CURVE('',#1386,#1363,#1388,.T.);
#1386 = VERTEX_POINT('',#1387);
#1387 = CARTESIAN_POINT('',(-15.3,23.,8.));
#1388 = SURFACE_CURVE('',#1389,(#1393,#1400),.PCURVE_S1.);
#1389 = LINE('',#1390,#1391);
#1390 = CARTESIAN_POINT('',(-15.3,23.,8.));
#1391 = VECTOR('',#1392,1.);
#1392 = DIRECTION('',(0.,0.,1.));
#1393 = PCURVE('',#359,#1394);
#1394 = DEFINITIONAL_REPRESENTATION('',(#1395),#1399);
#1395 = LINE('',#1396,#1397);
#1396 = CARTESIAN_POINT('',(8.,18.7));
#1397 = VECTOR('',#1398,1.);
#1398 = DIRECTION('',(1.,0.));
#1399 = ( GEOMETRIC_REPRESENTATION_CONTEXT(2) 
PARAMETRIC_REPRESENTATION_CONTEXT() REPRESENTATION_CONTEXT('2D SPACE',''
  ) );
#1400 = PCURVE('',#1138,#1401);
#1401 = DEFINITIONAL_REPRESENTATION('',(#1402),#1406);
#1402 = LINE('',#1403,#1404);
#1403 = CARTESIAN_POINT('',(0.,-46.));
#1404 = VECTOR('',#1405,1.);
#1405 = DIRECTION('',(1.,0.));
#1406 = ( GEOMETRIC_REPRESENTATION_CONTEXT(2) 
PARAMETRIC_REPRESENTATION_CONTEXT() REPRESENTATION_CONTEXT('2D SPACE',''
  ) );
#1407 = ORIENTED_EDGE('',*,*,#1408,.T.);
#1408 = EDGE_CURVE('',#1386,#1409,#1411,.T.);
#1409 = VERTEX_POINT('',#1410);
#1410 = CARTESIAN_POINT('',(15.3,23.,8.));
#1411 = SURFACE_CURVE('',#1412,(#1416,#1423),.PCURVE_S1.);
#1412 = LINE('',#1413,#1414);
#1413 = CARTESIAN_POINT('',(-34.,23.,8.));
#1414 = VECTOR('',#1415,1.);
#1415 = DIRECTION('',(1.,0.,0.));
#1416 = PCURVE('',#359,#1417);
#1417 = DEFINITIONAL_REPRESENTATION('',(#1418),#1422);
#1418 = LINE('',#1419,#1420);
#1419 = CARTESIAN_POINT('',(8.,0.));
#1420 = VECTOR('',#1421,1.);
#1421 = DIRECTION('',(0.,1.));
#1422 = ( GEOMETRIC_REPRESENTATION_CONTEXT(2) 
PARAMETRIC_REPRESENTATION_CONTEXT() REPRESENTATION_CONTEXT('2D SPACE',''
  ) );
#1423 = PCURVE('',#1166,#1424);
#1424 = DEFINITIONAL_REPRESENTATION('',(#1425),#1429);
#1425 = LINE('',#1426,#1427);
#1426 = CARTESIAN_POINT('',(0.,46.));
#1427 = VECTOR('',#1428,1.);
#1428 = DIRECTION('',(1.,0.));
#1429 = ( GEOMETRIC_REPRESENTATION_CONTEXT(2) 
PARAMETRIC_REPRESENTATION_CONTEXT() REPRESENTATION_CONTEXT('2D SPACE',''
  ) );
#1430 = ORIENTED_EDGE('',*,*,#1431,.T.);
#1431 = EDGE_CURVE('',#1409,#1432,#1434,.T.);
#1432 = VERTEX_POINT('',#1433);
#1433 = CARTESIAN_POINT('',(15.3,23.,10.));
#1434 = SURFACE_CURVE('',#1435,(#1439,#1446),.PCURVE_S1.);
#1435 = LINE('',#1436,#1437);
#1436 = CARTESIAN_POINT('',(15.3,23.,8.));
#1437 = VECTOR('',#1438,1.);
#1438 = DIRECTION('',(0.,0.,1.));
#1439 = PCURVE('',#359,#1440);
#1440 = DEFINITIONAL_REPRESENTATION('',(#1441),#1445);
#1441 = LINE('',#1442,#1443);
#1442 = CARTESIAN_POINT('',(8.,49.3));
#1443 = VECTOR('',#1444,1.);
#1444 = DIRECTION('',(1.,0.));
#1445 = ( GEOMETRIC_REPRESENTATION_CONTEXT(2) 
PARAMETRIC_REPRESENTATION_CONTEXT() REPRESENTATION_CONTEXT('2D SPACE',''
  ) );
#1446 = PCURVE('',#1194,#1447);
#1447 = DEFINITIONAL_REPRESENTATION('',(#1448),#1452);
#1448 = LINE('',#1449,#1450);
#1449 = CARTESIAN_POINT('',(0.,-46.));
#1450 = VECTOR('',#1451,1.);
#1451 = DIRECTION('',(1.,0.));
#1452 = ( GEOMETRIC_REPRESENTATION_CONTEXT(2) 
PARAMETRIC_REPRESENTATION_CONTEXT() REPRESENTATION_CONTEXT('2D SPACE',''
  ) );
#1453 = ORIENTED_EDGE('',*,*,#1454,.T.);
#1454 = EDGE_CURVE('',#1432,#1455,#1457,.T.);
#1455 = VERTEX_POINT('',#1456);
#1456 = CARTESIAN_POINT('',(17.8,23.,10.));
#1457 = SURFACE_CURVE('',#1458,(#1462,#1469),.PCURVE_S1.);
#1458 = LINE('',#1459,#1460);
#1459 = CARTESIAN_POINT('',(15.3,23.,10.));
#1460 = VECTOR('',#1461,1.);
#1461 = DIRECTION('',(1.,0.,0.));
#1462 = PCURVE('',#359,#1463);
#1463 = DEFINITIONAL_REPRESENTATION('',(#1464),#1468);
#1464 = LINE('',#1465,#1466);
#1465 = CARTESIAN_POINT('',(10.,49.3));
#1466 = VECTOR('',#1467,1.);
#1467 = DIRECTION('',(0.,1.));
#1468 = ( GEOMETRIC_REPRESENTATION_CONTEXT(2) 
PARAMETRIC_REPRESENTATION_CONTEXT() REPRESENTATION_CONTEXT('2D SPACE',''
  ) );
#1469 = PCURVE('',#1222,#1470);
#1470 = DEFINITIONAL_REPRESENTATION('',(#1471),#1475);
#1471 = LINE('',#1472,#1473);
#1472 = CARTESIAN_POINT('',(0.,46.));
#1473 = VECTOR('',#1474,1.);
#1474 = DIRECTION('',(1.,0.));
#1475 = ( GEOMETRIC_REPRESENTATION_CONTEXT(2) 
PARAMETRIC_REPRESENTATION_CONTEXT() REPRESENTATION_CONTEXT('2D SPACE',''
  ) );
#1476 = ORIENTED_EDGE('',*,*,#1477,.F.);
#1477 = EDGE_CURVE('',#1478,#1455,#1480,.T.);
#1478 = VERTEX_POINT('',#1479);
#1479 = CARTESIAN_POINT('',(17.8,23.,8.));
#1480 = SURFACE_CURVE('',#1481,(#1485,#1492),.PCURVE_S1.);
#1481 = LINE('',#1482,#1483);
#1482 = CARTESIAN_POINT('',(17.8,23.,8.));
#1483 = VECTOR('',#1484,1.);
#1484 = DIRECTION('',(0.,0.,1.));
#1485 = PCURVE('',#359,#1486);
#1486 = DEFINITIONAL_REPRESENTATION('',(#1487),#1491);
#1487 = LINE('',#1488,#1489);
#1488 = CARTESIAN_POINT('',(8.,51.8));
#1489 = VECTOR('',#1490,1.);
#1490 = DIRECTION('',(1.,0.));
#1491 = ( GEOMETRIC_REPRESENTATION_CONTEXT(2) 
PARAMETRIC_REPRESENTATION_CONTEXT() REPRESENTATION_CONTEXT('2D SPACE',''
  ) );
#1492 = PCURVE('',#1250,#1493);
#1493 = DEFINITIONAL_REPRESENTATION('',(#1494),#1498);
#1494 = LINE('',#1495,#1496);
#1495 = CARTESIAN_POINT('',(0.,-46.));
#1496 = VECTOR('',#1497,1.);
#1497 = DIRECTION('',(1.,0.));
#1498 = ( GEOMETRIC_REPRESENTATION_CONTEXT(2) 
PARAMETRIC_REPRESENTATION_CONTEXT() REPRESENTATION_CONTEXT('2D SPACE',''
  ) );
#1499 = ORIENTED_EDGE('',*,*,#1500,.T.);
#1500 = EDGE_CURVE('',#1478,#1501,#1503,.T.);
#1501 = VERTEX_POINT('',#1502);
#1502 = CARTESIAN_POINT('',(30.,23.,8.));
#1503 = SURFACE_CURVE('',#1504,(#1508,#1515),.PCURVE_S1.);
#1504 = LINE('',#1505,#1506);
#1505 = CARTESIAN_POINT('',(-34.,23.,8.));
#1506 = VECTOR('',#1507,1.);
#1507 = DIRECTION('',(1.,0.,0.));
#1508 = PCURVE('',#359,#1509);
#1509 = DEFINITIONAL_REPRESENTATION('',(#1510),#1514);
#1510 = LINE('',#1511,#1512);
#1511 = CARTESIAN_POINT('',(8.,0.));
#1512 = VECTOR('',#1513,1.);
#1513 = DIRECTION('',(0.,1.));
#1514 = ( GEOMETRIC_REPRESENTATION_CONTEXT(2) 
PARAMETRIC_REPRESENTATION_CONTEXT() REPRESENTATION_CONTEXT('2D SPACE',''
  ) );
#1515 = PCURVE('',#1278,#1516);
#1516 = DEFINITIONAL_REPRESENTATION('',(#1517),#1521);
#1517 = LINE('',#1518,#1519);
#1518 = CARTESIAN_POINT('',(0.,46.));
#1519 = VECTOR('',#1520,1.);
#1520 = DIRECTION('',(1.,0.));
#1521 = ( GEOMETRIC_REPRESENTATION_CONTEXT(2) 
PARAMETRIC_REPRESENTATION_CONTEXT() REPRESENTATION_CONTEXT('2D SPACE',''
  ) );
#1522 = ORIENTED_EDGE('',*,*,#1523,.F.);
#1523 = EDGE_CURVE('',#311,#1501,#1524,.T.);
#1524 = SURFACE_CURVE('',#1525,(#1529,#1536),.PCURVE_S1.);
#1525 = LINE('',#1526,#1527);
#1526 = CARTESIAN_POINT('',(30.,23.,0.));
#1527 = VECTOR('',#1528,1.);
#1528 = DIRECTION('',(0.,0.,1.));
#1529 = PCURVE('',#359,#1530);
#1530 = DEFINITIONAL_REPRESENTATION('',(#1531),#1535);
#1531 = LINE('',#1532,#1533);
#1532 = CARTESIAN_POINT('',(0.,64.));
#1533 = VECTOR('',#1534,1.);
#1534 = DIRECTION('',(1.,0.));
#1535 = ( GEOMETRIC_REPRESENTATION_CONTEXT(2) 
PARAMETRIC_REPRESENTATION_CONTEXT() REPRESENTATION_CONTEXT('2D SPACE',''
  ) );
#1536 = PCURVE('',#331,#1537);
#1537 = DEFINITIONAL_REPRESENTATION('',(#1538),#1542);
#1538 = LINE('',#1539,#1540);
#1539 = CARTESIAN_POINT('',(-0.,0.));
#1540 = VECTOR('',#1541,1.);
#1541 = DIRECTION('',(-0.,1.));
#1542 = ( GEOMETRIC_REPRESENTATION_CONTEXT(2) 
PARAMETRIC_REPRESENTATION_CONTEXT() REPRESENTATION_CONTEXT('2D SPACE',''
  ) );
#1543 = ADVANCED_FACE('',(#1544),#270,.T.);
#1544 = FACE_BOUND('',#1545,.T.);
#1545 = EDGE_LOOP('',(#1546,#1547,#1570,#1592));
#1546 = ORIENTED_EDGE('',*,*,#253,.T.);
#1547 = ORIENTED_EDGE('',*,*,#1548,.T.);
#1548 = EDGE_CURVE('',#254,#1549,#1551,.T.);
#1549 = VERTEX_POINT('',#1550);
#1550 = CARTESIAN_POINT('',(34.,-19.,8.));
#1551 = SURFACE_CURVE('',#1552,(#1556,#1563),.PCURVE_S1.);
#1552 = LINE('',#1553,#1554);
#1553 = CARTESIAN_POINT('',(34.,-19.,0.));
#1554 = VECTOR('',#1555,1.);
#1555 = DIRECTION('',(0.,0.,1.));
#1556 = PCURVE('',#270,#1557);
#1557 = DEFINITIONAL_REPRESENTATION('',(#1558),#1562);
#1558 = LINE('',#1559,#1560);
#1559 = CARTESIAN_POINT('',(1.570796326795,0.));
#1560 = VECTOR('',#1561,1.);
#1561 = DIRECTION('',(0.,1.));
#1562 = ( GEOMETRIC_REPRESENTATION_CONTEXT(2) 
PARAMETRIC_REPRESENTATION_CONTEXT() REPRESENTATION_CONTEXT('2D SPACE',''
  ) );
#1563 = PCURVE('',#298,#1564);
#1564 = DEFINITIONAL_REPRESENTATION('',(#1565),#1569);
#1565 = LINE('',#1566,#1567);
#1566 = CARTESIAN_POINT('',(0.,-4.));
#1567 = VECTOR('',#1568,1.);
#1568 = DIRECTION('',(1.,0.));
#1569 = ( GEOMETRIC_REPRESENTATION_CONTEXT(2) 
PARAMETRIC_REPRESENTATION_CONTEXT() REPRESENTATION_CONTEXT('2D SPACE',''
  ) );
#1570 = ORIENTED_EDGE('',*,*,#1571,.F.);
#1571 = EDGE_CURVE('',#1263,#1549,#1572,.T.);
#1572 = SURFACE_CURVE('',#1573,(#1578,#1585),.PCURVE_S1.);
#1573 = CIRCLE('',#1574,4.);
#1574 = AXIS2_PLACEMENT_3D('',#1575,#1576,#1577);
#1575 = CARTESIAN_POINT('',(30.,-19.,8.));
#1576 = DIRECTION('',(0.,0.,1.));
#1577 = DIRECTION('',(0.,-1.,0.));
#1578 = PCURVE('',#270,#1579);
#1579 = DEFINITIONAL_REPRESENTATION('',(#1580),#1584);
#1580 = LINE('',#1581,#1582);
#1581 = CARTESIAN_POINT('',(0.,8.));
#1582 = VECTOR('',#1583,1.);
#1583 = DIRECTION('',(1.,0.));
#1584 = ( GEOMETRIC_REPRESENTATION_CONTEXT(2) 
PARAMETRIC_REPRESENTATION_CONTEXT() REPRESENTATION_CONTEXT('2D SPACE',''
  ) );
#1585 = PCURVE('',#1278,#1586);
#1586 = DEFINITIONAL_REPRESENTATION('',(#1587),#1591);
#1587 = CIRCLE('',#1588,4.);
#1588 = AXIS2_PLACEMENT_2D('',#1589,#1590);
#1589 = CARTESIAN_POINT('',(64.,4.));
#1590 = DIRECTION('',(0.,-1.));
#1591 = ( GEOMETRIC_REPRESENTATION_CONTEXT(2) 
PARAMETRIC_REPRESENTATION_CONTEXT() REPRESENTATION_CONTEXT('2D SPACE',''
  ) );
#1592 = ORIENTED_EDGE('',*,*,#1290,.F.);
#1593 = ADVANCED_FACE('',(#1594),#331,.T.);
#1594 = FACE_BOUND('',#1595,.F.);
#1595 = EDGE_LOOP('',(#1596,#1597,#1620,#1646));
#1596 = ORIENTED_EDGE('',*,*,#310,.T.);
#1597 = ORIENTED_EDGE('',*,*,#1598,.T.);
#1598 = EDGE_CURVE('',#283,#1599,#1601,.T.);
#1599 = VERTEX_POINT('',#1600);
#1600 = CARTESIAN_POINT('',(34.,19.,8.));
#1601 = SURFACE_CURVE('',#1602,(#1606,#1613),.PCURVE_S1.);
#1602 = LINE('',#1603,#1604);
#1603 = CARTESIAN_POINT('',(34.,19.,0.));
#1604 = VECTOR('',#1605,1.);
#1605 = DIRECTION('',(0.,0.,1.));
#1606 = PCURVE('',#331,#1607);
#1607 = DEFINITIONAL_REPRESENTATION('',(#1608),#1612);
#1608 = LINE('',#1609,#1610);
#1609 = CARTESIAN_POINT('',(-1.570796326795,0.));
#1610 = VECTOR('',#1611,1.);
#1611 = DIRECTION('',(-0.,1.));
#1612 = ( GEOMETRIC_REPRESENTATION_CONTEXT(2) 
PARAMETRIC_REPRESENTATION_CONTEXT() REPRESENTATION_CONTEXT('2D SPACE',''
  ) );
#1613 = PCURVE('',#298,#1614);
#1614 = DEFINITIONAL_REPRESENTATION('',(#1615),#1619);
#1615 = LINE('',#1616,#1617);
#1616 = CARTESIAN_POINT('',(0.,-42.));
#1617 = VECTOR('',#1618,1.);
#1618 = DIRECTION('',(1.,0.));
#1619 = ( GEOMETRIC_REPRESENTATION_CONTEXT(2) 
PARAMETRIC_REPRESENTATION_CONTEXT() REPRESENTATION_CONTEXT('2D SPACE',''
  ) );
#1620 = ORIENTED_EDGE('',*,*,#1621,.F.);
#1621 = EDGE_CURVE('',#1501,#1599,#1622,.T.);
#1622 = SURFACE_CURVE('',#1623,(#1628,#1635),.PCURVE_S1.);
#1623 = CIRCLE('',#1624,4.);
#1624 = AXIS2_PLACEMENT_3D('',#1625,#1626,#1627);
#1625 = CARTESIAN_POINT('',(30.,19.,8.));
#1626 = DIRECTION('',(-0.,-0.,-1.));
#1627 = DIRECTION('',(0.,-1.,0.));
#1628 = PCURVE('',#331,#1629);
#1629 = DEFINITIONAL_REPRESENTATION('',(#1630),#1634);
#1630 = LINE('',#1631,#1632);
#1631 = CARTESIAN_POINT('',(3.14159265359,8.));
#1632 = VECTOR('',#1633,1.);
#1633 = DIRECTION('',(-1.,0.));
#1634 = ( GEOMETRIC_REPRESENTATION_CONTEXT(2) 
PARAMETRIC_REPRESENTATION_CONTEXT() REPRESENTATION_CONTEXT('2D SPACE',''
  ) );
#1635 = PCURVE('',#1278,#1636);
#1636 = DEFINITIONAL_REPRESENTATION('',(#1637),#1645);
#1637 = ( BOUNDED_CURVE() B_SPLINE_CURVE(2,(#1638,#1639,#1640,#1641,
#1642,#1643,#1644),.UNSPECIFIED.,.T.,.F.) B_SPLINE_CURVE_WITH_KNOTS((1,2
    ,2,2,2,1),(-2.094395102393,0.,2.094395102393,4.188790204786,
6.28318530718,8.377580409573),.UNSPECIFIED.) CURVE() 
GEOMETRIC_REPRESENTATION_ITEM() RATIONAL_B_SPLINE_CURVE((1.,0.5,1.,0.5,
1.,0.5,1.)) REPRESENTATION_ITEM('') );
#1638 = CARTESIAN_POINT('',(64.,38.));
#1639 = CARTESIAN_POINT('',(57.071796769724,38.));
#1640 = CARTESIAN_POINT('',(60.535898384862,44.));
#1641 = CARTESIAN_POINT('',(64.,50.));
#1642 = CARTESIAN_POINT('',(67.464101615138,44.));
#1643 = CARTESIAN_POINT('',(70.928203230276,38.));
#1644 = CARTESIAN_POINT('',(64.,38.));
#1645 = ( GEOMETRIC_REPRESENTATION_CONTEXT(2) 
PARAMETRIC_REPRESENTATION_CONTEXT() REPRESENTATION_CONTEXT('2D SPACE',''
  ) );
#1646 = ORIENTED_EDGE('',*,*,#1523,.F.);
#1647 = ADVANCED_FACE('',(#1648),#298,.T.);
#1648 = FACE_BOUND('',#1649,.T.);
#1649 = EDGE_LOOP('',(#1650,#1671,#1672,#1673));
#1650 = ORIENTED_EDGE('',*,*,#1651,.F.);
#1651 = EDGE_CURVE('',#1549,#1599,#1652,.T.);
#1652 = SURFACE_CURVE('',#1653,(#1657,#1664),.PCURVE_S1.);
#1653 = LINE('',#1654,#1655);
#1654 = CARTESIAN_POINT('',(34.,-23.,8.));
#1655 = VECTOR('',#1656,1.);
#1656 = DIRECTION('',(0.,1.,0.));
#1657 = PCURVE('',#298,#1658);
#1658 = DEFINITIONAL_REPRESENTATION('',(#1659),#1663);
#1659 = LINE('',#1660,#1661);
#1660 = CARTESIAN_POINT('',(8.,0.));
#1661 = VECTOR('',#1662,1.);
#1662 = DIRECTION('',(0.,-1.));
#1663 = ( GEOMETRIC_REPRESENTATION_CONTEXT(2) 
PARAMETRIC_REPRESENTATION_CONTEXT() REPRESENTATION_CONTEXT('2D SPACE',''
  ) );
#1664 = PCURVE('',#1278,#1665);
#1665 = DEFINITIONAL_REPRESENTATION('',(#1666),#1670);
#1666 = LINE('',#1667,#1668);
#1667 = CARTESIAN_POINT('',(68.,0.));
#1668 = VECTOR('',#1669,1.);
#1669 = DIRECTION('',(0.,1.));
#1670 = ( GEOMETRIC_REPRESENTATION_CONTEXT(2) 
PARAMETRIC_REPRESENTATION_CONTEXT() REPRESENTATION_CONTEXT('2D SPACE',''
  ) );
#1671 = ORIENTED_EDGE('',*,*,#1548,.F.);
#1672 = ORIENTED_EDGE('',*,*,#282,.T.);
#1673 = ORIENTED_EDGE('',*,*,#1598,.T.);
#1674 = ADVANCED_FACE('',(#1675),#427,.F.);
#1675 = FACE_BOUND('',#1676,.F.);
#1676 = EDGE_LOOP('',(#1677,#1678,#1701,#1729));
#1677 = ORIENTED_EDGE('',*,*,#404,.F.);
#1678 = ORIENTED_EDGE('',*,*,#1679,.T.);
#1679 = EDGE_CURVE('',#405,#1680,#1682,.T.);
#1680 = VERTEX_POINT('',#1681);
#1681 = CARTESIAN_POINT('',(-21.9,-13.,8.));
#1682 = SURFACE_CURVE('',#1683,(#1687,#1694),.PCURVE_S1.);
#1683 = LINE('',#1684,#1685);
#1684 = CARTESIAN_POINT('',(-21.9,-13.,0.));
#1685 = VECTOR('',#1686,1.);
#1686 = DIRECTION('',(0.,0.,1.));
#1687 = PCURVE('',#427,#1688);
#1688 = DEFINITIONAL_REPRESENTATION('',(#1689),#1693);
#1689 = LINE('',#1690,#1691);
#1690 = CARTESIAN_POINT('',(0.,0.));
#1691 = VECTOR('',#1692,1.);
#1692 = DIRECTION('',(0.,-1.));
#1693 = ( GEOMETRIC_REPRESENTATION_CONTEXT(2) 
PARAMETRIC_REPRESENTATION_CONTEXT() REPRESENTATION_CONTEXT('2D SPACE',''
  ) );
#1694 = PCURVE('',#514,#1695);
#1695 = DEFINITIONAL_REPRESENTATION('',(#1696),#1700);
#1696 = LINE('',#1697,#1698);
#1697 = CARTESIAN_POINT('',(26.,0.));
#1698 = VECTOR('',#1699,1.);
#1699 = DIRECTION('',(0.,-1.));
#1700 = ( GEOMETRIC_REPRESENTATION_CONTEXT(2) 
PARAMETRIC_REPRESENTATION_CONTEXT() REPRESENTATION_CONTEXT('2D SPACE',''
  ) );
#1701 = ORIENTED_EDGE('',*,*,#1702,.T.);
#1702 = EDGE_CURVE('',#1680,#1703,#1705,.T.);
#1703 = VERTEX_POINT('',#1704);
#1704 = CARTESIAN_POINT('',(-28.9,-13.,8.));
#1705 = SURFACE_CURVE('',#1706,(#1711,#1718),.PCURVE_S1.);
#1706 = CIRCLE('',#1707,3.5);
#1707 = AXIS2_PLACEMENT_3D('',#1708,#1709,#1710);
#1708 = CARTESIAN_POINT('',(-25.4,-13.,8.));
#1709 = DIRECTION('',(0.,-0.,-1.));
#1710 = DIRECTION('',(1.,-1.110223024625E-16,0.));
#1711 = PCURVE('',#427,#1712);
#1712 = DEFINITIONAL_REPRESENTATION('',(#1713),#1717);
#1713 = LINE('',#1714,#1715);
#1714 = CARTESIAN_POINT('',(0.,-8.));
#1715 = VECTOR('',#1716,1.);
#1716 = DIRECTION('',(1.,0.));
#1717 = ( GEOMETRIC_REPRESENTATION_CONTEXT(2) 
PARAMETRIC_REPRESENTATION_CONTEXT() REPRESENTATION_CONTEXT('2D SPACE',''
  ) );
#1718 = PCURVE('',#879,#1719);
#1719 = DEFINITIONAL_REPRESENTATION('',(#1720),#1728);
#1720 = ( BOUNDED_CURVE() B_SPLINE_CURVE(2,(#1721,#1722,#1723,#1724,
#1725,#1726,#1727),.UNSPECIFIED.,.T.,.F.) B_SPLINE_CURVE_WITH_KNOTS((1,2
    ,2,2,2,1),(-2.094395102393,0.,2.094395102393,4.188790204786,
6.28318530718,8.377580409573),.UNSPECIFIED.) CURVE() 
GEOMETRIC_REPRESENTATION_ITEM() RATIONAL_B_SPLINE_CURVE((1.,0.5,1.,0.5,
1.,0.5,1.)) REPRESENTATION_ITEM('') );
#1721 = CARTESIAN_POINT('',(12.1,10.));
#1722 = CARTESIAN_POINT('',(12.1,3.937822173509));
#1723 = CARTESIAN_POINT('',(6.85,6.968911086754));
#1724 = CARTESIAN_POINT('',(1.6,10.));
#1725 = CARTESIAN_POINT('',(6.85,13.031088913246));
#1726 = CARTESIAN_POINT('',(12.1,16.062177826491));
#1727 = CARTESIAN_POINT('',(12.1,10.));
#1728 = ( GEOMETRIC_REPRESENTATION_CONTEXT(2) 
PARAMETRIC_REPRESENTATION_CONTEXT() REPRESENTATION_CONTEXT('2D SPACE',''
  ) );
#1729 = ORIENTED_EDGE('',*,*,#1730,.F.);
#1730 = EDGE_CURVE('',#407,#1703,#1731,.T.);
#1731 = SURFACE_CURVE('',#1732,(#1736,#1743),.PCURVE_S1.);
#1732 = LINE('',#1733,#1734);
#1733 = CARTESIAN_POINT('',(-28.9,-13.,0.));
#1734 = VECTOR('',#1735,1.);
#1735 = DIRECTION('',(0.,0.,1.));
#1736 = PCURVE('',#427,#1737);
#1737 = DEFINITIONAL_REPRESENTATION('',(#1738),#1742);
#1738 = LINE('',#1739,#1740);
#1739 = CARTESIAN_POINT('',(3.14159265359,0.));
#1740 = VECTOR('',#1741,1.);
#1741 = DIRECTION('',(0.,-1.));
#1742 = ( GEOMETRIC_REPRESENTATION_CONTEXT(2) 
PARAMETRIC_REPRESENTATION_CONTEXT() REPRESENTATION_CONTEXT('2D SPACE',''
  ) );
#1743 = PCURVE('',#455,#1744);
#1744 = DEFINITIONAL_REPRESENTATION('',(#1745),#1749);
#1745 = LINE('',#1746,#1747);
#1746 = CARTESIAN_POINT('',(0.,0.));
#1747 = VECTOR('',#1748,1.);
#1748 = DIRECTION('',(0.,-1.));
#1749 = ( GEOMETRIC_REPRESENTATION_CONTEXT(2) 
PARAMETRIC_REPRESENTATION_CONTEXT() REPRESENTATION_CONTEXT('2D SPACE',''
  ) );
#1750 = ADVANCED_FACE('',(#1751),#514,.F.);
#1751 = FACE_BOUND('',#1752,.F.);
#1752 = EDGE_LOOP('',(#1753,#1754,#1777,#1796));
#1753 = ORIENTED_EDGE('',*,*,#500,.F.);
#1754 = ORIENTED_EDGE('',*,*,#1755,.T.);
#1755 = EDGE_CURVE('',#468,#1756,#1758,.T.);
#1756 = VERTEX_POINT('',#1757);
#1757 = CARTESIAN_POINT('',(-21.9,13.,8.));
#1758 = SURFACE_CURVE('',#1759,(#1763,#1770),.PCURVE_S1.);
#1759 = LINE('',#1760,#1761);
#1760 = CARTESIAN_POINT('',(-21.9,13.,0.));
#1761 = VECTOR('',#1762,1.);
#1762 = DIRECTION('',(0.,0.,1.));
#1763 = PCURVE('',#514,#1764);
#1764 = DEFINITIONAL_REPRESENTATION('',(#1765),#1769);
#1765 = LINE('',#1766,#1767);
#1766 = CARTESIAN_POINT('',(0.,0.));
#1767 = VECTOR('',#1768,1.);
#1768 = DIRECTION('',(0.,-1.));
#1769 = ( GEOMETRIC_REPRESENTATION_CONTEXT(2) 
PARAMETRIC_REPRESENTATION_CONTEXT() REPRESENTATION_CONTEXT('2D SPACE',''
  ) );
#1770 = PCURVE('',#488,#1771);
#1771 = DEFINITIONAL_REPRESENTATION('',(#1772),#1776);
#1772 = LINE('',#1773,#1774);
#1773 = CARTESIAN_POINT('',(3.14159265359,0.));
#1774 = VECTOR('',#1775,1.);
#1775 = DIRECTION('',(0.,-1.));
#1776 = ( GEOMETRIC_REPRESENTATION_CONTEXT(2) 
PARAMETRIC_REPRESENTATION_CONTEXT() REPRESENTATION_CONTEXT('2D SPACE',''
  ) );
#1777 = ORIENTED_EDGE('',*,*,#1778,.F.);
#1778 = EDGE_CURVE('',#1680,#1756,#1779,.T.);
#1779 = SURFACE_CURVE('',#1780,(#1784,#1790),.PCURVE_S1.);
#1780 = LINE('',#1781,#1782);
#1781 = CARTESIAN_POINT('',(-21.9,-5.,8.));
#1782 = VECTOR('',#1783,1.);
#1783 = DIRECTION('',(1.110223024625E-16,1.,-0.));
#1784 = PCURVE('',#514,#1785);
#1785 = DEFINITIONAL_REPRESENTATION('',(#1786),#1789);
#1786 = B_SPLINE_CURVE_WITH_KNOTS('',1,(#1787,#1788),.UNSPECIFIED.,.F.,
  .F.,(2,2),(-8.,18.),.PIECEWISE_BEZIER_KNOTS.);
#1787 = CARTESIAN_POINT('',(26.,-8.));
#1788 = CARTESIAN_POINT('',(0.,-8.));
#1789 = ( GEOMETRIC_REPRESENTATION_CONTEXT(2) 
PARAMETRIC_REPRESENTATION_CONTEXT() REPRESENTATION_CONTEXT('2D SPACE',''
  ) );
#1790 = PCURVE('',#879,#1791);
#1791 = DEFINITIONAL_REPRESENTATION('',(#1792),#1795);
#1792 = B_SPLINE_CURVE_WITH_KNOTS('',1,(#1793,#1794),.UNSPECIFIED.,.F.,
  .F.,(2,2),(-8.,18.),.PIECEWISE_BEZIER_KNOTS.);
#1793 = CARTESIAN_POINT('',(12.1,10.));
#1794 = CARTESIAN_POINT('',(12.1,36.));
#1795 = ( GEOMETRIC_REPRESENTATION_CONTEXT(2) 
PARAMETRIC_REPRESENTATION_CONTEXT() REPRESENTATION_CONTEXT('2D SPACE',''
  ) );
#1796 = ORIENTED_EDGE('',*,*,#1679,.F.);
#1797 = ADVANCED_FACE('',(#1798),#455,.F.);
#1798 = FACE_BOUND('',#1799,.F.);
#1799 = EDGE_LOOP('',(#1800,#1801,#1802,#1823));
#1800 = ORIENTED_EDGE('',*,*,#439,.F.);
#1801 = ORIENTED_EDGE('',*,*,#1730,.T.);
#1802 = ORIENTED_EDGE('',*,*,#1803,.F.);
#1803 = EDGE_CURVE('',#1804,#1703,#1806,.T.);
#1804 = VERTEX_POINT('',#1805);
#1805 = CARTESIAN_POINT('',(-28.9,13.,8.));
#1806 = SURFACE_CURVE('',#1807,(#1811,#1817),.PCURVE_S1.);
#1807 = LINE('',#1808,#1809);
#1808 = CARTESIAN_POINT('',(-28.9,-18.,8.));
#1809 = VECTOR('',#1810,1.);
#1810 = DIRECTION('',(-1.110223024625E-16,-1.,0.));
#1811 = PCURVE('',#455,#1812);
#1812 = DEFINITIONAL_REPRESENTATION('',(#1813),#1816);
#1813 = B_SPLINE_CURVE_WITH_KNOTS('',1,(#1814,#1815),.UNSPECIFIED.,.F.,
  .F.,(2,2),(-31.,-5.),.PIECEWISE_BEZIER_KNOTS.);
#1814 = CARTESIAN_POINT('',(26.,-8.));
#1815 = CARTESIAN_POINT('',(0.,-8.));
#1816 = ( GEOMETRIC_REPRESENTATION_CONTEXT(2) 
PARAMETRIC_REPRESENTATION_CONTEXT() REPRESENTATION_CONTEXT('2D SPACE',''
  ) );
#1817 = PCURVE('',#879,#1818);
#1818 = DEFINITIONAL_REPRESENTATION('',(#1819),#1822);
#1819 = B_SPLINE_CURVE_WITH_KNOTS('',1,(#1820,#1821),.UNSPECIFIED.,.F.,
  .F.,(2,2),(-31.,-5.),.PIECEWISE_BEZIER_KNOTS.);
#1820 = CARTESIAN_POINT('',(5.1,36.));
#1821 = CARTESIAN_POINT('',(5.1,10.));
#1822 = ( GEOMETRIC_REPRESENTATION_CONTEXT(2) 
PARAMETRIC_REPRESENTATION_CONTEXT() REPRESENTATION_CONTEXT('2D SPACE',''
  ) );
#1823 = ORIENTED_EDGE('',*,*,#1824,.F.);
#1824 = EDGE_CURVE('',#440,#1804,#1825,.T.);
#1825 = SURFACE_CURVE('',#1826,(#1830,#1837),.PCURVE_S1.);
#1826 = LINE('',#1827,#1828);
#1827 = CARTESIAN_POINT('',(-28.9,13.,0.));
#1828 = VECTOR('',#1829,1.);
#1829 = DIRECTION('',(0.,0.,1.));
#1830 = PCURVE('',#455,#1831);
#1831 = DEFINITIONAL_REPRESENTATION('',(#1832),#1836);
#1832 = LINE('',#1833,#1834);
#1833 = CARTESIAN_POINT('',(26.,0.));
#1834 = VECTOR('',#1835,1.);
#1835 = DIRECTION('',(0.,-1.));
#1836 = ( GEOMETRIC_REPRESENTATION_CONTEXT(2) 
PARAMETRIC_REPRESENTATION_CONTEXT() REPRESENTATION_CONTEXT('2D SPACE',''
  ) );
#1837 = PCURVE('',#488,#1838);
#1838 = DEFINITIONAL_REPRESENTATION('',(#1839),#1843);
#1839 = LINE('',#1840,#1841);
#1840 = CARTESIAN_POINT('',(0.,0.));
#1841 = VECTOR('',#1842,1.);
#1842 = DIRECTION('',(0.,-1.));
#1843 = ( GEOMETRIC_REPRESENTATION_CONTEXT(2) 
PARAMETRIC_REPRESENTATION_CONTEXT() REPRESENTATION_CONTEXT('2D SPACE',''
  ) );
#1844 = ADVANCED_FACE('',(#1845),#488,.F.);
#1845 = FACE_BOUND('',#1846,.F.);
#1846 = EDGE_LOOP('',(#1847,#1848,#1849,#1875));
#1847 = ORIENTED_EDGE('',*,*,#467,.F.);
#1848 = ORIENTED_EDGE('',*,*,#1824,.T.);
#1849 = ORIENTED_EDGE('',*,*,#1850,.T.);
#1850 = EDGE_CURVE('',#1804,#1756,#1851,.T.);
#1851 = SURFACE_CURVE('',#1852,(#1857,#1864),.PCURVE_S1.);
#1852 = CIRCLE('',#1853,3.5);
#1853 = AXIS2_PLACEMENT_3D('',#1854,#1855,#1856);
#1854 = CARTESIAN_POINT('',(-25.4,13.,8.));
#1855 = DIRECTION('',(0.,0.,-1.));
#1856 = DIRECTION('',(-1.,1.110223024625E-16,0.));
#1857 = PCURVE('',#488,#1858);
#1858 = DEFINITIONAL_REPRESENTATION('',(#1859),#1863);
#1859 = LINE('',#1860,#1861);
#1860 = CARTESIAN_POINT('',(0.,-8.));
#1861 = VECTOR('',#1862,1.);
#1862 = DIRECTION('',(1.,0.));
#1863 = ( GEOMETRIC_REPRESENTATION_CONTEXT(2) 
PARAMETRIC_REPRESENTATION_CONTEXT() REPRESENTATION_CONTEXT('2D SPACE',''
  ) );
#1864 = PCURVE('',#879,#1865);
#1865 = DEFINITIONAL_REPRESENTATION('',(#1866),#1874);
#1866 = ( BOUNDED_CURVE() B_SPLINE_CURVE(2,(#1867,#1868,#1869,#1870,
#1871,#1872,#1873),.UNSPECIFIED.,.T.,.F.) B_SPLINE_CURVE_WITH_KNOTS((1,2
    ,2,2,2,1),(-2.094395102393,0.,2.094395102393,4.188790204786,
6.28318530718,8.377580409573),.UNSPECIFIED.) CURVE() 
GEOMETRIC_REPRESENTATION_ITEM() RATIONAL_B_SPLINE_CURVE((1.,0.5,1.,0.5,
1.,0.5,1.)) REPRESENTATION_ITEM('') );
#1867 = CARTESIAN_POINT('',(5.1,36.));
#1868 = CARTESIAN_POINT('',(5.1,42.062177826491));
#1869 = CARTESIAN_POINT('',(10.35,39.031088913246));
#1870 = CARTESIAN_POINT('',(15.6,36.));
#1871 = CARTESIAN_POINT('',(10.35,32.968911086754));
#1872 = CARTESIAN_POINT('',(5.1,29.937822173509));
#1873 = CARTESIAN_POINT('',(5.1,36.));
#1874 = ( GEOMETRIC_REPRESENTATION_CONTEXT(2) 
PARAMETRIC_REPRESENTATION_CONTEXT() REPRESENTATION_CONTEXT('2D SPACE',''
  ) );
#1875 = ORIENTED_EDGE('',*,*,#1755,.F.);
#1876 = ADVANCED_FACE('',(#1877),#548,.F.);
#1877 = FACE_BOUND('',#1878,.T.);
#1878 = EDGE_LOOP('',(#1879,#1902,#1903,#1904));
#1879 = ORIENTED_EDGE('',*,*,#1880,.F.);
#1880 = EDGE_CURVE('',#532,#1881,#1883,.T.);
#1881 = VERTEX_POINT('',#1882);
#1882 = CARTESIAN_POINT('',(10.2,0.,4.8));
#1883 = SEAM_CURVE('',#1884,(#1888,#1895),.PCURVE_S1.);
#1884 = LINE('',#1885,#1886);
#1885 = CARTESIAN_POINT('',(10.2,0.,0.));
#1886 = VECTOR('',#1887,1.);
#1887 = DIRECTION('',(0.,0.,1.));
#1888 = PCURVE('',#548,#1889);
#1889 = DEFINITIONAL_REPRESENTATION('',(#1890),#1894);
#1890 = LINE('',#1891,#1892);
#1891 = CARTESIAN_POINT('',(-6.28318530718,0.));
#1892 = VECTOR('',#1893,1.);
#1893 = DIRECTION('',(-0.,-1.));
#1894 = ( GEOMETRIC_REPRESENTATION_CONTEXT(2) 
PARAMETRIC_REPRESENTATION_CONTEXT() REPRESENTATION_CONTEXT('2D SPACE',''
  ) );
#1895 = PCURVE('',#548,#1896);
#1896 = DEFINITIONAL_REPRESENTATION('',(#1897),#1901);
#1897 = LINE('',#1898,#1899);
#1898 = CARTESIAN_POINT('',(-0.,0.));
#1899 = VECTOR('',#1900,1.);
#1900 = DIRECTION('',(-0.,-1.));
#1901 = ( GEOMETRIC_REPRESENTATION_CONTEXT(2) 
PARAMETRIC_REPRESENTATION_CONTEXT() REPRESENTATION_CONTEXT('2D SPACE',''
  ) );
#1902 = ORIENTED_EDGE('',*,*,#531,.F.);
#1903 = ORIENTED_EDGE('',*,*,#1880,.T.);
#1904 = ORIENTED_EDGE('',*,*,#1905,.F.);
#1905 = EDGE_CURVE('',#1881,#1881,#1906,.T.);
#1906 = SURFACE_CURVE('',#1907,(#1912,#1919),.PCURVE_S1.);
#1907 = CIRCLE('',#1908,1.7);
#1908 = AXIS2_PLACEMENT_3D('',#1909,#1910,#1911);
#1909 = CARTESIAN_POINT('',(8.5,0.,4.8));
#1910 = DIRECTION('',(0.,-0.,-1.));
#1911 = DIRECTION('',(1.,0.,-0.));
#1912 = PCURVE('',#548,#1913);
#1913 = DEFINITIONAL_REPRESENTATION('',(#1914),#1918);
#1914 = LINE('',#1915,#1916);
#1915 = CARTESIAN_POINT('',(-6.28318530718,-4.8));
#1916 = VECTOR('',#1917,1.);
#1917 = DIRECTION('',(1.,-0.));
#1918 = ( GEOMETRIC_REPRESENTATION_CONTEXT(2) 
PARAMETRIC_REPRESENTATION_CONTEXT() REPRESENTATION_CONTEXT('2D SPACE',''
  ) );
#1919 = PCURVE('',#1920,#1925);
#1920 = CONICAL_SURFACE('',#1921,1.7,0.785398163397);
#1921 = AXIS2_PLACEMENT_3D('',#1922,#1923,#1924);
#1922 = CARTESIAN_POINT('',(8.5,0.,4.8));
#1923 = DIRECTION('',(0.,0.,1.));
#1924 = DIRECTION('',(1.,0.,-0.));
#1925 = DEFINITIONAL_REPRESENTATION('',(#1926),#1930);
#1926 = LINE('',#1927,#1928);
#1927 = CARTESIAN_POINT('',(-0.,0.));
#1928 = VECTOR('',#1929,1.);
#1929 = DIRECTION('',(-1.,0.));
#1930 = ( GEOMETRIC_REPRESENTATION_CONTEXT(2) 
PARAMETRIC_REPRESENTATION_CONTEXT() REPRESENTATION_CONTEXT('2D SPACE',''
  ) );
#1931 = ADVANCED_FACE('',(#1932),#585,.F.);
#1932 = FACE_BOUND('',#1933,.F.);
#1933 = EDGE_LOOP('',(#1934,#1935,#1958,#1986));
#1934 = ORIENTED_EDGE('',*,*,#562,.F.);
#1935 = ORIENTED_EDGE('',*,*,#1936,.T.);
#1936 = EDGE_CURVE('',#563,#1937,#1939,.T.);
#1937 = VERTEX_POINT('',#1938);
#1938 = CARTESIAN_POINT('',(28.9,-13.,8.));
#1939 = SURFACE_CURVE('',#1940,(#1944,#1951),.PCURVE_S1.);
#1940 = LINE('',#1941,#1942);
#1941 = CARTESIAN_POINT('',(28.9,-13.,0.));
#1942 = VECTOR('',#1943,1.);
#1943 = DIRECTION('',(0.,0.,1.));
#1944 = PCURVE('',#585,#1945);
#1945 = DEFINITIONAL_REPRESENTATION('',(#1946),#1950);
#1946 = LINE('',#1947,#1948);
#1947 = CARTESIAN_POINT('',(0.,0.));
#1948 = VECTOR('',#1949,1.);
#1949 = DIRECTION('',(0.,-1.));
#1950 = ( GEOMETRIC_REPRESENTATION_CONTEXT(2) 
PARAMETRIC_REPRESENTATION_CONTEXT() REPRESENTATION_CONTEXT('2D SPACE',''
  ) );
#1951 = PCURVE('',#672,#1952);
#1952 = DEFINITIONAL_REPRESENTATION('',(#1953),#1957);
#1953 = LINE('',#1954,#1955);
#1954 = CARTESIAN_POINT('',(26.,0.));
#1955 = VECTOR('',#1956,1.);
#1956 = DIRECTION('',(0.,-1.));
#1957 = ( GEOMETRIC_REPRESENTATION_CONTEXT(2) 
PARAMETRIC_REPRESENTATION_CONTEXT() REPRESENTATION_CONTEXT('2D SPACE',''
  ) );
#1958 = ORIENTED_EDGE('',*,*,#1959,.T.);
#1959 = EDGE_CURVE('',#1937,#1960,#1962,.T.);
#1960 = VERTEX_POINT('',#1961);
#1961 = CARTESIAN_POINT('',(21.9,-13.,8.));
#1962 = SURFACE_CURVE('',#1963,(#1968,#1975),.PCURVE_S1.);
#1963 = CIRCLE('',#1964,3.5);
#1964 = AXIS2_PLACEMENT_3D('',#1965,#1966,#1967);
#1965 = CARTESIAN_POINT('',(25.4,-13.,8.));
#1966 = DIRECTION('',(0.,-0.,-1.));
#1967 = DIRECTION('',(1.,-1.110223024625E-16,0.));
#1968 = PCURVE('',#585,#1969);
#1969 = DEFINITIONAL_REPRESENTATION('',(#1970),#1974);
#1970 = LINE('',#1971,#1972);
#1971 = CARTESIAN_POINT('',(0.,-8.));
#1972 = VECTOR('',#1973,1.);
#1973 = DIRECTION('',(1.,0.));
#1974 = ( GEOMETRIC_REPRESENTATION_CONTEXT(2) 
PARAMETRIC_REPRESENTATION_CONTEXT() REPRESENTATION_CONTEXT('2D SPACE',''
  ) );
#1975 = PCURVE('',#1278,#1976);
#1976 = DEFINITIONAL_REPRESENTATION('',(#1977),#1985);
#1977 = ( BOUNDED_CURVE() B_SPLINE_CURVE(2,(#1978,#1979,#1980,#1981,
#1982,#1983,#1984),.UNSPECIFIED.,.T.,.F.) B_SPLINE_CURVE_WITH_KNOTS((1,2
    ,2,2,2,1),(-2.094395102393,0.,2.094395102393,4.188790204786,
6.28318530718,8.377580409573),.UNSPECIFIED.) CURVE() 
GEOMETRIC_REPRESENTATION_ITEM() RATIONAL_B_SPLINE_CURVE((1.,0.5,1.,0.5,
1.,0.5,1.)) REPRESENTATION_ITEM('') );
#1978 = CARTESIAN_POINT('',(62.9,10.));
#1979 = CARTESIAN_POINT('',(62.9,3.937822173509));
#1980 = CARTESIAN_POINT('',(57.65,6.968911086754));
#1981 = CARTESIAN_POINT('',(52.4,10.));
#1982 = CARTESIAN_POINT('',(57.65,13.031088913246));
#1983 = CARTESIAN_POINT('',(62.9,16.062177826491));
#1984 = CARTESIAN_POINT('',(62.9,10.));
#1985 = ( GEOMETRIC_REPRESENTATION_CONTEXT(2) 
PARAMETRIC_REPRESENTATION_CONTEXT() REPRESENTATION_CONTEXT('2D SPACE',''
  ) );
#1986 = ORIENTED_EDGE('',*,*,#1987,.F.);
#1987 = EDGE_CURVE('',#565,#1960,#1988,.T.);
#1988 = SURFACE_CURVE('',#1989,(#1993,#2000),.PCURVE_S1.);
#1989 = LINE('',#1990,#1991);
#1990 = CARTESIAN_POINT('',(21.9,-13.,0.));
#1991 = VECTOR('',#1992,1.);
#1992 = DIRECTION('',(0.,0.,1.));
#1993 = PCURVE('',#585,#1994);
#1994 = DEFINITIONAL_REPRESENTATION('',(#1995),#1999);
#1995 = LINE('',#1996,#1997);
#1996 = CARTESIAN_POINT('',(3.14159265359,0.));
#1997 = VECTOR('',#1998,1.);
#1998 = DIRECTION('',(0.,-1.));
#1999 = ( GEOMETRIC_REPRESENTATION_CONTEXT(2) 
PARAMETRIC_REPRESENTATION_CONTEXT() REPRESENTATION_CONTEXT('2D SPACE',''
  ) );
#2000 = PCURVE('',#613,#2001);
#2001 = DEFINITIONAL_REPRESENTATION('',(#2002),#2006);
#2002 = LINE('',#2003,#2004);
#2003 = CARTESIAN_POINT('',(0.,0.));
#2004 = VECTOR('',#2005,1.);
#2005 = DIRECTION('',(0.,-1.));
#2006 = ( GEOMETRIC_REPRESENTATION_CONTEXT(2) 
PARAMETRIC_REPRESENTATION_CONTEXT() REPRESENTATION_CONTEXT('2D SPACE',''
  ) );
#2007 = ADVANCED_FACE('',(#2008),#672,.F.);
#2008 = FACE_BOUND('',#2009,.F.);
#2009 = EDGE_LOOP('',(#2010,#2011,#2034,#2053));
#2010 = ORIENTED_EDGE('',*,*,#658,.F.);
#2011 = ORIENTED_EDGE('',*,*,#2012,.T.);
#2012 = EDGE_CURVE('',#626,#2013,#2015,.T.);
#2013 = VERTEX_POINT('',#2014);
#2014 = CARTESIAN_POINT('',(28.9,13.,8.));
#2015 = SURFACE_CURVE('',#2016,(#2020,#2027),.PCURVE_S1.);
#2016 = LINE('',#2017,#2018);
#2017 = CARTESIAN_POINT('',(28.9,13.,0.));
#2018 = VECTOR('',#2019,1.);
#2019 = DIRECTION('',(0.,0.,1.));
#2020 = PCURVE('',#672,#2021);
#2021 = DEFINITIONAL_REPRESENTATION('',(#2022),#2026);
#2022 = LINE('',#2023,#2024);
#2023 = CARTESIAN_POINT('',(0.,0.));
#2024 = VECTOR('',#2025,1.);
#2025 = DIRECTION('',(0.,-1.));
#2026 = ( GEOMETRIC_REPRESENTATION_CONTEXT(2) 
PARAMETRIC_REPRESENTATION_CONTEXT() REPRESENTATION_CONTEXT('2D SPACE',''
  ) );
#2027 = PCURVE('',#646,#2028);
#2028 = DEFINITIONAL_REPRESENTATION('',(#2029),#2033);
#2029 = LINE('',#2030,#2031);
#2030 = CARTESIAN_POINT('',(3.14159265359,0.));
#2031 = VECTOR('',#2032,1.);
#2032 = DIRECTION('',(0.,-1.));
#2033 = ( GEOMETRIC_REPRESENTATION_CONTEXT(2) 
PARAMETRIC_REPRESENTATION_CONTEXT() REPRESENTATION_CONTEXT('2D SPACE',''
  ) );
#2034 = ORIENTED_EDGE('',*,*,#2035,.F.);
#2035 = EDGE_CURVE('',#1937,#2013,#2036,.T.);
#2036 = SURFACE_CURVE('',#2037,(#2041,#2047),.PCURVE_S1.);
#2037 = LINE('',#2038,#2039);
#2038 = CARTESIAN_POINT('',(28.9,-5.,8.));
#2039 = VECTOR('',#2040,1.);
#2040 = DIRECTION('',(1.110223024625E-16,1.,-0.));
#2041 = PCURVE('',#672,#2042);
#2042 = DEFINITIONAL_REPRESENTATION('',(#2043),#2046);
#2043 = B_SPLINE_CURVE_WITH_KNOTS('',1,(#2044,#2045),.UNSPECIFIED.,.F.,
  .F.,(2,2),(-8.,18.),.PIECEWISE_BEZIER_KNOTS.);
#2044 = CARTESIAN_POINT('',(26.,-8.));
#2045 = CARTESIAN_POINT('',(0.,-8.));
#2046 = ( GEOMETRIC_REPRESENTATION_CONTEXT(2) 
PARAMETRIC_REPRESENTATION_CONTEXT() REPRESENTATION_CONTEXT('2D SPACE',''
  ) );
#2047 = PCURVE('',#1278,#2048);
#2048 = DEFINITIONAL_REPRESENTATION('',(#2049),#2052);
#2049 = B_SPLINE_CURVE_WITH_KNOTS('',1,(#2050,#2051),.UNSPECIFIED.,.F.,
  .F.,(2,2),(-8.,18.),.PIECEWISE_BEZIER_KNOTS.);
#2050 = CARTESIAN_POINT('',(62.9,10.));
#2051 = CARTESIAN_POINT('',(62.9,36.));
#2052 = ( GEOMETRIC_REPRESENTATION_CONTEXT(2) 
PARAMETRIC_REPRESENTATION_CONTEXT() REPRESENTATION_CONTEXT('2D SPACE',''
  ) );
#2053 = ORIENTED_EDGE('',*,*,#1936,.F.);
#2054 = ADVANCED_FACE('',(#2055),#613,.F.);
#2055 = FACE_BOUND('',#2056,.F.);
#2056 = EDGE_LOOP('',(#2057,#2058,#2059,#2080));
#2057 = ORIENTED_EDGE('',*,*,#597,.F.);
#2058 = ORIENTED_EDGE('',*,*,#1987,.T.);
#2059 = ORIENTED_EDGE('',*,*,#2060,.F.);
#2060 = EDGE_CURVE('',#2061,#1960,#2063,.T.);
#2061 = VERTEX_POINT('',#2062);
#2062 = CARTESIAN_POINT('',(21.9,13.,8.));
#2063 = SURFACE_CURVE('',#2064,(#2068,#2074),.PCURVE_S1.);
#2064 = LINE('',#2065,#2066);
#2065 = CARTESIAN_POINT('',(21.9,-18.,8.));
#2066 = VECTOR('',#2067,1.);
#2067 = DIRECTION('',(-1.110223024625E-16,-1.,0.));
#2068 = PCURVE('',#613,#2069);
#2069 = DEFINITIONAL_REPRESENTATION('',(#2070),#2073);
#2070 = B_SPLINE_CURVE_WITH_KNOTS('',1,(#2071,#2072),.UNSPECIFIED.,.F.,
  .F.,(2,2),(-31.,-5.),.PIECEWISE_BEZIER_KNOTS.);
#2071 = CARTESIAN_POINT('',(26.,-8.));
#2072 = CARTESIAN_POINT('',(0.,-8.));
#2073 = ( GEOMETRIC_REPRESENTATION_CONTEXT(2) 
PARAMETRIC_REPRESENTATION_CONTEXT() REPRESENTATION_CONTEXT('2D SPACE',''
  ) );
#2074 = PCURVE('',#1278,#2075);
#2075 = DEFINITIONAL_REPRESENTATION('',(#2076),#2079);
#2076 = B_SPLINE_CURVE_WITH_KNOTS('',1,(#2077,#2078),.UNSPECIFIED.,.F.,
  .F.,(2,2),(-31.,-5.),.PIECEWISE_BEZIER_KNOTS.);
#2077 = CARTESIAN_POINT('',(55.9,36.));
#2078 = CARTESIAN_POINT('',(55.9,10.));
#2079 = ( GEOMETRIC_REPRESENTATION_CONTEXT(2) 
PARAMETRIC_REPRESENTATION_CONTEXT() REPRESENTATION_CONTEXT('2D SPACE',''
  ) );
#2080 = ORIENTED_EDGE('',*,*,#2081,.F.);
#2081 = EDGE_CURVE('',#598,#2061,#2082,.T.);
#2082 = SURFACE_CURVE('',#2083,(#2087,#2094),.PCURVE_S1.);
#2083 = LINE('',#2084,#2085);
#2084 = CARTESIAN_POINT('',(21.9,13.,0.));
#2085 = VECTOR('',#2086,1.);
#2086 = DIRECTION('',(0.,0.,1.));
#2087 = PCURVE('',#613,#2088);
#2088 = DEFINITIONAL_REPRESENTATION('',(#2089),#2093);
#2089 = LINE('',#2090,#2091);
#2090 = CARTESIAN_POINT('',(26.,0.));
#2091 = VECTOR('',#2092,1.);
#2092 = DIRECTION('',(0.,-1.));
#2093 = ( GEOMETRIC_REPRESENTATION_CONTEXT(2) 
PARAMETRIC_REPRESENTATION_CONTEXT() REPRESENTATION_CONTEXT('2D SPACE',''
  ) );
#2094 = PCURVE('',#646,#2095);
#2095 = DEFINITIONAL_REPRESENTATION('',(#2096),#2100);
#2096 = LINE('',#2097,#2098);
#2097 = CARTESIAN_POINT('',(0.,0.));
#2098 = VECTOR('',#2099,1.);
#2099 = DIRECTION('',(0.,-1.));
#2100 = ( GEOMETRIC_REPRESENTATION_CONTEXT(2) 
PARAMETRIC_REPRESENTATION_CONTEXT() REPRESENTATION_CONTEXT('2D SPACE',''
  ) );
#2101 = ADVANCED_FACE('',(#2102),#646,.F.);
#2102 = FACE_BOUND('',#2103,.F.);
#2103 = EDGE_LOOP('',(#2104,#2105,#2106,#2132));
#2104 = ORIENTED_EDGE('',*,*,#625,.F.);
#2105 = ORIENTED_EDGE('',*,*,#2081,.T.);
#2106 = ORIENTED_EDGE('',*,*,#2107,.T.);
#2107 = EDGE_CURVE('',#2061,#2013,#2108,.T.);
#2108 = SURFACE_CURVE('',#2109,(#2114,#2121),.PCURVE_S1.);
#2109 = CIRCLE('',#2110,3.5);
#2110 = AXIS2_PLACEMENT_3D('',#2111,#2112,#2113);
#2111 = CARTESIAN_POINT('',(25.4,13.,8.));
#2112 = DIRECTION('',(0.,0.,-1.));
#2113 = DIRECTION('',(-1.,1.110223024625E-16,0.));
#2114 = PCURVE('',#646,#2115);
#2115 = DEFINITIONAL_REPRESENTATION('',(#2116),#2120);
#2116 = LINE('',#2117,#2118);
#2117 = CARTESIAN_POINT('',(0.,-8.));
#2118 = VECTOR('',#2119,1.);
#2119 = DIRECTION('',(1.,0.));
#2120 = ( GEOMETRIC_REPRESENTATION_CONTEXT(2) 
PARAMETRIC_REPRESENTATION_CONTEXT() REPRESENTATION_CONTEXT('2D SPACE',''
  ) );
#2121 = PCURVE('',#1278,#2122);
#2122 = DEFINITIONAL_REPRESENTATION('',(#2123),#2131);
#2123 = ( BOUNDED_CURVE() B_SPLINE_CURVE(2,(#2124,#2125,#2126,#2127,
#2128,#2129,#2130),.UNSPECIFIED.,.T.,.F.) B_SPLINE_CURVE_WITH_KNOTS((1,2
    ,2,2,2,1),(-2.094395102393,0.,2.094395102393,4.188790204786,
6.28318530718,8.377580409573),.UNSPECIFIED.) CURVE() 
GEOMETRIC_REPRESENTATION_ITEM() RATIONAL_B_SPLINE_CURVE((1.,0.5,1.,0.5,
1.,0.5,1.)) REPRESENTATION_ITEM('') );
#2124 = CARTESIAN_POINT('',(55.9,36.));
#2125 = CARTESIAN_POINT('',(55.9,42.062177826491));
#2126 = CARTESIAN_POINT('',(61.15,39.031088913246));
#2127 = CARTESIAN_POINT('',(66.4,36.));
#2128 = CARTESIAN_POINT('',(61.15,32.968911086754));
#2129 = CARTESIAN_POINT('',(55.9,29.937822173509));
#2130 = CARTESIAN_POINT('',(55.9,36.));
#2131 = ( GEOMETRIC_REPRESENTATION_CONTEXT(2) 
PARAMETRIC_REPRESENTATION_CONTEXT() REPRESENTATION_CONTEXT('2D SPACE',''
  ) );
#2132 = ORIENTED_EDGE('',*,*,#2012,.F.);
#2133 = ADVANCED_FACE('',(#2134),#705,.F.);
#2134 = FACE_BOUND('',#2135,.F.);
#2135 = EDGE_LOOP('',(#2136,#2159,#2160,#2183));
#2136 = ORIENTED_EDGE('',*,*,#2137,.F.);
#2137 = EDGE_CURVE('',#688,#2138,#2140,.T.);
#2138 = VERTEX_POINT('',#2139);
#2139 = CARTESIAN_POINT('',(-5.15,-3.469446951954E-16,5.8));
#2140 = SURFACE_CURVE('',#2141,(#2145,#2152),.PCURVE_S1.);
#2141 = LINE('',#2142,#2143);
#2142 = CARTESIAN_POINT('',(-5.876007258224,-9.159339953158E-16,
    5.171259271046));
#2143 = VECTOR('',#2144,1.);
#2144 = DIRECTION('',(0.755928946018,-4.196248604252E-16,0.654653670708)
  );
#2145 = PCURVE('',#705,#2146);
#2146 = DEFINITIONAL_REPRESENTATION('',(#2147),#2151);
#2147 = LINE('',#2148,#2149);
#2148 = CARTESIAN_POINT('',(0.363003629112,-0.53562027551));
#2149 = VECTOR('',#2150,1.);
#2150 = DIRECTION('',(-0.377964473009,0.925820099773));
#2151 = ( GEOMETRIC_REPRESENTATION_CONTEXT(2) 
PARAMETRIC_REPRESENTATION_CONTEXT() REPRESENTATION_CONTEXT('2D SPACE',''
  ) );
#2152 = PCURVE('',#843,#2153);
#2153 = DEFINITIONAL_REPRESENTATION('',(#2154),#2158);
#2154 = LINE('',#2155,#2156);
#2155 = CARTESIAN_POINT('',(2.986996370888,-0.53562027551));
#2156 = VECTOR('',#2157,1.);
#2157 = DIRECTION('',(0.377964473009,0.925820099773));
#2158 = ( GEOMETRIC_REPRESENTATION_CONTEXT(2) 
PARAMETRIC_REPRESENTATION_CONTEXT() REPRESENTATION_CONTEXT('2D SPACE',''
  ) );
#2159 = ORIENTED_EDGE('',*,*,#687,.T.);
#2160 = ORIENTED_EDGE('',*,*,#2161,.T.);
#2161 = EDGE_CURVE('',#690,#2162,#2164,.T.);
#2162 = VERTEX_POINT('',#2163);
#2163 = CARTESIAN_POINT('',(-6.825,2.901185102678,5.8));
#2164 = SURFACE_CURVE('',#2165,(#2169,#2176),.PCURVE_S1.);
#2165 = LINE('',#2166,#2167);
#2166 = CARTESIAN_POINT('',(-7.188003629112,2.272444373724,
    5.171259271046));
#2167 = VECTOR('',#2168,1.);
#2168 = DIRECTION('',(0.377964473009,0.654653670708,0.654653670708));
#2169 = PCURVE('',#705,#2170);
#2170 = DEFINITIONAL_REPRESENTATION('',(#2171),#2175);
#2171 = LINE('',#2172,#2173);
#2172 = CARTESIAN_POINT('',(2.986996370888,-0.53562027551));
#2173 = VECTOR('',#2174,1.);
#2174 = DIRECTION('',(0.377964473009,0.925820099773));
#2175 = ( GEOMETRIC_REPRESENTATION_CONTEXT(2) 
PARAMETRIC_REPRESENTATION_CONTEXT() REPRESENTATION_CONTEXT('2D SPACE',''
  ) );
#2176 = PCURVE('',#733,#2177);
#2177 = DEFINITIONAL_REPRESENTATION('',(#2178),#2182);
#2178 = LINE('',#2179,#2180);
#2179 = CARTESIAN_POINT('',(0.363003629112,-0.53562027551));
#2180 = VECTOR('',#2181,1.);
#2181 = DIRECTION('',(-0.377964473009,0.925820099773));
#2182 = ( GEOMETRIC_REPRESENTATION_CONTEXT(2) 
PARAMETRIC_REPRESENTATION_CONTEXT() REPRESENTATION_CONTEXT('2D SPACE',''
  ) );
#2183 = ORIENTED_EDGE('',*,*,#2184,.F.);
#2184 = EDGE_CURVE('',#2138,#2162,#2185,.T.);
#2185 = SURFACE_CURVE('',#2186,(#2190,#2197),.PCURVE_S1.);
#2186 = LINE('',#2187,#2188);
#2187 = CARTESIAN_POINT('',(-5.15,1.110223024625E-16,5.8));
#2188 = VECTOR('',#2189,1.);
#2189 = DIRECTION('',(-0.5,0.866025403784,0.));
#2190 = PCURVE('',#705,#2191);
#2191 = DEFINITIONAL_REPRESENTATION('',(#2192),#2196);
#2192 = LINE('',#2193,#2194);
#2193 = CARTESIAN_POINT('',(-4.440892098501E-16,0.353553390593));
#2194 = VECTOR('',#2195,1.);
#2195 = DIRECTION('',(1.,0.));
#2196 = ( GEOMETRIC_REPRESENTATION_CONTEXT(2) 
PARAMETRIC_REPRESENTATION_CONTEXT() REPRESENTATION_CONTEXT('2D SPACE',''
  ) );
#2197 = PCURVE('',#2198,#2203);
#2198 = PLANE('',#2199);
#2199 = AXIS2_PLACEMENT_3D('',#2200,#2201,#2202);
#2200 = CARTESIAN_POINT('',(-5.15,0.,5.3));
#2201 = DIRECTION('',(-0.866025403784,-0.5,0.));
#2202 = DIRECTION('',(-0.5,0.866025403784,0.));
#2203 = DEFINITIONAL_REPRESENTATION('',(#2204),#2208);
#2204 = LINE('',#2205,#2206);
#2205 = CARTESIAN_POINT('',(0.,-0.5));
#2206 = VECTOR('',#2207,1.);
#2207 = DIRECTION('',(1.,0.));
#2208 = ( GEOMETRIC_REPRESENTATION_CONTEXT(2) 
PARAMETRIC_REPRESENTATION_CONTEXT() REPRESENTATION_CONTEXT('2D SPACE',''
  ) );
#2209 = ADVANCED_FACE('',(#2210),#843,.F.);
#2210 = FACE_BOUND('',#2211,.F.);
#2211 = EDGE_LOOP('',(#2212,#2235,#2236,#2237));
#2212 = ORIENTED_EDGE('',*,*,#2213,.F.);
#2213 = EDGE_CURVE('',#802,#2214,#2216,.T.);
#2214 = VERTEX_POINT('',#2215);
#2215 = CARTESIAN_POINT('',(-6.825,-2.901185102678,5.8));
#2216 = SURFACE_CURVE('',#2217,(#2221,#2228),.PCURVE_S1.);
#2217 = LINE('',#2218,#2219);
#2218 = CARTESIAN_POINT('',(-7.188003629112,-2.272444373724,
    5.171259271046));
#2219 = VECTOR('',#2220,1.);
#2220 = DIRECTION('',(0.377964473009,-0.654653670708,0.654653670708));
#2221 = PCURVE('',#843,#2222);
#2222 = DEFINITIONAL_REPRESENTATION('',(#2223),#2227);
#2223 = LINE('',#2224,#2225);
#2224 = CARTESIAN_POINT('',(0.363003629112,-0.53562027551));
#2225 = VECTOR('',#2226,1.);
#2226 = DIRECTION('',(-0.377964473009,0.925820099773));
#2227 = ( GEOMETRIC_REPRESENTATION_CONTEXT(2) 
PARAMETRIC_REPRESENTATION_CONTEXT() REPRESENTATION_CONTEXT('2D SPACE',''
  ) );
#2228 = PCURVE('',#817,#2229);
#2229 = DEFINITIONAL_REPRESENTATION('',(#2230),#2234);
#2230 = LINE('',#2231,#2232);
#2231 = CARTESIAN_POINT('',(2.986996370888,-0.53562027551));
#2232 = VECTOR('',#2233,1.);
#2233 = DIRECTION('',(0.377964473009,0.925820099773));
#2234 = ( GEOMETRIC_REPRESENTATION_CONTEXT(2) 
PARAMETRIC_REPRESENTATION_CONTEXT() REPRESENTATION_CONTEXT('2D SPACE',''
  ) );
#2235 = ORIENTED_EDGE('',*,*,#829,.T.);
#2236 = ORIENTED_EDGE('',*,*,#2137,.T.);
#2237 = ORIENTED_EDGE('',*,*,#2238,.F.);
#2238 = EDGE_CURVE('',#2214,#2138,#2239,.T.);
#2239 = SURFACE_CURVE('',#2240,(#2244,#2251),.PCURVE_S1.);
#2240 = LINE('',#2241,#2242);
#2241 = CARTESIAN_POINT('',(-6.825,-2.901185102678,5.8));
#2242 = VECTOR('',#2243,1.);
#2243 = DIRECTION('',(0.5,0.866025403784,0.));
#2244 = PCURVE('',#843,#2245);
#2245 = DEFINITIONAL_REPRESENTATION('',(#2246),#2250);
#2246 = LINE('',#2247,#2248);
#2247 = CARTESIAN_POINT('',(-8.881784197001E-16,0.353553390593));
#2248 = VECTOR('',#2249,1.);
#2249 = DIRECTION('',(1.,0.));
#2250 = ( GEOMETRIC_REPRESENTATION_CONTEXT(2) 
PARAMETRIC_REPRESENTATION_CONTEXT() REPRESENTATION_CONTEXT('2D SPACE',''
  ) );
#2251 = PCURVE('',#2252,#2257);
#2252 = PLANE('',#2253);
#2253 = AXIS2_PLACEMENT_3D('',#2254,#2255,#2256);
#2254 = CARTESIAN_POINT('',(-6.825,-2.901185102678,5.3));
#2255 = DIRECTION('',(-0.866025403784,0.5,0.));
#2256 = DIRECTION('',(0.5,0.866025403784,0.));
#2257 = DEFINITIONAL_REPRESENTATION('',(#2258),#2262);
#2258 = LINE('',#2259,#2260);
#2259 = CARTESIAN_POINT('',(0.,-0.5));
#2260 = VECTOR('',#2261,1.);
#2261 = DIRECTION('',(1.,0.));
#2262 = ( GEOMETRIC_REPRESENTATION_CONTEXT(2) 
PARAMETRIC_REPRESENTATION_CONTEXT() REPRESENTATION_CONTEXT('2D SPACE',''
  ) );
#2263 = ADVANCED_FACE('',(#2264),#733,.F.);
#2264 = FACE_BOUND('',#2265,.F.);
#2265 = EDGE_LOOP('',(#2266,#2267,#2268,#2291));
#2266 = ORIENTED_EDGE('',*,*,#2161,.F.);
#2267 = ORIENTED_EDGE('',*,*,#717,.T.);
#2268 = ORIENTED_EDGE('',*,*,#2269,.T.);
#2269 = EDGE_CURVE('',#718,#2270,#2272,.T.);
#2270 = VERTEX_POINT('',#2271);
#2271 = CARTESIAN_POINT('',(-10.175,2.901185102678,5.8));
#2272 = SURFACE_CURVE('',#2273,(#2277,#2284),.PCURVE_S1.);
#2273 = LINE('',#2274,#2275);
#2274 = CARTESIAN_POINT('',(-9.811996370888,2.272444373724,
    5.171259271046));
#2275 = VECTOR('',#2276,1.);
#2276 = DIRECTION('',(-0.377964473009,0.654653670708,0.654653670708));
#2277 = PCURVE('',#733,#2278);
#2278 = DEFINITIONAL_REPRESENTATION('',(#2279),#2283);
#2279 = LINE('',#2280,#2281);
#2280 = CARTESIAN_POINT('',(2.986996370888,-0.53562027551));
#2281 = VECTOR('',#2282,1.);
#2282 = DIRECTION('',(0.377964473009,0.925820099773));
#2283 = ( GEOMETRIC_REPRESENTATION_CONTEXT(2) 
PARAMETRIC_REPRESENTATION_CONTEXT() REPRESENTATION_CONTEXT('2D SPACE',''
  ) );
#2284 = PCURVE('',#761,#2285);
#2285 = DEFINITIONAL_REPRESENTATION('',(#2286),#2290);
#2286 = LINE('',#2287,#2288);
#2287 = CARTESIAN_POINT('',(0.363003629112,-0.53562027551));
#2288 = VECTOR('',#2289,1.);
#2289 = DIRECTION('',(-0.377964473009,0.925820099773));
#2290 = ( GEOMETRIC_REPRESENTATION_CONTEXT(2) 
PARAMETRIC_REPRESENTATION_CONTEXT() REPRESENTATION_CONTEXT('2D SPACE',''
  ) );
#2291 = ORIENTED_EDGE('',*,*,#2292,.F.);
#2292 = EDGE_CURVE('',#2162,#2270,#2293,.T.);
#2293 = SURFACE_CURVE('',#2294,(#2298,#2305),.PCURVE_S1.);
#2294 = LINE('',#2295,#2296);
#2295 = CARTESIAN_POINT('',(-6.825,2.901185102678,5.8));
#2296 = VECTOR('',#2297,1.);
#2297 = DIRECTION('',(-1.,1.325639432388E-16,0.));
#2298 = PCURVE('',#733,#2299);
#2299 = DEFINITIONAL_REPRESENTATION('',(#2300),#2304);
#2300 = LINE('',#2301,#2302);
#2301 = CARTESIAN_POINT('',(0.,0.353553390593));
#2302 = VECTOR('',#2303,1.);
#2303 = DIRECTION('',(1.,0.));
#2304 = ( GEOMETRIC_REPRESENTATION_CONTEXT(2) 
PARAMETRIC_REPRESENTATION_CONTEXT() REPRESENTATION_CONTEXT('2D SPACE',''
  ) );
#2305 = PCURVE('',#2306,#2311);
#2306 = PLANE('',#2307);
#2307 = AXIS2_PLACEMENT_3D('',#2308,#2309,#2310);
#2308 = CARTESIAN_POINT('',(-6.825,2.901185102678,5.3));
#2309 = DIRECTION('',(-1.325639432388E-16,-1.,0.));
#2310 = DIRECTION('',(-1.,1.325639432388E-16,0.));
#2311 = DEFINITIONAL_REPRESENTATION('',(#2312),#2316);
#2312 = LINE('',#2313,#2314);
#2313 = CARTESIAN_POINT('',(0.,-0.5));
#2314 = VECTOR('',#2315,1.);
#2315 = DIRECTION('',(1.,0.));
#2316 = ( GEOMETRIC_REPRESENTATION_CONTEXT(2) 
PARAMETRIC_REPRESENTATION_CONTEXT() REPRESENTATION_CONTEXT('2D SPACE',''
  ) );
#2317 = ADVANCED_FACE('',(#2318),#817,.F.);
#2318 = FACE_BOUND('',#2319,.F.);
#2319 = EDGE_LOOP('',(#2320,#2343,#2344,#2345));
#2320 = ORIENTED_EDGE('',*,*,#2321,.F.);
#2321 = EDGE_CURVE('',#774,#2322,#2324,.T.);
#2322 = VERTEX_POINT('',#2323);
#2323 = CARTESIAN_POINT('',(-10.175,-2.901185102678,5.8));
#2324 = SURFACE_CURVE('',#2325,(#2329,#2336),.PCURVE_S1.);
#2325 = LINE('',#2326,#2327);
#2326 = CARTESIAN_POINT('',(-9.811996370888,-2.272444373724,
    5.171259271046));
#2327 = VECTOR('',#2328,1.);
#2328 = DIRECTION('',(-0.377964473009,-0.654653670708,0.654653670708));
#2329 = PCURVE('',#817,#2330);
#2330 = DEFINITIONAL_REPRESENTATION('',(#2331),#2335);
#2331 = LINE('',#2332,#2333);
#2332 = CARTESIAN_POINT('',(0.363003629112,-0.53562027551));
#2333 = VECTOR('',#2334,1.);
#2334 = DIRECTION('',(-0.377964473009,0.925820099773));
#2335 = ( GEOMETRIC_REPRESENTATION_CONTEXT(2) 
PARAMETRIC_REPRESENTATION_CONTEXT() REPRESENTATION_CONTEXT('2D SPACE',''
  ) );
#2336 = PCURVE('',#789,#2337);
#2337 = DEFINITIONAL_REPRESENTATION('',(#2338),#2342);
#2338 = LINE('',#2339,#2340);
#2339 = CARTESIAN_POINT('',(2.986996370888,-0.53562027551));
#2340 = VECTOR('',#2341,1.);
#2341 = DIRECTION('',(0.377964473009,0.925820099773));
#2342 = ( GEOMETRIC_REPRESENTATION_CONTEXT(2) 
PARAMETRIC_REPRESENTATION_CONTEXT() REPRESENTATION_CONTEXT('2D SPACE',''
  ) );
#2343 = ORIENTED_EDGE('',*,*,#801,.T.);
#2344 = ORIENTED_EDGE('',*,*,#2213,.T.);
#2345 = ORIENTED_EDGE('',*,*,#2346,.F.);
#2346 = EDGE_CURVE('',#2322,#2214,#2347,.T.);
#2347 = SURFACE_CURVE('',#2348,(#2352,#2359),.PCURVE_S1.);
#2348 = LINE('',#2349,#2350);
#2349 = CARTESIAN_POINT('',(-10.175,-2.901185102678,5.8));
#2350 = VECTOR('',#2351,1.);
#2351 = DIRECTION('',(1.,-6.628197161941E-16,0.));
#2352 = PCURVE('',#817,#2353);
#2353 = DEFINITIONAL_REPRESENTATION('',(#2354),#2358);
#2354 = LINE('',#2355,#2356);
#2355 = CARTESIAN_POINT('',(0.,0.353553390593));
#2356 = VECTOR('',#2357,1.);
#2357 = DIRECTION('',(1.,0.));
#2358 = ( GEOMETRIC_REPRESENTATION_CONTEXT(2) 
PARAMETRIC_REPRESENTATION_CONTEXT() REPRESENTATION_CONTEXT('2D SPACE',''
  ) );
#2359 = PCURVE('',#2360,#2365);
#2360 = PLANE('',#2361);
#2361 = AXIS2_PLACEMENT_3D('',#2362,#2363,#2364);
#2362 = CARTESIAN_POINT('',(-10.175,-2.901185102678,5.3));
#2363 = DIRECTION('',(6.628197161941E-16,1.,-0.));
#2364 = DIRECTION('',(1.,-6.628197161941E-16,0.));
#2365 = DEFINITIONAL_REPRESENTATION('',(#2366),#2370);
#2366 = LINE('',#2367,#2368);
#2367 = CARTESIAN_POINT('',(0.,-0.5));
#2368 = VECTOR('',#2369,1.);
#2369 = DIRECTION('',(1.,0.));
#2370 = ( GEOMETRIC_REPRESENTATION_CONTEXT(2) 
PARAMETRIC_REPRESENTATION_CONTEXT() REPRESENTATION_CONTEXT('2D SPACE',''
  ) );
#2371 = ADVANCED_FACE('',(#2372),#761,.F.);
#2372 = FACE_BOUND('',#2373,.F.);
#2373 = EDGE_LOOP('',(#2374,#2375,#2376,#2399));
#2374 = ORIENTED_EDGE('',*,*,#2269,.F.);
#2375 = ORIENTED_EDGE('',*,*,#745,.T.);
#2376 = ORIENTED_EDGE('',*,*,#2377,.T.);
#2377 = EDGE_CURVE('',#746,#2378,#2380,.T.);
#2378 = VERTEX_POINT('',#2379);
#2379 = CARTESIAN_POINT('',(-11.85,4.440892098501E-16,5.8));
#2380 = SURFACE_CURVE('',#2381,(#2385,#2392),.PCURVE_S1.);
#2381 = LINE('',#2382,#2383);
#2382 = CARTESIAN_POINT('',(-11.12399274177,-1.110223024625E-15,
    5.171259271046));
#2383 = VECTOR('',#2384,1.);
#2384 = DIRECTION('',(-0.755928946018,3.356998883401E-16,0.654653670708)
  );
#2385 = PCURVE('',#761,#2386);
#2386 = DEFINITIONAL_REPRESENTATION('',(#2387),#2391);
#2387 = LINE('',#2388,#2389);
#2388 = CARTESIAN_POINT('',(2.986996370888,-0.53562027551));
#2389 = VECTOR('',#2390,1.);
#2390 = DIRECTION('',(0.377964473009,0.925820099773));
#2391 = ( GEOMETRIC_REPRESENTATION_CONTEXT(2) 
PARAMETRIC_REPRESENTATION_CONTEXT() REPRESENTATION_CONTEXT('2D SPACE',''
  ) );
#2392 = PCURVE('',#789,#2393);
#2393 = DEFINITIONAL_REPRESENTATION('',(#2394),#2398);
#2394 = LINE('',#2395,#2396);
#2395 = CARTESIAN_POINT('',(0.363003629112,-0.53562027551));
#2396 = VECTOR('',#2397,1.);
#2397 = DIRECTION('',(-0.377964473009,0.925820099773));
#2398 = ( GEOMETRIC_REPRESENTATION_CONTEXT(2) 
PARAMETRIC_REPRESENTATION_CONTEXT() REPRESENTATION_CONTEXT('2D SPACE',''
  ) );
#2399 = ORIENTED_EDGE('',*,*,#2400,.F.);
#2400 = EDGE_CURVE('',#2270,#2378,#2401,.T.);
#2401 = SURFACE_CURVE('',#2402,(#2406,#2413),.PCURVE_S1.);
#2402 = LINE('',#2403,#2404);
#2403 = CARTESIAN_POINT('',(-10.175,2.901185102678,5.8));
#2404 = VECTOR('',#2405,1.);
#2405 = DIRECTION('',(-0.5,-0.866025403784,0.));
#2406 = PCURVE('',#761,#2407);
#2407 = DEFINITIONAL_REPRESENTATION('',(#2408),#2412);
#2408 = LINE('',#2409,#2410);
#2409 = CARTESIAN_POINT('',(4.440892098501E-16,0.353553390593));
#2410 = VECTOR('',#2411,1.);
#2411 = DIRECTION('',(1.,0.));
#2412 = ( GEOMETRIC_REPRESENTATION_CONTEXT(2) 
PARAMETRIC_REPRESENTATION_CONTEXT() REPRESENTATION_CONTEXT('2D SPACE',''
  ) );
#2413 = PCURVE('',#2414,#2419);
#2414 = PLANE('',#2415);
#2415 = AXIS2_PLACEMENT_3D('',#2416,#2417,#2418);
#2416 = CARTESIAN_POINT('',(-10.175,2.901185102678,5.3));
#2417 = DIRECTION('',(0.866025403784,-0.5,0.));
#2418 = DIRECTION('',(-0.5,-0.866025403784,0.));
#2419 = DEFINITIONAL_REPRESENTATION('',(#2420),#2424);
#2420 = LINE('',#2421,#2422);
#2421 = CARTESIAN_POINT('',(-4.440892098501E-16,-0.5));
#2422 = VECTOR('',#2423,1.);
#2423 = DIRECTION('',(1.,0.));
#2424 = ( GEOMETRIC_REPRESENTATION_CONTEXT(2) 
PARAMETRIC_REPRESENTATION_CONTEXT() REPRESENTATION_CONTEXT('2D SPACE',''
  ) );
#2425 = ADVANCED_FACE('',(#2426),#789,.F.);
#2426 = FACE_BOUND('',#2427,.F.);
#2427 = EDGE_LOOP('',(#2428,#2429,#2430,#2431));
#2428 = ORIENTED_EDGE('',*,*,#2377,.F.);
#2429 = ORIENTED_EDGE('',*,*,#773,.T.);
#2430 = ORIENTED_EDGE('',*,*,#2321,.T.);
#2431 = ORIENTED_EDGE('',*,*,#2432,.F.);
#2432 = EDGE_CURVE('',#2378,#2322,#2433,.T.);
#2433 = SURFACE_CURVE('',#2434,(#2438,#2445),.PCURVE_S1.);
#2434 = LINE('',#2435,#2436);
#2435 = CARTESIAN_POINT('',(-11.85,1.110223024625E-15,5.8));
#2436 = VECTOR('',#2437,1.);
#2437 = DIRECTION('',(0.5,-0.866025403784,0.));
#2438 = PCURVE('',#789,#2439);
#2439 = DEFINITIONAL_REPRESENTATION('',(#2440),#2444);
#2440 = LINE('',#2441,#2442);
#2441 = CARTESIAN_POINT('',(8.881784197001E-16,0.353553390593));
#2442 = VECTOR('',#2443,1.);
#2443 = DIRECTION('',(1.,0.));
#2444 = ( GEOMETRIC_REPRESENTATION_CONTEXT(2) 
PARAMETRIC_REPRESENTATION_CONTEXT() REPRESENTATION_CONTEXT('2D SPACE',''
  ) );
#2445 = PCURVE('',#2446,#2451);
#2446 = PLANE('',#2447);
#2447 = AXIS2_PLACEMENT_3D('',#2448,#2449,#2450);
#2448 = CARTESIAN_POINT('',(-11.85,4.102566777144E-16,5.3));
#2449 = DIRECTION('',(0.866025403784,0.5,-0.));
#2450 = DIRECTION('',(0.5,-0.866025403784,0.));
#2451 = DEFINITIONAL_REPRESENTATION('',(#2452),#2456);
#2452 = LINE('',#2453,#2454);
#2453 = CARTESIAN_POINT('',(0.,-0.5));
#2454 = VECTOR('',#2455,1.);
#2455 = DIRECTION('',(1.,0.));
#2456 = ( GEOMETRIC_REPRESENTATION_CONTEXT(2) 
PARAMETRIC_REPRESENTATION_CONTEXT() REPRESENTATION_CONTEXT('2D SPACE',''
  ) );
#2457 = ADVANCED_FACE('',(#2458,#2486),#879,.T.);
#2458 = FACE_BOUND('',#2459,.T.);
#2459 = EDGE_LOOP('',(#2460,#2461,#2462,#2463,#2464,#2465));
#2460 = ORIENTED_EDGE('',*,*,#1316,.F.);
#2461 = ORIENTED_EDGE('',*,*,#1011,.F.);
#2462 = ORIENTED_EDGE('',*,*,#861,.F.);
#2463 = ORIENTED_EDGE('',*,*,#961,.T.);
#2464 = ORIENTED_EDGE('',*,*,#1043,.T.);
#2465 = ORIENTED_EDGE('',*,*,#2466,.T.);
#2466 = EDGE_CURVE('',#1044,#1317,#2467,.T.);
#2467 = SURFACE_CURVE('',#2468,(#2472,#2479),.PCURVE_S1.);
#2468 = LINE('',#2469,#2470);
#2469 = CARTESIAN_POINT('',(-17.8,-23.,8.));
#2470 = VECTOR('',#2471,1.);
#2471 = DIRECTION('',(0.,1.,0.));
#2472 = PCURVE('',#879,#2473);
#2473 = DEFINITIONAL_REPRESENTATION('',(#2474),#2478);
#2474 = LINE('',#2475,#2476);
#2475 = CARTESIAN_POINT('',(16.2,0.));
#2476 = VECTOR('',#2477,1.);
#2477 = DIRECTION('',(0.,1.));
#2478 = ( GEOMETRIC_REPRESENTATION_CONTEXT(2) 
PARAMETRIC_REPRESENTATION_CONTEXT() REPRESENTATION_CONTEXT('2D SPACE',''
  ) );
#2479 = PCURVE('',#1082,#2480);
#2480 = DEFINITIONAL_REPRESENTATION('',(#2481),#2485);
#2481 = LINE('',#2482,#2483);
#2482 = CARTESIAN_POINT('',(0.,0.));
#2483 = VECTOR('',#2484,1.);
#2484 = DIRECTION('',(0.,-1.));
#2485 = ( GEOMETRIC_REPRESENTATION_CONTEXT(2) 
PARAMETRIC_REPRESENTATION_CONTEXT() REPRESENTATION_CONTEXT('2D SPACE',''
  ) );
#2486 = FACE_BOUND('',#2487,.T.);
#2487 = EDGE_LOOP('',(#2488,#2489,#2490,#2491));
#2488 = ORIENTED_EDGE('',*,*,#1803,.F.);
#2489 = ORIENTED_EDGE('',*,*,#1850,.T.);
#2490 = ORIENTED_EDGE('',*,*,#1778,.F.);
#2491 = ORIENTED_EDGE('',*,*,#1702,.T.);
#2492 = ADVANCED_FACE('',(#2493,#2521),#1278,.T.);
#2493 = FACE_BOUND('',#2494,.T.);
#2494 = EDGE_LOOP('',(#2495,#2496,#2517,#2518,#2519,#2520));
#2495 = ORIENTED_EDGE('',*,*,#1500,.F.);
#2496 = ORIENTED_EDGE('',*,*,#2497,.F.);
#2497 = EDGE_CURVE('',#1235,#1478,#2498,.T.);
#2498 = SURFACE_CURVE('',#2499,(#2503,#2510),.PCURVE_S1.);
#2499 = LINE('',#2500,#2501);
#2500 = CARTESIAN_POINT('',(17.8,-23.,8.));
#2501 = VECTOR('',#2502,1.);
#2502 = DIRECTION('',(0.,1.,0.));
#2503 = PCURVE('',#1278,#2504);
#2504 = DEFINITIONAL_REPRESENTATION('',(#2505),#2509);
#2505 = LINE('',#2506,#2507);
#2506 = CARTESIAN_POINT('',(51.8,0.));
#2507 = VECTOR('',#2508,1.);
#2508 = DIRECTION('',(0.,1.));
#2509 = ( GEOMETRIC_REPRESENTATION_CONTEXT(2) 
PARAMETRIC_REPRESENTATION_CONTEXT() REPRESENTATION_CONTEXT('2D SPACE',''
  ) );
#2510 = PCURVE('',#1250,#2511);
#2511 = DEFINITIONAL_REPRESENTATION('',(#2512),#2516);
#2512 = LINE('',#2513,#2514);
#2513 = CARTESIAN_POINT('',(0.,0.));
#2514 = VECTOR('',#2515,1.);
#2515 = DIRECTION('',(0.,-1.));
#2516 = ( GEOMETRIC_REPRESENTATION_CONTEXT(2) 
PARAMETRIC_REPRESENTATION_CONTEXT() REPRESENTATION_CONTEXT('2D SPACE',''
  ) );
#2517 = ORIENTED_EDGE('',*,*,#1262,.T.);
#2518 = ORIENTED_EDGE('',*,*,#1571,.T.);
#2519 = ORIENTED_EDGE('',*,*,#1651,.T.);
#2520 = ORIENTED_EDGE('',*,*,#1621,.F.);
#2521 = FACE_BOUND('',#2522,.T.);
#2522 = EDGE_LOOP('',(#2523,#2524,#2525,#2526));
#2523 = ORIENTED_EDGE('',*,*,#2060,.F.);
#2524 = ORIENTED_EDGE('',*,*,#2107,.T.);
#2525 = ORIENTED_EDGE('',*,*,#2035,.F.);
#2526 = ORIENTED_EDGE('',*,*,#1959,.T.);
#2527 = ADVANCED_FACE('',(#2528),#1082,.F.);
#2528 = FACE_BOUND('',#2529,.F.);
#2529 = EDGE_LOOP('',(#2530,#2531,#2532,#2533));
#2530 = ORIENTED_EDGE('',*,*,#1066,.F.);
#2531 = ORIENTED_EDGE('',*,*,#2466,.T.);
#2532 = ORIENTED_EDGE('',*,*,#1339,.T.);
#2533 = ORIENTED_EDGE('',*,*,#2534,.F.);
#2534 = EDGE_CURVE('',#1067,#1340,#2535,.T.);
#2535 = SURFACE_CURVE('',#2536,(#2540,#2547),.PCURVE_S1.);
#2536 = LINE('',#2537,#2538);
#2537 = CARTESIAN_POINT('',(-17.8,-23.,10.));
#2538 = VECTOR('',#2539,1.);
#2539 = DIRECTION('',(0.,1.,0.));
#2540 = PCURVE('',#1082,#2541);
#2541 = DEFINITIONAL_REPRESENTATION('',(#2542),#2546);
#2542 = LINE('',#2543,#2544);
#2543 = CARTESIAN_POINT('',(2.,0.));
#2544 = VECTOR('',#2545,1.);
#2545 = DIRECTION('',(0.,-1.));
#2546 = ( GEOMETRIC_REPRESENTATION_CONTEXT(2) 
PARAMETRIC_REPRESENTATION_CONTEXT() REPRESENTATION_CONTEXT('2D SPACE',''
  ) );
#2547 = PCURVE('',#1110,#2548);
#2548 = DEFINITIONAL_REPRESENTATION('',(#2549),#2553);
#2549 = LINE('',#2550,#2551);
#2550 = CARTESIAN_POINT('',(0.,0.));
#2551 = VECTOR('',#2552,1.);
#2552 = DIRECTION('',(0.,1.));
#2553 = ( GEOMETRIC_REPRESENTATION_CONTEXT(2) 
PARAMETRIC_REPRESENTATION_CONTEXT() REPRESENTATION_CONTEXT('2D SPACE',''
  ) );
#2554 = ADVANCED_FACE('',(#2555),#1250,.T.);
#2555 = FACE_BOUND('',#2556,.T.);
#2556 = EDGE_LOOP('',(#2557,#2558,#2559,#2560));
#2557 = ORIENTED_EDGE('',*,*,#1234,.F.);
#2558 = ORIENTED_EDGE('',*,*,#2497,.T.);
#2559 = ORIENTED_EDGE('',*,*,#1477,.T.);
#2560 = ORIENTED_EDGE('',*,*,#2561,.F.);
#2561 = EDGE_CURVE('',#1207,#1455,#2562,.T.);
#2562 = SURFACE_CURVE('',#2563,(#2567,#2574),.PCURVE_S1.);
#2563 = LINE('',#2564,#2565);
#2564 = CARTESIAN_POINT('',(17.8,-23.,10.));
#2565 = VECTOR('',#2566,1.);
#2566 = DIRECTION('',(0.,1.,0.));
#2567 = PCURVE('',#1250,#2568);
#2568 = DEFINITIONAL_REPRESENTATION('',(#2569),#2573);
#2569 = LINE('',#2570,#2571);
#2570 = CARTESIAN_POINT('',(2.,0.));
#2571 = VECTOR('',#2572,1.);
#2572 = DIRECTION('',(0.,-1.));
#2573 = ( GEOMETRIC_REPRESENTATION_CONTEXT(2) 
PARAMETRIC_REPRESENTATION_CONTEXT() REPRESENTATION_CONTEXT('2D SPACE',''
  ) );
#2574 = PCURVE('',#1222,#2575);
#2575 = DEFINITIONAL_REPRESENTATION('',(#2576),#2580);
#2576 = LINE('',#2577,#2578);
#2577 = CARTESIAN_POINT('',(2.5,0.));
#2578 = VECTOR('',#2579,1.);
#2579 = DIRECTION('',(0.,1.));
#2580 = ( GEOMETRIC_REPRESENTATION_CONTEXT(2) 
PARAMETRIC_REPRESENTATION_CONTEXT() REPRESENTATION_CONTEXT('2D SPACE',''
  ) );
#2581 = ADVANCED_FACE('',(#2582),#1110,.T.);
#2582 = FACE_BOUND('',#2583,.T.);
#2583 = EDGE_LOOP('',(#2584,#2585,#2586,#2607));
#2584 = ORIENTED_EDGE('',*,*,#2534,.F.);
#2585 = ORIENTED_EDGE('',*,*,#1094,.T.);
#2586 = ORIENTED_EDGE('',*,*,#2587,.T.);
#2587 = EDGE_CURVE('',#1095,#1363,#2588,.T.);
#2588 = SURFACE_CURVE('',#2589,(#2593,#2600),.PCURVE_S1.);
#2589 = LINE('',#2590,#2591);
#2590 = CARTESIAN_POINT('',(-15.3,-23.,10.));
#2591 = VECTOR('',#2592,1.);
#2592 = DIRECTION('',(0.,1.,0.));
#2593 = PCURVE('',#1110,#2594);
#2594 = DEFINITIONAL_REPRESENTATION('',(#2595),#2599);
#2595 = LINE('',#2596,#2597);
#2596 = CARTESIAN_POINT('',(2.5,0.));
#2597 = VECTOR('',#2598,1.);
#2598 = DIRECTION('',(0.,1.));
#2599 = ( GEOMETRIC_REPRESENTATION_CONTEXT(2) 
PARAMETRIC_REPRESENTATION_CONTEXT() REPRESENTATION_CONTEXT('2D SPACE',''
  ) );
#2600 = PCURVE('',#1138,#2601);
#2601 = DEFINITIONAL_REPRESENTATION('',(#2602),#2606);
#2602 = LINE('',#2603,#2604);
#2603 = CARTESIAN_POINT('',(2.,0.));
#2604 = VECTOR('',#2605,1.);
#2605 = DIRECTION('',(0.,-1.));
#2606 = ( GEOMETRIC_REPRESENTATION_CONTEXT(2) 
PARAMETRIC_REPRESENTATION_CONTEXT() REPRESENTATION_CONTEXT('2D SPACE',''
  ) );
#2607 = ORIENTED_EDGE('',*,*,#1362,.F.);
#2608 = ADVANCED_FACE('',(#2609),#1222,.T.);
#2609 = FACE_BOUND('',#2610,.T.);
#2610 = EDGE_LOOP('',(#2611,#2632,#2633,#2634));
#2611 = ORIENTED_EDGE('',*,*,#2612,.F.);
#2612 = EDGE_CURVE('',#1179,#1432,#2613,.T.);
#2613 = SURFACE_CURVE('',#2614,(#2618,#2625),.PCURVE_S1.);
#2614 = LINE('',#2615,#2616);
#2615 = CARTESIAN_POINT('',(15.3,-23.,10.));
#2616 = VECTOR('',#2617,1.);
#2617 = DIRECTION('',(0.,1.,0.));
#2618 = PCURVE('',#1222,#2619);
#2619 = DEFINITIONAL_REPRESENTATION('',(#2620),#2624);
#2620 = LINE('',#2621,#2622);
#2621 = CARTESIAN_POINT('',(0.,0.));
#2622 = VECTOR('',#2623,1.);
#2623 = DIRECTION('',(0.,1.));
#2624 = ( GEOMETRIC_REPRESENTATION_CONTEXT(2) 
PARAMETRIC_REPRESENTATION_CONTEXT() REPRESENTATION_CONTEXT('2D SPACE',''
  ) );
#2625 = PCURVE('',#1194,#2626);
#2626 = DEFINITIONAL_REPRESENTATION('',(#2627),#2631);
#2627 = LINE('',#2628,#2629);
#2628 = CARTESIAN_POINT('',(2.,0.));
#2629 = VECTOR('',#2630,1.);
#2630 = DIRECTION('',(0.,-1.));
#2631 = ( GEOMETRIC_REPRESENTATION_CONTEXT(2) 
PARAMETRIC_REPRESENTATION_CONTEXT() REPRESENTATION_CONTEXT('2D SPACE',''
  ) );
#2632 = ORIENTED_EDGE('',*,*,#1206,.T.);
#2633 = ORIENTED_EDGE('',*,*,#2561,.T.);
#2634 = ORIENTED_EDGE('',*,*,#1454,.F.);
#2635 = ADVANCED_FACE('',(#2636),#1138,.T.);
#2636 = FACE_BOUND('',#2637,.T.);
#2637 = EDGE_LOOP('',(#2638,#2639,#2660,#2661));
#2638 = ORIENTED_EDGE('',*,*,#1122,.F.);
#2639 = ORIENTED_EDGE('',*,*,#2640,.T.);
#2640 = EDGE_CURVE('',#1123,#1386,#2641,.T.);
#2641 = SURFACE_CURVE('',#2642,(#2646,#2653),.PCURVE_S1.);
#2642 = LINE('',#2643,#2644);
#2643 = CARTESIAN_POINT('',(-15.3,-23.,8.));
#2644 = VECTOR('',#2645,1.);
#2645 = DIRECTION('',(0.,1.,0.));
#2646 = PCURVE('',#1138,#2647);
#2647 = DEFINITIONAL_REPRESENTATION('',(#2648),#2652);
#2648 = LINE('',#2649,#2650);
#2649 = CARTESIAN_POINT('',(0.,0.));
#2650 = VECTOR('',#2651,1.);
#2651 = DIRECTION('',(0.,-1.));
#2652 = ( GEOMETRIC_REPRESENTATION_CONTEXT(2) 
PARAMETRIC_REPRESENTATION_CONTEXT() REPRESENTATION_CONTEXT('2D SPACE',''
  ) );
#2653 = PCURVE('',#1166,#2654);
#2654 = DEFINITIONAL_REPRESENTATION('',(#2655),#2659);
#2655 = LINE('',#2656,#2657);
#2656 = CARTESIAN_POINT('',(18.7,0.));
#2657 = VECTOR('',#2658,1.);
#2658 = DIRECTION('',(0.,1.));
#2659 = ( GEOMETRIC_REPRESENTATION_CONTEXT(2) 
PARAMETRIC_REPRESENTATION_CONTEXT() REPRESENTATION_CONTEXT('2D SPACE',''
  ) );
#2660 = ORIENTED_EDGE('',*,*,#1385,.T.);
#2661 = ORIENTED_EDGE('',*,*,#2587,.F.);
#2662 = ADVANCED_FACE('',(#2663),#1194,.F.);
#2663 = FACE_BOUND('',#2664,.F.);
#2664 = EDGE_LOOP('',(#2665,#2666,#2687,#2688));
#2665 = ORIENTED_EDGE('',*,*,#1178,.F.);
#2666 = ORIENTED_EDGE('',*,*,#2667,.T.);
#2667 = EDGE_CURVE('',#1151,#1409,#2668,.T.);
#2668 = SURFACE_CURVE('',#2669,(#2673,#2680),.PCURVE_S1.);
#2669 = LINE('',#2670,#2671);
#2670 = CARTESIAN_POINT('',(15.3,-23.,8.));
#2671 = VECTOR('',#2672,1.);
#2672 = DIRECTION('',(0.,1.,0.));
#2673 = PCURVE('',#1194,#2674);
#2674 = DEFINITIONAL_REPRESENTATION('',(#2675),#2679);
#2675 = LINE('',#2676,#2677);
#2676 = CARTESIAN_POINT('',(0.,0.));
#2677 = VECTOR('',#2678,1.);
#2678 = DIRECTION('',(0.,-1.));
#2679 = ( GEOMETRIC_REPRESENTATION_CONTEXT(2) 
PARAMETRIC_REPRESENTATION_CONTEXT() REPRESENTATION_CONTEXT('2D SPACE',''
  ) );
#2680 = PCURVE('',#1166,#2681);
#2681 = DEFINITIONAL_REPRESENTATION('',(#2682),#2686);
#2682 = LINE('',#2683,#2684);
#2683 = CARTESIAN_POINT('',(49.3,0.));
#2684 = VECTOR('',#2685,1.);
#2685 = DIRECTION('',(0.,1.));
#2686 = ( GEOMETRIC_REPRESENTATION_CONTEXT(2) 
PARAMETRIC_REPRESENTATION_CONTEXT() REPRESENTATION_CONTEXT('2D SPACE',''
  ) );
#2687 = ORIENTED_EDGE('',*,*,#1431,.T.);
#2688 = ORIENTED_EDGE('',*,*,#2612,.F.);
#2689 = ADVANCED_FACE('',(#2690,#2696,#2824),#1166,.T.);
#2690 = FACE_BOUND('',#2691,.T.);
#2691 = EDGE_LOOP('',(#2692,#2693,#2694,#2695));
#2692 = ORIENTED_EDGE('',*,*,#1408,.F.);
#2693 = ORIENTED_EDGE('',*,*,#2640,.F.);
#2694 = ORIENTED_EDGE('',*,*,#1150,.T.);
#2695 = ORIENTED_EDGE('',*,*,#2667,.T.);
#2696 = FACE_BOUND('',#2697,.T.);
#2697 = EDGE_LOOP('',(#2698,#2721,#2742,#2763,#2784,#2805));
#2698 = ORIENTED_EDGE('',*,*,#2699,.T.);
#2699 = EDGE_CURVE('',#2700,#2702,#2704,.T.);
#2700 = VERTEX_POINT('',#2701);
#2701 = CARTESIAN_POINT('',(-10.175,2.901185102678,8.));
#2702 = VERTEX_POINT('',#2703);
#2703 = CARTESIAN_POINT('',(-6.825,2.901185102678,8.));
#2704 = SURFACE_CURVE('',#2705,(#2709,#2715),.PCURVE_S1.);
#2705 = LINE('',#2706,#2707);
#2706 = CARTESIAN_POINT('',(-20.4125,2.901185102678,8.));
#2707 = VECTOR('',#2708,1.);
#2708 = DIRECTION('',(1.,-1.325639432388E-16,0.));
#2709 = PCURVE('',#1166,#2710);
#2710 = DEFINITIONAL_REPRESENTATION('',(#2711),#2714);
#2711 = B_SPLINE_CURVE_WITH_KNOTS('',1,(#2712,#2713),.UNSPECIFIED.,.F.,
  .F.,(2,2),(10.2375,13.5875),.PIECEWISE_BEZIER_KNOTS.);
#2712 = CARTESIAN_POINT('',(23.825,25.901185102678));
#2713 = CARTESIAN_POINT('',(27.175,25.901185102678));
#2714 = ( GEOMETRIC_REPRESENTATION_CONTEXT(2) 
PARAMETRIC_REPRESENTATION_CONTEXT() REPRESENTATION_CONTEXT('2D SPACE',''
  ) );
#2715 = PCURVE('',#2306,#2716);
#2716 = DEFINITIONAL_REPRESENTATION('',(#2717),#2720);
#2717 = B_SPLINE_CURVE_WITH_KNOTS('',1,(#2718,#2719),.UNSPECIFIED.,.F.,
  .F.,(2,2),(10.2375,13.5875),.PIECEWISE_BEZIER_KNOTS.);
#2718 = CARTESIAN_POINT('',(3.35,-2.7));
#2719 = CARTESIAN_POINT('',(0.,-2.7));
#2720 = ( GEOMETRIC_REPRESENTATION_CONTEXT(2) 
PARAMETRIC_REPRESENTATION_CONTEXT() REPRESENTATION_CONTEXT('2D SPACE',''
  ) );
#2721 = ORIENTED_EDGE('',*,*,#2722,.T.);
#2722 = EDGE_CURVE('',#2702,#2723,#2725,.T.);
#2723 = VERTEX_POINT('',#2724);
#2724 = CARTESIAN_POINT('',(-5.15,0.,8.));
#2725 = SURFACE_CURVE('',#2726,(#2730,#2736),.PCURVE_S1.);
#2726 = LINE('',#2727,#2728);
#2727 = CARTESIAN_POINT('',(-3.776603928239,-2.378791775205,8.));
#2728 = VECTOR('',#2729,1.);
#2729 = DIRECTION('',(0.5,-0.866025403784,0.));
#2730 = PCURVE('',#1166,#2731);
#2731 = DEFINITIONAL_REPRESENTATION('',(#2732),#2735);
#2732 = B_SPLINE_CURVE_WITH_KNOTS('',1,(#2733,#2734),.UNSPECIFIED.,.F.,
  .F.,(2,2),(-6.096792143521,-2.746792143521),.PIECEWISE_BEZIER_KNOTS.);
#2733 = CARTESIAN_POINT('',(27.175,25.901185102678));
#2734 = CARTESIAN_POINT('',(28.85,23.));
#2735 = ( GEOMETRIC_REPRESENTATION_CONTEXT(2) 
PARAMETRIC_REPRESENTATION_CONTEXT() REPRESENTATION_CONTEXT('2D SPACE',''
  ) );
#2736 = PCURVE('',#2198,#2737);
#2737 = DEFINITIONAL_REPRESENTATION('',(#2738),#2741);
#2738 = B_SPLINE_CURVE_WITH_KNOTS('',1,(#2739,#2740),.UNSPECIFIED.,.F.,
  .F.,(2,2),(-6.096792143521,-2.746792143521),.PIECEWISE_BEZIER_KNOTS.);
#2739 = CARTESIAN_POINT('',(3.35,-2.7));
#2740 = CARTESIAN_POINT('',(0.,-2.7));
#2741 = ( GEOMETRIC_REPRESENTATION_CONTEXT(2) 
PARAMETRIC_REPRESENTATION_CONTEXT() REPRESENTATION_CONTEXT('2D SPACE',''
  ) );
#2742 = ORIENTED_EDGE('',*,*,#2743,.T.);
#2743 = EDGE_CURVE('',#2723,#2744,#2746,.T.);
#2744 = VERTEX_POINT('',#2745);
#2745 = CARTESIAN_POINT('',(-6.825,-2.901185102678,8.));
#2746 = SURFACE_CURVE('',#2747,(#2751,#2757),.PCURVE_S1.);
#2747 = LINE('',#2748,#2749);
#2748 = CARTESIAN_POINT('',(-14.57339607176,-16.32180077613,8.));
#2749 = VECTOR('',#2750,1.);
#2750 = DIRECTION('',(-0.5,-0.866025403784,0.));
#2751 = PCURVE('',#1166,#2752);
#2752 = DEFINITIONAL_REPRESENTATION('',(#2753),#2756);
#2753 = B_SPLINE_CURVE_WITH_KNOTS('',1,(#2754,#2755),.UNSPECIFIED.,.F.,
  .F.,(2,2),(-18.84679214352,-15.49679214352),.PIECEWISE_BEZIER_KNOTS.);
#2754 = CARTESIAN_POINT('',(28.85,23.));
#2755 = CARTESIAN_POINT('',(27.175,20.098814897322));
#2756 = ( GEOMETRIC_REPRESENTATION_CONTEXT(2) 
PARAMETRIC_REPRESENTATION_CONTEXT() REPRESENTATION_CONTEXT('2D SPACE',''
  ) );
#2757 = PCURVE('',#2252,#2758);
#2758 = DEFINITIONAL_REPRESENTATION('',(#2759),#2762);
#2759 = B_SPLINE_CURVE_WITH_KNOTS('',1,(#2760,#2761),.UNSPECIFIED.,.F.,
  .F.,(2,2),(-18.84679214352,-15.49679214352),.PIECEWISE_BEZIER_KNOTS.);
#2760 = CARTESIAN_POINT('',(3.35,-2.7));
#2761 = CARTESIAN_POINT('',(0.,-2.7));
#2762 = ( GEOMETRIC_REPRESENTATION_CONTEXT(2) 
PARAMETRIC_REPRESENTATION_CONTEXT() REPRESENTATION_CONTEXT('2D SPACE',''
  ) );
#2763 = ORIENTED_EDGE('',*,*,#2764,.T.);
#2764 = EDGE_CURVE('',#2744,#2765,#2767,.T.);
#2765 = VERTEX_POINT('',#2766);
#2766 = CARTESIAN_POINT('',(-10.175,-2.901185102678,8.));
#2767 = SURFACE_CURVE('',#2768,(#2772,#2778),.PCURVE_S1.);
#2768 = LINE('',#2769,#2770);
#2769 = CARTESIAN_POINT('',(-22.0875,-2.901185102678,8.));
#2770 = VECTOR('',#2771,1.);
#2771 = DIRECTION('',(-1.,6.628197161941E-16,0.));
#2772 = PCURVE('',#1166,#2773);
#2773 = DEFINITIONAL_REPRESENTATION('',(#2774),#2777);
#2774 = B_SPLINE_CURVE_WITH_KNOTS('',1,(#2775,#2776),.UNSPECIFIED.,.F.,
  .F.,(2,2),(-15.2625,-11.9125),.PIECEWISE_BEZIER_KNOTS.);
#2775 = CARTESIAN_POINT('',(27.175,20.098814897322));
#2776 = CARTESIAN_POINT('',(23.825,20.098814897322));
#2777 = ( GEOMETRIC_REPRESENTATION_CONTEXT(2) 
PARAMETRIC_REPRESENTATION_CONTEXT() REPRESENTATION_CONTEXT('2D SPACE',''
  ) );
#2778 = PCURVE('',#2360,#2779);
#2779 = DEFINITIONAL_REPRESENTATION('',(#2780),#2783);
#2780 = B_SPLINE_CURVE_WITH_KNOTS('',1,(#2781,#2782),.UNSPECIFIED.,.F.,
  .F.,(2,2),(-15.2625,-11.9125),.PIECEWISE_BEZIER_KNOTS.);
#2781 = CARTESIAN_POINT('',(3.35,-2.7));
#2782 = CARTESIAN_POINT('',(0.,-2.7));
#2783 = ( GEOMETRIC_REPRESENTATION_CONTEXT(2) 
PARAMETRIC_REPRESENTATION_CONTEXT() REPRESENTATION_CONTEXT('2D SPACE',''
  ) );
#2784 = ORIENTED_EDGE('',*,*,#2785,.T.);
#2785 = EDGE_CURVE('',#2765,#2786,#2788,.T.);
#2786 = VERTEX_POINT('',#2787);
#2787 = CARTESIAN_POINT('',(-11.85,4.102566777144E-16,8.));
#2788 = SURFACE_CURVE('',#2789,(#2793,#2799),.PCURVE_S1.);
#2789 = LINE('',#2790,#2791);
#2790 = CARTESIAN_POINT('',(-9.639103928239,-3.829384326544,8.));
#2791 = VECTOR('',#2792,1.);
#2792 = DIRECTION('',(-0.5,0.866025403784,0.));
#2793 = PCURVE('',#1166,#2794);
#2794 = DEFINITIONAL_REPRESENTATION('',(#2795),#2798);
#2795 = B_SPLINE_CURVE_WITH_KNOTS('',1,(#2796,#2797),.UNSPECIFIED.,.F.,
  .F.,(2,2),(1.071792143521,4.421792143521),.PIECEWISE_BEZIER_KNOTS.);
#2796 = CARTESIAN_POINT('',(23.825,20.098814897322));
#2797 = CARTESIAN_POINT('',(22.15,23.));
#2798 = ( GEOMETRIC_REPRESENTATION_CONTEXT(2) 
PARAMETRIC_REPRESENTATION_CONTEXT() REPRESENTATION_CONTEXT('2D SPACE',''
  ) );
#2799 = PCURVE('',#2446,#2800);
#2800 = DEFINITIONAL_REPRESENTATION('',(#2801),#2804);
#2801 = B_SPLINE_CURVE_WITH_KNOTS('',1,(#2802,#2803),.UNSPECIFIED.,.F.,
  .F.,(2,2),(1.071792143521,4.421792143521),.PIECEWISE_BEZIER_KNOTS.);
#2802 = CARTESIAN_POINT('',(3.35,-2.7));
#2803 = CARTESIAN_POINT('',(0.,-2.7));
#2804 = ( GEOMETRIC_REPRESENTATION_CONTEXT(2) 
PARAMETRIC_REPRESENTATION_CONTEXT() REPRESENTATION_CONTEXT('2D SPACE',''
  ) );
#2805 = ORIENTED_EDGE('',*,*,#2806,.T.);
#2806 = EDGE_CURVE('',#2786,#2700,#2807,.T.);
#2807 = SURFACE_CURVE('',#2808,(#2812,#2818),.PCURVE_S1.);
#2808 = LINE('',#2809,#2810);
#2809 = CARTESIAN_POINT('',(-18.76089607176,-11.97002312211,8.));
#2810 = VECTOR('',#2811,1.);
#2811 = DIRECTION('',(0.5,0.866025403784,-0.));
#2812 = PCURVE('',#1166,#2813);
#2813 = DEFINITIONAL_REPRESENTATION('',(#2814),#2817);
#2814 = B_SPLINE_CURVE_WITH_KNOTS('',1,(#2815,#2816),.UNSPECIFIED.,.F.,
  .F.,(2,2),(13.821792143521,17.171792143521),.PIECEWISE_BEZIER_KNOTS.);
#2815 = CARTESIAN_POINT('',(22.15,23.));
#2816 = CARTESIAN_POINT('',(23.825,25.901185102678));
#2817 = ( GEOMETRIC_REPRESENTATION_CONTEXT(2) 
PARAMETRIC_REPRESENTATION_CONTEXT() REPRESENTATION_CONTEXT('2D SPACE',''
  ) );
#2818 = PCURVE('',#2414,#2819);
#2819 = DEFINITIONAL_REPRESENTATION('',(#2820),#2823);
#2820 = B_SPLINE_CURVE_WITH_KNOTS('',1,(#2821,#2822),.UNSPECIFIED.,.F.,
  .F.,(2,2),(13.821792143521,17.171792143521),.PIECEWISE_BEZIER_KNOTS.);
#2821 = CARTESIAN_POINT('',(3.35,-2.7));
#2822 = CARTESIAN_POINT('',(0.,-2.7));
#2823 = ( GEOMETRIC_REPRESENTATION_CONTEXT(2) 
PARAMETRIC_REPRESENTATION_CONTEXT() REPRESENTATION_CONTEXT('2D SPACE',''
  ) );
#2824 = FACE_BOUND('',#2825,.T.);
#2825 = EDGE_LOOP('',(#2826,#2854,#2880,#2906,#2932,#2958));
#2826 = ORIENTED_EDGE('',*,*,#2827,.T.);
#2827 = EDGE_CURVE('',#2828,#2830,#2832,.T.);
#2828 = VERTEX_POINT('',#2829);
#2829 = CARTESIAN_POINT('',(6.825,2.901185102678,8.));
#2830 = VERTEX_POINT('',#2831);
#2831 = CARTESIAN_POINT('',(10.175,2.901185102678,8.));
#2832 = SURFACE_CURVE('',#2833,(#2837,#2843),.PCURVE_S1.);
#2833 = LINE('',#2834,#2835);
#2834 = CARTESIAN_POINT('',(-11.9125,2.901185102678,8.));
#2835 = VECTOR('',#2836,1.);
#2836 = DIRECTION('',(1.,-1.325639432388E-16,0.));
#2837 = PCURVE('',#1166,#2838);
#2838 = DEFINITIONAL_REPRESENTATION('',(#2839),#2842);
#2839 = B_SPLINE_CURVE_WITH_KNOTS('',1,(#2840,#2841),.UNSPECIFIED.,.F.,
  .F.,(2,2),(18.7375,22.0875),.PIECEWISE_BEZIER_KNOTS.);
#2840 = CARTESIAN_POINT('',(40.825,25.901185102678));
#2841 = CARTESIAN_POINT('',(44.175,25.901185102678));
#2842 = ( GEOMETRIC_REPRESENTATION_CONTEXT(2) 
PARAMETRIC_REPRESENTATION_CONTEXT() REPRESENTATION_CONTEXT('2D SPACE',''
  ) );
#2843 = PCURVE('',#2844,#2849);
#2844 = PLANE('',#2845);
#2845 = AXIS2_PLACEMENT_3D('',#2846,#2847,#2848);
#2846 = CARTESIAN_POINT('',(10.175,2.901185102678,5.3));
#2847 = DIRECTION('',(-1.325639432388E-16,-1.,0.));
#2848 = DIRECTION('',(-1.,1.325639432388E-16,0.));
#2849 = DEFINITIONAL_REPRESENTATION('',(#2850),#2853);
#2850 = B_SPLINE_CURVE_WITH_KNOTS('',1,(#2851,#2852),.UNSPECIFIED.,.F.,
  .F.,(2,2),(18.7375,22.0875),.PIECEWISE_BEZIER_KNOTS.);
#2851 = CARTESIAN_POINT('',(3.35,-2.7));
#2852 = CARTESIAN_POINT('',(0.,-2.7));
#2853 = ( GEOMETRIC_REPRESENTATION_CONTEXT(2) 
PARAMETRIC_REPRESENTATION_CONTEXT() REPRESENTATION_CONTEXT('2D SPACE',''
  ) );
#2854 = ORIENTED_EDGE('',*,*,#2855,.T.);
#2855 = EDGE_CURVE('',#2830,#2856,#2858,.T.);
#2856 = VERTEX_POINT('',#2857);
#2857 = CARTESIAN_POINT('',(11.85,0.,8.));
#2858 = SURFACE_CURVE('',#2859,(#2863,#2869),.PCURVE_S1.);
#2859 = LINE('',#2860,#2861);
#2860 = CARTESIAN_POINT('',(11.098396071761,1.301816190879,8.));
#2861 = VECTOR('',#2862,1.);
#2862 = DIRECTION('',(0.5,-0.866025403784,0.));
#2863 = PCURVE('',#1166,#2864);
#2864 = DEFINITIONAL_REPRESENTATION('',(#2865),#2868);
#2865 = B_SPLINE_CURVE_WITH_KNOTS('',1,(#2866,#2867),.UNSPECIFIED.,.F.,
  .F.,(2,2),(-1.846792143521,1.503207856479),.PIECEWISE_BEZIER_KNOTS.);
#2866 = CARTESIAN_POINT('',(44.175,25.901185102678));
#2867 = CARTESIAN_POINT('',(45.85,23.));
#2868 = ( GEOMETRIC_REPRESENTATION_CONTEXT(2) 
PARAMETRIC_REPRESENTATION_CONTEXT() REPRESENTATION_CONTEXT('2D SPACE',''
  ) );
#2869 = PCURVE('',#2870,#2875);
#2870 = PLANE('',#2871);
#2871 = AXIS2_PLACEMENT_3D('',#2872,#2873,#2874);
#2872 = CARTESIAN_POINT('',(11.85,0.,5.3));
#2873 = DIRECTION('',(-0.866025403784,-0.5,0.));
#2874 = DIRECTION('',(-0.5,0.866025403784,0.));
#2875 = DEFINITIONAL_REPRESENTATION('',(#2876),#2879);
#2876 = B_SPLINE_CURVE_WITH_KNOTS('',1,(#2877,#2878),.UNSPECIFIED.,.F.,
  .F.,(2,2),(-1.846792143521,1.503207856479),.PIECEWISE_BEZIER_KNOTS.);
#2877 = CARTESIAN_POINT('',(3.35,-2.7));
#2878 = CARTESIAN_POINT('',(0.,-2.7));
#2879 = ( GEOMETRIC_REPRESENTATION_CONTEXT(2) 
PARAMETRIC_REPRESENTATION_CONTEXT() REPRESENTATION_CONTEXT('2D SPACE',''
  ) );
#2880 = ORIENTED_EDGE('',*,*,#2881,.T.);
#2881 = EDGE_CURVE('',#2856,#2882,#2884,.T.);
#2882 = VERTEX_POINT('',#2883);
#2883 = CARTESIAN_POINT('',(10.175,-2.901185102678,8.));
#2884 = SURFACE_CURVE('',#2885,(#2889,#2895),.PCURVE_S1.);
#2885 = LINE('',#2886,#2887);
#2886 = CARTESIAN_POINT('',(0.301603928239,-20.00240874221,8.));
#2887 = VECTOR('',#2888,1.);
#2888 = DIRECTION('',(-0.5,-0.866025403784,0.));
#2889 = PCURVE('',#1166,#2890);
#2890 = DEFINITIONAL_REPRESENTATION('',(#2891),#2894);
#2891 = B_SPLINE_CURVE_WITH_KNOTS('',1,(#2892,#2893),.UNSPECIFIED.,.F.,
  .F.,(2,2),(-23.09679214352,-19.74679214352),.PIECEWISE_BEZIER_KNOTS.);
#2892 = CARTESIAN_POINT('',(45.85,23.));
#2893 = CARTESIAN_POINT('',(44.175,20.098814897322));
#2894 = ( GEOMETRIC_REPRESENTATION_CONTEXT(2) 
PARAMETRIC_REPRESENTATION_CONTEXT() REPRESENTATION_CONTEXT('2D SPACE',''
  ) );
#2895 = PCURVE('',#2896,#2901);
#2896 = PLANE('',#2897);
#2897 = AXIS2_PLACEMENT_3D('',#2898,#2899,#2900);
#2898 = CARTESIAN_POINT('',(10.175,-2.901185102678,5.3));
#2899 = DIRECTION('',(-0.866025403784,0.5,0.));
#2900 = DIRECTION('',(0.5,0.866025403784,0.));
#2901 = DEFINITIONAL_REPRESENTATION('',(#2902),#2905);
#2902 = B_SPLINE_CURVE_WITH_KNOTS('',1,(#2903,#2904),.UNSPECIFIED.,.F.,
  .F.,(2,2),(-23.09679214352,-19.74679214352),.PIECEWISE_BEZIER_KNOTS.);
#2903 = CARTESIAN_POINT('',(3.35,-2.7));
#2904 = CARTESIAN_POINT('',(0.,-2.7));
#2905 = ( GEOMETRIC_REPRESENTATION_CONTEXT(2) 
PARAMETRIC_REPRESENTATION_CONTEXT() REPRESENTATION_CONTEXT('2D SPACE',''
  ) );
#2906 = ORIENTED_EDGE('',*,*,#2907,.T.);
#2907 = EDGE_CURVE('',#2882,#2908,#2910,.T.);
#2908 = VERTEX_POINT('',#2909);
#2909 = CARTESIAN_POINT('',(6.825,-2.901185102678,8.));
#2910 = SURFACE_CURVE('',#2911,(#2915,#2921),.PCURVE_S1.);
#2911 = LINE('',#2912,#2913);
#2912 = CARTESIAN_POINT('',(-13.5875,-2.901185102678,8.));
#2913 = VECTOR('',#2914,1.);
#2914 = DIRECTION('',(-1.,6.628197161941E-16,0.));
#2915 = PCURVE('',#1166,#2916);
#2916 = DEFINITIONAL_REPRESENTATION('',(#2917),#2920);
#2917 = B_SPLINE_CURVE_WITH_KNOTS('',1,(#2918,#2919),.UNSPECIFIED.,.F.,
  .F.,(2,2),(-23.7625,-20.4125),.PIECEWISE_BEZIER_KNOTS.);
#2918 = CARTESIAN_POINT('',(44.175,20.098814897322));
#2919 = CARTESIAN_POINT('',(40.825,20.098814897322));
#2920 = ( GEOMETRIC_REPRESENTATION_CONTEXT(2) 
PARAMETRIC_REPRESENTATION_CONTEXT() REPRESENTATION_CONTEXT('2D SPACE',''
  ) );
#2921 = PCURVE('',#2922,#2927);
#2922 = PLANE('',#2923);
#2923 = AXIS2_PLACEMENT_3D('',#2924,#2925,#2926);
#2924 = CARTESIAN_POINT('',(6.825,-2.901185102678,5.3));
#2925 = DIRECTION('',(6.628197161941E-16,1.,-0.));
#2926 = DIRECTION('',(1.,-6.628197161941E-16,0.));
#2927 = DEFINITIONAL_REPRESENTATION('',(#2928),#2931);
#2928 = B_SPLINE_CURVE_WITH_KNOTS('',1,(#2929,#2930),.UNSPECIFIED.,.F.,
  .F.,(2,2),(-23.7625,-20.4125),.PIECEWISE_BEZIER_KNOTS.);
#2929 = CARTESIAN_POINT('',(3.35,-2.7));
#2930 = CARTESIAN_POINT('',(0.,-2.7));
#2931 = ( GEOMETRIC_REPRESENTATION_CONTEXT(2) 
PARAMETRIC_REPRESENTATION_CONTEXT() REPRESENTATION_CONTEXT('2D SPACE',''
  ) );
#2932 = ORIENTED_EDGE('',*,*,#2933,.T.);
#2933 = EDGE_CURVE('',#2908,#2934,#2936,.T.);
#2934 = VERTEX_POINT('',#2935);
#2935 = CARTESIAN_POINT('',(5.15,4.102566777144E-16,8.));
#2936 = SURFACE_CURVE('',#2937,(#2941,#2947),.PCURVE_S1.);
#2937 = LINE('',#2938,#2939);
#2938 = CARTESIAN_POINT('',(5.235896071761,-0.14877636046,8.));
#2939 = VECTOR('',#2940,1.);
#2940 = DIRECTION('',(-0.5,0.866025403784,0.));
#2941 = PCURVE('',#1166,#2942);
#2942 = DEFINITIONAL_REPRESENTATION('',(#2943),#2946);
#2943 = B_SPLINE_CURVE_WITH_KNOTS('',1,(#2944,#2945),.UNSPECIFIED.,.F.,
  .F.,(2,2),(-3.178207856479,0.171792143521),.PIECEWISE_BEZIER_KNOTS.);
#2944 = CARTESIAN_POINT('',(40.825,20.098814897322));
#2945 = CARTESIAN_POINT('',(39.15,23.));
#2946 = ( GEOMETRIC_REPRESENTATION_CONTEXT(2) 
PARAMETRIC_REPRESENTATION_CONTEXT() REPRESENTATION_CONTEXT('2D SPACE',''
  ) );
#2947 = PCURVE('',#2948,#2953);
#2948 = PLANE('',#2949);
#2949 = AXIS2_PLACEMENT_3D('',#2950,#2951,#2952);
#2950 = CARTESIAN_POINT('',(5.15,4.102566777144E-16,5.3));
#2951 = DIRECTION('',(0.866025403784,0.5,-0.));
#2952 = DIRECTION('',(0.5,-0.866025403784,0.));
#2953 = DEFINITIONAL_REPRESENTATION('',(#2954),#2957);
#2954 = B_SPLINE_CURVE_WITH_KNOTS('',1,(#2955,#2956),.UNSPECIFIED.,.F.,
  .F.,(2,2),(-3.178207856479,0.171792143521),.PIECEWISE_BEZIER_KNOTS.);
#2955 = CARTESIAN_POINT('',(3.35,-2.7));
#2956 = CARTESIAN_POINT('',(0.,-2.7));
#2957 = ( GEOMETRIC_REPRESENTATION_CONTEXT(2) 
PARAMETRIC_REPRESENTATION_CONTEXT() REPRESENTATION_CONTEXT('2D SPACE',''
  ) );
#2958 = ORIENTED_EDGE('',*,*,#2959,.T.);
#2959 = EDGE_CURVE('',#2934,#2828,#2960,.T.);
#2960 = SURFACE_CURVE('',#2961,(#2965,#2971),.PCURVE_S1.);
#2961 = LINE('',#2962,#2963);
#2962 = CARTESIAN_POINT('',(-3.885896071761,-15.6506310882,8.));
#2963 = VECTOR('',#2964,1.);
#2964 = DIRECTION('',(0.5,0.866025403784,-0.));
#2965 = PCURVE('',#1166,#2966);
#2966 = DEFINITIONAL_REPRESENTATION('',(#2967),#2970);
#2967 = B_SPLINE_CURVE_WITH_KNOTS('',1,(#2968,#2969),.UNSPECIFIED.,.F.,
  .F.,(2,2),(18.071792143521,21.421792143521),.PIECEWISE_BEZIER_KNOTS.);
#2968 = CARTESIAN_POINT('',(39.15,23.));
#2969 = CARTESIAN_POINT('',(40.825,25.901185102678));
#2970 = ( GEOMETRIC_REPRESENTATION_CONTEXT(2) 
PARAMETRIC_REPRESENTATION_CONTEXT() REPRESENTATION_CONTEXT('2D SPACE',''
  ) );
#2971 = PCURVE('',#2972,#2977);
#2972 = PLANE('',#2973);
#2973 = AXIS2_PLACEMENT_3D('',#2974,#2975,#2976);
#2974 = CARTESIAN_POINT('',(6.825,2.901185102678,5.3));
#2975 = DIRECTION('',(0.866025403784,-0.5,0.));
#2976 = DIRECTION('',(-0.5,-0.866025403784,0.));
#2977 = DEFINITIONAL_REPRESENTATION('',(#2978),#2981);
#2978 = B_SPLINE_CURVE_WITH_KNOTS('',1,(#2979,#2980),.UNSPECIFIED.,.F.,
  .F.,(2,2),(18.071792143521,21.421792143521),.PIECEWISE_BEZIER_KNOTS.);
#2979 = CARTESIAN_POINT('',(3.35,-2.7));
#2980 = CARTESIAN_POINT('',(0.,-2.7));
#2981 = ( GEOMETRIC_REPRESENTATION_CONTEXT(2) 
PARAMETRIC_REPRESENTATION_CONTEXT() REPRESENTATION_CONTEXT('2D SPACE',''
  ) );
#2982 = ADVANCED_FACE('',(#2983),#1920,.F.);
#2983 = FACE_BOUND('',#2984,.T.);
#2984 = EDGE_LOOP('',(#2985,#3006,#3007,#3008));
#2985 = ORIENTED_EDGE('',*,*,#2986,.F.);
#2986 = EDGE_CURVE('',#1881,#2987,#2989,.T.);
#2987 = VERTEX_POINT('',#2988);
#2988 = CARTESIAN_POINT('',(10.7,0.,5.3));
#2989 = SEAM_CURVE('',#2990,(#2994,#3000),.PCURVE_S1.);
#2990 = LINE('',#2991,#2992);
#2991 = CARTESIAN_POINT('',(10.2,0.,4.8));
#2992 = VECTOR('',#2993,1.);
#2993 = DIRECTION('',(0.707106781187,0.,0.707106781187));
#2994 = PCURVE('',#1920,#2995);
#2995 = DEFINITIONAL_REPRESENTATION('',(#2996),#2999);
#2996 = B_SPLINE_CURVE_WITH_KNOTS('',1,(#2997,#2998),.UNSPECIFIED.,.F.,
  .F.,(2,2),(0.,0.707106781187),.PIECEWISE_BEZIER_KNOTS.);
#2997 = CARTESIAN_POINT('',(0.,0.));
#2998 = CARTESIAN_POINT('',(0.,0.5));
#2999 = ( GEOMETRIC_REPRESENTATION_CONTEXT(2) 
PARAMETRIC_REPRESENTATION_CONTEXT() REPRESENTATION_CONTEXT('2D SPACE',''
  ) );
#3000 = PCURVE('',#1920,#3001);
#3001 = DEFINITIONAL_REPRESENTATION('',(#3002),#3005);
#3002 = B_SPLINE_CURVE_WITH_KNOTS('',1,(#3003,#3004),.UNSPECIFIED.,.F.,
  .F.,(2,2),(0.,0.707106781187),.PIECEWISE_BEZIER_KNOTS.);
#3003 = CARTESIAN_POINT('',(-6.28318530718,0.));
#3004 = CARTESIAN_POINT('',(-6.28318530718,0.5));
#3005 = ( GEOMETRIC_REPRESENTATION_CONTEXT(2) 
PARAMETRIC_REPRESENTATION_CONTEXT() REPRESENTATION_CONTEXT('2D SPACE',''
  ) );
#3006 = ORIENTED_EDGE('',*,*,#1905,.T.);
#3007 = ORIENTED_EDGE('',*,*,#2986,.T.);
#3008 = ORIENTED_EDGE('',*,*,#3009,.F.);
#3009 = EDGE_CURVE('',#2987,#2987,#3010,.T.);
#3010 = SURFACE_CURVE('',#3011,(#3016,#3023),.PCURVE_S1.);
#3011 = CIRCLE('',#3012,2.2);
#3012 = AXIS2_PLACEMENT_3D('',#3013,#3014,#3015);
#3013 = CARTESIAN_POINT('',(8.5,0.,5.3));
#3014 = DIRECTION('',(0.,-0.,-1.));
#3015 = DIRECTION('',(1.,0.,-0.));
#3016 = PCURVE('',#1920,#3017);
#3017 = DEFINITIONAL_REPRESENTATION('',(#3018),#3022);
#3018 = LINE('',#3019,#3020);
#3019 = CARTESIAN_POINT('',(-0.,0.5));
#3020 = VECTOR('',#3021,1.);
#3021 = DIRECTION('',(-1.,0.));
#3022 = ( GEOMETRIC_REPRESENTATION_CONTEXT(2) 
PARAMETRIC_REPRESENTATION_CONTEXT() REPRESENTATION_CONTEXT('2D SPACE',''
  ) );
#3023 = PCURVE('',#3024,#3029);
#3024 = PLANE('',#3025);
#3025 = AXIS2_PLACEMENT_3D('',#3026,#3027,#3028);
#3026 = CARTESIAN_POINT('',(8.5,-2.651278864776E-16,5.3));
#3027 = DIRECTION('',(0.,0.,1.));
#3028 = DIRECTION('',(1.,0.,-0.));
#3029 = DEFINITIONAL_REPRESENTATION('',(#3030),#3038);
#3030 = ( BOUNDED_CURVE() B_SPLINE_CURVE(2,(#3031,#3032,#3033,#3034,
#3035,#3036,#3037),.UNSPECIFIED.,.T.,.F.) B_SPLINE_CURVE_WITH_KNOTS((1,2
    ,2,2,2,1),(-2.094395102393,0.,2.094395102393,4.188790204786,
6.28318530718,8.377580409573),.UNSPECIFIED.) CURVE() 
GEOMETRIC_REPRESENTATION_ITEM() RATIONAL_B_SPLINE_CURVE((1.,0.5,1.,0.5,
1.,0.5,1.)) REPRESENTATION_ITEM('') );
#3031 = CARTESIAN_POINT('',(2.2,2.651278864776E-16));
#3032 = CARTESIAN_POINT('',(2.2,-3.810511776652));
#3033 = CARTESIAN_POINT('',(-1.1,-1.905255888326));
#3034 = CARTESIAN_POINT('',(-4.4,-2.737167051472E-16));
#3035 = CARTESIAN_POINT('',(-1.1,1.905255888326));
#3036 = CARTESIAN_POINT('',(2.2,3.810511776652));
#3037 = CARTESIAN_POINT('',(2.2,2.651278864776E-16));
#3038 = ( GEOMETRIC_REPRESENTATION_CONTEXT(2) 
PARAMETRIC_REPRESENTATION_CONTEXT() REPRESENTATION_CONTEXT('2D SPACE',''
  ) );
#3039 = ADVANCED_FACE('',(#3040),#2198,.T.);
#3040 = FACE_BOUND('',#3041,.T.);
#3041 = EDGE_LOOP('',(#3042,#3063,#3064,#3085));
#3042 = ORIENTED_EDGE('',*,*,#3043,.F.);
#3043 = EDGE_CURVE('',#2162,#2702,#3044,.T.);
#3044 = SURFACE_CURVE('',#3045,(#3049,#3056),.PCURVE_S1.);
#3045 = LINE('',#3046,#3047);
#3046 = CARTESIAN_POINT('',(-6.825,2.901185102678,5.3));
#3047 = VECTOR('',#3048,1.);
#3048 = DIRECTION('',(0.,0.,1.));
#3049 = PCURVE('',#2198,#3050);
#3050 = DEFINITIONAL_REPRESENTATION('',(#3051),#3055);
#3051 = LINE('',#3052,#3053);
#3052 = CARTESIAN_POINT('',(3.35,0.));
#3053 = VECTOR('',#3054,1.);
#3054 = DIRECTION('',(0.,-1.));
#3055 = ( GEOMETRIC_REPRESENTATION_CONTEXT(2) 
PARAMETRIC_REPRESENTATION_CONTEXT() REPRESENTATION_CONTEXT('2D SPACE',''
  ) );
#3056 = PCURVE('',#2306,#3057);
#3057 = DEFINITIONAL_REPRESENTATION('',(#3058),#3062);
#3058 = LINE('',#3059,#3060);
#3059 = CARTESIAN_POINT('',(0.,0.));
#3060 = VECTOR('',#3061,1.);
#3061 = DIRECTION('',(0.,-1.));
#3062 = ( GEOMETRIC_REPRESENTATION_CONTEXT(2) 
PARAMETRIC_REPRESENTATION_CONTEXT() REPRESENTATION_CONTEXT('2D SPACE',''
  ) );
#3063 = ORIENTED_EDGE('',*,*,#2184,.F.);
#3064 = ORIENTED_EDGE('',*,*,#3065,.T.);
#3065 = EDGE_CURVE('',#2138,#2723,#3066,.T.);
#3066 = SURFACE_CURVE('',#3067,(#3071,#3078),.PCURVE_S1.);
#3067 = LINE('',#3068,#3069);
#3068 = CARTESIAN_POINT('',(-5.15,0.,5.3));
#3069 = VECTOR('',#3070,1.);
#3070 = DIRECTION('',(0.,0.,1.));
#3071 = PCURVE('',#2198,#3072);
#3072 = DEFINITIONAL_REPRESENTATION('',(#3073),#3077);
#3073 = LINE('',#3074,#3075);
#3074 = CARTESIAN_POINT('',(0.,0.));
#3075 = VECTOR('',#3076,1.);
#3076 = DIRECTION('',(0.,-1.));
#3077 = ( GEOMETRIC_REPRESENTATION_CONTEXT(2) 
PARAMETRIC_REPRESENTATION_CONTEXT() REPRESENTATION_CONTEXT('2D SPACE',''
  ) );
#3078 = PCURVE('',#2252,#3079);
#3079 = DEFINITIONAL_REPRESENTATION('',(#3080),#3084);
#3080 = LINE('',#3081,#3082);
#3081 = CARTESIAN_POINT('',(3.35,0.));
#3082 = VECTOR('',#3083,1.);
#3083 = DIRECTION('',(0.,-1.));
#3084 = ( GEOMETRIC_REPRESENTATION_CONTEXT(2) 
PARAMETRIC_REPRESENTATION_CONTEXT() REPRESENTATION_CONTEXT('2D SPACE',''
  ) );
#3085 = ORIENTED_EDGE('',*,*,#2722,.F.);
#3086 = ADVANCED_FACE('',(#3087),#2252,.T.);
#3087 = FACE_BOUND('',#3088,.T.);
#3088 = EDGE_LOOP('',(#3089,#3090,#3091,#3112));
#3089 = ORIENTED_EDGE('',*,*,#3065,.F.);
#3090 = ORIENTED_EDGE('',*,*,#2238,.F.);
#3091 = ORIENTED_EDGE('',*,*,#3092,.T.);
#3092 = EDGE_CURVE('',#2214,#2744,#3093,.T.);
#3093 = SURFACE_CURVE('',#3094,(#3098,#3105),.PCURVE_S1.);
#3094 = LINE('',#3095,#3096);
#3095 = CARTESIAN_POINT('',(-6.825,-2.901185102678,5.3));
#3096 = VECTOR('',#3097,1.);
#3097 = DIRECTION('',(0.,0.,1.));
#3098 = PCURVE('',#2252,#3099);
#3099 = DEFINITIONAL_REPRESENTATION('',(#3100),#3104);
#3100 = LINE('',#3101,#3102);
#3101 = CARTESIAN_POINT('',(0.,0.));
#3102 = VECTOR('',#3103,1.);
#3103 = DIRECTION('',(0.,-1.));
#3104 = ( GEOMETRIC_REPRESENTATION_CONTEXT(2) 
PARAMETRIC_REPRESENTATION_CONTEXT() REPRESENTATION_CONTEXT('2D SPACE',''
  ) );
#3105 = PCURVE('',#2360,#3106);
#3106 = DEFINITIONAL_REPRESENTATION('',(#3107),#3111);
#3107 = LINE('',#3108,#3109);
#3108 = CARTESIAN_POINT('',(3.35,0.));
#3109 = VECTOR('',#3110,1.);
#3110 = DIRECTION('',(0.,-1.));
#3111 = ( GEOMETRIC_REPRESENTATION_CONTEXT(2) 
PARAMETRIC_REPRESENTATION_CONTEXT() REPRESENTATION_CONTEXT('2D SPACE',''
  ) );
#3112 = ORIENTED_EDGE('',*,*,#2743,.F.);
#3113 = ADVANCED_FACE('',(#3114),#2306,.T.);
#3114 = FACE_BOUND('',#3115,.T.);
#3115 = EDGE_LOOP('',(#3116,#3137,#3138,#3139));
#3116 = ORIENTED_EDGE('',*,*,#3117,.F.);
#3117 = EDGE_CURVE('',#2270,#2700,#3118,.T.);
#3118 = SURFACE_CURVE('',#3119,(#3123,#3130),.PCURVE_S1.);
#3119 = LINE('',#3120,#3121);
#3120 = CARTESIAN_POINT('',(-10.175,2.901185102678,5.3));
#3121 = VECTOR('',#3122,1.);
#3122 = DIRECTION('',(0.,0.,1.));
#3123 = PCURVE('',#2306,#3124);
#3124 = DEFINITIONAL_REPRESENTATION('',(#3125),#3129);
#3125 = LINE('',#3126,#3127);
#3126 = CARTESIAN_POINT('',(3.35,0.));
#3127 = VECTOR('',#3128,1.);
#3128 = DIRECTION('',(0.,-1.));
#3129 = ( GEOMETRIC_REPRESENTATION_CONTEXT(2) 
PARAMETRIC_REPRESENTATION_CONTEXT() REPRESENTATION_CONTEXT('2D SPACE',''
  ) );
#3130 = PCURVE('',#2414,#3131);
#3131 = DEFINITIONAL_REPRESENTATION('',(#3132),#3136);
#3132 = LINE('',#3133,#3134);
#3133 = CARTESIAN_POINT('',(0.,0.));
#3134 = VECTOR('',#3135,1.);
#3135 = DIRECTION('',(0.,-1.));
#3136 = ( GEOMETRIC_REPRESENTATION_CONTEXT(2) 
PARAMETRIC_REPRESENTATION_CONTEXT() REPRESENTATION_CONTEXT('2D SPACE',''
  ) );
#3137 = ORIENTED_EDGE('',*,*,#2292,.F.);
#3138 = ORIENTED_EDGE('',*,*,#3043,.T.);
#3139 = ORIENTED_EDGE('',*,*,#2699,.F.);
#3140 = ADVANCED_FACE('',(#3141),#2360,.T.);
#3141 = FACE_BOUND('',#3142,.T.);
#3142 = EDGE_LOOP('',(#3143,#3144,#3145,#3166));
#3143 = ORIENTED_EDGE('',*,*,#3092,.F.);
#3144 = ORIENTED_EDGE('',*,*,#2346,.F.);
#3145 = ORIENTED_EDGE('',*,*,#3146,.T.);
#3146 = EDGE_CURVE('',#2322,#2765,#3147,.T.);
#3147 = SURFACE_CURVE('',#3148,(#3152,#3159),.PCURVE_S1.);
#3148 = LINE('',#3149,#3150);
#3149 = CARTESIAN_POINT('',(-10.175,-2.901185102678,5.3));
#3150 = VECTOR('',#3151,1.);
#3151 = DIRECTION('',(0.,0.,1.));
#3152 = PCURVE('',#2360,#3153);
#3153 = DEFINITIONAL_REPRESENTATION('',(#3154),#3158);
#3154 = LINE('',#3155,#3156);
#3155 = CARTESIAN_POINT('',(0.,0.));
#3156 = VECTOR('',#3157,1.);
#3157 = DIRECTION('',(0.,-1.));
#3158 = ( GEOMETRIC_REPRESENTATION_CONTEXT(2) 
PARAMETRIC_REPRESENTATION_CONTEXT() REPRESENTATION_CONTEXT('2D SPACE',''
  ) );
#3159 = PCURVE('',#2446,#3160);
#3160 = DEFINITIONAL_REPRESENTATION('',(#3161),#3165);
#3161 = LINE('',#3162,#3163);
#3162 = CARTESIAN_POINT('',(3.35,0.));
#3163 = VECTOR('',#3164,1.);
#3164 = DIRECTION('',(0.,-1.));
#3165 = ( GEOMETRIC_REPRESENTATION_CONTEXT(2) 
PARAMETRIC_REPRESENTATION_CONTEXT() REPRESENTATION_CONTEXT('2D SPACE',''
  ) );
#3166 = ORIENTED_EDGE('',*,*,#2764,.F.);
#3167 = ADVANCED_FACE('',(#3168),#2414,.T.);
#3168 = FACE_BOUND('',#3169,.T.);
#3169 = EDGE_LOOP('',(#3170,#3191,#3192,#3193));
#3170 = ORIENTED_EDGE('',*,*,#3171,.F.);
#3171 = EDGE_CURVE('',#2378,#2786,#3172,.T.);
#3172 = SURFACE_CURVE('',#3173,(#3177,#3184),.PCURVE_S1.);
#3173 = LINE('',#3174,#3175);
#3174 = CARTESIAN_POINT('',(-11.85,4.102566777144E-16,5.3));
#3175 = VECTOR('',#3176,1.);
#3176 = DIRECTION('',(0.,0.,1.));
#3177 = PCURVE('',#2414,#3178);
#3178 = DEFINITIONAL_REPRESENTATION('',(#3179),#3183);
#3179 = LINE('',#3180,#3181);
#3180 = CARTESIAN_POINT('',(3.35,0.));
#3181 = VECTOR('',#3182,1.);
#3182 = DIRECTION('',(0.,-1.));
#3183 = ( GEOMETRIC_REPRESENTATION_CONTEXT(2) 
PARAMETRIC_REPRESENTATION_CONTEXT() REPRESENTATION_CONTEXT('2D SPACE',''
  ) );
#3184 = PCURVE('',#2446,#3185);
#3185 = DEFINITIONAL_REPRESENTATION('',(#3186),#3190);
#3186 = LINE('',#3187,#3188);
#3187 = CARTESIAN_POINT('',(0.,0.));
#3188 = VECTOR('',#3189,1.);
#3189 = DIRECTION('',(0.,-1.));
#3190 = ( GEOMETRIC_REPRESENTATION_CONTEXT(2) 
PARAMETRIC_REPRESENTATION_CONTEXT() REPRESENTATION_CONTEXT('2D SPACE',''
  ) );
#3191 = ORIENTED_EDGE('',*,*,#2400,.F.);
#3192 = ORIENTED_EDGE('',*,*,#3117,.T.);
#3193 = ORIENTED_EDGE('',*,*,#2806,.F.);
#3194 = ADVANCED_FACE('',(#3195),#2446,.T.);
#3195 = FACE_BOUND('',#3196,.T.);
#3196 = EDGE_LOOP('',(#3197,#3198,#3199,#3200));
#3197 = ORIENTED_EDGE('',*,*,#3146,.F.);
#3198 = ORIENTED_EDGE('',*,*,#2432,.F.);
#3199 = ORIENTED_EDGE('',*,*,#3171,.T.);
#3200 = ORIENTED_EDGE('',*,*,#2785,.F.);
#3201 = ADVANCED_FACE('',(#3202),#2844,.T.);
#3202 = FACE_BOUND('',#3203,.T.);
#3203 = EDGE_LOOP('',(#3204,#3227,#3255,#3276));
#3204 = ORIENTED_EDGE('',*,*,#3205,.F.);
#3205 = EDGE_CURVE('',#3206,#2828,#3208,.T.);
#3206 = VERTEX_POINT('',#3207);
#3207 = CARTESIAN_POINT('',(6.825,2.901185102678,5.8));
#3208 = SURFACE_CURVE('',#3209,(#3213,#3220),.PCURVE_S1.);
#3209 = LINE('',#3210,#3211);
#3210 = CARTESIAN_POINT('',(6.825,2.901185102678,5.3));
#3211 = VECTOR('',#3212,1.);
#3212 = DIRECTION('',(0.,0.,1.));
#3213 = PCURVE('',#2844,#3214);
#3214 = DEFINITIONAL_REPRESENTATION('',(#3215),#3219);
#3215 = LINE('',#3216,#3217);
#3216 = CARTESIAN_POINT('',(3.35,0.));
#3217 = VECTOR('',#3218,1.);
#3218 = DIRECTION('',(0.,-1.));
#3219 = ( GEOMETRIC_REPRESENTATION_CONTEXT(2) 
PARAMETRIC_REPRESENTATION_CONTEXT() REPRESENTATION_CONTEXT('2D SPACE',''
  ) );
#3220 = PCURVE('',#2972,#3221);
#3221 = DEFINITIONAL_REPRESENTATION('',(#3222),#3226);
#3222 = LINE('',#3223,#3224);
#3223 = CARTESIAN_POINT('',(0.,0.));
#3224 = VECTOR('',#3225,1.);
#3225 = DIRECTION('',(0.,-1.));
#3226 = ( GEOMETRIC_REPRESENTATION_CONTEXT(2) 
PARAMETRIC_REPRESENTATION_CONTEXT() REPRESENTATION_CONTEXT('2D SPACE',''
  ) );
#3227 = ORIENTED_EDGE('',*,*,#3228,.F.);
#3228 = EDGE_CURVE('',#3229,#3206,#3231,.T.);
#3229 = VERTEX_POINT('',#3230);
#3230 = CARTESIAN_POINT('',(10.175,2.901185102678,5.8));
#3231 = SURFACE_CURVE('',#3232,(#3236,#3243),.PCURVE_S1.);
#3232 = LINE('',#3233,#3234);
#3233 = CARTESIAN_POINT('',(10.175,2.901185102678,5.8));
#3234 = VECTOR('',#3235,1.);
#3235 = DIRECTION('',(-1.,1.325639432388E-16,0.));
#3236 = PCURVE('',#2844,#3237);
#3237 = DEFINITIONAL_REPRESENTATION('',(#3238),#3242);
#3238 = LINE('',#3239,#3240);
#3239 = CARTESIAN_POINT('',(0.,-0.5));
#3240 = VECTOR('',#3241,1.);
#3241 = DIRECTION('',(1.,0.));
#3242 = ( GEOMETRIC_REPRESENTATION_CONTEXT(2) 
PARAMETRIC_REPRESENTATION_CONTEXT() REPRESENTATION_CONTEXT('2D SPACE',''
  ) );
#3243 = PCURVE('',#3244,#3249);
#3244 = PLANE('',#3245);
#3245 = AXIS2_PLACEMENT_3D('',#3246,#3247,#3248);
#3246 = CARTESIAN_POINT('',(10.175,2.651185102678,5.55));
#3247 = DIRECTION('',(9.043085361264E-17,0.707106781187,-0.707106781187)
  );
#3248 = DIRECTION('',(-1.,1.302262414374E-16,2.337701801425E-18));
#3249 = DEFINITIONAL_REPRESENTATION('',(#3250),#3254);
#3250 = LINE('',#3251,#3252);
#3251 = CARTESIAN_POINT('',(0.,0.353553390593));
#3252 = VECTOR('',#3253,1.);
#3253 = DIRECTION('',(1.,0.));
#3254 = ( GEOMETRIC_REPRESENTATION_CONTEXT(2) 
PARAMETRIC_REPRESENTATION_CONTEXT() REPRESENTATION_CONTEXT('2D SPACE',''
  ) );
#3255 = ORIENTED_EDGE('',*,*,#3256,.T.);
#3256 = EDGE_CURVE('',#3229,#2830,#3257,.T.);
#3257 = SURFACE_CURVE('',#3258,(#3262,#3269),.PCURVE_S1.);
#3258 = LINE('',#3259,#3260);
#3259 = CARTESIAN_POINT('',(10.175,2.901185102678,5.3));
#3260 = VECTOR('',#3261,1.);
#3261 = DIRECTION('',(0.,0.,1.));
#3262 = PCURVE('',#2844,#3263);
#3263 = DEFINITIONAL_REPRESENTATION('',(#3264),#3268);
#3264 = LINE('',#3265,#3266);
#3265 = CARTESIAN_POINT('',(0.,0.));
#3266 = VECTOR('',#3267,1.);
#3267 = DIRECTION('',(0.,-1.));
#3268 = ( GEOMETRIC_REPRESENTATION_CONTEXT(2) 
PARAMETRIC_REPRESENTATION_CONTEXT() REPRESENTATION_CONTEXT('2D SPACE',''
  ) );
#3269 = PCURVE('',#2870,#3270);
#3270 = DEFINITIONAL_REPRESENTATION('',(#3271),#3275);
#3271 = LINE('',#3272,#3273);
#3272 = CARTESIAN_POINT('',(3.35,0.));
#3273 = VECTOR('',#3274,1.);
#3274 = DIRECTION('',(0.,-1.));
#3275 = ( GEOMETRIC_REPRESENTATION_CONTEXT(2) 
PARAMETRIC_REPRESENTATION_CONTEXT() REPRESENTATION_CONTEXT('2D SPACE',''
  ) );
#3276 = ORIENTED_EDGE('',*,*,#2827,.F.);
#3277 = ADVANCED_FACE('',(#3278),#2972,.T.);
#3278 = FACE_BOUND('',#3279,.T.);
#3279 = EDGE_LOOP('',(#3280,#3303,#3329,#3330));
#3280 = ORIENTED_EDGE('',*,*,#3281,.F.);
#3281 = EDGE_CURVE('',#3282,#2934,#3284,.T.);
#3282 = VERTEX_POINT('',#3283);
#3283 = CARTESIAN_POINT('',(5.15,4.440892098501E-16,5.8));
#3284 = SURFACE_CURVE('',#3285,(#3289,#3296),.PCURVE_S1.);
#3285 = LINE('',#3286,#3287);
#3286 = CARTESIAN_POINT('',(5.15,4.102566777144E-16,5.3));
#3287 = VECTOR('',#3288,1.);
#3288 = DIRECTION('',(0.,0.,1.));
#3289 = PCURVE('',#2972,#3290);
#3290 = DEFINITIONAL_REPRESENTATION('',(#3291),#3295);
#3291 = LINE('',#3292,#3293);
#3292 = CARTESIAN_POINT('',(3.35,0.));
#3293 = VECTOR('',#3294,1.);
#3294 = DIRECTION('',(0.,-1.));
#3295 = ( GEOMETRIC_REPRESENTATION_CONTEXT(2) 
PARAMETRIC_REPRESENTATION_CONTEXT() REPRESENTATION_CONTEXT('2D SPACE',''
  ) );
#3296 = PCURVE('',#2948,#3297);
#3297 = DEFINITIONAL_REPRESENTATION('',(#3298),#3302);
#3298 = LINE('',#3299,#3300);
#3299 = CARTESIAN_POINT('',(0.,0.));
#3300 = VECTOR('',#3301,1.);
#3301 = DIRECTION('',(0.,-1.));
#3302 = ( GEOMETRIC_REPRESENTATION_CONTEXT(2) 
PARAMETRIC_REPRESENTATION_CONTEXT() REPRESENTATION_CONTEXT('2D SPACE',''
  ) );
#3303 = ORIENTED_EDGE('',*,*,#3304,.F.);
#3304 = EDGE_CURVE('',#3206,#3282,#3305,.T.);
#3305 = SURFACE_CURVE('',#3306,(#3310,#3317),.PCURVE_S1.);
#3306 = LINE('',#3307,#3308);
#3307 = CARTESIAN_POINT('',(6.825,2.901185102678,5.8));
#3308 = VECTOR('',#3309,1.);
#3309 = DIRECTION('',(-0.5,-0.866025403784,0.));
#3310 = PCURVE('',#2972,#3311);
#3311 = DEFINITIONAL_REPRESENTATION('',(#3312),#3316);
#3312 = LINE('',#3313,#3314);
#3313 = CARTESIAN_POINT('',(0.,-0.5));
#3314 = VECTOR('',#3315,1.);
#3315 = DIRECTION('',(1.,0.));
#3316 = ( GEOMETRIC_REPRESENTATION_CONTEXT(2) 
PARAMETRIC_REPRESENTATION_CONTEXT() REPRESENTATION_CONTEXT('2D SPACE',''
  ) );
#3317 = PCURVE('',#3318,#3323);
#3318 = PLANE('',#3319);
#3319 = AXIS2_PLACEMENT_3D('',#3320,#3321,#3322);
#3320 = CARTESIAN_POINT('',(7.041506350946,2.776185102678,5.55));
#3321 = DIRECTION('',(-0.612372435696,0.353553390593,-0.707106781187));
#3322 = DIRECTION('',(-0.5,-0.866025403784,2.775557561563E-17));
#3323 = DEFINITIONAL_REPRESENTATION('',(#3324),#3328);
#3324 = LINE('',#3325,#3326);
#3325 = CARTESIAN_POINT('',(0.,0.353553390593));
#3326 = VECTOR('',#3327,1.);
#3327 = DIRECTION('',(1.,0.));
#3328 = ( GEOMETRIC_REPRESENTATION_CONTEXT(2) 
PARAMETRIC_REPRESENTATION_CONTEXT() REPRESENTATION_CONTEXT('2D SPACE',''
  ) );
#3329 = ORIENTED_EDGE('',*,*,#3205,.T.);
#3330 = ORIENTED_EDGE('',*,*,#2959,.F.);
#3331 = ADVANCED_FACE('',(#3332),#2870,.T.);
#3332 = FACE_BOUND('',#3333,.T.);
#3333 = EDGE_LOOP('',(#3334,#3335,#3363,#3384));
#3334 = ORIENTED_EDGE('',*,*,#3256,.F.);
#3335 = ORIENTED_EDGE('',*,*,#3336,.F.);
#3336 = EDGE_CURVE('',#3337,#3229,#3339,.T.);
#3337 = VERTEX_POINT('',#3338);
#3338 = CARTESIAN_POINT('',(11.85,-1.942890293094E-16,5.8));
#3339 = SURFACE_CURVE('',#3340,(#3344,#3351),.PCURVE_S1.);
#3340 = LINE('',#3341,#3342);
#3341 = CARTESIAN_POINT('',(11.85,1.110223024625E-16,5.8));
#3342 = VECTOR('',#3343,1.);
#3343 = DIRECTION('',(-0.5,0.866025403784,0.));
#3344 = PCURVE('',#2870,#3345);
#3345 = DEFINITIONAL_REPRESENTATION('',(#3346),#3350);
#3346 = LINE('',#3347,#3348);
#3347 = CARTESIAN_POINT('',(0.,-0.5));
#3348 = VECTOR('',#3349,1.);
#3349 = DIRECTION('',(1.,0.));
#3350 = ( GEOMETRIC_REPRESENTATION_CONTEXT(2) 
PARAMETRIC_REPRESENTATION_CONTEXT() REPRESENTATION_CONTEXT('2D SPACE',''
  ) );
#3351 = PCURVE('',#3352,#3357);
#3352 = PLANE('',#3353);
#3353 = AXIS2_PLACEMENT_3D('',#3354,#3355,#3356);
#3354 = CARTESIAN_POINT('',(11.633493649054,-0.125,5.55));
#3355 = DIRECTION('',(0.612372435696,0.353553390593,-0.707106781187));
#3356 = DIRECTION('',(-0.5,0.866025403784,0.));
#3357 = DEFINITIONAL_REPRESENTATION('',(#3358),#3362);
#3358 = LINE('',#3359,#3360);
#3359 = CARTESIAN_POINT('',(0.,0.353553390593));
#3360 = VECTOR('',#3361,1.);
#3361 = DIRECTION('',(1.,0.));
#3362 = ( GEOMETRIC_REPRESENTATION_CONTEXT(2) 
PARAMETRIC_REPRESENTATION_CONTEXT() REPRESENTATION_CONTEXT('2D SPACE',''
  ) );
#3363 = ORIENTED_EDGE('',*,*,#3364,.T.);
#3364 = EDGE_CURVE('',#3337,#2856,#3365,.T.);
#3365 = SURFACE_CURVE('',#3366,(#3370,#3377),.PCURVE_S1.);
#3366 = LINE('',#3367,#3368);
#3367 = CARTESIAN_POINT('',(11.85,0.,5.3));
#3368 = VECTOR('',#3369,1.);
#3369 = DIRECTION('',(0.,0.,1.));
#3370 = PCURVE('',#2870,#3371);
#3371 = DEFINITIONAL_REPRESENTATION('',(#3372),#3376);
#3372 = LINE('',#3373,#3374);
#3373 = CARTESIAN_POINT('',(0.,0.));
#3374 = VECTOR('',#3375,1.);
#3375 = DIRECTION('',(0.,-1.));
#3376 = ( GEOMETRIC_REPRESENTATION_CONTEXT(2) 
PARAMETRIC_REPRESENTATION_CONTEXT() REPRESENTATION_CONTEXT('2D SPACE',''
  ) );
#3377 = PCURVE('',#2896,#3378);
#3378 = DEFINITIONAL_REPRESENTATION('',(#3379),#3383);
#3379 = LINE('',#3380,#3381);
#3380 = CARTESIAN_POINT('',(3.35,0.));
#3381 = VECTOR('',#3382,1.);
#3382 = DIRECTION('',(0.,-1.));
#3383 = ( GEOMETRIC_REPRESENTATION_CONTEXT(2) 
PARAMETRIC_REPRESENTATION_CONTEXT() REPRESENTATION_CONTEXT('2D SPACE',''
  ) );
#3384 = ORIENTED_EDGE('',*,*,#2855,.F.);
#3385 = ADVANCED_FACE('',(#3386),#2948,.T.);
#3386 = FACE_BOUND('',#3387,.T.);
#3387 = EDGE_LOOP('',(#3388,#3411,#3437,#3438));
#3388 = ORIENTED_EDGE('',*,*,#3389,.F.);
#3389 = EDGE_CURVE('',#3390,#2908,#3392,.T.);
#3390 = VERTEX_POINT('',#3391);
#3391 = CARTESIAN_POINT('',(6.825,-2.901185102678,5.8));
#3392 = SURFACE_CURVE('',#3393,(#3397,#3404),.PCURVE_S1.);
#3393 = LINE('',#3394,#3395);
#3394 = CARTESIAN_POINT('',(6.825,-2.901185102678,5.3));
#3395 = VECTOR('',#3396,1.);
#3396 = DIRECTION('',(0.,0.,1.));
#3397 = PCURVE('',#2948,#3398);
#3398 = DEFINITIONAL_REPRESENTATION('',(#3399),#3403);
#3399 = LINE('',#3400,#3401);
#3400 = CARTESIAN_POINT('',(3.35,0.));
#3401 = VECTOR('',#3402,1.);
#3402 = DIRECTION('',(0.,-1.));
#3403 = ( GEOMETRIC_REPRESENTATION_CONTEXT(2) 
PARAMETRIC_REPRESENTATION_CONTEXT() REPRESENTATION_CONTEXT('2D SPACE',''
  ) );
#3404 = PCURVE('',#2922,#3405);
#3405 = DEFINITIONAL_REPRESENTATION('',(#3406),#3410);
#3406 = LINE('',#3407,#3408);
#3407 = CARTESIAN_POINT('',(0.,0.));
#3408 = VECTOR('',#3409,1.);
#3409 = DIRECTION('',(0.,-1.));
#3410 = ( GEOMETRIC_REPRESENTATION_CONTEXT(2) 
PARAMETRIC_REPRESENTATION_CONTEXT() REPRESENTATION_CONTEXT('2D SPACE',''
  ) );
#3411 = ORIENTED_EDGE('',*,*,#3412,.F.);
#3412 = EDGE_CURVE('',#3282,#3390,#3413,.T.);
#3413 = SURFACE_CURVE('',#3414,(#3418,#3425),.PCURVE_S1.);
#3414 = LINE('',#3415,#3416);
#3415 = CARTESIAN_POINT('',(5.15,6.661338147751E-16,5.8));
#3416 = VECTOR('',#3417,1.);
#3417 = DIRECTION('',(0.5,-0.866025403784,0.));
#3418 = PCURVE('',#2948,#3419);
#3419 = DEFINITIONAL_REPRESENTATION('',(#3420),#3424);
#3420 = LINE('',#3421,#3422);
#3421 = CARTESIAN_POINT('',(0.,-0.5));
#3422 = VECTOR('',#3423,1.);
#3423 = DIRECTION('',(1.,0.));
#3424 = ( GEOMETRIC_REPRESENTATION_CONTEXT(2) 
PARAMETRIC_REPRESENTATION_CONTEXT() REPRESENTATION_CONTEXT('2D SPACE',''
  ) );
#3425 = PCURVE('',#3426,#3431);
#3426 = PLANE('',#3427);
#3427 = AXIS2_PLACEMENT_3D('',#3428,#3429,#3430);
#3428 = CARTESIAN_POINT('',(5.366506350946,0.125,5.55));
#3429 = DIRECTION('',(-0.612372435696,-0.353553390593,-0.707106781187));
#3430 = DIRECTION('',(0.5,-0.866025403784,2.775557561563E-17));
#3431 = DEFINITIONAL_REPRESENTATION('',(#3432),#3436);
#3432 = LINE('',#3433,#3434);
#3433 = CARTESIAN_POINT('',(-4.440892098501E-16,0.353553390593));
#3434 = VECTOR('',#3435,1.);
#3435 = DIRECTION('',(1.,0.));
#3436 = ( GEOMETRIC_REPRESENTATION_CONTEXT(2) 
PARAMETRIC_REPRESENTATION_CONTEXT() REPRESENTATION_CONTEXT('2D SPACE',''
  ) );
#3437 = ORIENTED_EDGE('',*,*,#3281,.T.);
#3438 = ORIENTED_EDGE('',*,*,#2933,.F.);
#3439 = ADVANCED_FACE('',(#3440),#2896,.T.);
#3440 = FACE_BOUND('',#3441,.T.);
#3441 = EDGE_LOOP('',(#3442,#3443,#3471,#3492));
#3442 = ORIENTED_EDGE('',*,*,#3364,.F.);
#3443 = ORIENTED_EDGE('',*,*,#3444,.F.);
#3444 = EDGE_CURVE('',#3445,#3337,#3447,.T.);
#3445 = VERTEX_POINT('',#3446);
#3446 = CARTESIAN_POINT('',(10.175,-2.901185102678,5.8));
#3447 = SURFACE_CURVE('',#3448,(#3452,#3459),.PCURVE_S1.);
#3448 = LINE('',#3449,#3450);
#3449 = CARTESIAN_POINT('',(10.175,-2.901185102678,5.8));
#3450 = VECTOR('',#3451,1.);
#3451 = DIRECTION('',(0.5,0.866025403784,0.));
#3452 = PCURVE('',#2896,#3453);
#3453 = DEFINITIONAL_REPRESENTATION('',(#3454),#3458);
#3454 = LINE('',#3455,#3456);
#3455 = CARTESIAN_POINT('',(0.,-0.5));
#3456 = VECTOR('',#3457,1.);
#3457 = DIRECTION('',(1.,0.));
#3458 = ( GEOMETRIC_REPRESENTATION_CONTEXT(2) 
PARAMETRIC_REPRESENTATION_CONTEXT() REPRESENTATION_CONTEXT('2D SPACE',''
  ) );
#3459 = PCURVE('',#3460,#3465);
#3460 = PLANE('',#3461);
#3461 = AXIS2_PLACEMENT_3D('',#3462,#3463,#3464);
#3462 = CARTESIAN_POINT('',(9.958493649054,-2.776185102678,5.55));
#3463 = DIRECTION('',(0.612372435696,-0.353553390593,-0.707106781187));
#3464 = DIRECTION('',(0.5,0.866025403784,2.775557561563E-17));
#3465 = DEFINITIONAL_REPRESENTATION('',(#3466),#3470);
#3466 = LINE('',#3467,#3468);
#3467 = CARTESIAN_POINT('',(-8.881784197001E-16,0.353553390593));
#3468 = VECTOR('',#3469,1.);
#3469 = DIRECTION('',(1.,0.));
#3470 = ( GEOMETRIC_REPRESENTATION_CONTEXT(2) 
PARAMETRIC_REPRESENTATION_CONTEXT() REPRESENTATION_CONTEXT('2D SPACE',''
  ) );
#3471 = ORIENTED_EDGE('',*,*,#3472,.T.);
#3472 = EDGE_CURVE('',#3445,#2882,#3473,.T.);
#3473 = SURFACE_CURVE('',#3474,(#3478,#3485),.PCURVE_S1.);
#3474 = LINE('',#3475,#3476);
#3475 = CARTESIAN_POINT('',(10.175,-2.901185102678,5.3));
#3476 = VECTOR('',#3477,1.);
#3477 = DIRECTION('',(0.,0.,1.));
#3478 = PCURVE('',#2896,#3479);
#3479 = DEFINITIONAL_REPRESENTATION('',(#3480),#3484);
#3480 = LINE('',#3481,#3482);
#3481 = CARTESIAN_POINT('',(0.,0.));
#3482 = VECTOR('',#3483,1.);
#3483 = DIRECTION('',(0.,-1.));
#3484 = ( GEOMETRIC_REPRESENTATION_CONTEXT(2) 
PARAMETRIC_REPRESENTATION_CONTEXT() REPRESENTATION_CONTEXT('2D SPACE',''
  ) );
#3485 = PCURVE('',#2922,#3486);
#3486 = DEFINITIONAL_REPRESENTATION('',(#3487),#3491);
#3487 = LINE('',#3488,#3489);
#3488 = CARTESIAN_POINT('',(3.35,0.));
#3489 = VECTOR('',#3490,1.);
#3490 = DIRECTION('',(0.,-1.));
#3491 = ( GEOMETRIC_REPRESENTATION_CONTEXT(2) 
PARAMETRIC_REPRESENTATION_CONTEXT() REPRESENTATION_CONTEXT('2D SPACE',''
  ) );
#3492 = ORIENTED_EDGE('',*,*,#2881,.F.);
#3493 = ADVANCED_FACE('',(#3494),#2922,.T.);
#3494 = FACE_BOUND('',#3495,.T.);
#3495 = EDGE_LOOP('',(#3496,#3497,#3523,#3524));
#3496 = ORIENTED_EDGE('',*,*,#3472,.F.);
#3497 = ORIENTED_EDGE('',*,*,#3498,.F.);
#3498 = EDGE_CURVE('',#3390,#3445,#3499,.T.);
#3499 = SURFACE_CURVE('',#3500,(#3504,#3511),.PCURVE_S1.);
#3500 = LINE('',#3501,#3502);
#3501 = CARTESIAN_POINT('',(6.825,-2.901185102678,5.8));
#3502 = VECTOR('',#3503,1.);
#3503 = DIRECTION('',(1.,-6.628197161941E-16,0.));
#3504 = PCURVE('',#2922,#3505);
#3505 = DEFINITIONAL_REPRESENTATION('',(#3506),#3510);
#3506 = LINE('',#3507,#3508);
#3507 = CARTESIAN_POINT('',(0.,-0.5));
#3508 = VECTOR('',#3509,1.);
#3509 = DIRECTION('',(1.,0.));
#3510 = ( GEOMETRIC_REPRESENTATION_CONTEXT(2) 
PARAMETRIC_REPRESENTATION_CONTEXT() REPRESENTATION_CONTEXT('2D SPACE',''
  ) );
#3511 = PCURVE('',#3512,#3517);
#3512 = PLANE('',#3513);
#3513 = AXIS2_PLACEMENT_3D('',#3514,#3515,#3516);
#3514 = CARTESIAN_POINT('',(6.825,-2.651185102678,5.55));
#3515 = DIRECTION('',(-4.730229265892E-16,-0.707106781187,
    -0.707106781187));
#3516 = DIRECTION('',(1.,-6.65887577145E-16,-3.067860950875E-18));
#3517 = DEFINITIONAL_REPRESENTATION('',(#3518),#3522);
#3518 = LINE('',#3519,#3520);
#3519 = CARTESIAN_POINT('',(0.,0.353553390593));
#3520 = VECTOR('',#3521,1.);
#3521 = DIRECTION('',(1.,0.));
#3522 = ( GEOMETRIC_REPRESENTATION_CONTEXT(2) 
PARAMETRIC_REPRESENTATION_CONTEXT() REPRESENTATION_CONTEXT('2D SPACE',''
  ) );
#3523 = ORIENTED_EDGE('',*,*,#3389,.T.);
#3524 = ORIENTED_EDGE('',*,*,#2907,.F.);
#3525 = ADVANCED_FACE('',(#3526,#3666),#3024,.T.);
#3526 = FACE_BOUND('',#3527,.T.);
#3527 = EDGE_LOOP('',(#3528,#3553,#3576,#3599,#3622,#3645));
#3528 = ORIENTED_EDGE('',*,*,#3529,.T.);
#3529 = EDGE_CURVE('',#3530,#3532,#3534,.T.);
#3530 = VERTEX_POINT('',#3531);
#3531 = CARTESIAN_POINT('',(11.27264973081,2.914335439641E-16,5.3));
#3532 = VERTEX_POINT('',#3533);
#3533 = CARTESIAN_POINT('',(9.886324865405,2.401185102678,5.3));
#3534 = SURFACE_CURVE('',#3535,(#3539,#3546),.PCURVE_S1.);
#3535 = LINE('',#3536,#3537);
#3536 = CARTESIAN_POINT('',(11.416987298108,-0.25,5.3));
#3537 = VECTOR('',#3538,1.);
#3538 = DIRECTION('',(-0.5,0.866025403784,0.));
#3539 = PCURVE('',#3024,#3540);
#3540 = DEFINITIONAL_REPRESENTATION('',(#3541),#3545);
#3541 = LINE('',#3542,#3543);
#3542 = CARTESIAN_POINT('',(2.916987298108,-0.25));
#3543 = VECTOR('',#3544,1.);
#3544 = DIRECTION('',(-0.5,0.866025403784));
#3545 = ( GEOMETRIC_REPRESENTATION_CONTEXT(2) 
PARAMETRIC_REPRESENTATION_CONTEXT() REPRESENTATION_CONTEXT('2D SPACE',''
  ) );
#3546 = PCURVE('',#3352,#3547);
#3547 = DEFINITIONAL_REPRESENTATION('',(#3548),#3552);
#3548 = LINE('',#3549,#3550);
#3549 = CARTESIAN_POINT('',(0.,-0.353553390593));
#3550 = VECTOR('',#3551,1.);
#3551 = DIRECTION('',(1.,0.));
#3552 = ( GEOMETRIC_REPRESENTATION_CONTEXT(2) 
PARAMETRIC_REPRESENTATION_CONTEXT() REPRESENTATION_CONTEXT('2D SPACE',''
  ) );
#3553 = ORIENTED_EDGE('',*,*,#3554,.T.);
#3554 = EDGE_CURVE('',#3532,#3555,#3557,.T.);
#3555 = VERTEX_POINT('',#3556);
#3556 = CARTESIAN_POINT('',(7.113675134595,2.401185102678,5.3));
#3557 = SURFACE_CURVE('',#3558,(#3562,#3569),.PCURVE_S1.);
#3558 = LINE('',#3559,#3560);
#3559 = CARTESIAN_POINT('',(10.175,2.401185102678,5.3));
#3560 = VECTOR('',#3561,1.);
#3561 = DIRECTION('',(-1.,1.325639432388E-16,0.));
#3562 = PCURVE('',#3024,#3563);
#3563 = DEFINITIONAL_REPRESENTATION('',(#3564),#3568);
#3564 = LINE('',#3565,#3566);
#3565 = CARTESIAN_POINT('',(1.675,2.401185102678));
#3566 = VECTOR('',#3567,1.);
#3567 = DIRECTION('',(-1.,1.325639432388E-16));
#3568 = ( GEOMETRIC_REPRESENTATION_CONTEXT(2) 
PARAMETRIC_REPRESENTATION_CONTEXT() REPRESENTATION_CONTEXT('2D SPACE',''
  ) );
#3569 = PCURVE('',#3244,#3570);
#3570 = DEFINITIONAL_REPRESENTATION('',(#3571),#3575);
#3571 = LINE('',#3572,#3573);
#3572 = CARTESIAN_POINT('',(0.,-0.353553390593));
#3573 = VECTOR('',#3574,1.);
#3574 = DIRECTION('',(1.,0.));
#3575 = ( GEOMETRIC_REPRESENTATION_CONTEXT(2) 
PARAMETRIC_REPRESENTATION_CONTEXT() REPRESENTATION_CONTEXT('2D SPACE',''
  ) );
#3576 = ORIENTED_EDGE('',*,*,#3577,.T.);
#3577 = EDGE_CURVE('',#3555,#3578,#3580,.T.);
#3578 = VERTEX_POINT('',#3579);
#3579 = CARTESIAN_POINT('',(5.72735026919,4.440892098501E-16,5.3));
#3580 = SURFACE_CURVE('',#3581,(#3585,#3592),.PCURVE_S1.);
#3581 = LINE('',#3582,#3583);
#3582 = CARTESIAN_POINT('',(7.258012701892,2.651185102678,5.3));
#3583 = VECTOR('',#3584,1.);
#3584 = DIRECTION('',(-0.5,-0.866025403784,0.));
#3585 = PCURVE('',#3024,#3586);
#3586 = DEFINITIONAL_REPRESENTATION('',(#3587),#3591);
#3587 = LINE('',#3588,#3589);
#3588 = CARTESIAN_POINT('',(-1.241987298108,2.651185102678));
#3589 = VECTOR('',#3590,1.);
#3590 = DIRECTION('',(-0.5,-0.866025403784));
#3591 = ( GEOMETRIC_REPRESENTATION_CONTEXT(2) 
PARAMETRIC_REPRESENTATION_CONTEXT() REPRESENTATION_CONTEXT('2D SPACE',''
  ) );
#3592 = PCURVE('',#3318,#3593);
#3593 = DEFINITIONAL_REPRESENTATION('',(#3594),#3598);
#3594 = LINE('',#3595,#3596);
#3595 = CARTESIAN_POINT('',(0.,-0.353553390593));
#3596 = VECTOR('',#3597,1.);
#3597 = DIRECTION('',(1.,0.));
#3598 = ( GEOMETRIC_REPRESENTATION_CONTEXT(2) 
PARAMETRIC_REPRESENTATION_CONTEXT() REPRESENTATION_CONTEXT('2D SPACE',''
  ) );
#3599 = ORIENTED_EDGE('',*,*,#3600,.T.);
#3600 = EDGE_CURVE('',#3578,#3601,#3603,.T.);
#3601 = VERTEX_POINT('',#3602);
#3602 = CARTESIAN_POINT('',(7.113675134595,-2.401185102678,5.3));
#3603 = SURFACE_CURVE('',#3604,(#3608,#3615),.PCURVE_S1.);
#3604 = LINE('',#3605,#3606);
#3605 = CARTESIAN_POINT('',(5.583012701892,0.25,5.3));
#3606 = VECTOR('',#3607,1.);
#3607 = DIRECTION('',(0.5,-0.866025403784,0.));
#3608 = PCURVE('',#3024,#3609);
#3609 = DEFINITIONAL_REPRESENTATION('',(#3610),#3614);
#3610 = LINE('',#3611,#3612);
#3611 = CARTESIAN_POINT('',(-2.916987298108,0.25));
#3612 = VECTOR('',#3613,1.);
#3613 = DIRECTION('',(0.5,-0.866025403784));
#3614 = ( GEOMETRIC_REPRESENTATION_CONTEXT(2) 
PARAMETRIC_REPRESENTATION_CONTEXT() REPRESENTATION_CONTEXT('2D SPACE',''
  ) );
#3615 = PCURVE('',#3426,#3616);
#3616 = DEFINITIONAL_REPRESENTATION('',(#3617),#3621);
#3617 = LINE('',#3618,#3619);
#3618 = CARTESIAN_POINT('',(-4.440892098501E-16,-0.353553390593));
#3619 = VECTOR('',#3620,1.);
#3620 = DIRECTION('',(1.,0.));
#3621 = ( GEOMETRIC_REPRESENTATION_CONTEXT(2) 
PARAMETRIC_REPRESENTATION_CONTEXT() REPRESENTATION_CONTEXT('2D SPACE',''
  ) );
#3622 = ORIENTED_EDGE('',*,*,#3623,.T.);
#3623 = EDGE_CURVE('',#3601,#3624,#3626,.T.);
#3624 = VERTEX_POINT('',#3625);
#3625 = CARTESIAN_POINT('',(9.886324865405,-2.401185102678,5.3));
#3626 = SURFACE_CURVE('',#3627,(#3631,#3638),.PCURVE_S1.);
#3627 = LINE('',#3628,#3629);
#3628 = CARTESIAN_POINT('',(6.825,-2.401185102678,5.3));
#3629 = VECTOR('',#3630,1.);
#3630 = DIRECTION('',(1.,-6.628197161941E-16,0.));
#3631 = PCURVE('',#3024,#3632);
#3632 = DEFINITIONAL_REPRESENTATION('',(#3633),#3637);
#3633 = LINE('',#3634,#3635);
#3634 = CARTESIAN_POINT('',(-1.675,-2.401185102678));
#3635 = VECTOR('',#3636,1.);
#3636 = DIRECTION('',(1.,-6.628197161941E-16));
#3637 = ( GEOMETRIC_REPRESENTATION_CONTEXT(2) 
PARAMETRIC_REPRESENTATION_CONTEXT() REPRESENTATION_CONTEXT('2D SPACE',''
  ) );
#3638 = PCURVE('',#3512,#3639);
#3639 = DEFINITIONAL_REPRESENTATION('',(#3640),#3644);
#3640 = LINE('',#3641,#3642);
#3641 = CARTESIAN_POINT('',(0.,-0.353553390593));
#3642 = VECTOR('',#3643,1.);
#3643 = DIRECTION('',(1.,0.));
#3644 = ( GEOMETRIC_REPRESENTATION_CONTEXT(2) 
PARAMETRIC_REPRESENTATION_CONTEXT() REPRESENTATION_CONTEXT('2D SPACE',''
  ) );
#3645 = ORIENTED_EDGE('',*,*,#3646,.T.);
#3646 = EDGE_CURVE('',#3624,#3530,#3647,.T.);
#3647 = SURFACE_CURVE('',#3648,(#3652,#3659),.PCURVE_S1.);
#3648 = LINE('',#3649,#3650);
#3649 = CARTESIAN_POINT('',(9.741987298108,-2.651185102678,5.3));
#3650 = VECTOR('',#3651,1.);
#3651 = DIRECTION('',(0.5,0.866025403784,0.));
#3652 = PCURVE('',#3024,#3653);
#3653 = DEFINITIONAL_REPRESENTATION('',(#3654),#3658);
#3654 = LINE('',#3655,#3656);
#3655 = CARTESIAN_POINT('',(1.241987298108,-2.651185102678));
#3656 = VECTOR('',#3657,1.);
#3657 = DIRECTION('',(0.5,0.866025403784));
#3658 = ( GEOMETRIC_REPRESENTATION_CONTEXT(2) 
PARAMETRIC_REPRESENTATION_CONTEXT() REPRESENTATION_CONTEXT('2D SPACE',''
  ) );
#3659 = PCURVE('',#3460,#3660);
#3660 = DEFINITIONAL_REPRESENTATION('',(#3661),#3665);
#3661 = LINE('',#3662,#3663);
#3662 = CARTESIAN_POINT('',(-4.440892098501E-16,-0.353553390593));
#3663 = VECTOR('',#3664,1.);
#3664 = DIRECTION('',(1.,0.));
#3665 = ( GEOMETRIC_REPRESENTATION_CONTEXT(2) 
PARAMETRIC_REPRESENTATION_CONTEXT() REPRESENTATION_CONTEXT('2D SPACE',''
  ) );
#3666 = FACE_BOUND('',#3667,.T.);
#3667 = EDGE_LOOP('',(#3668));
#3668 = ORIENTED_EDGE('',*,*,#3009,.T.);
#3669 = ADVANCED_FACE('',(#3670),#3244,.F.);
#3670 = FACE_BOUND('',#3671,.F.);
#3671 = EDGE_LOOP('',(#3672,#3693,#3694,#3715));
#3672 = ORIENTED_EDGE('',*,*,#3673,.F.);
#3673 = EDGE_CURVE('',#3532,#3229,#3674,.T.);
#3674 = SURFACE_CURVE('',#3675,(#3679,#3686),.PCURVE_S1.);
#3675 = LINE('',#3676,#3677);
#3676 = CARTESIAN_POINT('',(9.811996370888,2.272444373724,5.171259271046
    ));
#3677 = VECTOR('',#3678,1.);
#3678 = DIRECTION('',(0.377964473009,0.654653670708,0.654653670708));
#3679 = PCURVE('',#3244,#3680);
#3680 = DEFINITIONAL_REPRESENTATION('',(#3681),#3685);
#3681 = LINE('',#3682,#3683);
#3682 = CARTESIAN_POINT('',(0.363003629112,-0.53562027551));
#3683 = VECTOR('',#3684,1.);
#3684 = DIRECTION('',(-0.377964473009,0.925820099773));
#3685 = ( GEOMETRIC_REPRESENTATION_CONTEXT(2) 
PARAMETRIC_REPRESENTATION_CONTEXT() REPRESENTATION_CONTEXT('2D SPACE',''
  ) );
#3686 = PCURVE('',#3352,#3687);
#3687 = DEFINITIONAL_REPRESENTATION('',(#3688),#3692);
#3688 = LINE('',#3689,#3690);
#3689 = CARTESIAN_POINT('',(2.986996370888,-0.53562027551));
#3690 = VECTOR('',#3691,1.);
#3691 = DIRECTION('',(0.377964473009,0.925820099773));
#3692 = ( GEOMETRIC_REPRESENTATION_CONTEXT(2) 
PARAMETRIC_REPRESENTATION_CONTEXT() REPRESENTATION_CONTEXT('2D SPACE',''
  ) );
#3693 = ORIENTED_EDGE('',*,*,#3554,.T.);
#3694 = ORIENTED_EDGE('',*,*,#3695,.T.);
#3695 = EDGE_CURVE('',#3555,#3206,#3696,.T.);
#3696 = SURFACE_CURVE('',#3697,(#3701,#3708),.PCURVE_S1.);
#3697 = LINE('',#3698,#3699);
#3698 = CARTESIAN_POINT('',(7.188003629112,2.272444373724,5.171259271046
    ));
#3699 = VECTOR('',#3700,1.);
#3700 = DIRECTION('',(-0.377964473009,0.654653670708,0.654653670708));
#3701 = PCURVE('',#3244,#3702);
#3702 = DEFINITIONAL_REPRESENTATION('',(#3703),#3707);
#3703 = LINE('',#3704,#3705);
#3704 = CARTESIAN_POINT('',(2.986996370888,-0.53562027551));
#3705 = VECTOR('',#3706,1.);
#3706 = DIRECTION('',(0.377964473009,0.925820099773));
#3707 = ( GEOMETRIC_REPRESENTATION_CONTEXT(2) 
PARAMETRIC_REPRESENTATION_CONTEXT() REPRESENTATION_CONTEXT('2D SPACE',''
  ) );
#3708 = PCURVE('',#3318,#3709);
#3709 = DEFINITIONAL_REPRESENTATION('',(#3710),#3714);
#3710 = LINE('',#3711,#3712);
#3711 = CARTESIAN_POINT('',(0.363003629112,-0.53562027551));
#3712 = VECTOR('',#3713,1.);
#3713 = DIRECTION('',(-0.377964473009,0.925820099773));
#3714 = ( GEOMETRIC_REPRESENTATION_CONTEXT(2) 
PARAMETRIC_REPRESENTATION_CONTEXT() REPRESENTATION_CONTEXT('2D SPACE',''
  ) );
#3715 = ORIENTED_EDGE('',*,*,#3228,.F.);
#3716 = ADVANCED_FACE('',(#3717),#3318,.F.);
#3717 = FACE_BOUND('',#3718,.F.);
#3718 = EDGE_LOOP('',(#3719,#3720,#3721,#3742));
#3719 = ORIENTED_EDGE('',*,*,#3695,.F.);
#3720 = ORIENTED_EDGE('',*,*,#3577,.T.);
#3721 = ORIENTED_EDGE('',*,*,#3722,.T.);
#3722 = EDGE_CURVE('',#3578,#3282,#3723,.T.);
#3723 = SURFACE_CURVE('',#3724,(#3728,#3735),.PCURVE_S1.);
#3724 = LINE('',#3725,#3726);
#3725 = CARTESIAN_POINT('',(5.876007258224,4.163336342344E-16,
    5.171259271046));
#3726 = VECTOR('',#3727,1.);
#3727 = DIRECTION('',(-0.755928946018,3.356998883401E-16,0.654653670708)
  );
#3728 = PCURVE('',#3318,#3729);
#3729 = DEFINITIONAL_REPRESENTATION('',(#3730),#3734);
#3730 = LINE('',#3731,#3732);
#3731 = CARTESIAN_POINT('',(2.986996370888,-0.53562027551));
#3732 = VECTOR('',#3733,1.);
#3733 = DIRECTION('',(0.377964473009,0.925820099773));
#3734 = ( GEOMETRIC_REPRESENTATION_CONTEXT(2) 
PARAMETRIC_REPRESENTATION_CONTEXT() REPRESENTATION_CONTEXT('2D SPACE',''
  ) );
#3735 = PCURVE('',#3426,#3736);
#3736 = DEFINITIONAL_REPRESENTATION('',(#3737),#3741);
#3737 = LINE('',#3738,#3739);
#3738 = CARTESIAN_POINT('',(0.363003629112,-0.53562027551));
#3739 = VECTOR('',#3740,1.);
#3740 = DIRECTION('',(-0.377964473009,0.925820099773));
#3741 = ( GEOMETRIC_REPRESENTATION_CONTEXT(2) 
PARAMETRIC_REPRESENTATION_CONTEXT() REPRESENTATION_CONTEXT('2D SPACE',''
  ) );
#3742 = ORIENTED_EDGE('',*,*,#3304,.F.);
#3743 = ADVANCED_FACE('',(#3744),#3352,.F.);
#3744 = FACE_BOUND('',#3745,.F.);
#3745 = EDGE_LOOP('',(#3746,#3767,#3768,#3769));
#3746 = ORIENTED_EDGE('',*,*,#3747,.F.);
#3747 = EDGE_CURVE('',#3530,#3337,#3748,.T.);
#3748 = SURFACE_CURVE('',#3749,(#3753,#3760),.PCURVE_S1.);
#3749 = LINE('',#3750,#3751);
#3750 = CARTESIAN_POINT('',(11.123992741776,-5.342948306009E-16,
    5.171259271046));
#3751 = VECTOR('',#3752,1.);
#3752 = DIRECTION('',(0.755928946018,-1.678499441701E-16,0.654653670708)
  );
#3753 = PCURVE('',#3352,#3754);
#3754 = DEFINITIONAL_REPRESENTATION('',(#3755),#3759);
#3755 = LINE('',#3756,#3757);
#3756 = CARTESIAN_POINT('',(0.363003629112,-0.53562027551));
#3757 = VECTOR('',#3758,1.);
#3758 = DIRECTION('',(-0.377964473009,0.925820099773));
#3759 = ( GEOMETRIC_REPRESENTATION_CONTEXT(2) 
PARAMETRIC_REPRESENTATION_CONTEXT() REPRESENTATION_CONTEXT('2D SPACE',''
  ) );
#3760 = PCURVE('',#3460,#3761);
#3761 = DEFINITIONAL_REPRESENTATION('',(#3762),#3766);
#3762 = LINE('',#3763,#3764);
#3763 = CARTESIAN_POINT('',(2.986996370888,-0.53562027551));
#3764 = VECTOR('',#3765,1.);
#3765 = DIRECTION('',(0.377964473009,0.925820099773));
#3766 = ( GEOMETRIC_REPRESENTATION_CONTEXT(2) 
PARAMETRIC_REPRESENTATION_CONTEXT() REPRESENTATION_CONTEXT('2D SPACE',''
  ) );
#3767 = ORIENTED_EDGE('',*,*,#3529,.T.);
#3768 = ORIENTED_EDGE('',*,*,#3673,.T.);
#3769 = ORIENTED_EDGE('',*,*,#3336,.F.);
#3770 = ADVANCED_FACE('',(#3771),#3426,.F.);
#3771 = FACE_BOUND('',#3772,.F.);
#3772 = EDGE_LOOP('',(#3773,#3774,#3775,#3796));
#3773 = ORIENTED_EDGE('',*,*,#3722,.F.);
#3774 = ORIENTED_EDGE('',*,*,#3600,.T.);
#3775 = ORIENTED_EDGE('',*,*,#3776,.T.);
#3776 = EDGE_CURVE('',#3601,#3390,#3777,.T.);
#3777 = SURFACE_CURVE('',#3778,(#3782,#3789),.PCURVE_S1.);
#3778 = LINE('',#3779,#3780);
#3779 = CARTESIAN_POINT('',(7.188003629112,-2.272444373724,
    5.171259271046));
#3780 = VECTOR('',#3781,1.);
#3781 = DIRECTION('',(-0.377964473009,-0.654653670708,0.654653670708));
#3782 = PCURVE('',#3426,#3783);
#3783 = DEFINITIONAL_REPRESENTATION('',(#3784),#3788);
#3784 = LINE('',#3785,#3786);
#3785 = CARTESIAN_POINT('',(2.986996370888,-0.53562027551));
#3786 = VECTOR('',#3787,1.);
#3787 = DIRECTION('',(0.377964473009,0.925820099773));
#3788 = ( GEOMETRIC_REPRESENTATION_CONTEXT(2) 
PARAMETRIC_REPRESENTATION_CONTEXT() REPRESENTATION_CONTEXT('2D SPACE',''
  ) );
#3789 = PCURVE('',#3512,#3790);
#3790 = DEFINITIONAL_REPRESENTATION('',(#3791),#3795);
#3791 = LINE('',#3792,#3793);
#3792 = CARTESIAN_POINT('',(0.363003629112,-0.53562027551));
#3793 = VECTOR('',#3794,1.);
#3794 = DIRECTION('',(-0.377964473009,0.925820099773));
#3795 = ( GEOMETRIC_REPRESENTATION_CONTEXT(2) 
PARAMETRIC_REPRESENTATION_CONTEXT() REPRESENTATION_CONTEXT('2D SPACE',''
  ) );
#3796 = ORIENTED_EDGE('',*,*,#3412,.F.);
#3797 = ADVANCED_FACE('',(#3798),#3460,.F.);
#3798 = FACE_BOUND('',#3799,.F.);
#3799 = EDGE_LOOP('',(#3800,#3821,#3822,#3823));
#3800 = ORIENTED_EDGE('',*,*,#3801,.F.);
#3801 = EDGE_CURVE('',#3624,#3445,#3802,.T.);
#3802 = SURFACE_CURVE('',#3803,(#3807,#3814),.PCURVE_S1.);
#3803 = LINE('',#3804,#3805);
#3804 = CARTESIAN_POINT('',(9.811996370888,-2.272444373724,
    5.171259271046));
#3805 = VECTOR('',#3806,1.);
#3806 = DIRECTION('',(0.377964473009,-0.654653670708,0.654653670708));
#3807 = PCURVE('',#3460,#3808);
#3808 = DEFINITIONAL_REPRESENTATION('',(#3809),#3813);
#3809 = LINE('',#3810,#3811);
#3810 = CARTESIAN_POINT('',(0.363003629112,-0.53562027551));
#3811 = VECTOR('',#3812,1.);
#3812 = DIRECTION('',(-0.377964473009,0.925820099773));
#3813 = ( GEOMETRIC_REPRESENTATION_CONTEXT(2) 
PARAMETRIC_REPRESENTATION_CONTEXT() REPRESENTATION_CONTEXT('2D SPACE',''
  ) );
#3814 = PCURVE('',#3512,#3815);
#3815 = DEFINITIONAL_REPRESENTATION('',(#3816),#3820);
#3816 = LINE('',#3817,#3818);
#3817 = CARTESIAN_POINT('',(2.986996370888,-0.53562027551));
#3818 = VECTOR('',#3819,1.);
#3819 = DIRECTION('',(0.377964473009,0.925820099773));
#3820 = ( GEOMETRIC_REPRESENTATION_CONTEXT(2) 
PARAMETRIC_REPRESENTATION_CONTEXT() REPRESENTATION_CONTEXT('2D SPACE',''
  ) );
#3821 = ORIENTED_EDGE('',*,*,#3646,.T.);
#3822 = ORIENTED_EDGE('',*,*,#3747,.T.);
#3823 = ORIENTED_EDGE('',*,*,#3444,.F.);
#3824 = ADVANCED_FACE('',(#3825),#3512,.F.);
#3825 = FACE_BOUND('',#3826,.F.);
#3826 = EDGE_LOOP('',(#3827,#3828,#3829,#3830));
#3827 = ORIENTED_EDGE('',*,*,#3776,.F.);
#3828 = ORIENTED_EDGE('',*,*,#3623,.T.);
#3829 = ORIENTED_EDGE('',*,*,#3801,.T.);
#3830 = ORIENTED_EDGE('',*,*,#3498,.F.);
#3831 = ( GEOMETRIC_REPRESENTATION_CONTEXT(3) 
GLOBAL_UNCERTAINTY_ASSIGNED_CONTEXT((#3835)) 
GLOBAL_UNIT_ASSIGNED_CONTEXT((#3832,#3833,#3834)) REPRESENTATION_CONTEXT
('Context #1','3D Context with UNIT and UNCERTAINTY') );
#3832 = ( LENGTH_UNIT() NAMED_UNIT(*) SI_UNIT(.MILLI.,.METRE.) );
#3833 = ( NAMED_UNIT(*) PLANE_ANGLE_UNIT() SI_UNIT($,.RADIAN.) );
#3834 = ( NAMED_UNIT(*) SI_UNIT($,.STERADIAN.) SOLID_ANGLE_UNIT() );
#3835 = UNCERTAINTY_MEASURE_WITH_UNIT(LENGTH_MEASURE(2.E-05),#3832,
  'distance_accuracy_value','confusion accuracy');
#3836 = PRODUCT_RELATED_PRODUCT_CATEGORY('part',$,(#7));
ENDSEC;
END-ISO-10303-21;
