ISO-10303-21;
HEADER;
/* Generated by software containing ST-Developer
 * from STEP Tools, Inc. (www.steptools.com) 
 */
/* OPTION: using custom renumber hook */

FILE_DESCRIPTION(
/* description */ ('STEP AP242',
'CAx-IF Rec.Pracs.---Representation and Presentation of Product Manufa
cturing Information (PMI)---4.0---2014-10-13',
'CAx-IF Rec.Pracs.---3D Tessellated Geometry---0.4---2014-09-14','2;1'),

/* implementation_level */ '2;1');

FILE_NAME(
/* name */ '68e184e973f9dd32bc247dcb',
/* time_stamp */ '2025-10-04T20:34:50Z',
/* author */ (''),
/* organization */ (''),
/* preprocessor_version */ 'ST-DEVELOPER v20',
/* originating_system */ 'ONSHAPE BY PTC INC, 1.204',
/* authorisation */ '  ');

FILE_SCHEMA (('AP242_MANAGED_MODEL_BASED_3D_ENGINEERING_MIM_LF { 1 0 10303 442 1 1 4 }'));
ENDSEC;

DATA;
#10=SHAPE_REPRESENTATION_RELATIONSHIP('','',#6039,#11);
#11=ADVANCED_BREP_SHAPE_REPRESENTATION('',(#6037),#10384);
#12=SPHERICAL_SURFACE('',#6458,0.0011);
#13=SPHERICAL_SURFACE('',#6462,0.0011);
#14=SPHERICAL_SURFACE('',#6502,0.0011);
#15=SPHERICAL_SURFACE('',#6506,0.0011);
#16=(
BOUNDED_SURFACE()
B_SPLINE_SURFACE(3,2,((#9963,#9964,#9965),(#9966,#9967,#9968),(#9969,#9970,
#9971),(#9972,#9973,#9974),(#9975,#9976,#9977)),.UNSPECIFIED.,.F.,.F.,.F.)
B_SPLINE_SURFACE_WITH_KNOTS((4,1,4),(3,3),(1.81517631925698,2.60057448265444,
3.38597264605189),(0.,1.),.UNSPECIFIED.)
GEOMETRIC_REPRESENTATION_ITEM()
RATIONAL_B_SPLINE_SURFACE(((1.,0.766044443118986,1.),(1.,0.825540904662387,
1.),(1.,0.917901984590407,1.),(1.,0.933308578688854,1.),(1.,0.920968034276982,
1.)))
REPRESENTATION_ITEM('')
SURFACE()
);
#17=(
BOUNDED_SURFACE()
B_SPLINE_SURFACE(3,2,((#9987,#9988,#9989),(#9990,#9991,#9992),(#9993,#9994,
#9995),(#9996,#9997,#9998),(#9999,#10000,#10001),(#10002,#10003,#10004),
(#10005,#10006,#10007)),.UNSPECIFIED.,.F.,.F.,.F.)
B_SPLINE_SURFACE_WITH_KNOTS((4,1,1,1,4),(3,3),(0.244379992461996,0.757938811994053,
1.27149763152611,1.78505645105817,2.29861527059023),(0.,1.),
 .UNSPECIFIED.)
GEOMETRIC_REPRESENTATION_ITEM()
RATIONAL_B_SPLINE_SURFACE(((1.,0.920968034276982,1.),(1.,0.912898757168306,
1.),(1.,0.879789430323476,1.),(1.,0.784174080196749,1.),(1.,0.65352392431974,
1.),(1.,0.556020596026028,1.),(1.,0.511156960426524,1.)))
REPRESENTATION_ITEM('')
SURFACE()
);
#18=(
BOUNDED_SURFACE()
B_SPLINE_SURFACE(3,2,((#10017,#10018,#10019),(#10020,#10021,#10022),(#10023,
#10024,#10025),(#10026,#10027,#10028),(#10029,#10030,#10031)),
 .UNSPECIFIED.,.F.,.F.,.F.)
B_SPLINE_SURFACE_WITH_KNOTS((4,1,4),(3,3),(1.5707963267949,2.35619449019234,
3.14159265358979),(0.,1.),.UNSPECIFIED.)
GEOMETRIC_REPRESENTATION_ITEM()
RATIONAL_B_SPLINE_SURFACE(((1.,0.707106781186551,1.),(1.,0.77255662955452,
1.),(1.,0.883832726536161,1.),(1.,0.923879532510999,1.),(1.,0.923879532511286,
1.)))
REPRESENTATION_ITEM('')
SURFACE()
);
#19=(
BOUNDED_SURFACE()
B_SPLINE_SURFACE(3,2,((#10035,#10036,#10037),(#10038,#10039,#10040),(#10041,
#10042,#10043),(#10044,#10045,#10046),(#10047,#10048,#10049)),
 .UNSPECIFIED.,.F.,.F.,.F.)
B_SPLINE_SURFACE_WITH_KNOTS((4,1,4),(3,3),(3.14159265358979,3.92699081698724,
4.71238898038469),(0.,1.),.UNSPECIFIED.)
GEOMETRIC_REPRESENTATION_ITEM()
RATIONAL_B_SPLINE_SURFACE(((1.,0.923879532511285,1.),(1.,0.92387953251202,
1.),(1.,0.883832726532042,1.),(1.,0.772556629561653,1.),(1.,0.70710678118654,
1.)))
REPRESENTATION_ITEM('')
SURFACE()
);
#20=(
BOUNDED_SURFACE()
B_SPLINE_SURFACE(3,2,((#10054,#10055,#10056),(#10057,#10058,#10059),(#10060,
#10061,#10062),(#10063,#10064,#10065),(#10066,#10067,#10068)),
 .UNSPECIFIED.,.F.,.F.,.F.)
B_SPLINE_SURFACE_WITH_KNOTS((4,1,4),(3,3),(1.81517631925698,2.60528687163482,
3.39539742401266),(0.,1.),.UNSPECIFIED.)
GEOMETRIC_REPRESENTATION_ITEM()
RATIONAL_B_SPLINE_SURFACE(((1.,0.766044443118983,1.),(1.,0.825897883438195,
1.),(1.,0.918640386691754,1.),(1.,0.933404853219612,1.),(1.,0.92051527458315,
1.)))
REPRESENTATION_ITEM('')
SURFACE()
);
#21=(
BOUNDED_SURFACE()
B_SPLINE_SURFACE(3,2,((#10071,#10072,#10073),(#10074,#10075,#10076),(#10077,
#10078,#10079),(#10080,#10081,#10082),(#10083,#10084,#10085)),
 .UNSPECIFIED.,.F.,.F.,.F.)
B_SPLINE_SURFACE_WITH_KNOTS((4,1,4),(3,3),(3.38597264605179,4.17137080944928,
4.95676897284678),(0.,1.),.UNSPECIFIED.)
GEOMETRIC_REPRESENTATION_ITEM()
RATIONAL_B_SPLINE_SURFACE(((1.,0.920968034276981,1.),(1.,0.908627489865933,
1.),(1.,0.843902469412558,1.),(1.,0.713692732129432,1.),(1.,0.642787609686549,
1.)))
REPRESENTATION_ITEM('')
SURFACE()
);
#22=(
BOUNDED_SURFACE()
B_SPLINE_SURFACE(3,2,((#10089,#10090,#10091),(#10092,#10093,#10094),(#10095,
#10096,#10097),(#10098,#10099,#10100),(#10101,#10102,#10103)),
 .UNSPECIFIED.,.F.,.F.,.F.)
B_SPLINE_SURFACE_WITH_KNOTS((4,1,4),(3,3),(1.81517631925699,2.60057448265444,
3.38597264605189),(0.,1.),.UNSPECIFIED.)
GEOMETRIC_REPRESENTATION_ITEM()
RATIONAL_B_SPLINE_SURFACE(((1.,0.766044443118971,1.),(1.,0.825540904655636,
1.),(1.,0.91790198459401,1.),(1.,0.933308578688393,1.),(1.,0.920968034276982,
1.)))
REPRESENTATION_ITEM('')
SURFACE()
);
#23=(
BOUNDED_SURFACE()
B_SPLINE_SURFACE(3,2,((#10108,#10109,#10110),(#10111,#10112,#10113),(#10114,
#10115,#10116),(#10117,#10118,#10119),(#10120,#10121,#10122)),
 .UNSPECIFIED.,.F.,.F.,.F.)
B_SPLINE_SURFACE_WITH_KNOTS((4,1,4),(3,3),(3.38597264605176,4.17137080944927,
4.95676897284678),(0.,1.),.UNSPECIFIED.)
GEOMETRIC_REPRESENTATION_ITEM()
RATIONAL_B_SPLINE_SURFACE(((1.,0.920968034276984,1.),(1.,0.908627489862673,
1.),(1.,0.843902469411239,1.),(1.,0.713692732135346,1.),(1.,0.642787609686538,
1.)))
REPRESENTATION_ITEM('')
SURFACE()
);
#24=(
BOUNDED_SURFACE()
B_SPLINE_SURFACE(3,2,((#10126,#10127,#10128),(#10129,#10130,#10131),(#10132,
#10133,#10134),(#10135,#10136,#10137),(#10138,#10139,#10140)),
 .UNSPECIFIED.,.F.,.F.,.F.)
B_SPLINE_SURFACE_WITH_KNOTS((4,1,4),(3,3),(4.95676897284682,5.74216713624438,
6.52756529964194),(0.,1.),.UNSPECIFIED.)
GEOMETRIC_REPRESENTATION_ITEM()
RATIONAL_B_SPLINE_SURFACE(((1.,0.766044443118979,1.),(1.,0.8255409046689,
1.),(1.,0.917901984588846,1.),(1.,0.933308578685507,1.),(1.,0.920968034276974,
1.)))
REPRESENTATION_ITEM('')
SURFACE()
);
#25=(
BOUNDED_SURFACE()
B_SPLINE_SURFACE(3,2,((#10145,#10146,#10147),(#10148,#10149,#10150),(#10151,
#10152,#10153),(#10154,#10155,#10156),(#10157,#10158,#10159)),
 .UNSPECIFIED.,.F.,.F.,.F.)
B_SPLINE_SURFACE_WITH_KNOTS((4,1,4),(3,3),(3.38597264605176,4.17137080944927,
4.95676897284677),(0.,1.),.UNSPECIFIED.)
GEOMETRIC_REPRESENTATION_ITEM()
RATIONAL_B_SPLINE_SURFACE(((1.,0.920968034276987,1.),(1.,0.908627489862545,
1.),(1.,0.843902469411319,1.),(1.,0.713692732135345,1.),(1.,0.642787609686538,
1.)))
REPRESENTATION_ITEM('')
SURFACE()
);
#26=(
BOUNDED_SURFACE()
B_SPLINE_SURFACE(3,2,((#10163,#10164,#10165),(#10166,#10167,#10168),(#10169,
#10170,#10171),(#10172,#10173,#10174),(#10175,#10176,#10177)),
 .UNSPECIFIED.,.F.,.F.,.F.)
B_SPLINE_SURFACE_WITH_KNOTS((4,1,4),(3,3),(1.81517631925697,2.60057448265443,
3.38597264605189),(0.,1.),.UNSPECIFIED.)
GEOMETRIC_REPRESENTATION_ITEM()
RATIONAL_B_SPLINE_SURFACE(((1.,0.766044443118971,1.),(1.,0.82554090467535,
1.),(1.,0.917901984585288,1.),(1.,0.933308578686091,1.),(1.,0.920968034276987,
1.)))
REPRESENTATION_ITEM('')
SURFACE()
);
#27=(
BOUNDED_SURFACE()
B_SPLINE_SURFACE(3,2,((#10182,#10183,#10184),(#10185,#10186,#10187),(#10188,
#10189,#10190),(#10191,#10192,#10193),(#10194,#10195,#10196)),
 .UNSPECIFIED.,.F.,.F.,.F.)
B_SPLINE_SURFACE_WITH_KNOTS((4,1,4),(3,3),(3.38597264605176,4.17137080944929,
4.95676897284681),(0.,1.),.UNSPECIFIED.)
GEOMETRIC_REPRESENTATION_ITEM()
RATIONAL_B_SPLINE_SURFACE(((1.,0.920968034276985,1.),(1.,0.908627489864552,
1.),(1.,0.843902469406432,1.),(1.,0.713692732143119,1.),(1.,0.642787609686533,
1.)))
REPRESENTATION_ITEM('')
SURFACE()
);
#28=(
BOUNDED_SURFACE()
B_SPLINE_SURFACE(3,2,((#10200,#10201,#10202),(#10203,#10204,#10205),(#10206,
#10207,#10208),(#10209,#10210,#10211),(#10212,#10213,#10214)),
 .UNSPECIFIED.,.F.,.F.,.F.)
B_SPLINE_SURFACE_WITH_KNOTS((4,1,4),(3,3),(1.81517631925699,2.60057448265456,
3.38597264605214),(0.,1.),.UNSPECIFIED.)
GEOMETRIC_REPRESENTATION_ITEM()
RATIONAL_B_SPLINE_SURFACE(((1.,0.766044443118975,1.),(1.,0.825540904668897,
1.),(1.,0.917901984587624,1.),(1.,0.933308578687926,1.),(1.,0.920968034276975,
1.)))
REPRESENTATION_ITEM('')
SURFACE()
);
#29=B_SPLINE_SURFACE_WITH_KNOTS('',1,3,((#9526,#9527,#9528,#9529),(#9530,
#9531,#9532,#9533)),.RULED_SURF.,.F.,.F.,.F.,(2,2),(4,4),(0.,1.),(0.87266462599717,
1.57079632679491),.PIECEWISE_BEZIER_KNOTS.);
#30=B_SPLINE_SURFACE_WITH_KNOTS('',1,3,((#9545,#9546,#9547,#9548),(#9549,
#9550,#9551,#9552)),.RULED_SURF.,.F.,.F.,.F.,(2,2),(4,4),(0.,1.),(1.5707963267949,
2.26892802759263),.PIECEWISE_BEZIER_KNOTS.);
#31=B_SPLINE_SURFACE_WITH_KNOTS('',1,3,((#9578,#9579,#9580,#9581),(#9582,
#9583,#9584,#9585)),.RULED_SURF.,.F.,.F.,.F.,(2,2),(4,4),(0.,1.),(0.872664625997163,
1.5707963267949),.PIECEWISE_BEZIER_KNOTS.);
#32=CONICAL_SURFACE('',#6171,0.0035,0.698131700797732);
#33=CONICAL_SURFACE('',#6178,0.0035,0.698131700797732);
#34=CONICAL_SURFACE('',#6219,0.004,0.785398163397448);
#35=CONICAL_SURFACE('',#6220,0.004,0.785398163397448);
#36=CONICAL_SURFACE('',#6224,0.004,0.785398163397448);
#37=CONICAL_SURFACE('',#6225,0.004,0.785398163397448);
#38=CONICAL_SURFACE('',#6229,0.004,0.785398163397448);
#39=CONICAL_SURFACE('',#6230,0.004,0.785398163397448);
#40=CONICAL_SURFACE('',#6247,0.006,0.78539816339746);
#41=CONICAL_SURFACE('',#6250,0.006,0.78539816339746);
#42=CYLINDRICAL_SURFACE('',#6089,0.0035);
#43=CYLINDRICAL_SURFACE('',#6091,0.0035);
#44=CYLINDRICAL_SURFACE('',#6094,0.0035);
#45=CYLINDRICAL_SURFACE('',#6097,0.0035);
#46=CYLINDRICAL_SURFACE('',#6111,0.0035);
#47=CYLINDRICAL_SURFACE('',#6136,0.005);
#48=CYLINDRICAL_SURFACE('',#6147,0.0074);
#49=CYLINDRICAL_SURFACE('',#6157,0.0528437273183658);
#50=CYLINDRICAL_SURFACE('',#6159,0.00422428177729304);
#51=CYLINDRICAL_SURFACE('',#6160,0.0011);
#52=CYLINDRICAL_SURFACE('',#6162,0.0011);
#53=CYLINDRICAL_SURFACE('',#6164,0.0011);
#54=CYLINDRICAL_SURFACE('',#6165,0.0011);
#55=CYLINDRICAL_SURFACE('',#6166,0.0035);
#56=CYLINDRICAL_SURFACE('',#6167,0.0035);
#57=CYLINDRICAL_SURFACE('',#6168,0.0035);
#58=CYLINDRICAL_SURFACE('',#6169,0.0035);
#59=CYLINDRICAL_SURFACE('',#6170,0.0035);
#60=CYLINDRICAL_SURFACE('',#6179,0.00139999999999999);
#61=CYLINDRICAL_SURFACE('',#6182,0.00139999999999999);
#62=CYLINDRICAL_SURFACE('',#6185,0.00139999999999999);
#63=CYLINDRICAL_SURFACE('',#6188,0.0014);
#64=CYLINDRICAL_SURFACE('',#6191,0.0014);
#65=CYLINDRICAL_SURFACE('',#6237,0.0014);
#66=CYLINDRICAL_SURFACE('',#6238,0.00140000000000001);
#67=CYLINDRICAL_SURFACE('',#6239,0.00140000000000001);
#68=CYLINDRICAL_SURFACE('',#6241,0.006);
#69=CYLINDRICAL_SURFACE('',#6252,0.00325);
#70=CYLINDRICAL_SURFACE('',#6257,0.0014);
#71=CYLINDRICAL_SURFACE('',#6263,0.00325);
#72=CYLINDRICAL_SURFACE('',#6266,0.0014);
#73=CYLINDRICAL_SURFACE('',#6296,0.0012);
#74=CYLINDRICAL_SURFACE('',#6298,0.0012);
#75=CYLINDRICAL_SURFACE('',#6299,0.0012);
#76=CYLINDRICAL_SURFACE('',#6395,0.0011);
#77=CYLINDRICAL_SURFACE('',#6398,0.0011);
#78=CYLINDRICAL_SURFACE('',#6399,0.0011);
#79=CYLINDRICAL_SURFACE('',#6402,0.0011);
#80=CYLINDRICAL_SURFACE('',#6403,0.0011);
#81=CYLINDRICAL_SURFACE('',#6406,0.0011);
#82=CYLINDRICAL_SURFACE('',#6407,0.0011);
#83=CYLINDRICAL_SURFACE('',#6410,0.0011);
#84=CYLINDRICAL_SURFACE('',#6413,0.0011);
#85=CYLINDRICAL_SURFACE('',#6415,0.0011);
#86=CYLINDRICAL_SURFACE('',#6417,0.0011);
#87=CYLINDRICAL_SURFACE('',#6420,0.0011);
#88=CYLINDRICAL_SURFACE('',#6422,0.0011);
#89=CYLINDRICAL_SURFACE('',#6424,0.0011);
#90=CYLINDRICAL_SURFACE('',#6426,0.0011);
#91=CYLINDRICAL_SURFACE('',#6429,0.0011);
#92=CYLINDRICAL_SURFACE('',#6430,0.0011);
#93=CYLINDRICAL_SURFACE('',#6432,0.0011);
#94=CYLINDRICAL_SURFACE('',#6434,0.0011);
#95=CYLINDRICAL_SURFACE('',#6436,0.0011);
#96=CYLINDRICAL_SURFACE('',#6438,0.0011);
#97=CYLINDRICAL_SURFACE('',#6441,0.0011);
#98=CYLINDRICAL_SURFACE('',#6442,0.0011);
#99=CYLINDRICAL_SURFACE('',#6445,0.0011);
#100=CYLINDRICAL_SURFACE('',#6446,0.0011);
#101=CYLINDRICAL_SURFACE('',#6448,0.0011);
#102=CYLINDRICAL_SURFACE('',#6450,0.0011);
#103=CYLINDRICAL_SURFACE('',#6453,0.0011);
#104=CYLINDRICAL_SURFACE('',#6454,0.0011);
#105=CYLINDRICAL_SURFACE('',#6456,0.0011);
#106=CYLINDRICAL_SURFACE('',#6460,0.0011);
#107=CYLINDRICAL_SURFACE('',#6463,0.0011);
#108=CYLINDRICAL_SURFACE('',#6466,0.0011);
#109=CYLINDRICAL_SURFACE('',#6469,0.0011);
#110=CYLINDRICAL_SURFACE('',#6470,0.0011);
#111=CYLINDRICAL_SURFACE('',#6472,0.0011);
#112=CYLINDRICAL_SURFACE('',#6475,0.0011);
#113=CYLINDRICAL_SURFACE('',#6478,0.0011);
#114=CYLINDRICAL_SURFACE('',#6479,0.0011);
#115=CYLINDRICAL_SURFACE('',#6482,0.0011);
#116=CYLINDRICAL_SURFACE('',#6485,0.0011);
#117=CYLINDRICAL_SURFACE('',#6486,0.0011);
#118=CYLINDRICAL_SURFACE('',#6489,0.0011);
#119=CYLINDRICAL_SURFACE('',#6492,0.0011);
#120=CYLINDRICAL_SURFACE('',#6493,0.0011);
#121=CYLINDRICAL_SURFACE('',#6496,0.0011);
#122=CYLINDRICAL_SURFACE('',#6499,0.0011);
#123=CYLINDRICAL_SURFACE('',#6500,0.0011);
#124=CYLINDRICAL_SURFACE('',#6504,0.0011);
#125=CYLINDRICAL_SURFACE('',#6555,0.0015);
#126=CYLINDRICAL_SURFACE('',#6556,0.0015);
#127=CYLINDRICAL_SURFACE('',#6557,0.0015);
#128=CYLINDRICAL_SURFACE('',#6558,0.0015);
#129=CYLINDRICAL_SURFACE('',#6559,0.0015);
#130=CYLINDRICAL_SURFACE('',#6560,0.0015);
#131=CYLINDRICAL_SURFACE('',#6561,0.0015);
#132=CYLINDRICAL_SURFACE('',#6562,0.0015);
#133=CYLINDRICAL_SURFACE('',#6563,0.0015);
#134=CYLINDRICAL_SURFACE('',#6564,0.0015);
#135=CYLINDRICAL_SURFACE('',#6565,0.0015);
#136=CYLINDRICAL_SURFACE('',#6566,0.0015);
#137=B_SPLINE_CURVE_WITH_KNOTS('',3,(#8541,#8542,#8543,#8544,#8545),
 .UNSPECIFIED.,.F.,.F.,(4,1,4),(0.0027492600524191,0.00365582058643578,
0.00456238112045246),.UNSPECIFIED.);
#138=B_SPLINE_CURVE_WITH_KNOTS('',3,(#8550,#8551,#8552,#8553,#8554),
 .UNSPECIFIED.,.F.,.F.,(4,1,4),(0.,0.00108471942696517,0.00216943885393034),
 .UNSPECIFIED.);
#139=B_SPLINE_CURVE_WITH_KNOTS('',3,(#8626,#8627,#8628,#8629,#8630,#8631,
#8632,#8633,#8634,#8635),.UNSPECIFIED.,.F.,.F.,(4,1,1,1,1,1,1,4),(2.93385046109537E-7,
0.00221007733985673,0.00331496931726204,0.00441986129466736,0.00552475327207267,
0.00662964524947798,0.00773453722688329,0.0088394292042886),
 .UNSPECIFIED.);
#140=B_SPLINE_CURVE_WITH_KNOTS('',3,(#8641,#8642,#8643,#8644,#8645,#8646,
#8647,#8648,#8649,#8650),.UNSPECIFIED.,.F.,.F.,(4,1,1,1,1,1,1,4),(2.93385046120195E-7,
0.00147528037200567,0.00295026735896523,0.00442525434592478,0.00590024133288434,
0.00737522831984389,0.00885021530680345,0.0118001892807226),
 .UNSPECIFIED.);
#141=B_SPLINE_CURVE_WITH_KNOTS('',3,(#8679,#8680,#8681,#8682,#8683,#8684,
#8685,#8686,#8687,#8688,#8689),.UNSPECIFIED.,.F.,.F.,(4,1,1,1,1,1,1,1,4),
(0.,0.25,0.375,0.4375,0.5,0.5625,0.625,0.75,1.),.UNSPECIFIED.);
#142=B_SPLINE_CURVE_WITH_KNOTS('',3,(#8707,#8708,#8709,#8710,#8711,#8712,
#8713,#8714,#8715,#8716,#8717),.UNSPECIFIED.,.F.,.F.,(4,1,1,1,1,1,1,1,4),
(0.,0.25,0.375,0.4375,0.5,0.5625,0.625,0.75,1.),.UNSPECIFIED.);
#143=B_SPLINE_CURVE_WITH_KNOTS('',3,(#8725,#8726,#8727,#8728),
 .UNSPECIFIED.,.F.,.F.,(4,4),(0.011557645543494,0.0118001892807226),
 .UNSPECIFIED.);
#144=B_SPLINE_CURVE_WITH_KNOTS('',3,(#8732,#8733,#8734,#8735,#8736,#8737,
#8738,#8739,#8740,#8741,#8742),.UNSPECIFIED.,.F.,.F.,(4,1,1,1,1,1,1,1,4),
(0.,0.25,0.375,0.4375,0.5,0.5625,0.625,0.75,1.),.UNSPECIFIED.);
#145=B_SPLINE_CURVE_WITH_KNOTS('',3,(#8832,#8833,#8834,#8835,#8836),
 .UNSPECIFIED.,.F.,.F.,(4,1,4),(0.0282771612771303,0.0311946558117191,0.0341121503463079),
 .UNSPECIFIED.);
#146=B_SPLINE_CURVE_WITH_KNOTS('',3,(#8901,#8902,#8903,#8904,#8905),
 .UNSPECIFIED.,.F.,.F.,(4,1,4),(0.0194223015362143,0.0223509476849472,0.02527959383368),
 .UNSPECIFIED.);
#147=B_SPLINE_CURVE_WITH_KNOTS('',3,(#9111,#9112,#9113,#9114,#9115,#9116,
#9117),.UNSPECIFIED.,.F.,.F.,(4,1,1,1,4),(0.,0.000852743089623332,0.00170548617924666,
0.00255822926887,0.00341097235849333),.UNSPECIFIED.);
#148=B_SPLINE_CURVE_WITH_KNOTS('',3,(#9121,#9122,#9123,#9124,#9125,#9126,
#9127),.UNSPECIFIED.,.F.,.F.,(4,1,1,1,4),(0.,0.000852743089623285,0.00170548617924657,
0.00255822926886985,0.00341097235849314),.UNSPECIFIED.);
#149=B_SPLINE_CURVE_WITH_KNOTS('',3,(#9152,#9153,#9154,#9155),
 .UNSPECIFIED.,.F.,.F.,(4,4),(0.0088394292042886,0.011557645543494),
 .UNSPECIFIED.);
#150=B_SPLINE_CURVE_WITH_KNOTS('',3,(#9175,#9176,#9177,#9178,#9179),
 .UNSPECIFIED.,.F.,.F.,(4,1,4),(3.38957391864805E-7,0.0033965650593145,
0.00679279116123714),.UNSPECIFIED.);
#151=B_SPLINE_CURVE_WITH_KNOTS('',3,(#9183,#9184,#9185,#9186,#9187),
 .UNSPECIFIED.,.F.,.F.,(4,1,4),(2.89622100477703E-7,0.00339652982189704,
0.0067927700216936),.UNSPECIFIED.);
#152=B_SPLINE_CURVE_WITH_KNOTS('',3,(#9191,#9192,#9193,#9194,#9195),
 .UNSPECIFIED.,.F.,.F.,(4,1,4),(3.38957391986699E-7,0.00339656505931461,
0.00679279116123723),.UNSPECIFIED.);
#153=B_SPLINE_CURVE_WITH_KNOTS('',3,(#9199,#9200,#9201,#9202,#9203),
 .UNSPECIFIED.,.F.,.F.,(4,1,4),(2.89622100538656E-7,0.00339652982189709,
0.00679277002169364),.UNSPECIFIED.);
#154=B_SPLINE_CURVE_WITH_KNOTS('',3,(#9222,#9223,#9224,#9225,#9226,#9227,
#9228,#9229,#9230),.UNSPECIFIED.,.F.,.F.,(4,1,1,1,1,1,4),(3.28257612064573E-7,
0.00318134334200404,0.00477185088420003,0.00636235842639601,0.007952865968592,
0.00954337351078799,0.01272438859518),.UNSPECIFIED.);
#155=B_SPLINE_CURVE_WITH_KNOTS('',3,(#9231,#9232,#9233,#9234,#9235,#9236,
#9237,#9238,#9239),.UNSPECIFIED.,.F.,.F.,(4,1,1,1,1,1,4),(3.28257612114364E-7,
0.00318134334200403,0.00477185088419999,0.00636235842639594,0.0079528659685919,
0.00954337351078786,0.0127243885951798),.UNSPECIFIED.);
#156=B_SPLINE_CURVE_WITH_KNOTS('',3,(#9252,#9253,#9254,#9255),
 .UNSPECIFIED.,.F.,.F.,(4,4),(3.01323108104722E-7,0.00655108776990677),
 .UNSPECIFIED.);
#157=B_SPLINE_CURVE_WITH_KNOTS('',3,(#9263,#9264,#9265,#9266),
 .UNSPECIFIED.,.F.,.F.,(4,4),(2.86618662886351E-7,0.00655106388366442),
 .UNSPECIFIED.);
#158=B_SPLINE_CURVE_WITH_KNOTS('',3,(#9281,#9282,#9283,#9284),
 .UNSPECIFIED.,.F.,.F.,(4,4),(2.83864627213201E-7,0.00637488454602907),
 .UNSPECIFIED.);
#159=B_SPLINE_CURVE_WITH_KNOTS('',3,(#9290,#9291,#9292,#9293),
 .UNSPECIFIED.,.F.,.F.,(4,4),(2.83061677552902E-7,0.00637488372218241),
 .UNSPECIFIED.);
#160=B_SPLINE_CURVE_WITH_KNOTS('',3,(#9425,#9426,#9427,#9428),
 .UNSPECIFIED.,.F.,.F.,(4,4),(0.,1.),.UNSPECIFIED.);
#161=B_SPLINE_CURVE_WITH_KNOTS('',3,(#9476,#9477,#9478,#9479),
 .UNSPECIFIED.,.F.,.F.,(4,4),(0.,1.),.UNSPECIFIED.);
#162=B_SPLINE_CURVE_WITH_KNOTS('',3,(#9485,#9486,#9487,#9488),
 .UNSPECIFIED.,.F.,.F.,(4,4),(0.,1.),.UNSPECIFIED.);
#163=B_SPLINE_CURVE_WITH_KNOTS('',3,(#9496,#9497,#9498,#9499,#9500),
 .UNSPECIFIED.,.F.,.F.,(4,1,4),(0.,0.000914371186290325,0.00182874237258065),
 .UNSPECIFIED.);
#164=B_SPLINE_CURVE_WITH_KNOTS('',3,(#9503,#9504,#9505,#9506,#9507),
 .UNSPECIFIED.,.F.,.F.,(4,1,4),(0.,0.00091437118629438,0.00182874237258876),
 .UNSPECIFIED.);
#165=B_SPLINE_CURVE_WITH_KNOTS('',3,(#9512,#9513,#9514,#9515,#9516),
 .UNSPECIFIED.,.F.,.F.,(4,1,4),(0.,0.00091437118629045,0.0018287423725809),
 .UNSPECIFIED.);
#166=B_SPLINE_CURVE_WITH_KNOTS('',3,(#9522,#9523,#9524,#9525),
 .UNSPECIFIED.,.F.,.F.,(4,4),(0.,1.),.UNSPECIFIED.);
#167=B_SPLINE_CURVE_WITH_KNOTS('',3,(#9534,#9535,#9536,#9537),
 .UNSPECIFIED.,.F.,.F.,(4,4),(0.,1.),.UNSPECIFIED.);
#168=B_SPLINE_CURVE_WITH_KNOTS('',3,(#9541,#9542,#9543,#9544),
 .UNSPECIFIED.,.F.,.F.,(4,4),(0.,1.),.UNSPECIFIED.);
#169=B_SPLINE_CURVE_WITH_KNOTS('',3,(#9553,#9554,#9555,#9556),
 .UNSPECIFIED.,.F.,.F.,(4,4),(0.,1.),.UNSPECIFIED.);
#170=B_SPLINE_CURVE_WITH_KNOTS('',3,(#9574,#9575,#9576,#9577),
 .UNSPECIFIED.,.F.,.F.,(4,4),(0.,1.),.UNSPECIFIED.);
#171=B_SPLINE_CURVE_WITH_KNOTS('',3,(#9586,#9587,#9588,#9589),
 .UNSPECIFIED.,.F.,.F.,(4,4),(0.,1.),.UNSPECIFIED.);
#172=B_SPLINE_CURVE_WITH_KNOTS('',3,(#9662,#9663,#9664,#9665),
 .UNSPECIFIED.,.F.,.F.,(4,4),(0.000108074732587302,0.00117627630635038),
 .UNSPECIFIED.);
#173=B_SPLINE_CURVE_WITH_KNOTS('',3,(#9667,#9668,#9669,#9670),
 .UNSPECIFIED.,.F.,.F.,(4,4),(0.,0.000108074732587302),.UNSPECIFIED.);
#174=B_SPLINE_CURVE_WITH_KNOTS('',3,(#9704,#9705,#9706,#9707),
 .UNSPECIFIED.,.F.,.F.,(4,4),(0.,0.000875315951776192),.UNSPECIFIED.);
#175=B_SPLINE_CURVE_WITH_KNOTS('',3,(#9884,#9885,#9886,#9887),
 .UNSPECIFIED.,.F.,.F.,(4,4),(0.,0.000573552306276746),.UNSPECIFIED.);
#176=B_SPLINE_CURVE_WITH_KNOTS('',3,(#9980,#9981,#9982,#9983,#9984),
 .UNSPECIFIED.,.F.,.F.,(4,1,4),(0.,0.00141784042502872,0.00283568085005745),
 .UNSPECIFIED.);
#177=ELLIPSE('',#6061,0.00315926618947144,0.0022);
#178=ELLIPSE('',#6062,0.00315926618947144,0.0022);
#179=ELLIPSE('',#6063,0.00315926618947144,0.0022);
#180=ELLIPSE('',#6064,0.00157963309473572,0.0011);
#181=ELLIPSE('',#6065,0.00315926618947144,0.0022);
#182=ELLIPSE('',#6066,0.00315926618947144,0.0022);
#183=ELLIPSE('',#6068,0.00355399314160011,0.0035);
#184=ELLIPSE('',#6070,0.00315926618947145,0.0022);
#185=ELLIPSE('',#6071,0.00315926618947145,0.0022);
#186=ELLIPSE('',#6072,0.00315926618947144,0.0022);
#187=ELLIPSE('',#6073,0.00315926618947144,0.0022);
#188=ELLIPSE('',#6074,0.00315926618947144,0.0022);
#189=ELLIPSE('',#6075,0.00315926618947144,0.0022);
#190=ELLIPSE('',#6079,0.00311126983722081,0.0022);
#191=ELLIPSE('',#6080,0.00311126983722081,0.0022);
#192=ELLIPSE('',#6093,0.00544503339401145,0.0035);
#193=ELLIPSE('',#6095,0.00544503339401146,0.0035);
#194=ELLIPSE('',#6100,0.00673362808264183,0.0014);
#195=ELLIPSE('',#6114,0.00355399314160011,0.0035);
#196=ELLIPSE('',#6117,0.00355399314160011,0.0035);
#197=ELLIPSE('',#6138,0.00777861913430204,0.005);
#198=ELLIPSE('',#6139,0.00777861913430203,0.005);
#199=ELLIPSE('',#6142,0.00777861913430203,0.005);
#200=ELLIPSE('',#6143,0.00777861913430203,0.005);
#201=ELLIPSE('',#6201,0.00806227867640108,0.0014);
#202=ELLIPSE('',#6206,0.00806227867640108,0.0014);
#203=ELLIPSE('',#6207,0.00806227867640108,0.0014);
#204=ELLIPSE('',#6274,0.0018668685922325,0.0012);
#205=ELLIPSE('',#6276,0.0018668685922325,0.0012);
#206=ELLIPSE('',#6281,0.0018668685922325,0.0012);
#207=ELLIPSE('',#6292,0.0018668685922325,0.0012);
#208=ELLIPSE('',#6294,0.0018668685922325,0.0012);
#209=ELLIPSE('',#6297,0.00188099610171233,0.0012);
#210=ELLIPSE('',#6300,0.00188099610171234,0.0012);
#211=ELLIPSE('',#6301,0.00188099610171233,0.0012);
#212=ELLIPSE('',#6396,0.00252011167529088,0.0011);
#213=ELLIPSE('',#6397,0.00119063142032163,0.0011);
#214=ELLIPSE('',#6400,0.00245967477524977,0.0011);
#215=ELLIPSE('',#6401,0.00119063142032163,0.0011);
#216=ELLIPSE('',#6404,0.00245967477524977,0.0011);
#217=ELLIPSE('',#6405,0.00119063142032163,0.0011);
#218=ELLIPSE('',#6408,0.00252011167529088,0.0011);
#219=ELLIPSE('',#6411,0.00252011167529088,0.0011);
#220=ELLIPSE('',#6418,0.00252011167529088,0.0011);
#221=ELLIPSE('',#6423,0.00119063142032163,0.0011);
#222=ELLIPSE('',#6425,0.00252011167529088,0.0011);
#223=ELLIPSE('',#6427,0.00252011167529088,0.0011);
#224=ELLIPSE('',#6428,0.00119063142032163,0.0011);
#225=ELLIPSE('',#6431,0.00119063142032163,0.0011);
#226=ELLIPSE('',#6433,0.00252011167529088,0.0011);
#227=ELLIPSE('',#6435,0.00119063142032163,0.0011);
#228=ELLIPSE('',#6437,0.00252011167529088,0.0011);
#229=ELLIPSE('',#6439,0.00252011167529088,0.0011);
#230=ELLIPSE('',#6440,0.00119063142032163,0.0011);
#231=ELLIPSE('',#6443,0.00252011167529088,0.0011);
#232=ELLIPSE('',#6444,0.00119063142032163,0.0011);
#233=ELLIPSE('',#6447,0.00119063142032163,0.0011);
#234=ELLIPSE('',#6449,0.00252011167529089,0.0011);
#235=ELLIPSE('',#6523,0.00233358574029062,0.0015);
#236=ELLIPSE('',#6524,0.00233358574029062,0.0015);
#237=ELLIPSE('',#6525,0.00233358574029062,0.0015);
#238=ELLIPSE('',#6526,0.00233358574029062,0.0015);
#239=ELLIPSE('',#6529,0.00233358574029062,0.0015);
#240=ELLIPSE('',#6530,0.00233358574029062,0.0015);
#241=ELLIPSE('',#6531,0.00233358574029062,0.0015);
#242=ELLIPSE('',#6532,0.00233358574029062,0.0015);
#243=ELLIPSE('',#6536,0.00233358574029062,0.0015);
#244=ELLIPSE('',#6537,0.00233358574029062,0.0015);
#245=ELLIPSE('',#6538,0.00233358574029062,0.0015);
#246=ELLIPSE('',#6539,0.00233358574029062,0.0015);
#247=ELLIPSE('',#6542,0.00233358574029062,0.0015);
#248=ELLIPSE('',#6543,0.00233358574029062,0.0015);
#249=ELLIPSE('',#6544,0.00233358574029062,0.0015);
#250=ELLIPSE('',#6545,0.00233358574029062,0.0015);
#251=CIRCLE('',#6042,0.0066);
#252=CIRCLE('',#6043,0.0035);
#253=CIRCLE('',#6044,0.0011);
#254=CIRCLE('',#6045,0.0528437273183658);
#255=CIRCLE('',#6046,0.00422428177729304);
#256=CIRCLE('',#6047,0.0011);
#257=CIRCLE('',#6048,0.0074);
#258=CIRCLE('',#6049,0.0035);
#259=CIRCLE('',#6050,0.0035);
#260=CIRCLE('',#6051,0.0035);
#261=CIRCLE('',#6053,0.0066);
#262=CIRCLE('',#6054,0.005);
#263=CIRCLE('',#6055,0.0011);
#264=CIRCLE('',#6056,0.00422428177729304);
#265=CIRCLE('',#6057,0.0528437273183658);
#266=CIRCLE('',#6058,0.0011);
#267=CIRCLE('',#6067,0.0085);
#268=CIRCLE('',#6069,0.0085);
#269=CIRCLE('',#6077,0.00618511881976732);
#270=CIRCLE('',#6078,0.00618511881976731);
#271=CIRCLE('',#6083,0.0011);
#272=CIRCLE('',#6090,0.0035);
#273=CIRCLE('',#6092,0.0035);
#274=CIRCLE('',#6103,0.0011);
#275=CIRCLE('',#6104,0.0035);
#276=CIRCLE('',#6105,0.0035);
#277=CIRCLE('',#6106,0.0035);
#278=CIRCLE('',#6107,0.0074);
#279=CIRCLE('',#6108,0.0011);
#280=CIRCLE('',#6109,0.0011);
#281=CIRCLE('',#6110,0.005);
#282=CIRCLE('',#6113,0.0085);
#283=CIRCLE('',#6115,0.0085);
#284=CIRCLE('',#6116,0.0085);
#285=CIRCLE('',#6119,0.0085);
#286=CIRCLE('',#6121,0.0085);
#287=CIRCLE('',#6123,0.0085);
#288=CIRCLE('',#6125,0.00139999999999999);
#289=CIRCLE('',#6126,0.0035);
#290=CIRCLE('',#6130,0.0014);
#291=CIRCLE('',#6131,0.0014);
#292=CIRCLE('',#6132,0.0035);
#293=CIRCLE('',#6133,0.0035);
#294=CIRCLE('',#6137,0.005);
#295=CIRCLE('',#6140,0.005);
#296=CIRCLE('',#6141,0.005);
#297=CIRCLE('',#6144,0.005);
#298=CIRCLE('',#6150,0.00140000000000001);
#299=CIRCLE('',#6151,0.0014);
#300=CIRCLE('',#6152,0.00140000000000001);
#301=CIRCLE('',#6161,0.0011);
#302=CIRCLE('',#6163,0.0011);
#303=CIRCLE('',#6172,0.0035);
#304=CIRCLE('',#6174,0.00139999999999999);
#305=CIRCLE('',#6176,0.00139999999999999);
#306=CIRCLE('',#6177,0.0035);
#307=CIRCLE('',#6180,0.00139999999999999);
#308=CIRCLE('',#6183,0.00139999999999999);
#309=CIRCLE('',#6186,0.00139999999999999);
#310=CIRCLE('',#6189,0.0014);
#311=CIRCLE('',#6192,0.0014);
#312=CIRCLE('',#6217,0.00140000000000001);
#313=CIRCLE('',#6218,0.004);
#314=CIRCLE('',#6222,0.00140000000000001);
#315=CIRCLE('',#6223,0.004);
#316=CIRCLE('',#6227,0.0014);
#317=CIRCLE('',#6228,0.004);
#318=CIRCLE('',#6231,0.004);
#319=CIRCLE('',#6233,0.0014);
#320=CIRCLE('',#6236,0.0014);
#321=CIRCLE('',#6242,0.006);
#322=CIRCLE('',#6243,0.006);
#323=CIRCLE('',#6253,0.00325);
#324=CIRCLE('',#6254,0.00325);
#325=CIRCLE('',#6258,0.0014);
#326=CIRCLE('',#6259,0.0014);
#327=CIRCLE('',#6264,0.00325);
#328=CIRCLE('',#6265,0.00325);
#329=CIRCLE('',#6267,0.0014);
#330=CIRCLE('',#6268,0.0014);
#331=CIRCLE('',#6279,0.0012);
#332=CIRCLE('',#6334,0.0011);
#333=CIRCLE('',#6335,0.0011);
#334=CIRCLE('',#6336,0.0011);
#335=CIRCLE('',#6337,0.0011);
#336=CIRCLE('',#6344,0.0011);
#337=CIRCLE('',#6345,0.0011);
#338=CIRCLE('',#6346,0.0011);
#339=CIRCLE('',#6347,0.0011);
#340=CIRCLE('',#6352,0.0011);
#341=CIRCLE('',#6353,0.0011);
#342=CIRCLE('',#6354,0.0011);
#343=CIRCLE('',#6358,0.0011);
#344=CIRCLE('',#6359,0.0011);
#345=CIRCLE('',#6360,0.0011);
#346=CIRCLE('',#6361,0.0011);
#347=CIRCLE('',#6366,0.0011);
#348=CIRCLE('',#6367,0.0011);
#349=CIRCLE('',#6368,0.0011);
#350=CIRCLE('',#6369,0.0011);
#351=CIRCLE('',#6374,0.0011);
#352=CIRCLE('',#6375,0.0011);
#353=CIRCLE('',#6376,0.0011);
#354=CIRCLE('',#6377,0.0011);
#355=CIRCLE('',#6383,0.0011);
#356=CIRCLE('',#6384,0.0011);
#357=CIRCLE('',#6385,0.0011);
#358=CIRCLE('',#6386,0.0011);
#359=CIRCLE('',#6409,0.0011);
#360=CIRCLE('',#6412,0.0011);
#361=CIRCLE('',#6414,0.0011);
#362=CIRCLE('',#6416,0.0011);
#363=CIRCLE('',#6419,0.0011);
#364=CIRCLE('',#6421,0.0011);
#365=CIRCLE('',#6451,0.0011);
#366=CIRCLE('',#6452,0.0011);
#367=CIRCLE('',#6455,0.0011);
#368=CIRCLE('',#6457,0.0011);
#369=CIRCLE('',#6459,0.0011);
#370=CIRCLE('',#6461,0.0011);
#371=CIRCLE('',#6464,0.0011);
#372=CIRCLE('',#6465,0.0011);
#373=CIRCLE('',#6467,0.0011);
#374=CIRCLE('',#6468,0.0011);
#375=CIRCLE('',#6471,0.0011);
#376=CIRCLE('',#6473,0.0011);
#377=CIRCLE('',#6474,0.0011);
#378=CIRCLE('',#6476,0.0011);
#379=CIRCLE('',#6477,0.0011);
#380=CIRCLE('',#6480,0.0011);
#381=CIRCLE('',#6481,0.0011);
#382=CIRCLE('',#6483,0.0011);
#383=CIRCLE('',#6484,0.0011);
#384=CIRCLE('',#6487,0.0011);
#385=CIRCLE('',#6488,0.0011);
#386=CIRCLE('',#6490,0.0011);
#387=CIRCLE('',#6491,0.0011);
#388=CIRCLE('',#6494,0.0011);
#389=CIRCLE('',#6495,0.0011);
#390=CIRCLE('',#6497,0.0011);
#391=CIRCLE('',#6498,0.0011);
#392=CIRCLE('',#6501,0.0011);
#393=CIRCLE('',#6503,0.0011);
#394=CIRCLE('',#6505,0.0011);
#395=CIRCLE('',#6516,0.0015);
#396=CIRCLE('',#6517,0.0015);
#397=CIRCLE('',#6520,0.0015);
#398=CIRCLE('',#6521,0.0015);
#399=CIRCLE('',#6547,0.0015);
#400=CIRCLE('',#6548,0.0015);
#401=CIRCLE('',#6551,0.0015);
#402=CIRCLE('',#6552,0.0015);
#403=ORIENTED_EDGE('',*,*,#2149,.F.);
#404=ORIENTED_EDGE('',*,*,#2150,.F.);
#405=ORIENTED_EDGE('',*,*,#2151,.F.);
#406=ORIENTED_EDGE('',*,*,#2152,.F.);
#407=ORIENTED_EDGE('',*,*,#2153,.F.);
#408=ORIENTED_EDGE('',*,*,#2154,.T.);
#409=ORIENTED_EDGE('',*,*,#2155,.T.);
#410=ORIENTED_EDGE('',*,*,#2156,.T.);
#411=ORIENTED_EDGE('',*,*,#2157,.F.);
#412=ORIENTED_EDGE('',*,*,#2158,.T.);
#413=ORIENTED_EDGE('',*,*,#2159,.T.);
#414=ORIENTED_EDGE('',*,*,#2160,.F.);
#415=ORIENTED_EDGE('',*,*,#2161,.T.);
#416=ORIENTED_EDGE('',*,*,#2162,.F.);
#417=ORIENTED_EDGE('',*,*,#2163,.F.);
#418=ORIENTED_EDGE('',*,*,#2164,.F.);
#419=ORIENTED_EDGE('',*,*,#2165,.F.);
#420=ORIENTED_EDGE('',*,*,#2166,.F.);
#421=ORIENTED_EDGE('',*,*,#2167,.T.);
#422=ORIENTED_EDGE('',*,*,#2168,.F.);
#423=ORIENTED_EDGE('',*,*,#2169,.T.);
#424=ORIENTED_EDGE('',*,*,#2170,.F.);
#425=ORIENTED_EDGE('',*,*,#2171,.T.);
#426=ORIENTED_EDGE('',*,*,#2172,.T.);
#427=ORIENTED_EDGE('',*,*,#2173,.F.);
#428=ORIENTED_EDGE('',*,*,#2174,.F.);
#429=ORIENTED_EDGE('',*,*,#2175,.T.);
#430=ORIENTED_EDGE('',*,*,#2176,.F.);
#431=ORIENTED_EDGE('',*,*,#2177,.T.);
#432=ORIENTED_EDGE('',*,*,#2178,.T.);
#433=ORIENTED_EDGE('',*,*,#2179,.T.);
#434=ORIENTED_EDGE('',*,*,#2180,.T.);
#435=ORIENTED_EDGE('',*,*,#2181,.F.);
#436=ORIENTED_EDGE('',*,*,#2182,.F.);
#437=ORIENTED_EDGE('',*,*,#2183,.F.);
#438=ORIENTED_EDGE('',*,*,#2184,.T.);
#439=ORIENTED_EDGE('',*,*,#2185,.T.);
#440=ORIENTED_EDGE('',*,*,#2186,.T.);
#441=ORIENTED_EDGE('',*,*,#2187,.T.);
#442=ORIENTED_EDGE('',*,*,#2188,.F.);
#443=ORIENTED_EDGE('',*,*,#2189,.F.);
#444=ORIENTED_EDGE('',*,*,#2190,.F.);
#445=ORIENTED_EDGE('',*,*,#2191,.T.);
#446=ORIENTED_EDGE('',*,*,#2192,.F.);
#447=ORIENTED_EDGE('',*,*,#2193,.F.);
#448=ORIENTED_EDGE('',*,*,#2194,.T.);
#449=ORIENTED_EDGE('',*,*,#2195,.T.);
#450=ORIENTED_EDGE('',*,*,#2196,.T.);
#451=ORIENTED_EDGE('',*,*,#2197,.F.);
#452=ORIENTED_EDGE('',*,*,#2198,.F.);
#453=ORIENTED_EDGE('',*,*,#2199,.F.);
#454=ORIENTED_EDGE('',*,*,#2200,.T.);
#455=ORIENTED_EDGE('',*,*,#2201,.F.);
#456=ORIENTED_EDGE('',*,*,#2202,.T.);
#457=ORIENTED_EDGE('',*,*,#2203,.T.);
#458=ORIENTED_EDGE('',*,*,#2204,.T.);
#459=ORIENTED_EDGE('',*,*,#2205,.T.);
#460=ORIENTED_EDGE('',*,*,#2206,.T.);
#461=ORIENTED_EDGE('',*,*,#2207,.F.);
#462=ORIENTED_EDGE('',*,*,#2208,.F.);
#463=ORIENTED_EDGE('',*,*,#2209,.T.);
#464=ORIENTED_EDGE('',*,*,#2210,.F.);
#465=ORIENTED_EDGE('',*,*,#2211,.F.);
#466=ORIENTED_EDGE('',*,*,#2212,.F.);
#467=ORIENTED_EDGE('',*,*,#2213,.F.);
#468=ORIENTED_EDGE('',*,*,#2214,.F.);
#469=ORIENTED_EDGE('',*,*,#2215,.T.);
#470=ORIENTED_EDGE('',*,*,#2216,.T.);
#471=ORIENTED_EDGE('',*,*,#2217,.T.);
#472=ORIENTED_EDGE('',*,*,#2218,.T.);
#473=ORIENTED_EDGE('',*,*,#2219,.T.);
#474=ORIENTED_EDGE('',*,*,#2220,.T.);
#475=ORIENTED_EDGE('',*,*,#2221,.F.);
#476=ORIENTED_EDGE('',*,*,#2222,.F.);
#477=ORIENTED_EDGE('',*,*,#2223,.T.);
#478=ORIENTED_EDGE('',*,*,#2224,.F.);
#479=ORIENTED_EDGE('',*,*,#2225,.T.);
#480=ORIENTED_EDGE('',*,*,#2226,.T.);
#481=ORIENTED_EDGE('',*,*,#2227,.T.);
#482=ORIENTED_EDGE('',*,*,#2228,.T.);
#483=ORIENTED_EDGE('',*,*,#2229,.F.);
#484=ORIENTED_EDGE('',*,*,#2230,.T.);
#485=ORIENTED_EDGE('',*,*,#2231,.T.);
#486=ORIENTED_EDGE('',*,*,#2232,.T.);
#487=ORIENTED_EDGE('',*,*,#2233,.F.);
#488=ORIENTED_EDGE('',*,*,#2234,.T.);
#489=ORIENTED_EDGE('',*,*,#2235,.T.);
#490=ORIENTED_EDGE('',*,*,#2236,.T.);
#491=ORIENTED_EDGE('',*,*,#2237,.T.);
#492=ORIENTED_EDGE('',*,*,#2238,.T.);
#493=ORIENTED_EDGE('',*,*,#2239,.T.);
#494=ORIENTED_EDGE('',*,*,#2240,.T.);
#495=ORIENTED_EDGE('',*,*,#2222,.T.);
#496=ORIENTED_EDGE('',*,*,#2241,.F.);
#497=ORIENTED_EDGE('',*,*,#2242,.T.);
#498=ORIENTED_EDGE('',*,*,#2243,.T.);
#499=ORIENTED_EDGE('',*,*,#2244,.T.);
#500=ORIENTED_EDGE('',*,*,#2245,.T.);
#501=ORIENTED_EDGE('',*,*,#2246,.T.);
#502=ORIENTED_EDGE('',*,*,#2247,.T.);
#503=ORIENTED_EDGE('',*,*,#2248,.T.);
#504=ORIENTED_EDGE('',*,*,#2249,.T.);
#505=ORIENTED_EDGE('',*,*,#2250,.T.);
#506=ORIENTED_EDGE('',*,*,#2251,.T.);
#507=ORIENTED_EDGE('',*,*,#2252,.F.);
#508=ORIENTED_EDGE('',*,*,#2182,.T.);
#509=ORIENTED_EDGE('',*,*,#2253,.T.);
#510=ORIENTED_EDGE('',*,*,#2254,.T.);
#511=ORIENTED_EDGE('',*,*,#2255,.T.);
#512=ORIENTED_EDGE('',*,*,#2256,.T.);
#513=ORIENTED_EDGE('',*,*,#2257,.T.);
#514=ORIENTED_EDGE('',*,*,#2258,.F.);
#515=ORIENTED_EDGE('',*,*,#2259,.T.);
#516=ORIENTED_EDGE('',*,*,#2260,.F.);
#517=ORIENTED_EDGE('',*,*,#2261,.T.);
#518=ORIENTED_EDGE('',*,*,#2262,.T.);
#519=ORIENTED_EDGE('',*,*,#2263,.T.);
#520=ORIENTED_EDGE('',*,*,#2264,.T.);
#521=ORIENTED_EDGE('',*,*,#2265,.T.);
#522=ORIENTED_EDGE('',*,*,#2266,.F.);
#523=ORIENTED_EDGE('',*,*,#2267,.T.);
#524=ORIENTED_EDGE('',*,*,#2268,.T.);
#525=ORIENTED_EDGE('',*,*,#2269,.T.);
#526=ORIENTED_EDGE('',*,*,#2270,.T.);
#527=ORIENTED_EDGE('',*,*,#2271,.F.);
#528=ORIENTED_EDGE('',*,*,#2272,.T.);
#529=ORIENTED_EDGE('',*,*,#2273,.T.);
#530=ORIENTED_EDGE('',*,*,#2274,.T.);
#531=ORIENTED_EDGE('',*,*,#2275,.T.);
#532=ORIENTED_EDGE('',*,*,#2276,.T.);
#533=ORIENTED_EDGE('',*,*,#2277,.T.);
#534=ORIENTED_EDGE('',*,*,#2278,.T.);
#535=ORIENTED_EDGE('',*,*,#2279,.F.);
#536=ORIENTED_EDGE('',*,*,#2280,.T.);
#537=ORIENTED_EDGE('',*,*,#2281,.T.);
#538=ORIENTED_EDGE('',*,*,#2282,.T.);
#539=ORIENTED_EDGE('',*,*,#2283,.F.);
#540=ORIENTED_EDGE('',*,*,#2284,.T.);
#541=ORIENTED_EDGE('',*,*,#2285,.T.);
#542=ORIENTED_EDGE('',*,*,#2286,.T.);
#543=ORIENTED_EDGE('',*,*,#2287,.F.);
#544=ORIENTED_EDGE('',*,*,#2288,.T.);
#545=ORIENTED_EDGE('',*,*,#2289,.T.);
#546=ORIENTED_EDGE('',*,*,#2290,.T.);
#547=ORIENTED_EDGE('',*,*,#2291,.F.);
#548=ORIENTED_EDGE('',*,*,#2292,.T.);
#549=ORIENTED_EDGE('',*,*,#2293,.T.);
#550=ORIENTED_EDGE('',*,*,#2294,.T.);
#551=ORIENTED_EDGE('',*,*,#2295,.T.);
#552=ORIENTED_EDGE('',*,*,#2296,.T.);
#553=ORIENTED_EDGE('',*,*,#2297,.T.);
#554=ORIENTED_EDGE('',*,*,#2298,.T.);
#555=ORIENTED_EDGE('',*,*,#2235,.F.);
#556=ORIENTED_EDGE('',*,*,#2299,.T.);
#557=ORIENTED_EDGE('',*,*,#2300,.T.);
#558=ORIENTED_EDGE('',*,*,#2301,.T.);
#559=ORIENTED_EDGE('',*,*,#2253,.F.);
#560=ORIENTED_EDGE('',*,*,#2181,.T.);
#561=ORIENTED_EDGE('',*,*,#2302,.T.);
#562=ORIENTED_EDGE('',*,*,#2303,.T.);
#563=ORIENTED_EDGE('',*,*,#2304,.F.);
#564=ORIENTED_EDGE('',*,*,#2305,.T.);
#565=ORIENTED_EDGE('',*,*,#2306,.F.);
#566=ORIENTED_EDGE('',*,*,#2273,.F.);
#567=ORIENTED_EDGE('',*,*,#2307,.T.);
#568=ORIENTED_EDGE('',*,*,#2303,.F.);
#569=ORIENTED_EDGE('',*,*,#2308,.T.);
#570=ORIENTED_EDGE('',*,*,#2309,.T.);
#571=ORIENTED_EDGE('',*,*,#2310,.T.);
#572=ORIENTED_EDGE('',*,*,#2311,.F.);
#573=ORIENTED_EDGE('',*,*,#2306,.T.);
#574=ORIENTED_EDGE('',*,*,#2312,.T.);
#575=ORIENTED_EDGE('',*,*,#2313,.F.);
#576=ORIENTED_EDGE('',*,*,#2314,.T.);
#577=ORIENTED_EDGE('',*,*,#2315,.F.);
#578=ORIENTED_EDGE('',*,*,#2210,.T.);
#579=ORIENTED_EDGE('',*,*,#2316,.T.);
#580=ORIENTED_EDGE('',*,*,#2317,.T.);
#581=ORIENTED_EDGE('',*,*,#2318,.T.);
#582=ORIENTED_EDGE('',*,*,#2319,.F.);
#583=ORIENTED_EDGE('',*,*,#2320,.T.);
#584=ORIENTED_EDGE('',*,*,#2321,.T.);
#585=ORIENTED_EDGE('',*,*,#2322,.T.);
#586=ORIENTED_EDGE('',*,*,#2323,.T.);
#587=ORIENTED_EDGE('',*,*,#2324,.T.);
#588=ORIENTED_EDGE('',*,*,#2284,.F.);
#589=ORIENTED_EDGE('',*,*,#2325,.F.);
#590=ORIENTED_EDGE('',*,*,#2326,.F.);
#591=ORIENTED_EDGE('',*,*,#2327,.F.);
#592=ORIENTED_EDGE('',*,*,#2328,.T.);
#593=ORIENTED_EDGE('',*,*,#2329,.T.);
#594=ORIENTED_EDGE('',*,*,#2280,.F.);
#595=ORIENTED_EDGE('',*,*,#2330,.F.);
#596=ORIENTED_EDGE('',*,*,#2331,.F.);
#597=ORIENTED_EDGE('',*,*,#2332,.T.);
#598=ORIENTED_EDGE('',*,*,#2333,.F.);
#599=ORIENTED_EDGE('',*,*,#2334,.T.);
#600=ORIENTED_EDGE('',*,*,#2335,.F.);
#601=ORIENTED_EDGE('',*,*,#2336,.F.);
#602=ORIENTED_EDGE('',*,*,#2337,.T.);
#603=ORIENTED_EDGE('',*,*,#2338,.F.);
#604=ORIENTED_EDGE('',*,*,#2339,.F.);
#605=ORIENTED_EDGE('',*,*,#2274,.F.);
#606=ORIENTED_EDGE('',*,*,#2340,.F.);
#607=ORIENTED_EDGE('',*,*,#2341,.F.);
#608=ORIENTED_EDGE('',*,*,#2290,.F.);
#609=ORIENTED_EDGE('',*,*,#2342,.F.);
#610=ORIENTED_EDGE('',*,*,#2288,.F.);
#611=ORIENTED_EDGE('',*,*,#2343,.F.);
#612=ORIENTED_EDGE('',*,*,#2344,.F.);
#613=ORIENTED_EDGE('',*,*,#2345,.T.);
#614=ORIENTED_EDGE('',*,*,#2346,.T.);
#615=ORIENTED_EDGE('',*,*,#2347,.F.);
#616=ORIENTED_EDGE('',*,*,#2348,.T.);
#617=ORIENTED_EDGE('',*,*,#2349,.T.);
#618=ORIENTED_EDGE('',*,*,#2350,.F.);
#619=ORIENTED_EDGE('',*,*,#2351,.T.);
#620=ORIENTED_EDGE('',*,*,#2352,.T.);
#621=ORIENTED_EDGE('',*,*,#2353,.F.);
#622=ORIENTED_EDGE('',*,*,#2354,.T.);
#623=ORIENTED_EDGE('',*,*,#2355,.T.);
#624=ORIENTED_EDGE('',*,*,#2346,.F.);
#625=ORIENTED_EDGE('',*,*,#2356,.T.);
#626=ORIENTED_EDGE('',*,*,#2357,.F.);
#627=ORIENTED_EDGE('',*,*,#2358,.F.);
#628=ORIENTED_EDGE('',*,*,#2359,.F.);
#629=ORIENTED_EDGE('',*,*,#2360,.F.);
#630=ORIENTED_EDGE('',*,*,#2361,.F.);
#631=ORIENTED_EDGE('',*,*,#2362,.T.);
#632=ORIENTED_EDGE('',*,*,#2363,.F.);
#633=ORIENTED_EDGE('',*,*,#2364,.T.);
#634=ORIENTED_EDGE('',*,*,#2365,.F.);
#635=ORIENTED_EDGE('',*,*,#2366,.F.);
#636=ORIENTED_EDGE('',*,*,#2367,.F.);
#637=ORIENTED_EDGE('',*,*,#2276,.F.);
#638=ORIENTED_EDGE('',*,*,#2368,.F.);
#639=ORIENTED_EDGE('',*,*,#2369,.F.);
#640=ORIENTED_EDGE('',*,*,#2370,.T.);
#641=ORIENTED_EDGE('',*,*,#2371,.F.);
#642=ORIENTED_EDGE('',*,*,#2159,.F.);
#643=ORIENTED_EDGE('',*,*,#2372,.F.);
#644=ORIENTED_EDGE('',*,*,#2373,.T.);
#645=ORIENTED_EDGE('',*,*,#2160,.T.);
#646=ORIENTED_EDGE('',*,*,#2371,.T.);
#647=ORIENTED_EDGE('',*,*,#2374,.T.);
#648=ORIENTED_EDGE('',*,*,#2375,.T.);
#649=ORIENTED_EDGE('',*,*,#2376,.T.);
#650=ORIENTED_EDGE('',*,*,#2377,.T.);
#651=ORIENTED_EDGE('',*,*,#2378,.T.);
#652=ORIENTED_EDGE('',*,*,#2379,.T.);
#653=ORIENTED_EDGE('',*,*,#2380,.T.);
#654=ORIENTED_EDGE('',*,*,#2381,.T.);
#655=ORIENTED_EDGE('',*,*,#2382,.T.);
#656=ORIENTED_EDGE('',*,*,#2363,.T.);
#657=ORIENTED_EDGE('',*,*,#2383,.F.);
#658=ORIENTED_EDGE('',*,*,#2384,.F.);
#659=ORIENTED_EDGE('',*,*,#2385,.T.);
#660=ORIENTED_EDGE('',*,*,#2386,.T.);
#661=ORIENTED_EDGE('',*,*,#2387,.T.);
#662=ORIENTED_EDGE('',*,*,#2361,.T.);
#663=ORIENTED_EDGE('',*,*,#2388,.F.);
#664=ORIENTED_EDGE('',*,*,#2389,.T.);
#665=ORIENTED_EDGE('',*,*,#2390,.T.);
#666=ORIENTED_EDGE('',*,*,#2391,.T.);
#667=ORIENTED_EDGE('',*,*,#2392,.T.);
#668=ORIENTED_EDGE('',*,*,#2393,.T.);
#669=ORIENTED_EDGE('',*,*,#2394,.F.);
#670=ORIENTED_EDGE('',*,*,#2395,.T.);
#671=ORIENTED_EDGE('',*,*,#2396,.T.);
#672=ORIENTED_EDGE('',*,*,#2397,.T.);
#673=ORIENTED_EDGE('',*,*,#2398,.F.);
#674=ORIENTED_EDGE('',*,*,#2399,.T.);
#675=ORIENTED_EDGE('',*,*,#2199,.T.);
#676=ORIENTED_EDGE('',*,*,#2400,.T.);
#677=ORIENTED_EDGE('',*,*,#2401,.F.);
#678=ORIENTED_EDGE('',*,*,#2402,.T.);
#679=ORIENTED_EDGE('',*,*,#2403,.T.);
#680=ORIENTED_EDGE('',*,*,#2404,.T.);
#681=ORIENTED_EDGE('',*,*,#2405,.F.);
#682=ORIENTED_EDGE('',*,*,#2406,.T.);
#683=ORIENTED_EDGE('',*,*,#2407,.T.);
#684=ORIENTED_EDGE('',*,*,#2408,.T.);
#685=ORIENTED_EDGE('',*,*,#2409,.F.);
#686=ORIENTED_EDGE('',*,*,#2410,.T.);
#687=ORIENTED_EDGE('',*,*,#2411,.T.);
#688=ORIENTED_EDGE('',*,*,#2412,.T.);
#689=ORIENTED_EDGE('',*,*,#2413,.F.);
#690=ORIENTED_EDGE('',*,*,#2414,.F.);
#691=ORIENTED_EDGE('',*,*,#2415,.T.);
#692=ORIENTED_EDGE('',*,*,#2251,.F.);
#693=ORIENTED_EDGE('',*,*,#2416,.T.);
#694=ORIENTED_EDGE('',*,*,#2417,.F.);
#695=ORIENTED_EDGE('',*,*,#2418,.T.);
#696=ORIENTED_EDGE('',*,*,#2419,.T.);
#697=ORIENTED_EDGE('',*,*,#2221,.T.);
#698=ORIENTED_EDGE('',*,*,#2420,.T.);
#699=ORIENTED_EDGE('',*,*,#2271,.T.);
#700=ORIENTED_EDGE('',*,*,#2341,.T.);
#701=ORIENTED_EDGE('',*,*,#2421,.T.);
#702=ORIENTED_EDGE('',*,*,#2347,.T.);
#703=ORIENTED_EDGE('',*,*,#2358,.T.);
#704=ORIENTED_EDGE('',*,*,#2422,.F.);
#705=ORIENTED_EDGE('',*,*,#2423,.T.);
#706=ORIENTED_EDGE('',*,*,#2424,.T.);
#707=ORIENTED_EDGE('',*,*,#2425,.T.);
#708=ORIENTED_EDGE('',*,*,#2426,.T.);
#709=ORIENTED_EDGE('',*,*,#2427,.T.);
#710=ORIENTED_EDGE('',*,*,#2428,.F.);
#711=ORIENTED_EDGE('',*,*,#2429,.T.);
#712=ORIENTED_EDGE('',*,*,#2430,.T.);
#713=ORIENTED_EDGE('',*,*,#2431,.F.);
#714=ORIENTED_EDGE('',*,*,#2432,.T.);
#715=ORIENTED_EDGE('',*,*,#2433,.T.);
#716=ORIENTED_EDGE('',*,*,#2434,.T.);
#717=ORIENTED_EDGE('',*,*,#2435,.T.);
#718=ORIENTED_EDGE('',*,*,#2436,.T.);
#719=ORIENTED_EDGE('',*,*,#2437,.F.);
#720=ORIENTED_EDGE('',*,*,#2438,.F.);
#721=ORIENTED_EDGE('',*,*,#2394,.T.);
#722=ORIENTED_EDGE('',*,*,#2439,.T.);
#723=ORIENTED_EDGE('',*,*,#2440,.T.);
#724=ORIENTED_EDGE('',*,*,#2441,.T.);
#725=ORIENTED_EDGE('',*,*,#2442,.T.);
#726=ORIENTED_EDGE('',*,*,#2443,.T.);
#727=ORIENTED_EDGE('',*,*,#2444,.F.);
#728=ORIENTED_EDGE('',*,*,#2445,.T.);
#729=ORIENTED_EDGE('',*,*,#2446,.T.);
#730=ORIENTED_EDGE('',*,*,#2447,.T.);
#731=ORIENTED_EDGE('',*,*,#2448,.F.);
#732=ORIENTED_EDGE('',*,*,#2449,.T.);
#733=ORIENTED_EDGE('',*,*,#2450,.T.);
#734=ORIENTED_EDGE('',*,*,#2241,.T.);
#735=ORIENTED_EDGE('',*,*,#2429,.F.);
#736=ORIENTED_EDGE('',*,*,#2451,.T.);
#737=ORIENTED_EDGE('',*,*,#2171,.F.);
#738=ORIENTED_EDGE('',*,*,#2452,.F.);
#739=ORIENTED_EDGE('',*,*,#2453,.T.);
#740=ORIENTED_EDGE('',*,*,#2454,.T.);
#741=ORIENTED_EDGE('',*,*,#2455,.T.);
#742=ORIENTED_EDGE('',*,*,#2456,.F.);
#743=ORIENTED_EDGE('',*,*,#2457,.T.);
#744=ORIENTED_EDGE('',*,*,#2458,.T.);
#745=ORIENTED_EDGE('',*,*,#2459,.T.);
#746=ORIENTED_EDGE('',*,*,#2190,.T.);
#747=ORIENTED_EDGE('',*,*,#2460,.T.);
#748=ORIENTED_EDGE('',*,*,#2461,.T.);
#749=ORIENTED_EDGE('',*,*,#2462,.T.);
#750=ORIENTED_EDGE('',*,*,#2463,.T.);
#751=ORIENTED_EDGE('',*,*,#2464,.T.);
#752=ORIENTED_EDGE('',*,*,#2445,.F.);
#753=ORIENTED_EDGE('',*,*,#2465,.T.);
#754=ORIENTED_EDGE('',*,*,#2466,.F.);
#755=ORIENTED_EDGE('',*,*,#2467,.T.);
#756=ORIENTED_EDGE('',*,*,#2468,.T.);
#757=ORIENTED_EDGE('',*,*,#2469,.F.);
#758=ORIENTED_EDGE('',*,*,#2470,.T.);
#759=ORIENTED_EDGE('',*,*,#2471,.F.);
#760=ORIENTED_EDGE('',*,*,#2441,.F.);
#761=ORIENTED_EDGE('',*,*,#2472,.F.);
#762=ORIENTED_EDGE('',*,*,#2157,.T.);
#763=ORIENTED_EDGE('',*,*,#2473,.T.);
#764=ORIENTED_EDGE('',*,*,#2474,.F.);
#765=ORIENTED_EDGE('',*,*,#2475,.T.);
#766=ORIENTED_EDGE('',*,*,#2476,.T.);
#767=ORIENTED_EDGE('',*,*,#2477,.T.);
#768=ORIENTED_EDGE('',*,*,#2449,.F.);
#769=ORIENTED_EDGE('',*,*,#2417,.T.);
#770=ORIENTED_EDGE('',*,*,#2478,.T.);
#771=ORIENTED_EDGE('',*,*,#2479,.T.);
#772=ORIENTED_EDGE('',*,*,#2480,.F.);
#773=ORIENTED_EDGE('',*,*,#2481,.T.);
#774=ORIENTED_EDGE('',*,*,#2482,.T.);
#775=ORIENTED_EDGE('',*,*,#2483,.T.);
#776=ORIENTED_EDGE('',*,*,#2484,.T.);
#777=ORIENTED_EDGE('',*,*,#2485,.F.);
#778=ORIENTED_EDGE('',*,*,#2486,.T.);
#779=ORIENTED_EDGE('',*,*,#2487,.T.);
#780=ORIENTED_EDGE('',*,*,#2488,.T.);
#781=ORIENTED_EDGE('',*,*,#2447,.F.);
#782=ORIENTED_EDGE('',*,*,#2489,.T.);
#783=ORIENTED_EDGE('',*,*,#2490,.T.);
#784=ORIENTED_EDGE('',*,*,#2247,.F.);
#785=ORIENTED_EDGE('',*,*,#2491,.F.);
#786=ORIENTED_EDGE('',*,*,#2492,.F.);
#787=ORIENTED_EDGE('',*,*,#2493,.T.);
#788=ORIENTED_EDGE('',*,*,#2494,.T.);
#789=ORIENTED_EDGE('',*,*,#2495,.F.);
#790=ORIENTED_EDGE('',*,*,#2496,.F.);
#791=ORIENTED_EDGE('',*,*,#2497,.T.);
#792=ORIENTED_EDGE('',*,*,#2498,.F.);
#793=ORIENTED_EDGE('',*,*,#2499,.T.);
#794=ORIENTED_EDGE('',*,*,#2500,.T.);
#795=ORIENTED_EDGE('',*,*,#2501,.F.);
#796=ORIENTED_EDGE('',*,*,#2502,.T.);
#797=ORIENTED_EDGE('',*,*,#2443,.F.);
#798=ORIENTED_EDGE('',*,*,#2503,.F.);
#799=ORIENTED_EDGE('',*,*,#2192,.T.);
#800=ORIENTED_EDGE('',*,*,#2504,.T.);
#801=ORIENTED_EDGE('',*,*,#2505,.T.);
#802=ORIENTED_EDGE('',*,*,#2506,.T.);
#803=ORIENTED_EDGE('',*,*,#2507,.F.);
#804=ORIENTED_EDGE('',*,*,#2499,.F.);
#805=ORIENTED_EDGE('',*,*,#2508,.T.);
#806=ORIENTED_EDGE('',*,*,#2509,.F.);
#807=ORIENTED_EDGE('',*,*,#2468,.F.);
#808=ORIENTED_EDGE('',*,*,#2510,.T.);
#809=ORIENTED_EDGE('',*,*,#2440,.F.);
#810=ORIENTED_EDGE('',*,*,#2511,.F.);
#811=ORIENTED_EDGE('',*,*,#2197,.T.);
#812=ORIENTED_EDGE('',*,*,#2512,.T.);
#813=ORIENTED_EDGE('',*,*,#2513,.T.);
#814=ORIENTED_EDGE('',*,*,#2514,.T.);
#815=ORIENTED_EDGE('',*,*,#2153,.T.);
#816=ORIENTED_EDGE('',*,*,#2472,.T.);
#817=ORIENTED_EDGE('',*,*,#2404,.F.);
#818=ORIENTED_EDGE('',*,*,#2515,.T.);
#819=ORIENTED_EDGE('',*,*,#2516,.T.);
#820=ORIENTED_EDGE('',*,*,#2517,.T.);
#821=ORIENTED_EDGE('',*,*,#2400,.F.);
#822=ORIENTED_EDGE('',*,*,#2198,.T.);
#823=ORIENTED_EDGE('',*,*,#2511,.T.);
#824=ORIENTED_EDGE('',*,*,#2439,.F.);
#825=ORIENTED_EDGE('',*,*,#2393,.F.);
#826=ORIENTED_EDGE('',*,*,#2518,.T.);
#827=ORIENTED_EDGE('',*,*,#2519,.T.);
#828=ORIENTED_EDGE('',*,*,#2520,.T.);
#829=ORIENTED_EDGE('',*,*,#2412,.F.);
#830=ORIENTED_EDGE('',*,*,#2521,.T.);
#831=ORIENTED_EDGE('',*,*,#2522,.T.);
#832=ORIENTED_EDGE('',*,*,#2523,.T.);
#833=ORIENTED_EDGE('',*,*,#2408,.F.);
#834=ORIENTED_EDGE('',*,*,#2524,.T.);
#835=ORIENTED_EDGE('',*,*,#2525,.T.);
#836=ORIENTED_EDGE('',*,*,#2526,.T.);
#837=ORIENTED_EDGE('',*,*,#2434,.F.);
#838=ORIENTED_EDGE('',*,*,#2527,.T.);
#839=ORIENTED_EDGE('',*,*,#2166,.T.);
#840=ORIENTED_EDGE('',*,*,#2528,.T.);
#841=ORIENTED_EDGE('',*,*,#2201,.T.);
#842=ORIENTED_EDGE('',*,*,#2529,.T.);
#843=ORIENTED_EDGE('',*,*,#2168,.T.);
#844=ORIENTED_EDGE('',*,*,#2530,.T.);
#845=ORIENTED_EDGE('',*,*,#2432,.F.);
#846=ORIENTED_EDGE('',*,*,#2531,.F.);
#847=ORIENTED_EDGE('',*,*,#2431,.T.);
#848=ORIENTED_EDGE('',*,*,#2532,.F.);
#849=ORIENTED_EDGE('',*,*,#2169,.F.);
#850=ORIENTED_EDGE('',*,*,#2531,.T.);
#851=ORIENTED_EDGE('',*,*,#2430,.F.);
#852=ORIENTED_EDGE('',*,*,#2452,.T.);
#853=ORIENTED_EDGE('',*,*,#2170,.T.);
#854=ORIENTED_EDGE('',*,*,#2532,.T.);
#855=ORIENTED_EDGE('',*,*,#2533,.F.);
#856=ORIENTED_EDGE('',*,*,#2534,.F.);
#857=ORIENTED_EDGE('',*,*,#2535,.F.);
#858=ORIENTED_EDGE('',*,*,#2173,.T.);
#859=ORIENTED_EDGE('',*,*,#2536,.T.);
#860=ORIENTED_EDGE('',*,*,#2427,.F.);
#861=ORIENTED_EDGE('',*,*,#2537,.F.);
#862=ORIENTED_EDGE('',*,*,#2426,.F.);
#863=ORIENTED_EDGE('',*,*,#2538,.T.);
#864=ORIENTED_EDGE('',*,*,#2174,.T.);
#865=ORIENTED_EDGE('',*,*,#2537,.T.);
#866=ORIENTED_EDGE('',*,*,#2424,.F.);
#867=ORIENTED_EDGE('',*,*,#2539,.T.);
#868=ORIENTED_EDGE('',*,*,#2176,.T.);
#869=ORIENTED_EDGE('',*,*,#2540,.T.);
#870=ORIENTED_EDGE('',*,*,#2357,.T.);
#871=ORIENTED_EDGE('',*,*,#2541,.T.);
#872=ORIENTED_EDGE('',*,*,#2542,.T.);
#873=ORIENTED_EDGE('',*,*,#2543,.T.);
#874=ORIENTED_EDGE('',*,*,#2359,.T.);
#875=ORIENTED_EDGE('',*,*,#2544,.T.);
#876=ORIENTED_EDGE('',*,*,#2545,.T.);
#877=ORIENTED_EDGE('',*,*,#2546,.T.);
#878=ORIENTED_EDGE('',*,*,#2365,.T.);
#879=ORIENTED_EDGE('',*,*,#2547,.T.);
#880=ORIENTED_EDGE('',*,*,#2548,.T.);
#881=ORIENTED_EDGE('',*,*,#2549,.T.);
#882=ORIENTED_EDGE('',*,*,#2369,.T.);
#883=ORIENTED_EDGE('',*,*,#2158,.F.);
#884=ORIENTED_EDGE('',*,*,#2550,.T.);
#885=ORIENTED_EDGE('',*,*,#2422,.T.);
#886=ORIENTED_EDGE('',*,*,#2551,.F.);
#887=ORIENTED_EDGE('',*,*,#2552,.T.);
#888=ORIENTED_EDGE('',*,*,#2205,.F.);
#889=ORIENTED_EDGE('',*,*,#2553,.F.);
#890=ORIENTED_EDGE('',*,*,#2162,.T.);
#891=ORIENTED_EDGE('',*,*,#2554,.T.);
#892=ORIENTED_EDGE('',*,*,#2204,.F.);
#893=ORIENTED_EDGE('',*,*,#2555,.F.);
#894=ORIENTED_EDGE('',*,*,#2163,.T.);
#895=ORIENTED_EDGE('',*,*,#2553,.T.);
#896=ORIENTED_EDGE('',*,*,#2203,.F.);
#897=ORIENTED_EDGE('',*,*,#2556,.F.);
#898=ORIENTED_EDGE('',*,*,#2164,.T.);
#899=ORIENTED_EDGE('',*,*,#2555,.T.);
#900=ORIENTED_EDGE('',*,*,#2202,.F.);
#901=ORIENTED_EDGE('',*,*,#2528,.F.);
#902=ORIENTED_EDGE('',*,*,#2165,.T.);
#903=ORIENTED_EDGE('',*,*,#2556,.T.);
#904=ORIENTED_EDGE('',*,*,#2557,.F.);
#905=ORIENTED_EDGE('',*,*,#2554,.F.);
#906=ORIENTED_EDGE('',*,*,#2161,.F.);
#907=ORIENTED_EDGE('',*,*,#2373,.F.);
#908=ORIENTED_EDGE('',*,*,#2558,.F.);
#909=ORIENTED_EDGE('',*,*,#2318,.F.);
#910=ORIENTED_EDGE('',*,*,#2559,.F.);
#911=ORIENTED_EDGE('',*,*,#2206,.F.);
#912=ORIENTED_EDGE('',*,*,#2552,.F.);
#913=ORIENTED_EDGE('',*,*,#2167,.F.);
#914=ORIENTED_EDGE('',*,*,#2527,.F.);
#915=ORIENTED_EDGE('',*,*,#2433,.F.);
#916=ORIENTED_EDGE('',*,*,#2530,.F.);
#917=ORIENTED_EDGE('',*,*,#2200,.F.);
#918=ORIENTED_EDGE('',*,*,#2399,.F.);
#919=ORIENTED_EDGE('',*,*,#2560,.F.);
#920=ORIENTED_EDGE('',*,*,#2435,.F.);
#921=ORIENTED_EDGE('',*,*,#2529,.F.);
#922=ORIENTED_EDGE('',*,*,#2561,.F.);
#923=ORIENTED_EDGE('',*,*,#2562,.T.);
#924=ORIENTED_EDGE('',*,*,#2563,.F.);
#925=ORIENTED_EDGE('',*,*,#2564,.T.);
#926=ORIENTED_EDGE('',*,*,#2177,.F.);
#927=ORIENTED_EDGE('',*,*,#2539,.F.);
#928=ORIENTED_EDGE('',*,*,#2423,.F.);
#929=ORIENTED_EDGE('',*,*,#2550,.F.);
#930=ORIENTED_EDGE('',*,*,#2175,.F.);
#931=ORIENTED_EDGE('',*,*,#2538,.F.);
#932=ORIENTED_EDGE('',*,*,#2425,.F.);
#933=ORIENTED_EDGE('',*,*,#2540,.F.);
#934=ORIENTED_EDGE('',*,*,#2565,.F.);
#935=ORIENTED_EDGE('',*,*,#2457,.F.);
#936=ORIENTED_EDGE('',*,*,#2566,.T.);
#937=ORIENTED_EDGE('',*,*,#2506,.F.);
#938=ORIENTED_EDGE('',*,*,#2510,.F.);
#939=ORIENTED_EDGE('',*,*,#2467,.F.);
#940=ORIENTED_EDGE('',*,*,#2567,.T.);
#941=ORIENTED_EDGE('',*,*,#2500,.F.);
#942=ORIENTED_EDGE('',*,*,#2568,.F.);
#943=ORIENTED_EDGE('',*,*,#2245,.F.);
#944=ORIENTED_EDGE('',*,*,#2569,.T.);
#945=ORIENTED_EDGE('',*,*,#2484,.F.);
#946=ORIENTED_EDGE('',*,*,#2570,.F.);
#947=ORIENTED_EDGE('',*,*,#2289,.F.);
#948=ORIENTED_EDGE('',*,*,#2342,.T.);
#949=ORIENTED_EDGE('',*,*,#2571,.F.);
#950=ORIENTED_EDGE('',*,*,#2570,.T.);
#951=ORIENTED_EDGE('',*,*,#2572,.F.);
#952=ORIENTED_EDGE('',*,*,#2573,.T.);
#953=ORIENTED_EDGE('',*,*,#2275,.F.);
#954=ORIENTED_EDGE('',*,*,#2339,.T.);
#955=ORIENTED_EDGE('',*,*,#2574,.T.);
#956=ORIENTED_EDGE('',*,*,#2368,.T.);
#957=ORIENTED_EDGE('',*,*,#2573,.F.);
#958=ORIENTED_EDGE('',*,*,#2561,.T.);
#959=ORIENTED_EDGE('',*,*,#2575,.F.);
#960=ORIENTED_EDGE('',*,*,#2572,.T.);
#961=ORIENTED_EDGE('',*,*,#2575,.T.);
#962=ORIENTED_EDGE('',*,*,#2562,.F.);
#963=ORIENTED_EDGE('',*,*,#2563,.T.);
#964=ORIENTED_EDGE('',*,*,#2576,.F.);
#965=ORIENTED_EDGE('',*,*,#2571,.T.);
#966=ORIENTED_EDGE('',*,*,#2576,.T.);
#967=ORIENTED_EDGE('',*,*,#2564,.F.);
#968=ORIENTED_EDGE('',*,*,#2577,.F.);
#969=ORIENTED_EDGE('',*,*,#2480,.T.);
#970=ORIENTED_EDGE('',*,*,#2577,.T.);
#971=ORIENTED_EDGE('',*,*,#2578,.F.);
#972=ORIENTED_EDGE('',*,*,#2492,.T.);
#973=ORIENTED_EDGE('',*,*,#2578,.T.);
#974=ORIENTED_EDGE('',*,*,#2579,.F.);
#975=ORIENTED_EDGE('',*,*,#2491,.T.);
#976=ORIENTED_EDGE('',*,*,#2579,.T.);
#977=ORIENTED_EDGE('',*,*,#2580,.F.);
#978=ORIENTED_EDGE('',*,*,#2581,.F.);
#979=ORIENTED_EDGE('',*,*,#2582,.F.);
#980=ORIENTED_EDGE('',*,*,#2476,.F.);
#981=ORIENTED_EDGE('',*,*,#2448,.T.);
#982=ORIENTED_EDGE('',*,*,#2488,.F.);
#983=ORIENTED_EDGE('',*,*,#2583,.F.);
#984=ORIENTED_EDGE('',*,*,#2243,.F.);
#985=ORIENTED_EDGE('',*,*,#2246,.F.);
#986=ORIENTED_EDGE('',*,*,#2568,.T.);
#987=ORIENTED_EDGE('',*,*,#2483,.F.);
#988=ORIENTED_EDGE('',*,*,#2489,.F.);
#989=ORIENTED_EDGE('',*,*,#2584,.F.);
#990=ORIENTED_EDGE('',*,*,#2585,.F.);
#991=ORIENTED_EDGE('',*,*,#2586,.F.);
#992=ORIENTED_EDGE('',*,*,#2249,.F.);
#993=ORIENTED_EDGE('',*,*,#2587,.F.);
#994=ORIENTED_EDGE('',*,*,#2310,.F.);
#995=ORIENTED_EDGE('',*,*,#2588,.F.);
#996=ORIENTED_EDGE('',*,*,#2418,.F.);
#997=ORIENTED_EDGE('',*,*,#2479,.F.);
#998=ORIENTED_EDGE('',*,*,#2589,.T.);
#999=ORIENTED_EDGE('',*,*,#2590,.T.);
#1000=ORIENTED_EDGE('',*,*,#2591,.T.);
#1001=ORIENTED_EDGE('',*,*,#2308,.F.);
#1002=ORIENTED_EDGE('',*,*,#2592,.T.);
#1003=ORIENTED_EDGE('',*,*,#2593,.F.);
#1004=ORIENTED_EDGE('',*,*,#2594,.F.);
#1005=ORIENTED_EDGE('',*,*,#2481,.F.);
#1006=ORIENTED_EDGE('',*,*,#2595,.F.);
#1007=ORIENTED_EDGE('',*,*,#2596,.F.);
#1008=ORIENTED_EDGE('',*,*,#2597,.T.);
#1009=ORIENTED_EDGE('',*,*,#2486,.F.);
#1010=ORIENTED_EDGE('',*,*,#2446,.F.);
#1011=ORIENTED_EDGE('',*,*,#2464,.F.);
#1012=ORIENTED_EDGE('',*,*,#2598,.F.);
#1013=ORIENTED_EDGE('',*,*,#2462,.F.);
#1014=ORIENTED_EDGE('',*,*,#2599,.F.);
#1015=ORIENTED_EDGE('',*,*,#2460,.F.);
#1016=ORIENTED_EDGE('',*,*,#2189,.T.);
#1017=ORIENTED_EDGE('',*,*,#2465,.F.);
#1018=ORIENTED_EDGE('',*,*,#2444,.T.);
#1019=ORIENTED_EDGE('',*,*,#2502,.F.);
#1020=ORIENTED_EDGE('',*,*,#2600,.F.);
#1021=ORIENTED_EDGE('',*,*,#2567,.F.);
#1022=ORIENTED_EDGE('',*,*,#2466,.T.);
#1023=ORIENTED_EDGE('',*,*,#2600,.T.);
#1024=ORIENTED_EDGE('',*,*,#2501,.T.);
#1025=ORIENTED_EDGE('',*,*,#2601,.F.);
#1026=ORIENTED_EDGE('',*,*,#2602,.F.);
#1027=ORIENTED_EDGE('',*,*,#2603,.T.);
#1028=ORIENTED_EDGE('',*,*,#2494,.F.);
#1029=ORIENTED_EDGE('',*,*,#2604,.F.);
#1030=ORIENTED_EDGE('',*,*,#2605,.F.);
#1031=ORIENTED_EDGE('',*,*,#2455,.F.);
#1032=ORIENTED_EDGE('',*,*,#2606,.F.);
#1033=ORIENTED_EDGE('',*,*,#2607,.F.);
#1034=ORIENTED_EDGE('',*,*,#2608,.F.);
#1035=ORIENTED_EDGE('',*,*,#2609,.F.);
#1036=ORIENTED_EDGE('',*,*,#2610,.F.);
#1037=ORIENTED_EDGE('',*,*,#2453,.F.);
#1038=ORIENTED_EDGE('',*,*,#2509,.T.);
#1039=ORIENTED_EDGE('',*,*,#2611,.T.);
#1040=ORIENTED_EDGE('',*,*,#2497,.F.);
#1041=ORIENTED_EDGE('',*,*,#2605,.T.);
#1042=ORIENTED_EDGE('',*,*,#2612,.T.);
#1043=ORIENTED_EDGE('',*,*,#2507,.T.);
#1044=ORIENTED_EDGE('',*,*,#2566,.F.);
#1045=ORIENTED_EDGE('',*,*,#2456,.T.);
#1046=ORIENTED_EDGE('',*,*,#2458,.F.);
#1047=ORIENTED_EDGE('',*,*,#2565,.T.);
#1048=ORIENTED_EDGE('',*,*,#2505,.F.);
#1049=ORIENTED_EDGE('',*,*,#2613,.F.);
#1050=ORIENTED_EDGE('',*,*,#2459,.F.);
#1051=ORIENTED_EDGE('',*,*,#2613,.T.);
#1052=ORIENTED_EDGE('',*,*,#2504,.F.);
#1053=ORIENTED_EDGE('',*,*,#2191,.F.);
#1054=ORIENTED_EDGE('',*,*,#2614,.T.);
#1055=ORIENTED_EDGE('',*,*,#2615,.T.);
#1056=ORIENTED_EDGE('',*,*,#2616,.T.);
#1057=ORIENTED_EDGE('',*,*,#2617,.T.);
#1058=ORIENTED_EDGE('',*,*,#2469,.T.);
#1059=ORIENTED_EDGE('',*,*,#2618,.T.);
#1060=ORIENTED_EDGE('',*,*,#2619,.F.);
#1061=ORIENTED_EDGE('',*,*,#2620,.T.);
#1062=ORIENTED_EDGE('',*,*,#2193,.T.);
#1063=ORIENTED_EDGE('',*,*,#2503,.T.);
#1064=ORIENTED_EDGE('',*,*,#2442,.F.);
#1065=ORIENTED_EDGE('',*,*,#2471,.T.);
#1066=ORIENTED_EDGE('',*,*,#2621,.T.);
#1067=ORIENTED_EDGE('',*,*,#2622,.T.);
#1068=ORIENTED_EDGE('',*,*,#2623,.T.);
#1069=ORIENTED_EDGE('',*,*,#2498,.T.);
#1070=ORIENTED_EDGE('',*,*,#2611,.F.);
#1071=ORIENTED_EDGE('',*,*,#2508,.F.);
#1072=ORIENTED_EDGE('',*,*,#2604,.T.);
#1073=ORIENTED_EDGE('',*,*,#2493,.F.);
#1074=ORIENTED_EDGE('',*,*,#2612,.F.);
#1075=ORIENTED_EDGE('',*,*,#2595,.T.);
#1076=ORIENTED_EDGE('',*,*,#2485,.T.);
#1077=ORIENTED_EDGE('',*,*,#2569,.F.);
#1078=ORIENTED_EDGE('',*,*,#2624,.F.);
#1079=ORIENTED_EDGE('',*,*,#2596,.T.);
#1080=ORIENTED_EDGE('',*,*,#2624,.T.);
#1081=ORIENTED_EDGE('',*,*,#2244,.F.);
#1082=ORIENTED_EDGE('',*,*,#2625,.F.);
#1083=ORIENTED_EDGE('',*,*,#2625,.T.);
#1084=ORIENTED_EDGE('',*,*,#2583,.T.);
#1085=ORIENTED_EDGE('',*,*,#2487,.F.);
#1086=ORIENTED_EDGE('',*,*,#2597,.F.);
#1087=ORIENTED_EDGE('',*,*,#2594,.T.);
#1088=ORIENTED_EDGE('',*,*,#2626,.T.);
#1089=ORIENTED_EDGE('',*,*,#2490,.F.);
#1090=ORIENTED_EDGE('',*,*,#2482,.F.);
#1091=ORIENTED_EDGE('',*,*,#2311,.T.);
#1092=ORIENTED_EDGE('',*,*,#2587,.T.);
#1093=ORIENTED_EDGE('',*,*,#2627,.F.);
#1094=ORIENTED_EDGE('',*,*,#2592,.F.);
#1095=ORIENTED_EDGE('',*,*,#2593,.T.);
#1096=ORIENTED_EDGE('',*,*,#2627,.T.);
#1097=ORIENTED_EDGE('',*,*,#2248,.F.);
#1098=ORIENTED_EDGE('',*,*,#2626,.F.);
#1099=ORIENTED_EDGE('',*,*,#2628,.F.);
#1100=ORIENTED_EDGE('',*,*,#2629,.T.);
#1101=ORIENTED_EDGE('',*,*,#2585,.T.);
#1102=ORIENTED_EDGE('',*,*,#2416,.F.);
#1103=ORIENTED_EDGE('',*,*,#2250,.F.);
#1104=ORIENTED_EDGE('',*,*,#2586,.T.);
#1105=ORIENTED_EDGE('',*,*,#2629,.F.);
#1106=ORIENTED_EDGE('',*,*,#2584,.T.);
#1107=ORIENTED_EDGE('',*,*,#2478,.F.);
#1108=ORIENTED_EDGE('',*,*,#2461,.F.);
#1109=ORIENTED_EDGE('',*,*,#2599,.T.);
#1110=ORIENTED_EDGE('',*,*,#2630,.F.);
#1111=ORIENTED_EDGE('',*,*,#2631,.T.);
#1112=ORIENTED_EDGE('',*,*,#2581,.T.);
#1113=ORIENTED_EDGE('',*,*,#2450,.F.);
#1114=ORIENTED_EDGE('',*,*,#2477,.F.);
#1115=ORIENTED_EDGE('',*,*,#2582,.T.);
#1116=ORIENTED_EDGE('',*,*,#2631,.F.);
#1117=ORIENTED_EDGE('',*,*,#2580,.T.);
#1118=ORIENTED_EDGE('',*,*,#2242,.F.);
#1119=ORIENTED_EDGE('',*,*,#2463,.F.);
#1120=ORIENTED_EDGE('',*,*,#2598,.T.);
#1121=ORIENTED_EDGE('',*,*,#2632,.F.);
#1122=ORIENTED_EDGE('',*,*,#2607,.T.);
#1123=ORIENTED_EDGE('',*,*,#2633,.T.);
#1124=ORIENTED_EDGE('',*,*,#2609,.T.);
#1125=ORIENTED_EDGE('',*,*,#2633,.F.);
#1126=ORIENTED_EDGE('',*,*,#2606,.T.);
#1127=ORIENTED_EDGE('',*,*,#2454,.F.);
#1128=ORIENTED_EDGE('',*,*,#2610,.T.);
#1129=ORIENTED_EDGE('',*,*,#2617,.F.);
#1130=ORIENTED_EDGE('',*,*,#2634,.F.);
#1131=ORIENTED_EDGE('',*,*,#2621,.F.);
#1132=ORIENTED_EDGE('',*,*,#2470,.F.);
#1133=ORIENTED_EDGE('',*,*,#2635,.F.);
#1134=ORIENTED_EDGE('',*,*,#2622,.F.);
#1135=ORIENTED_EDGE('',*,*,#2634,.T.);
#1136=ORIENTED_EDGE('',*,*,#2616,.F.);
#1137=ORIENTED_EDGE('',*,*,#2428,.T.);
#1138=ORIENTED_EDGE('',*,*,#2536,.F.);
#1139=ORIENTED_EDGE('',*,*,#2172,.F.);
#1140=ORIENTED_EDGE('',*,*,#2451,.F.);
#1141=ORIENTED_EDGE('',*,*,#2636,.F.);
#1142=ORIENTED_EDGE('',*,*,#2614,.F.);
#1143=ORIENTED_EDGE('',*,*,#2534,.T.);
#1144=ORIENTED_EDGE('',*,*,#2608,.T.);
#1145=ORIENTED_EDGE('',*,*,#2632,.T.);
#1146=ORIENTED_EDGE('',*,*,#2636,.T.);
#1147=ORIENTED_EDGE('',*,*,#2623,.F.);
#1148=ORIENTED_EDGE('',*,*,#2635,.T.);
#1149=ORIENTED_EDGE('',*,*,#2615,.F.);
#1150=ORIENTED_EDGE('',*,*,#2535,.T.);
#1151=ORIENTED_EDGE('',*,*,#2630,.T.);
#1152=ORIENTED_EDGE('',*,*,#2533,.T.);
#1153=ORIENTED_EDGE('',*,*,#2628,.T.);
#1154=ORIENTED_EDGE('',*,*,#2475,.F.);
#1155=ORIENTED_EDGE('',*,*,#2637,.F.);
#1156=ORIENTED_EDGE('',*,*,#2618,.F.);
#1157=ORIENTED_EDGE('',*,*,#2638,.T.);
#1158=ORIENTED_EDGE('',*,*,#2639,.T.);
#1159=ORIENTED_EDGE('',*,*,#2640,.F.);
#1160=ORIENTED_EDGE('',*,*,#2641,.T.);
#1161=ORIENTED_EDGE('',*,*,#2474,.T.);
#1162=ORIENTED_EDGE('',*,*,#2642,.T.);
#1163=ORIENTED_EDGE('',*,*,#2638,.F.);
#1164=ORIENTED_EDGE('',*,*,#2643,.T.);
#1165=ORIENTED_EDGE('',*,*,#2619,.T.);
#1166=ORIENTED_EDGE('',*,*,#2637,.T.);
#1167=ORIENTED_EDGE('',*,*,#2640,.T.);
#1168=ORIENTED_EDGE('',*,*,#2644,.T.);
#1169=ORIENTED_EDGE('',*,*,#2513,.F.);
#1170=ORIENTED_EDGE('',*,*,#2645,.T.);
#1171=ORIENTED_EDGE('',*,*,#2473,.F.);
#1172=ORIENTED_EDGE('',*,*,#2156,.F.);
#1173=ORIENTED_EDGE('',*,*,#2646,.F.);
#1174=ORIENTED_EDGE('',*,*,#2642,.F.);
#1175=ORIENTED_EDGE('',*,*,#2646,.T.);
#1176=ORIENTED_EDGE('',*,*,#2155,.F.);
#1177=ORIENTED_EDGE('',*,*,#2647,.F.);
#1178=ORIENTED_EDGE('',*,*,#2639,.F.);
#1179=ORIENTED_EDGE('',*,*,#2647,.T.);
#1180=ORIENTED_EDGE('',*,*,#2154,.F.);
#1181=ORIENTED_EDGE('',*,*,#2514,.F.);
#1182=ORIENTED_EDGE('',*,*,#2644,.F.);
#1183=ORIENTED_EDGE('',*,*,#2512,.F.);
#1184=ORIENTED_EDGE('',*,*,#2196,.F.);
#1185=ORIENTED_EDGE('',*,*,#2648,.F.);
#1186=ORIENTED_EDGE('',*,*,#2645,.F.);
#1187=ORIENTED_EDGE('',*,*,#2648,.T.);
#1188=ORIENTED_EDGE('',*,*,#2195,.F.);
#1189=ORIENTED_EDGE('',*,*,#2649,.F.);
#1190=ORIENTED_EDGE('',*,*,#2641,.F.);
#1191=ORIENTED_EDGE('',*,*,#2649,.T.);
#1192=ORIENTED_EDGE('',*,*,#2194,.F.);
#1193=ORIENTED_EDGE('',*,*,#2620,.F.);
#1194=ORIENTED_EDGE('',*,*,#2643,.F.);
#1195=ORIENTED_EDGE('',*,*,#2650,.F.);
#1196=ORIENTED_EDGE('',*,*,#2651,.F.);
#1197=ORIENTED_EDGE('',*,*,#2652,.T.);
#1198=ORIENTED_EDGE('',*,*,#2653,.T.);
#1199=ORIENTED_EDGE('',*,*,#2654,.F.);
#1200=ORIENTED_EDGE('',*,*,#2653,.F.);
#1201=ORIENTED_EDGE('',*,*,#2655,.T.);
#1202=ORIENTED_EDGE('',*,*,#2208,.T.);
#1203=ORIENTED_EDGE('',*,*,#2656,.T.);
#1204=ORIENTED_EDGE('',*,*,#2317,.F.);
#1205=ORIENTED_EDGE('',*,*,#2657,.F.);
#1206=ORIENTED_EDGE('',*,*,#2651,.T.);
#1207=ORIENTED_EDGE('',*,*,#2658,.F.);
#1208=ORIENTED_EDGE('',*,*,#2659,.T.);
#1209=ORIENTED_EDGE('',*,*,#2652,.F.);
#1210=ORIENTED_EDGE('',*,*,#2657,.T.);
#1211=ORIENTED_EDGE('',*,*,#2316,.F.);
#1212=ORIENTED_EDGE('',*,*,#2209,.F.);
#1213=ORIENTED_EDGE('',*,*,#2655,.F.);
#1214=ORIENTED_EDGE('',*,*,#2658,.T.);
#1215=ORIENTED_EDGE('',*,*,#2650,.T.);
#1216=ORIENTED_EDGE('',*,*,#2654,.T.);
#1217=ORIENTED_EDGE('',*,*,#2207,.T.);
#1218=ORIENTED_EDGE('',*,*,#2559,.T.);
#1219=ORIENTED_EDGE('',*,*,#2656,.F.);
#1220=ORIENTED_EDGE('',*,*,#2659,.F.);
#1221=ORIENTED_EDGE('',*,*,#2660,.F.);
#1222=ORIENTED_EDGE('',*,*,#2398,.T.);
#1223=ORIENTED_EDGE('',*,*,#2661,.T.);
#1224=ORIENTED_EDGE('',*,*,#2662,.T.);
#1225=ORIENTED_EDGE('',*,*,#2663,.F.);
#1226=ORIENTED_EDGE('',*,*,#2662,.F.);
#1227=ORIENTED_EDGE('',*,*,#2664,.T.);
#1228=ORIENTED_EDGE('',*,*,#2437,.T.);
#1229=ORIENTED_EDGE('',*,*,#2396,.F.);
#1230=ORIENTED_EDGE('',*,*,#2665,.F.);
#1231=ORIENTED_EDGE('',*,*,#2666,.T.);
#1232=ORIENTED_EDGE('',*,*,#2395,.F.);
#1233=ORIENTED_EDGE('',*,*,#2438,.T.);
#1234=ORIENTED_EDGE('',*,*,#2664,.F.);
#1235=ORIENTED_EDGE('',*,*,#2661,.F.);
#1236=ORIENTED_EDGE('',*,*,#2397,.F.);
#1237=ORIENTED_EDGE('',*,*,#2665,.T.);
#1238=ORIENTED_EDGE('',*,*,#2436,.F.);
#1239=ORIENTED_EDGE('',*,*,#2560,.T.);
#1240=ORIENTED_EDGE('',*,*,#2660,.T.);
#1241=ORIENTED_EDGE('',*,*,#2663,.T.);
#1242=ORIENTED_EDGE('',*,*,#2666,.F.);
#1243=ORIENTED_EDGE('',*,*,#2667,.T.);
#1244=ORIENTED_EDGE('',*,*,#2668,.T.);
#1245=ORIENTED_EDGE('',*,*,#2669,.F.);
#1246=ORIENTED_EDGE('',*,*,#2327,.T.);
#1247=ORIENTED_EDGE('',*,*,#2669,.T.);
#1248=ORIENTED_EDGE('',*,*,#2670,.T.);
#1249=ORIENTED_EDGE('',*,*,#2384,.T.);
#1250=ORIENTED_EDGE('',*,*,#2671,.F.);
#1251=ORIENTED_EDGE('',*,*,#2328,.F.);
#1252=ORIENTED_EDGE('',*,*,#2366,.T.);
#1253=ORIENTED_EDGE('',*,*,#2546,.F.);
#1254=ORIENTED_EDGE('',*,*,#2672,.T.);
#1255=ORIENTED_EDGE('',*,*,#2281,.F.);
#1256=ORIENTED_EDGE('',*,*,#2329,.F.);
#1257=ORIENTED_EDGE('',*,*,#2671,.T.);
#1258=ORIENTED_EDGE('',*,*,#2383,.T.);
#1259=ORIENTED_EDGE('',*,*,#2387,.F.);
#1260=ORIENTED_EDGE('',*,*,#2673,.T.);
#1261=ORIENTED_EDGE('',*,*,#2674,.F.);
#1262=ORIENTED_EDGE('',*,*,#2325,.T.);
#1263=ORIENTED_EDGE('',*,*,#2283,.T.);
#1264=ORIENTED_EDGE('',*,*,#2675,.T.);
#1265=ORIENTED_EDGE('',*,*,#2544,.F.);
#1266=ORIENTED_EDGE('',*,*,#2362,.F.);
#1267=ORIENTED_EDGE('',*,*,#2674,.T.);
#1268=ORIENTED_EDGE('',*,*,#2676,.T.);
#1269=ORIENTED_EDGE('',*,*,#2667,.F.);
#1270=ORIENTED_EDGE('',*,*,#2326,.T.);
#1271=ORIENTED_EDGE('',*,*,#2324,.F.);
#1272=ORIENTED_EDGE('',*,*,#2677,.F.);
#1273=ORIENTED_EDGE('',*,*,#2352,.F.);
#1274=ORIENTED_EDGE('',*,*,#2678,.T.);
#1275=ORIENTED_EDGE('',*,*,#2679,.T.);
#1276=ORIENTED_EDGE('',*,*,#2388,.T.);
#1277=ORIENTED_EDGE('',*,*,#2360,.T.);
#1278=ORIENTED_EDGE('',*,*,#2543,.F.);
#1279=ORIENTED_EDGE('',*,*,#2680,.T.);
#1280=ORIENTED_EDGE('',*,*,#2285,.F.);
#1281=ORIENTED_EDGE('',*,*,#2681,.T.);
#1282=ORIENTED_EDGE('',*,*,#2682,.T.);
#1283=ORIENTED_EDGE('',*,*,#2683,.F.);
#1284=ORIENTED_EDGE('',*,*,#2343,.T.);
#1285=ORIENTED_EDGE('',*,*,#2287,.T.);
#1286=ORIENTED_EDGE('',*,*,#2684,.T.);
#1287=ORIENTED_EDGE('',*,*,#2685,.T.);
#1288=ORIENTED_EDGE('',*,*,#2686,.T.);
#1289=ORIENTED_EDGE('',*,*,#2687,.T.);
#1290=ORIENTED_EDGE('',*,*,#2350,.T.);
#1291=ORIENTED_EDGE('',*,*,#2688,.F.);
#1292=ORIENTED_EDGE('',*,*,#2574,.F.);
#1293=ORIENTED_EDGE('',*,*,#2689,.T.);
#1294=ORIENTED_EDGE('',*,*,#2690,.T.);
#1295=ORIENTED_EDGE('',*,*,#2691,.F.);
#1296=ORIENTED_EDGE('',*,*,#2331,.T.);
#1297=ORIENTED_EDGE('',*,*,#2691,.T.);
#1298=ORIENTED_EDGE('',*,*,#2692,.T.);
#1299=ORIENTED_EDGE('',*,*,#2693,.F.);
#1300=ORIENTED_EDGE('',*,*,#2332,.F.);
#1301=ORIENTED_EDGE('',*,*,#2693,.T.);
#1302=ORIENTED_EDGE('',*,*,#2694,.T.);
#1303=ORIENTED_EDGE('',*,*,#2695,.F.);
#1304=ORIENTED_EDGE('',*,*,#2333,.T.);
#1305=ORIENTED_EDGE('',*,*,#2695,.T.);
#1306=ORIENTED_EDGE('',*,*,#2696,.T.);
#1307=ORIENTED_EDGE('',*,*,#2697,.F.);
#1308=ORIENTED_EDGE('',*,*,#2334,.F.);
#1309=ORIENTED_EDGE('',*,*,#2697,.T.);
#1310=ORIENTED_EDGE('',*,*,#2698,.T.);
#1311=ORIENTED_EDGE('',*,*,#2699,.F.);
#1312=ORIENTED_EDGE('',*,*,#2335,.T.);
#1313=ORIENTED_EDGE('',*,*,#2699,.T.);
#1314=ORIENTED_EDGE('',*,*,#2700,.T.);
#1315=ORIENTED_EDGE('',*,*,#2701,.F.);
#1316=ORIENTED_EDGE('',*,*,#2336,.T.);
#1317=ORIENTED_EDGE('',*,*,#2701,.T.);
#1318=ORIENTED_EDGE('',*,*,#2702,.T.);
#1319=ORIENTED_EDGE('',*,*,#2703,.F.);
#1320=ORIENTED_EDGE('',*,*,#2337,.F.);
#1321=ORIENTED_EDGE('',*,*,#2703,.T.);
#1322=ORIENTED_EDGE('',*,*,#2704,.T.);
#1323=ORIENTED_EDGE('',*,*,#2705,.T.);
#1324=ORIENTED_EDGE('',*,*,#2706,.T.);
#1325=ORIENTED_EDGE('',*,*,#2277,.F.);
#1326=ORIENTED_EDGE('',*,*,#2367,.T.);
#1327=ORIENTED_EDGE('',*,*,#2688,.T.);
#1328=ORIENTED_EDGE('',*,*,#2338,.T.);
#1329=ORIENTED_EDGE('',*,*,#2707,.T.);
#1330=ORIENTED_EDGE('',*,*,#2708,.T.);
#1331=ORIENTED_EDGE('',*,*,#2709,.T.);
#1332=ORIENTED_EDGE('',*,*,#2689,.F.);
#1333=ORIENTED_EDGE('',*,*,#2330,.T.);
#1334=ORIENTED_EDGE('',*,*,#2279,.T.);
#1335=ORIENTED_EDGE('',*,*,#2687,.F.);
#1336=ORIENTED_EDGE('',*,*,#2710,.T.);
#1337=ORIENTED_EDGE('',*,*,#2678,.F.);
#1338=ORIENTED_EDGE('',*,*,#2351,.F.);
#1339=ORIENTED_EDGE('',*,*,#2680,.F.);
#1340=ORIENTED_EDGE('',*,*,#2542,.F.);
#1341=ORIENTED_EDGE('',*,*,#2711,.T.);
#1342=ORIENTED_EDGE('',*,*,#2712,.T.);
#1343=ORIENTED_EDGE('',*,*,#2684,.F.);
#1344=ORIENTED_EDGE('',*,*,#2286,.F.);
#1345=ORIENTED_EDGE('',*,*,#2672,.F.);
#1346=ORIENTED_EDGE('',*,*,#2545,.F.);
#1347=ORIENTED_EDGE('',*,*,#2675,.F.);
#1348=ORIENTED_EDGE('',*,*,#2282,.F.);
#1349=ORIENTED_EDGE('',*,*,#2713,.T.);
#1350=ORIENTED_EDGE('',*,*,#2714,.T.);
#1351=ORIENTED_EDGE('',*,*,#2548,.F.);
#1352=ORIENTED_EDGE('',*,*,#2715,.T.);
#1353=ORIENTED_EDGE('',*,*,#2716,.T.);
#1354=ORIENTED_EDGE('',*,*,#2707,.F.);
#1355=ORIENTED_EDGE('',*,*,#2278,.F.);
#1356=ORIENTED_EDGE('',*,*,#2706,.F.);
#1357=ORIENTED_EDGE('',*,*,#2679,.F.);
#1358=ORIENTED_EDGE('',*,*,#2710,.F.);
#1359=ORIENTED_EDGE('',*,*,#2717,.F.);
#1360=ORIENTED_EDGE('',*,*,#2389,.F.);
#1361=ORIENTED_EDGE('',*,*,#2718,.F.);
#1362=ORIENTED_EDGE('',*,*,#2390,.F.);
#1363=ORIENTED_EDGE('',*,*,#2717,.T.);
#1364=ORIENTED_EDGE('',*,*,#2686,.F.);
#1365=ORIENTED_EDGE('',*,*,#2711,.F.);
#1366=ORIENTED_EDGE('',*,*,#2541,.F.);
#1367=ORIENTED_EDGE('',*,*,#2719,.F.);
#1368=ORIENTED_EDGE('',*,*,#2719,.T.);
#1369=ORIENTED_EDGE('',*,*,#2356,.F.);
#1370=ORIENTED_EDGE('',*,*,#2720,.F.);
#1371=ORIENTED_EDGE('',*,*,#2681,.F.);
#1372=ORIENTED_EDGE('',*,*,#2712,.F.);
#1373=ORIENTED_EDGE('',*,*,#2721,.F.);
#1374=ORIENTED_EDGE('',*,*,#2682,.F.);
#1375=ORIENTED_EDGE('',*,*,#2720,.T.);
#1376=ORIENTED_EDGE('',*,*,#2345,.F.);
#1377=ORIENTED_EDGE('',*,*,#2549,.F.);
#1378=ORIENTED_EDGE('',*,*,#2714,.F.);
#1379=ORIENTED_EDGE('',*,*,#2722,.F.);
#1380=ORIENTED_EDGE('',*,*,#2713,.F.);
#1381=ORIENTED_EDGE('',*,*,#2705,.F.);
#1382=ORIENTED_EDGE('',*,*,#2723,.F.);
#1383=ORIENTED_EDGE('',*,*,#2370,.F.);
#1384=ORIENTED_EDGE('',*,*,#2722,.T.);
#1385=ORIENTED_EDGE('',*,*,#2723,.T.);
#1386=ORIENTED_EDGE('',*,*,#2704,.F.);
#1387=ORIENTED_EDGE('',*,*,#2724,.F.);
#1388=ORIENTED_EDGE('',*,*,#2374,.F.);
#1389=ORIENTED_EDGE('',*,*,#2724,.T.);
#1390=ORIENTED_EDGE('',*,*,#2702,.F.);
#1391=ORIENTED_EDGE('',*,*,#2725,.F.);
#1392=ORIENTED_EDGE('',*,*,#2375,.F.);
#1393=ORIENTED_EDGE('',*,*,#2725,.T.);
#1394=ORIENTED_EDGE('',*,*,#2700,.F.);
#1395=ORIENTED_EDGE('',*,*,#2726,.F.);
#1396=ORIENTED_EDGE('',*,*,#2376,.F.);
#1397=ORIENTED_EDGE('',*,*,#2726,.T.);
#1398=ORIENTED_EDGE('',*,*,#2698,.F.);
#1399=ORIENTED_EDGE('',*,*,#2727,.F.);
#1400=ORIENTED_EDGE('',*,*,#2377,.F.);
#1401=ORIENTED_EDGE('',*,*,#2727,.T.);
#1402=ORIENTED_EDGE('',*,*,#2696,.F.);
#1403=ORIENTED_EDGE('',*,*,#2728,.F.);
#1404=ORIENTED_EDGE('',*,*,#2378,.F.);
#1405=ORIENTED_EDGE('',*,*,#2728,.T.);
#1406=ORIENTED_EDGE('',*,*,#2694,.F.);
#1407=ORIENTED_EDGE('',*,*,#2729,.F.);
#1408=ORIENTED_EDGE('',*,*,#2379,.F.);
#1409=ORIENTED_EDGE('',*,*,#2729,.T.);
#1410=ORIENTED_EDGE('',*,*,#2692,.F.);
#1411=ORIENTED_EDGE('',*,*,#2730,.F.);
#1412=ORIENTED_EDGE('',*,*,#2380,.F.);
#1413=ORIENTED_EDGE('',*,*,#2730,.T.);
#1414=ORIENTED_EDGE('',*,*,#2690,.F.);
#1415=ORIENTED_EDGE('',*,*,#2731,.F.);
#1416=ORIENTED_EDGE('',*,*,#2381,.F.);
#1417=ORIENTED_EDGE('',*,*,#2731,.T.);
#1418=ORIENTED_EDGE('',*,*,#2709,.F.);
#1419=ORIENTED_EDGE('',*,*,#2732,.F.);
#1420=ORIENTED_EDGE('',*,*,#2382,.F.);
#1421=ORIENTED_EDGE('',*,*,#2733,.F.);
#1422=ORIENTED_EDGE('',*,*,#2364,.F.);
#1423=ORIENTED_EDGE('',*,*,#2732,.T.);
#1424=ORIENTED_EDGE('',*,*,#2708,.F.);
#1425=ORIENTED_EDGE('',*,*,#2716,.F.);
#1426=ORIENTED_EDGE('',*,*,#2547,.F.);
#1427=ORIENTED_EDGE('',*,*,#2733,.T.);
#1428=ORIENTED_EDGE('',*,*,#2715,.F.);
#1429=ORIENTED_EDGE('',*,*,#2670,.F.);
#1430=ORIENTED_EDGE('',*,*,#2668,.F.);
#1431=ORIENTED_EDGE('',*,*,#2734,.F.);
#1432=ORIENTED_EDGE('',*,*,#2385,.F.);
#1433=ORIENTED_EDGE('',*,*,#2734,.T.);
#1434=ORIENTED_EDGE('',*,*,#2676,.F.);
#1435=ORIENTED_EDGE('',*,*,#2673,.F.);
#1436=ORIENTED_EDGE('',*,*,#2386,.F.);
#1437=ORIENTED_EDGE('',*,*,#2323,.F.);
#1438=ORIENTED_EDGE('',*,*,#2735,.T.);
#1439=ORIENTED_EDGE('',*,*,#2353,.T.);
#1440=ORIENTED_EDGE('',*,*,#2677,.T.);
#1441=ORIENTED_EDGE('',*,*,#2320,.F.);
#1442=ORIENTED_EDGE('',*,*,#2736,.T.);
#1443=ORIENTED_EDGE('',*,*,#2348,.F.);
#1444=ORIENTED_EDGE('',*,*,#2737,.F.);
#1445=ORIENTED_EDGE('',*,*,#2737,.T.);
#1446=ORIENTED_EDGE('',*,*,#2355,.F.);
#1447=ORIENTED_EDGE('',*,*,#2738,.F.);
#1448=ORIENTED_EDGE('',*,*,#2321,.F.);
#1449=ORIENTED_EDGE('',*,*,#2738,.T.);
#1450=ORIENTED_EDGE('',*,*,#2354,.F.);
#1451=ORIENTED_EDGE('',*,*,#2735,.F.);
#1452=ORIENTED_EDGE('',*,*,#2322,.F.);
#1453=ORIENTED_EDGE('',*,*,#2349,.F.);
#1454=ORIENTED_EDGE('',*,*,#2736,.F.);
#1455=ORIENTED_EDGE('',*,*,#2319,.T.);
#1456=ORIENTED_EDGE('',*,*,#2558,.T.);
#1457=ORIENTED_EDGE('',*,*,#2551,.T.);
#1458=ORIENTED_EDGE('',*,*,#2557,.T.);
#1459=ORIENTED_EDGE('',*,*,#2372,.T.);
#1460=ORIENTED_EDGE('',*,*,#2718,.T.);
#1461=ORIENTED_EDGE('',*,*,#2685,.F.);
#1462=ORIENTED_EDGE('',*,*,#2683,.T.);
#1463=ORIENTED_EDGE('',*,*,#2721,.T.);
#1464=ORIENTED_EDGE('',*,*,#2344,.T.);
#1465=ORIENTED_EDGE('',*,*,#2421,.F.);
#1466=ORIENTED_EDGE('',*,*,#2340,.T.);
#1467=ORIENTED_EDGE('',*,*,#2315,.T.);
#1468=ORIENTED_EDGE('',*,*,#2739,.T.);
#1469=ORIENTED_EDGE('',*,*,#2589,.F.);
#1470=ORIENTED_EDGE('',*,*,#2188,.T.);
#1471=ORIENTED_EDGE('',*,*,#2591,.F.);
#1472=ORIENTED_EDGE('',*,*,#2740,.T.);
#1473=ORIENTED_EDGE('',*,*,#2313,.T.);
#1474=ORIENTED_EDGE('',*,*,#2741,.F.);
#1475=ORIENTED_EDGE('',*,*,#2309,.F.);
#1476=ORIENTED_EDGE('',*,*,#2419,.F.);
#1477=ORIENTED_EDGE('',*,*,#2588,.T.);
#1478=ORIENTED_EDGE('',*,*,#2741,.T.);
#1479=ORIENTED_EDGE('',*,*,#2312,.F.);
#1480=ORIENTED_EDGE('',*,*,#2305,.F.);
#1481=ORIENTED_EDGE('',*,*,#2742,.F.);
#1482=ORIENTED_EDGE('',*,*,#2179,.F.);
#1483=ORIENTED_EDGE('',*,*,#2743,.T.);
#1484=ORIENTED_EDGE('',*,*,#2742,.T.);
#1485=ORIENTED_EDGE('',*,*,#2304,.T.);
#1486=ORIENTED_EDGE('',*,*,#2302,.F.);
#1487=ORIENTED_EDGE('',*,*,#2180,.F.);
#1488=ORIENTED_EDGE('',*,*,#2744,.T.);
#1489=ORIENTED_EDGE('',*,*,#2414,.T.);
#1490=ORIENTED_EDGE('',*,*,#2743,.F.);
#1491=ORIENTED_EDGE('',*,*,#2178,.F.);
#1492=ORIENTED_EDGE('',*,*,#2183,.T.);
#1493=ORIENTED_EDGE('',*,*,#2252,.T.);
#1494=ORIENTED_EDGE('',*,*,#2415,.F.);
#1495=ORIENTED_EDGE('',*,*,#2744,.F.);
#1496=ORIENTED_EDGE('',*,*,#2590,.F.);
#1497=ORIENTED_EDGE('',*,*,#2739,.F.);
#1498=ORIENTED_EDGE('',*,*,#2314,.F.);
#1499=ORIENTED_EDGE('',*,*,#2740,.F.);
#1500=ORIENTED_EDGE('',*,*,#2745,.T.);
#1501=ORIENTED_EDGE('',*,*,#2746,.T.);
#1502=ORIENTED_EDGE('',*,*,#2747,.F.);
#1503=ORIENTED_EDGE('',*,*,#2748,.T.);
#1504=ORIENTED_EDGE('',*,*,#2747,.T.);
#1505=ORIENTED_EDGE('',*,*,#2749,.T.);
#1506=ORIENTED_EDGE('',*,*,#2750,.F.);
#1507=ORIENTED_EDGE('',*,*,#2751,.T.);
#1508=ORIENTED_EDGE('',*,*,#2291,.T.);
#1509=ORIENTED_EDGE('',*,*,#2752,.T.);
#1510=ORIENTED_EDGE('',*,*,#2753,.T.);
#1511=ORIENTED_EDGE('',*,*,#2754,.T.);
#1512=ORIENTED_EDGE('',*,*,#2755,.T.);
#1513=ORIENTED_EDGE('',*,*,#2756,.T.);
#1514=ORIENTED_EDGE('',*,*,#2750,.T.);
#1515=ORIENTED_EDGE('',*,*,#2757,.T.);
#1516=ORIENTED_EDGE('',*,*,#2753,.F.);
#1517=ORIENTED_EDGE('',*,*,#2758,.T.);
#1518=ORIENTED_EDGE('',*,*,#2759,.T.);
#1519=ORIENTED_EDGE('',*,*,#2760,.T.);
#1520=ORIENTED_EDGE('',*,*,#2761,.T.);
#1521=ORIENTED_EDGE('',*,*,#2762,.T.);
#1522=ORIENTED_EDGE('',*,*,#2763,.T.);
#1523=ORIENTED_EDGE('',*,*,#2764,.T.);
#1524=ORIENTED_EDGE('',*,*,#2765,.T.);
#1525=ORIENTED_EDGE('',*,*,#2766,.T.);
#1526=ORIENTED_EDGE('',*,*,#2767,.T.);
#1527=ORIENTED_EDGE('',*,*,#2768,.T.);
#1528=ORIENTED_EDGE('',*,*,#2769,.T.);
#1529=ORIENTED_EDGE('',*,*,#2770,.T.);
#1530=ORIENTED_EDGE('',*,*,#2771,.F.);
#1531=ORIENTED_EDGE('',*,*,#2772,.T.);
#1532=ORIENTED_EDGE('',*,*,#2773,.T.);
#1533=ORIENTED_EDGE('',*,*,#2774,.T.);
#1534=ORIENTED_EDGE('',*,*,#2771,.T.);
#1535=ORIENTED_EDGE('',*,*,#2775,.T.);
#1536=ORIENTED_EDGE('',*,*,#2764,.F.);
#1537=ORIENTED_EDGE('',*,*,#2776,.T.);
#1538=ORIENTED_EDGE('',*,*,#2769,.F.);
#1539=ORIENTED_EDGE('',*,*,#2777,.T.);
#1540=ORIENTED_EDGE('',*,*,#2219,.F.);
#1541=ORIENTED_EDGE('',*,*,#2240,.F.);
#1542=ORIENTED_EDGE('',*,*,#2778,.T.);
#1543=ORIENTED_EDGE('',*,*,#2779,.T.);
#1544=ORIENTED_EDGE('',*,*,#2780,.T.);
#1545=ORIENTED_EDGE('',*,*,#2781,.T.);
#1546=ORIENTED_EDGE('',*,*,#2782,.T.);
#1547=ORIENTED_EDGE('',*,*,#2783,.T.);
#1548=ORIENTED_EDGE('',*,*,#2784,.T.);
#1549=ORIENTED_EDGE('',*,*,#2229,.T.);
#1550=ORIENTED_EDGE('',*,*,#2785,.T.);
#1551=ORIENTED_EDGE('',*,*,#2786,.F.);
#1552=ORIENTED_EDGE('',*,*,#2787,.T.);
#1553=ORIENTED_EDGE('',*,*,#2788,.T.);
#1554=ORIENTED_EDGE('',*,*,#2789,.T.);
#1555=ORIENTED_EDGE('',*,*,#2786,.T.);
#1556=ORIENTED_EDGE('',*,*,#2790,.T.);
#1557=ORIENTED_EDGE('',*,*,#2782,.F.);
#1558=ORIENTED_EDGE('',*,*,#2791,.T.);
#1559=ORIENTED_EDGE('',*,*,#2792,.F.);
#1560=ORIENTED_EDGE('',*,*,#2232,.F.);
#1561=ORIENTED_EDGE('',*,*,#2793,.T.);
#1562=ORIENTED_EDGE('',*,*,#2792,.T.);
#1563=ORIENTED_EDGE('',*,*,#2794,.T.);
#1564=ORIENTED_EDGE('',*,*,#2795,.T.);
#1565=ORIENTED_EDGE('',*,*,#2233,.T.);
#1566=ORIENTED_EDGE('',*,*,#2796,.F.);
#1567=ORIENTED_EDGE('',*,*,#2797,.T.);
#1568=ORIENTED_EDGE('',*,*,#2798,.T.);
#1569=ORIENTED_EDGE('',*,*,#2799,.T.);
#1570=ORIENTED_EDGE('',*,*,#2258,.T.);
#1571=ORIENTED_EDGE('',*,*,#2800,.T.);
#1572=ORIENTED_EDGE('',*,*,#2801,.T.);
#1573=ORIENTED_EDGE('',*,*,#2802,.T.);
#1574=ORIENTED_EDGE('',*,*,#2796,.T.);
#1575=ORIENTED_EDGE('',*,*,#2803,.T.);
#1576=ORIENTED_EDGE('',*,*,#2804,.F.);
#1577=ORIENTED_EDGE('',*,*,#2805,.T.);
#1578=ORIENTED_EDGE('',*,*,#2299,.F.);
#1579=ORIENTED_EDGE('',*,*,#2806,.T.);
#1580=ORIENTED_EDGE('',*,*,#2807,.T.);
#1581=ORIENTED_EDGE('',*,*,#2804,.T.);
#1582=ORIENTED_EDGE('',*,*,#2808,.T.);
#1583=ORIENTED_EDGE('',*,*,#2801,.F.);
#1584=ORIENTED_EDGE('',*,*,#2809,.T.);
#1585=ORIENTED_EDGE('',*,*,#2810,.T.);
#1586=ORIENTED_EDGE('',*,*,#2811,.T.);
#1587=ORIENTED_EDGE('',*,*,#2812,.F.);
#1588=ORIENTED_EDGE('',*,*,#2813,.T.);
#1589=ORIENTED_EDGE('',*,*,#2814,.T.);
#1590=ORIENTED_EDGE('',*,*,#2815,.T.);
#1591=ORIENTED_EDGE('',*,*,#2260,.T.);
#1592=ORIENTED_EDGE('',*,*,#2816,.T.);
#1593=ORIENTED_EDGE('',*,*,#2817,.T.);
#1594=ORIENTED_EDGE('',*,*,#2818,.T.);
#1595=ORIENTED_EDGE('',*,*,#2812,.T.);
#1596=ORIENTED_EDGE('',*,*,#2819,.T.);
#1597=ORIENTED_EDGE('',*,*,#2820,.F.);
#1598=ORIENTED_EDGE('',*,*,#2821,.T.);
#1599=ORIENTED_EDGE('',*,*,#2822,.T.);
#1600=ORIENTED_EDGE('',*,*,#2823,.T.);
#1601=ORIENTED_EDGE('',*,*,#2820,.T.);
#1602=ORIENTED_EDGE('',*,*,#2824,.T.);
#1603=ORIENTED_EDGE('',*,*,#2817,.F.);
#1604=ORIENTED_EDGE('',*,*,#2825,.T.);
#1605=ORIENTED_EDGE('',*,*,#2826,.T.);
#1606=ORIENTED_EDGE('',*,*,#2827,.T.);
#1607=ORIENTED_EDGE('',*,*,#2828,.F.);
#1608=ORIENTED_EDGE('',*,*,#2829,.T.);
#1609=ORIENTED_EDGE('',*,*,#2830,.T.);
#1610=ORIENTED_EDGE('',*,*,#2831,.T.);
#1611=ORIENTED_EDGE('',*,*,#2266,.T.);
#1612=ORIENTED_EDGE('',*,*,#2832,.T.);
#1613=ORIENTED_EDGE('',*,*,#2833,.T.);
#1614=ORIENTED_EDGE('',*,*,#2834,.T.);
#1615=ORIENTED_EDGE('',*,*,#2828,.T.);
#1616=ORIENTED_EDGE('',*,*,#2835,.T.);
#1617=ORIENTED_EDGE('',*,*,#2836,.F.);
#1618=ORIENTED_EDGE('',*,*,#2837,.T.);
#1619=ORIENTED_EDGE('',*,*,#2838,.T.);
#1620=ORIENTED_EDGE('',*,*,#2839,.T.);
#1621=ORIENTED_EDGE('',*,*,#2836,.T.);
#1622=ORIENTED_EDGE('',*,*,#2840,.T.);
#1623=ORIENTED_EDGE('',*,*,#2833,.F.);
#1624=ORIENTED_EDGE('',*,*,#2841,.T.);
#1625=ORIENTED_EDGE('',*,*,#2842,.T.);
#1626=ORIENTED_EDGE('',*,*,#2843,.T.);
#1627=ORIENTED_EDGE('',*,*,#2844,.T.);
#1628=ORIENTED_EDGE('',*,*,#2845,.T.);
#1629=ORIENTED_EDGE('',*,*,#2846,.F.);
#1630=ORIENTED_EDGE('',*,*,#2847,.T.);
#1631=ORIENTED_EDGE('',*,*,#2848,.F.);
#1632=ORIENTED_EDGE('',*,*,#2849,.T.);
#1633=ORIENTED_EDGE('',*,*,#2850,.T.);
#1634=ORIENTED_EDGE('',*,*,#2851,.T.);
#1635=ORIENTED_EDGE('',*,*,#2846,.T.);
#1636=ORIENTED_EDGE('',*,*,#2852,.T.);
#1637=ORIENTED_EDGE('',*,*,#2853,.F.);
#1638=ORIENTED_EDGE('',*,*,#2854,.T.);
#1639=ORIENTED_EDGE('',*,*,#2224,.T.);
#1640=ORIENTED_EDGE('',*,*,#2855,.T.);
#1641=ORIENTED_EDGE('',*,*,#2848,.T.);
#1642=ORIENTED_EDGE('',*,*,#2856,.T.);
#1643=ORIENTED_EDGE('',*,*,#2857,.T.);
#1644=ORIENTED_EDGE('',*,*,#2858,.T.);
#1645=ORIENTED_EDGE('',*,*,#2853,.T.);
#1646=ORIENTED_EDGE('',*,*,#2859,.T.);
#1647=ORIENTED_EDGE('',*,*,#2860,.T.);
#1648=ORIENTED_EDGE('',*,*,#2861,.T.);
#1649=ORIENTED_EDGE('',*,*,#2862,.T.);
#1650=ORIENTED_EDGE('',*,*,#2745,.F.);
#1651=ORIENTED_EDGE('',*,*,#2863,.T.);
#1652=ORIENTED_EDGE('',*,*,#2864,.T.);
#1653=ORIENTED_EDGE('',*,*,#2865,.T.);
#1654=ORIENTED_EDGE('',*,*,#2798,.F.);
#1655=ORIENTED_EDGE('',*,*,#2866,.T.);
#1656=ORIENTED_EDGE('',*,*,#2867,.T.);
#1657=ORIENTED_EDGE('',*,*,#2868,.T.);
#1658=ORIENTED_EDGE('',*,*,#2869,.T.);
#1659=ORIENTED_EDGE('',*,*,#2870,.T.);
#1660=ORIENTED_EDGE('',*,*,#2871,.T.);
#1661=ORIENTED_EDGE('',*,*,#2872,.T.);
#1662=ORIENTED_EDGE('',*,*,#2873,.T.);
#1663=ORIENTED_EDGE('',*,*,#2783,.F.);
#1664=ORIENTED_EDGE('',*,*,#2874,.T.);
#1665=ORIENTED_EDGE('',*,*,#2875,.T.);
#1666=ORIENTED_EDGE('',*,*,#2876,.T.);
#1667=ORIENTED_EDGE('',*,*,#2814,.F.);
#1668=ORIENTED_EDGE('',*,*,#2877,.T.);
#1669=ORIENTED_EDGE('',*,*,#2878,.T.);
#1670=ORIENTED_EDGE('',*,*,#2879,.T.);
#1671=ORIENTED_EDGE('',*,*,#2844,.F.);
#1672=ORIENTED_EDGE('',*,*,#2880,.T.);
#1673=ORIENTED_EDGE('',*,*,#2881,.T.);
#1674=ORIENTED_EDGE('',*,*,#2882,.T.);
#1675=ORIENTED_EDGE('',*,*,#2830,.F.);
#1676=ORIENTED_EDGE('',*,*,#2842,.F.);
#1677=ORIENTED_EDGE('',*,*,#2883,.T.);
#1678=ORIENTED_EDGE('',*,*,#2880,.F.);
#1679=ORIENTED_EDGE('',*,*,#2884,.F.);
#1680=ORIENTED_EDGE('',*,*,#2884,.T.);
#1681=ORIENTED_EDGE('',*,*,#2829,.F.);
#1682=ORIENTED_EDGE('',*,*,#2834,.F.);
#1683=ORIENTED_EDGE('',*,*,#2843,.F.);
#1684=ORIENTED_EDGE('',*,*,#2862,.F.);
#1685=ORIENTED_EDGE('',*,*,#2885,.T.);
#1686=ORIENTED_EDGE('',*,*,#2755,.F.);
#1687=ORIENTED_EDGE('',*,*,#2886,.F.);
#1688=ORIENTED_EDGE('',*,*,#2886,.T.);
#1689=ORIENTED_EDGE('',*,*,#2757,.F.);
#1690=ORIENTED_EDGE('',*,*,#2749,.F.);
#1691=ORIENTED_EDGE('',*,*,#2746,.F.);
#1692=ORIENTED_EDGE('',*,*,#2759,.F.);
#1693=ORIENTED_EDGE('',*,*,#2887,.T.);
#1694=ORIENTED_EDGE('',*,*,#2860,.F.);
#1695=ORIENTED_EDGE('',*,*,#2888,.F.);
#1696=ORIENTED_EDGE('',*,*,#2888,.T.);
#1697=ORIENTED_EDGE('',*,*,#2748,.F.);
#1698=ORIENTED_EDGE('',*,*,#2754,.F.);
#1699=ORIENTED_EDGE('',*,*,#2760,.F.);
#1700=ORIENTED_EDGE('',*,*,#2788,.F.);
#1701=ORIENTED_EDGE('',*,*,#2889,.T.);
#1702=ORIENTED_EDGE('',*,*,#2872,.F.);
#1703=ORIENTED_EDGE('',*,*,#2890,.T.);
#1704=ORIENTED_EDGE('',*,*,#2773,.F.);
#1705=ORIENTED_EDGE('',*,*,#2891,.T.);
#1706=ORIENTED_EDGE('',*,*,#2866,.F.);
#1707=ORIENTED_EDGE('',*,*,#2892,.T.);
#1708=ORIENTED_EDGE('',*,*,#2795,.F.);
#1709=ORIENTED_EDGE('',*,*,#2893,.T.);
#1710=ORIENTED_EDGE('',*,*,#2870,.F.);
#1711=ORIENTED_EDGE('',*,*,#2785,.F.);
#1712=ORIENTED_EDGE('',*,*,#2234,.F.);
#1713=ORIENTED_EDGE('',*,*,#2781,.F.);
#1714=ORIENTED_EDGE('',*,*,#2894,.T.);
#1715=ORIENTED_EDGE('',*,*,#2794,.F.);
#1716=ORIENTED_EDGE('',*,*,#2791,.F.);
#1717=ORIENTED_EDGE('',*,*,#2868,.F.);
#1718=ORIENTED_EDGE('',*,*,#2895,.T.);
#1719=ORIENTED_EDGE('',*,*,#2765,.F.);
#1720=ORIENTED_EDGE('',*,*,#2896,.T.);
#1721=ORIENTED_EDGE('',*,*,#2763,.F.);
#1722=ORIENTED_EDGE('',*,*,#2897,.T.);
#1723=ORIENTED_EDGE('',*,*,#2770,.F.);
#1724=ORIENTED_EDGE('',*,*,#2776,.F.);
#1725=ORIENTED_EDGE('',*,*,#2802,.F.);
#1726=ORIENTED_EDGE('',*,*,#2811,.F.);
#1727=ORIENTED_EDGE('',*,*,#2898,.F.);
#1728=ORIENTED_EDGE('',*,*,#2797,.F.);
#1729=ORIENTED_EDGE('',*,*,#2810,.F.);
#1730=ORIENTED_EDGE('',*,*,#2899,.T.);
#1731=ORIENTED_EDGE('',*,*,#2863,.F.);
#1732=ORIENTED_EDGE('',*,*,#2898,.T.);
#1733=ORIENTED_EDGE('',*,*,#2865,.F.);
#1734=ORIENTED_EDGE('',*,*,#2900,.T.);
#1735=ORIENTED_EDGE('',*,*,#2806,.F.);
#1736=ORIENTED_EDGE('',*,*,#2901,.F.);
#1737=ORIENTED_EDGE('',*,*,#2901,.T.);
#1738=ORIENTED_EDGE('',*,*,#2808,.F.);
#1739=ORIENTED_EDGE('',*,*,#2803,.F.);
#1740=ORIENTED_EDGE('',*,*,#2799,.F.);
#1741=ORIENTED_EDGE('',*,*,#2818,.F.);
#1742=ORIENTED_EDGE('',*,*,#2827,.F.);
#1743=ORIENTED_EDGE('',*,*,#2902,.F.);
#1744=ORIENTED_EDGE('',*,*,#2813,.F.);
#1745=ORIENTED_EDGE('',*,*,#2826,.F.);
#1746=ORIENTED_EDGE('',*,*,#2903,.T.);
#1747=ORIENTED_EDGE('',*,*,#2874,.F.);
#1748=ORIENTED_EDGE('',*,*,#2902,.T.);
#1749=ORIENTED_EDGE('',*,*,#2819,.F.);
#1750=ORIENTED_EDGE('',*,*,#2815,.F.);
#1751=ORIENTED_EDGE('',*,*,#2904,.F.);
#1752=ORIENTED_EDGE('',*,*,#2824,.F.);
#1753=ORIENTED_EDGE('',*,*,#2876,.F.);
#1754=ORIENTED_EDGE('',*,*,#2905,.T.);
#1755=ORIENTED_EDGE('',*,*,#2822,.F.);
#1756=ORIENTED_EDGE('',*,*,#2904,.T.);
#1757=ORIENTED_EDGE('',*,*,#2879,.F.);
#1758=ORIENTED_EDGE('',*,*,#2906,.T.);
#1759=ORIENTED_EDGE('',*,*,#2857,.F.);
#1760=ORIENTED_EDGE('',*,*,#2907,.F.);
#1761=ORIENTED_EDGE('',*,*,#2907,.T.);
#1762=ORIENTED_EDGE('',*,*,#2859,.F.);
#1763=ORIENTED_EDGE('',*,*,#2852,.F.);
#1764=ORIENTED_EDGE('',*,*,#2845,.F.);
#1765=ORIENTED_EDGE('',*,*,#2850,.F.);
#1766=ORIENTED_EDGE('',*,*,#2908,.T.);
#1767=ORIENTED_EDGE('',*,*,#2877,.F.);
#1768=ORIENTED_EDGE('',*,*,#2909,.F.);
#1769=ORIENTED_EDGE('',*,*,#2856,.F.);
#1770=ORIENTED_EDGE('',*,*,#2851,.F.);
#1771=ORIENTED_EDGE('',*,*,#2909,.T.);
#1772=ORIENTED_EDGE('',*,*,#2847,.F.);
#1773=ORIENTED_EDGE('',*,*,#2835,.F.);
#1774=ORIENTED_EDGE('',*,*,#2831,.F.);
#1775=ORIENTED_EDGE('',*,*,#2910,.F.);
#1776=ORIENTED_EDGE('',*,*,#2840,.F.);
#1777=ORIENTED_EDGE('',*,*,#2882,.F.);
#1778=ORIENTED_EDGE('',*,*,#2911,.T.);
#1779=ORIENTED_EDGE('',*,*,#2838,.F.);
#1780=ORIENTED_EDGE('',*,*,#2910,.T.);
#1781=ORIENTED_EDGE('',*,*,#2778,.F.);
#1782=ORIENTED_EDGE('',*,*,#2239,.F.);
#1783=ORIENTED_EDGE('',*,*,#2912,.F.);
#1784=ORIENTED_EDGE('',*,*,#2772,.F.);
#1785=ORIENTED_EDGE('',*,*,#2912,.T.);
#1786=ORIENTED_EDGE('',*,*,#2238,.F.);
#1787=ORIENTED_EDGE('',*,*,#2913,.F.);
#1788=ORIENTED_EDGE('',*,*,#2891,.F.);
#1789=ORIENTED_EDGE('',*,*,#2777,.F.);
#1790=ORIENTED_EDGE('',*,*,#2768,.F.);
#1791=ORIENTED_EDGE('',*,*,#2914,.F.);
#1792=ORIENTED_EDGE('',*,*,#2297,.F.);
#1793=ORIENTED_EDGE('',*,*,#2307,.F.);
#1794=ORIENTED_EDGE('',*,*,#2272,.F.);
#1795=ORIENTED_EDGE('',*,*,#2420,.F.);
#1796=ORIENTED_EDGE('',*,*,#2220,.F.);
#1797=ORIENTED_EDGE('',*,*,#2913,.T.);
#1798=ORIENTED_EDGE('',*,*,#2237,.F.);
#1799=ORIENTED_EDGE('',*,*,#2915,.F.);
#1800=ORIENTED_EDGE('',*,*,#2867,.F.);
#1801=ORIENTED_EDGE('',*,*,#2766,.F.);
#1802=ORIENTED_EDGE('',*,*,#2895,.F.);
#1803=ORIENTED_EDGE('',*,*,#2915,.T.);
#1804=ORIENTED_EDGE('',*,*,#2236,.F.);
#1805=ORIENTED_EDGE('',*,*,#2298,.F.);
#1806=ORIENTED_EDGE('',*,*,#2914,.T.);
#1807=ORIENTED_EDGE('',*,*,#2767,.F.);
#1808=ORIENTED_EDGE('',*,*,#2775,.F.);
#1809=ORIENTED_EDGE('',*,*,#2774,.F.);
#1810=ORIENTED_EDGE('',*,*,#2916,.F.);
#1811=ORIENTED_EDGE('',*,*,#2761,.F.);
#1812=ORIENTED_EDGE('',*,*,#2916,.T.);
#1813=ORIENTED_EDGE('',*,*,#2892,.F.);
#1814=ORIENTED_EDGE('',*,*,#2917,.F.);
#1815=ORIENTED_EDGE('',*,*,#2917,.T.);
#1816=ORIENTED_EDGE('',*,*,#2869,.F.);
#1817=ORIENTED_EDGE('',*,*,#2918,.F.);
#1818=ORIENTED_EDGE('',*,*,#2762,.F.);
#1819=ORIENTED_EDGE('',*,*,#2918,.T.);
#1820=ORIENTED_EDGE('',*,*,#2896,.F.);
#1821=ORIENTED_EDGE('',*,*,#2897,.F.);
#1822=ORIENTED_EDGE('',*,*,#2752,.F.);
#1823=ORIENTED_EDGE('',*,*,#2296,.F.);
#1824=ORIENTED_EDGE('',*,*,#2919,.F.);
#1825=ORIENTED_EDGE('',*,*,#2758,.F.);
#1826=ORIENTED_EDGE('',*,*,#2919,.T.);
#1827=ORIENTED_EDGE('',*,*,#2295,.F.);
#1828=ORIENTED_EDGE('',*,*,#2920,.F.);
#1829=ORIENTED_EDGE('',*,*,#2887,.F.);
#1830=ORIENTED_EDGE('',*,*,#2920,.T.);
#1831=ORIENTED_EDGE('',*,*,#2294,.F.);
#1832=ORIENTED_EDGE('',*,*,#2921,.F.);
#1833=ORIENTED_EDGE('',*,*,#2861,.F.);
#1834=ORIENTED_EDGE('',*,*,#2921,.T.);
#1835=ORIENTED_EDGE('',*,*,#2293,.F.);
#1836=ORIENTED_EDGE('',*,*,#2922,.F.);
#1837=ORIENTED_EDGE('',*,*,#2885,.F.);
#1838=ORIENTED_EDGE('',*,*,#2751,.F.);
#1839=ORIENTED_EDGE('',*,*,#2756,.F.);
#1840=ORIENTED_EDGE('',*,*,#2922,.T.);
#1841=ORIENTED_EDGE('',*,*,#2292,.F.);
#1842=ORIENTED_EDGE('',*,*,#2793,.F.);
#1843=ORIENTED_EDGE('',*,*,#2231,.F.);
#1844=ORIENTED_EDGE('',*,*,#2923,.F.);
#1845=ORIENTED_EDGE('',*,*,#2787,.F.);
#1846=ORIENTED_EDGE('',*,*,#2873,.F.);
#1847=ORIENTED_EDGE('',*,*,#2889,.F.);
#1848=ORIENTED_EDGE('',*,*,#2923,.T.);
#1849=ORIENTED_EDGE('',*,*,#2230,.F.);
#1850=ORIENTED_EDGE('',*,*,#2784,.F.);
#1851=ORIENTED_EDGE('',*,*,#2805,.F.);
#1852=ORIENTED_EDGE('',*,*,#2807,.F.);
#1853=ORIENTED_EDGE('',*,*,#2924,.F.);
#1854=ORIENTED_EDGE('',*,*,#2300,.F.);
#1855=ORIENTED_EDGE('',*,*,#2924,.T.);
#1856=ORIENTED_EDGE('',*,*,#2900,.F.);
#1857=ORIENTED_EDGE('',*,*,#2925,.F.);
#1858=ORIENTED_EDGE('',*,*,#2254,.F.);
#1859=ORIENTED_EDGE('',*,*,#2301,.F.);
#1860=ORIENTED_EDGE('',*,*,#2925,.T.);
#1861=ORIENTED_EDGE('',*,*,#2864,.F.);
#1862=ORIENTED_EDGE('',*,*,#2926,.F.);
#1863=ORIENTED_EDGE('',*,*,#2255,.F.);
#1864=ORIENTED_EDGE('',*,*,#2926,.T.);
#1865=ORIENTED_EDGE('',*,*,#2899,.F.);
#1866=ORIENTED_EDGE('',*,*,#2927,.F.);
#1867=ORIENTED_EDGE('',*,*,#2256,.F.);
#1868=ORIENTED_EDGE('',*,*,#2800,.F.);
#1869=ORIENTED_EDGE('',*,*,#2257,.F.);
#1870=ORIENTED_EDGE('',*,*,#2927,.T.);
#1871=ORIENTED_EDGE('',*,*,#2809,.F.);
#1872=ORIENTED_EDGE('',*,*,#2854,.F.);
#1873=ORIENTED_EDGE('',*,*,#2858,.F.);
#1874=ORIENTED_EDGE('',*,*,#2928,.F.);
#1875=ORIENTED_EDGE('',*,*,#2225,.F.);
#1876=ORIENTED_EDGE('',*,*,#2928,.T.);
#1877=ORIENTED_EDGE('',*,*,#2906,.F.);
#1878=ORIENTED_EDGE('',*,*,#2929,.F.);
#1879=ORIENTED_EDGE('',*,*,#2226,.F.);
#1880=ORIENTED_EDGE('',*,*,#2929,.T.);
#1881=ORIENTED_EDGE('',*,*,#2878,.F.);
#1882=ORIENTED_EDGE('',*,*,#2930,.F.);
#1883=ORIENTED_EDGE('',*,*,#2227,.F.);
#1884=ORIENTED_EDGE('',*,*,#2930,.T.);
#1885=ORIENTED_EDGE('',*,*,#2908,.F.);
#1886=ORIENTED_EDGE('',*,*,#2931,.F.);
#1887=ORIENTED_EDGE('',*,*,#2228,.F.);
#1888=ORIENTED_EDGE('',*,*,#2931,.T.);
#1889=ORIENTED_EDGE('',*,*,#2849,.F.);
#1890=ORIENTED_EDGE('',*,*,#2855,.F.);
#1891=ORIENTED_EDGE('',*,*,#2223,.F.);
#1892=ORIENTED_EDGE('',*,*,#2837,.F.);
#1893=ORIENTED_EDGE('',*,*,#2839,.F.);
#1894=ORIENTED_EDGE('',*,*,#2932,.F.);
#1895=ORIENTED_EDGE('',*,*,#2267,.F.);
#1896=ORIENTED_EDGE('',*,*,#2932,.T.);
#1897=ORIENTED_EDGE('',*,*,#2911,.F.);
#1898=ORIENTED_EDGE('',*,*,#2933,.F.);
#1899=ORIENTED_EDGE('',*,*,#2268,.F.);
#1900=ORIENTED_EDGE('',*,*,#2933,.T.);
#1901=ORIENTED_EDGE('',*,*,#2881,.F.);
#1902=ORIENTED_EDGE('',*,*,#2934,.F.);
#1903=ORIENTED_EDGE('',*,*,#2269,.F.);
#1904=ORIENTED_EDGE('',*,*,#2934,.T.);
#1905=ORIENTED_EDGE('',*,*,#2883,.F.);
#1906=ORIENTED_EDGE('',*,*,#2935,.F.);
#1907=ORIENTED_EDGE('',*,*,#2270,.F.);
#1908=ORIENTED_EDGE('',*,*,#2832,.F.);
#1909=ORIENTED_EDGE('',*,*,#2265,.F.);
#1910=ORIENTED_EDGE('',*,*,#2935,.T.);
#1911=ORIENTED_EDGE('',*,*,#2841,.F.);
#1912=ORIENTED_EDGE('',*,*,#2821,.F.);
#1913=ORIENTED_EDGE('',*,*,#2823,.F.);
#1914=ORIENTED_EDGE('',*,*,#2936,.F.);
#1915=ORIENTED_EDGE('',*,*,#2261,.F.);
#1916=ORIENTED_EDGE('',*,*,#2936,.T.);
#1917=ORIENTED_EDGE('',*,*,#2905,.F.);
#1918=ORIENTED_EDGE('',*,*,#2937,.F.);
#1919=ORIENTED_EDGE('',*,*,#2262,.F.);
#1920=ORIENTED_EDGE('',*,*,#2937,.T.);
#1921=ORIENTED_EDGE('',*,*,#2875,.F.);
#1922=ORIENTED_EDGE('',*,*,#2938,.F.);
#1923=ORIENTED_EDGE('',*,*,#2263,.F.);
#1924=ORIENTED_EDGE('',*,*,#2938,.T.);
#1925=ORIENTED_EDGE('',*,*,#2903,.F.);
#1926=ORIENTED_EDGE('',*,*,#2939,.F.);
#1927=ORIENTED_EDGE('',*,*,#2264,.F.);
#1928=ORIENTED_EDGE('',*,*,#2816,.F.);
#1929=ORIENTED_EDGE('',*,*,#2259,.F.);
#1930=ORIENTED_EDGE('',*,*,#2939,.T.);
#1931=ORIENTED_EDGE('',*,*,#2825,.F.);
#1932=ORIENTED_EDGE('',*,*,#2790,.F.);
#1933=ORIENTED_EDGE('',*,*,#2789,.F.);
#1934=ORIENTED_EDGE('',*,*,#2940,.F.);
#1935=ORIENTED_EDGE('',*,*,#2779,.F.);
#1936=ORIENTED_EDGE('',*,*,#2940,.T.);
#1937=ORIENTED_EDGE('',*,*,#2890,.F.);
#1938=ORIENTED_EDGE('',*,*,#2941,.F.);
#1939=ORIENTED_EDGE('',*,*,#2941,.T.);
#1940=ORIENTED_EDGE('',*,*,#2871,.F.);
#1941=ORIENTED_EDGE('',*,*,#2942,.F.);
#1942=ORIENTED_EDGE('',*,*,#2780,.F.);
#1943=ORIENTED_EDGE('',*,*,#2942,.T.);
#1944=ORIENTED_EDGE('',*,*,#2893,.F.);
#1945=ORIENTED_EDGE('',*,*,#2894,.F.);
#1946=ORIENTED_EDGE('',*,*,#2211,.T.);
#1947=ORIENTED_EDGE('',*,*,#2943,.T.);
#1948=ORIENTED_EDGE('',*,*,#2150,.T.);
#1949=ORIENTED_EDGE('',*,*,#2944,.F.);
#1950=ORIENTED_EDGE('',*,*,#2214,.T.);
#1951=ORIENTED_EDGE('',*,*,#2945,.T.);
#1952=ORIENTED_EDGE('',*,*,#2151,.T.);
#1953=ORIENTED_EDGE('',*,*,#2943,.F.);
#1954=ORIENTED_EDGE('',*,*,#2213,.T.);
#1955=ORIENTED_EDGE('',*,*,#2946,.T.);
#1956=ORIENTED_EDGE('',*,*,#2152,.T.);
#1957=ORIENTED_EDGE('',*,*,#2945,.F.);
#1958=ORIENTED_EDGE('',*,*,#2212,.T.);
#1959=ORIENTED_EDGE('',*,*,#2944,.T.);
#1960=ORIENTED_EDGE('',*,*,#2149,.T.);
#1961=ORIENTED_EDGE('',*,*,#2946,.F.);
#1962=ORIENTED_EDGE('',*,*,#2947,.T.);
#1963=ORIENTED_EDGE('',*,*,#2187,.F.);
#1964=ORIENTED_EDGE('',*,*,#2948,.F.);
#1965=ORIENTED_EDGE('',*,*,#2217,.F.);
#1966=ORIENTED_EDGE('',*,*,#2949,.T.);
#1967=ORIENTED_EDGE('',*,*,#2184,.F.);
#1968=ORIENTED_EDGE('',*,*,#2947,.F.);
#1969=ORIENTED_EDGE('',*,*,#2216,.F.);
#1970=ORIENTED_EDGE('',*,*,#2948,.T.);
#1971=ORIENTED_EDGE('',*,*,#2186,.F.);
#1972=ORIENTED_EDGE('',*,*,#2950,.F.);
#1973=ORIENTED_EDGE('',*,*,#2218,.F.);
#1974=ORIENTED_EDGE('',*,*,#2950,.T.);
#1975=ORIENTED_EDGE('',*,*,#2185,.F.);
#1976=ORIENTED_EDGE('',*,*,#2949,.F.);
#1977=ORIENTED_EDGE('',*,*,#2215,.F.);
#1978=ORIENTED_EDGE('',*,*,#2951,.F.);
#1979=ORIENTED_EDGE('',*,*,#2952,.F.);
#1980=ORIENTED_EDGE('',*,*,#2953,.T.);
#1981=ORIENTED_EDGE('',*,*,#2954,.T.);
#1982=ORIENTED_EDGE('',*,*,#2405,.T.);
#1983=ORIENTED_EDGE('',*,*,#2526,.F.);
#1984=ORIENTED_EDGE('',*,*,#2955,.T.);
#1985=ORIENTED_EDGE('',*,*,#2956,.F.);
#1986=ORIENTED_EDGE('',*,*,#2957,.F.);
#1987=ORIENTED_EDGE('',*,*,#2958,.T.);
#1988=ORIENTED_EDGE('',*,*,#2952,.T.);
#1989=ORIENTED_EDGE('',*,*,#2959,.F.);
#1990=ORIENTED_EDGE('',*,*,#2960,.T.);
#1991=ORIENTED_EDGE('',*,*,#2515,.F.);
#1992=ORIENTED_EDGE('',*,*,#2403,.F.);
#1993=ORIENTED_EDGE('',*,*,#2961,.T.);
#1994=ORIENTED_EDGE('',*,*,#2962,.T.);
#1995=ORIENTED_EDGE('',*,*,#2957,.T.);
#1996=ORIENTED_EDGE('',*,*,#2963,.F.);
#1997=ORIENTED_EDGE('',*,*,#2964,.T.);
#1998=ORIENTED_EDGE('',*,*,#2965,.F.);
#1999=ORIENTED_EDGE('',*,*,#2966,.T.);
#2000=ORIENTED_EDGE('',*,*,#2967,.T.);
#2001=ORIENTED_EDGE('',*,*,#2968,.T.);
#2002=ORIENTED_EDGE('',*,*,#2401,.T.);
#2003=ORIENTED_EDGE('',*,*,#2517,.F.);
#2004=ORIENTED_EDGE('',*,*,#2969,.T.);
#2005=ORIENTED_EDGE('',*,*,#2965,.T.);
#2006=ORIENTED_EDGE('',*,*,#2970,.T.);
#2007=ORIENTED_EDGE('',*,*,#2971,.F.);
#2008=ORIENTED_EDGE('',*,*,#2972,.T.);
#2009=ORIENTED_EDGE('',*,*,#2971,.T.);
#2010=ORIENTED_EDGE('',*,*,#2973,.T.);
#2011=ORIENTED_EDGE('',*,*,#2974,.T.);
#2012=ORIENTED_EDGE('',*,*,#2975,.T.);
#2013=ORIENTED_EDGE('',*,*,#2524,.F.);
#2014=ORIENTED_EDGE('',*,*,#2407,.F.);
#2015=ORIENTED_EDGE('',*,*,#2976,.T.);
#2016=ORIENTED_EDGE('',*,*,#2977,.F.);
#2017=ORIENTED_EDGE('',*,*,#2978,.T.);
#2018=ORIENTED_EDGE('',*,*,#2967,.F.);
#2019=ORIENTED_EDGE('',*,*,#2979,.T.);
#2020=ORIENTED_EDGE('',*,*,#2977,.T.);
#2021=ORIENTED_EDGE('',*,*,#2980,.T.);
#2022=ORIENTED_EDGE('',*,*,#2953,.F.);
#2023=ORIENTED_EDGE('',*,*,#2958,.F.);
#2024=ORIENTED_EDGE('',*,*,#2962,.F.);
#2025=ORIENTED_EDGE('',*,*,#2981,.T.);
#2026=ORIENTED_EDGE('',*,*,#2974,.F.);
#2027=ORIENTED_EDGE('',*,*,#2982,.T.);
#2028=ORIENTED_EDGE('',*,*,#2963,.T.);
#2029=ORIENTED_EDGE('',*,*,#2983,.T.);
#2030=ORIENTED_EDGE('',*,*,#2959,.T.);
#2031=ORIENTED_EDGE('',*,*,#2956,.T.);
#2032=ORIENTED_EDGE('',*,*,#2951,.T.);
#2033=ORIENTED_EDGE('',*,*,#2984,.T.);
#2034=ORIENTED_EDGE('',*,*,#2985,.F.);
#2035=ORIENTED_EDGE('',*,*,#2986,.T.);
#2036=ORIENTED_EDGE('',*,*,#2987,.F.);
#2037=ORIENTED_EDGE('',*,*,#2988,.T.);
#2038=ORIENTED_EDGE('',*,*,#2989,.T.);
#2039=ORIENTED_EDGE('',*,*,#2990,.T.);
#2040=ORIENTED_EDGE('',*,*,#2409,.T.);
#2041=ORIENTED_EDGE('',*,*,#2523,.F.);
#2042=ORIENTED_EDGE('',*,*,#2991,.T.);
#2043=ORIENTED_EDGE('',*,*,#2987,.T.);
#2044=ORIENTED_EDGE('',*,*,#2992,.T.);
#2045=ORIENTED_EDGE('',*,*,#2993,.F.);
#2046=ORIENTED_EDGE('',*,*,#2994,.T.);
#2047=ORIENTED_EDGE('',*,*,#2993,.T.);
#2048=ORIENTED_EDGE('',*,*,#2995,.T.);
#2049=ORIENTED_EDGE('',*,*,#2996,.T.);
#2050=ORIENTED_EDGE('',*,*,#2997,.T.);
#2051=ORIENTED_EDGE('',*,*,#2518,.F.);
#2052=ORIENTED_EDGE('',*,*,#2392,.F.);
#2053=ORIENTED_EDGE('',*,*,#2998,.T.);
#2054=ORIENTED_EDGE('',*,*,#2999,.F.);
#2055=ORIENTED_EDGE('',*,*,#3000,.T.);
#2056=ORIENTED_EDGE('',*,*,#2413,.T.);
#2057=ORIENTED_EDGE('',*,*,#2520,.F.);
#2058=ORIENTED_EDGE('',*,*,#3001,.T.);
#2059=ORIENTED_EDGE('',*,*,#3002,.T.);
#2060=ORIENTED_EDGE('',*,*,#3003,.F.);
#2061=ORIENTED_EDGE('',*,*,#3004,.F.);
#2062=ORIENTED_EDGE('',*,*,#3005,.T.);
#2063=ORIENTED_EDGE('',*,*,#3006,.T.);
#2064=ORIENTED_EDGE('',*,*,#3007,.F.);
#2065=ORIENTED_EDGE('',*,*,#3008,.F.);
#2066=ORIENTED_EDGE('',*,*,#3003,.T.);
#2067=ORIENTED_EDGE('',*,*,#3009,.T.);
#2068=ORIENTED_EDGE('',*,*,#3010,.T.);
#2069=ORIENTED_EDGE('',*,*,#2521,.F.);
#2070=ORIENTED_EDGE('',*,*,#2411,.F.);
#2071=ORIENTED_EDGE('',*,*,#3011,.T.);
#2072=ORIENTED_EDGE('',*,*,#3012,.F.);
#2073=ORIENTED_EDGE('',*,*,#3007,.T.);
#2074=ORIENTED_EDGE('',*,*,#2989,.F.);
#2075=ORIENTED_EDGE('',*,*,#3013,.T.);
#2076=ORIENTED_EDGE('',*,*,#2999,.T.);
#2077=ORIENTED_EDGE('',*,*,#3014,.T.);
#2078=ORIENTED_EDGE('',*,*,#3004,.T.);
#2079=ORIENTED_EDGE('',*,*,#3008,.T.);
#2080=ORIENTED_EDGE('',*,*,#3012,.T.);
#2081=ORIENTED_EDGE('',*,*,#3015,.T.);
#2082=ORIENTED_EDGE('',*,*,#2996,.F.);
#2083=ORIENTED_EDGE('',*,*,#3016,.T.);
#2084=ORIENTED_EDGE('',*,*,#2985,.T.);
#2085=ORIENTED_EDGE('',*,*,#3017,.T.);
#2086=ORIENTED_EDGE('',*,*,#3009,.F.);
#2087=ORIENTED_EDGE('',*,*,#3006,.F.);
#2088=ORIENTED_EDGE('',*,*,#3002,.F.);
#2089=ORIENTED_EDGE('',*,*,#3018,.T.);
#2090=ORIENTED_EDGE('',*,*,#2995,.F.);
#2091=ORIENTED_EDGE('',*,*,#2992,.F.);
#2092=ORIENTED_EDGE('',*,*,#2986,.F.);
#2093=ORIENTED_EDGE('',*,*,#3016,.F.);
#2094=ORIENTED_EDGE('',*,*,#3000,.F.);
#2095=ORIENTED_EDGE('',*,*,#3013,.F.);
#2096=ORIENTED_EDGE('',*,*,#2988,.F.);
#2097=ORIENTED_EDGE('',*,*,#2994,.F.);
#2098=ORIENTED_EDGE('',*,*,#2964,.F.);
#2099=ORIENTED_EDGE('',*,*,#2982,.F.);
#2100=ORIENTED_EDGE('',*,*,#2973,.F.);
#2101=ORIENTED_EDGE('',*,*,#2970,.F.);
#2102=ORIENTED_EDGE('',*,*,#2966,.F.);
#2103=ORIENTED_EDGE('',*,*,#2972,.F.);
#2104=ORIENTED_EDGE('',*,*,#2978,.F.);
#2105=ORIENTED_EDGE('',*,*,#2979,.F.);
#2106=ORIENTED_EDGE('',*,*,#3005,.F.);
#2107=ORIENTED_EDGE('',*,*,#3014,.F.);
#2108=ORIENTED_EDGE('',*,*,#2998,.F.);
#2109=ORIENTED_EDGE('',*,*,#2391,.F.);
#2110=ORIENTED_EDGE('',*,*,#2990,.F.);
#2111=ORIENTED_EDGE('',*,*,#3015,.F.);
#2112=ORIENTED_EDGE('',*,*,#3011,.F.);
#2113=ORIENTED_EDGE('',*,*,#2410,.F.);
#2114=ORIENTED_EDGE('',*,*,#2969,.F.);
#2115=ORIENTED_EDGE('',*,*,#2516,.F.);
#2116=ORIENTED_EDGE('',*,*,#2960,.F.);
#2117=ORIENTED_EDGE('',*,*,#2983,.F.);
#2118=ORIENTED_EDGE('',*,*,#3001,.F.);
#2119=ORIENTED_EDGE('',*,*,#2519,.F.);
#2120=ORIENTED_EDGE('',*,*,#2997,.F.);
#2121=ORIENTED_EDGE('',*,*,#3018,.F.);
#2122=ORIENTED_EDGE('',*,*,#2991,.F.);
#2123=ORIENTED_EDGE('',*,*,#2522,.F.);
#2124=ORIENTED_EDGE('',*,*,#3010,.F.);
#2125=ORIENTED_EDGE('',*,*,#3017,.F.);
#2126=ORIENTED_EDGE('',*,*,#2955,.F.);
#2127=ORIENTED_EDGE('',*,*,#2525,.F.);
#2128=ORIENTED_EDGE('',*,*,#2975,.F.);
#2129=ORIENTED_EDGE('',*,*,#2984,.F.);
#2130=ORIENTED_EDGE('',*,*,#2954,.F.);
#2131=ORIENTED_EDGE('',*,*,#2980,.F.);
#2132=ORIENTED_EDGE('',*,*,#2976,.F.);
#2133=ORIENTED_EDGE('',*,*,#2406,.F.);
#2134=ORIENTED_EDGE('',*,*,#2968,.F.);
#2135=ORIENTED_EDGE('',*,*,#2981,.F.);
#2136=ORIENTED_EDGE('',*,*,#2961,.F.);
#2137=ORIENTED_EDGE('',*,*,#2402,.F.);
#2138=ORIENTED_EDGE('',*,*,#2496,.T.);
#2139=ORIENTED_EDGE('',*,*,#3019,.F.);
#2140=ORIENTED_EDGE('',*,*,#3020,.F.);
#2141=ORIENTED_EDGE('',*,*,#2601,.T.);
#2142=ORIENTED_EDGE('',*,*,#2495,.T.);
#2143=ORIENTED_EDGE('',*,*,#2603,.F.);
#2144=ORIENTED_EDGE('',*,*,#3021,.F.);
#2145=ORIENTED_EDGE('',*,*,#3019,.T.);
#2146=ORIENTED_EDGE('',*,*,#3020,.T.);
#2147=ORIENTED_EDGE('',*,*,#3021,.T.);
#2148=ORIENTED_EDGE('',*,*,#2602,.T.);
#2149=EDGE_CURVE('',#3022,#3023,#3585,.T.);
#2150=EDGE_CURVE('',#3024,#3022,#3586,.T.);
#2151=EDGE_CURVE('',#3025,#3024,#3587,.T.);
#2152=EDGE_CURVE('',#3023,#3025,#3588,.T.);
#2153=EDGE_CURVE('',#3026,#3027,#3589,.T.);
#2154=EDGE_CURVE('',#3026,#3028,#3590,.T.);
#2155=EDGE_CURVE('',#3028,#3029,#251,.F.);
#2156=EDGE_CURVE('',#3029,#3030,#3591,.T.);
#2157=EDGE_CURVE('',#3027,#3030,#3592,.T.);
#2158=EDGE_CURVE('',#3031,#3032,#3593,.T.);
#2159=EDGE_CURVE('',#3032,#3033,#252,.T.);
#2160=EDGE_CURVE('',#3034,#3033,#3594,.T.);
#2161=EDGE_CURVE('',#3034,#3035,#253,.T.);
#2162=EDGE_CURVE('',#3036,#3035,#3595,.T.);
#2163=EDGE_CURVE('',#3037,#3036,#254,.T.);
#2164=EDGE_CURVE('',#3038,#3037,#3596,.T.);
#2165=EDGE_CURVE('',#3039,#3038,#255,.T.);
#2166=EDGE_CURVE('',#3040,#3039,#3597,.T.);
#2167=EDGE_CURVE('',#3040,#3041,#256,.T.);
#2168=EDGE_CURVE('',#3042,#3041,#3598,.T.);
#2169=EDGE_CURVE('',#3042,#3043,#257,.T.);
#2170=EDGE_CURVE('',#3044,#3043,#3599,.T.);
#2171=EDGE_CURVE('',#3044,#3045,#258,.T.);
#2172=EDGE_CURVE('',#3045,#3046,#3600,.T.);
#2173=EDGE_CURVE('',#3047,#3046,#3601,.T.);
#2174=EDGE_CURVE('',#3048,#3047,#3602,.T.);
#2175=EDGE_CURVE('',#3048,#3049,#259,.T.);
#2176=EDGE_CURVE('',#3050,#3049,#3603,.T.);
#2177=EDGE_CURVE('',#3050,#3031,#260,.T.);
#2178=EDGE_CURVE('',#3051,#3052,#3604,.T.);
#2179=EDGE_CURVE('',#3052,#3053,#3605,.T.);
#2180=EDGE_CURVE('',#3053,#3054,#3606,.T.);
#2181=EDGE_CURVE('',#3055,#3054,#3607,.T.);
#2182=EDGE_CURVE('',#3056,#3055,#3608,.T.);
#2183=EDGE_CURVE('',#3051,#3056,#3609,.T.);
#2184=EDGE_CURVE('',#3057,#3058,#3610,.T.);
#2185=EDGE_CURVE('',#3058,#3059,#3611,.T.);
#2186=EDGE_CURVE('',#3059,#3060,#3612,.T.);
#2187=EDGE_CURVE('',#3060,#3057,#3613,.T.);
#2188=EDGE_CURVE('',#3061,#3062,#3614,.T.);
#2189=EDGE_CURVE('',#3063,#3061,#3615,.T.);
#2190=EDGE_CURVE('',#3064,#3063,#3616,.T.);
#2191=EDGE_CURVE('',#3064,#3065,#3617,.T.);
#2192=EDGE_CURVE('',#3066,#3065,#3618,.T.);
#2193=EDGE_CURVE('',#3067,#3066,#3619,.T.);
#2194=EDGE_CURVE('',#3067,#3068,#3620,.T.);
#2195=EDGE_CURVE('',#3068,#3069,#261,.T.);
#2196=EDGE_CURVE('',#3069,#3070,#3621,.T.);
#2197=EDGE_CURVE('',#3071,#3070,#3622,.T.);
#2198=EDGE_CURVE('',#3072,#3071,#262,.T.);
#2199=EDGE_CURVE('',#3073,#3072,#3623,.T.);
#2200=EDGE_CURVE('',#3073,#3074,#263,.T.);
#2201=EDGE_CURVE('',#3075,#3074,#3624,.T.);
#2202=EDGE_CURVE('',#3075,#3076,#264,.T.);
#2203=EDGE_CURVE('',#3076,#3077,#3625,.T.);
#2204=EDGE_CURVE('',#3077,#3078,#265,.T.);
#2205=EDGE_CURVE('',#3078,#3079,#3626,.T.);
#2206=EDGE_CURVE('',#3079,#3080,#266,.T.);
#2207=EDGE_CURVE('',#3081,#3080,#3627,.T.);
#2208=EDGE_CURVE('',#3082,#3081,#3628,.T.);
#2209=EDGE_CURVE('',#3082,#3083,#3629,.T.);
#2210=EDGE_CURVE('',#3062,#3083,#3630,.T.);
#2211=EDGE_CURVE('',#3084,#3085,#3631,.T.);
#2212=EDGE_CURVE('',#3086,#3084,#3632,.T.);
#2213=EDGE_CURVE('',#3087,#3086,#3633,.T.);
#2214=EDGE_CURVE('',#3085,#3087,#3634,.T.);
#2215=EDGE_CURVE('',#3088,#3089,#3635,.T.);
#2216=EDGE_CURVE('',#3089,#3090,#3636,.T.);
#2217=EDGE_CURVE('',#3090,#3091,#3637,.T.);
#2218=EDGE_CURVE('',#3091,#3088,#3638,.T.);
#2219=EDGE_CURVE('',#3092,#3093,#3639,.T.);
#2220=EDGE_CURVE('',#3093,#3094,#3640,.T.);
#2221=EDGE_CURVE('',#3095,#3094,#3641,.T.);
#2222=EDGE_CURVE('',#3092,#3095,#3642,.T.);
#2223=EDGE_CURVE('',#3096,#3097,#3643,.T.);
#2224=EDGE_CURVE('',#3098,#3097,#3644,.T.);
#2225=EDGE_CURVE('',#3098,#3099,#3645,.T.);
#2226=EDGE_CURVE('',#3099,#3100,#177,.F.);
#2227=EDGE_CURVE('',#3100,#3101,#3646,.F.);
#2228=EDGE_CURVE('',#3101,#3096,#178,.F.);
#2229=EDGE_CURVE('',#3102,#3103,#3647,.T.);
#2230=EDGE_CURVE('',#3102,#3104,#179,.F.);
#2231=EDGE_CURVE('',#3104,#3105,#3648,.T.);
#2232=EDGE_CURVE('',#3105,#3106,#3649,.T.);
#2233=EDGE_CURVE('',#3107,#3106,#3650,.T.);
#2234=EDGE_CURVE('',#3107,#3103,#180,.F.);
#2235=EDGE_CURVE('',#3108,#3109,#3651,.T.);
#2236=EDGE_CURVE('',#3109,#3110,#181,.F.);
#2237=EDGE_CURVE('',#3110,#3111,#3652,.T.);
#2238=EDGE_CURVE('',#3111,#3112,#182,.F.);
#2239=EDGE_CURVE('',#3112,#3113,#3653,.T.);
#2240=EDGE_CURVE('',#3113,#3092,#3654,.T.);
#2241=EDGE_CURVE('',#3114,#3095,#3655,.T.);
#2242=EDGE_CURVE('',#3114,#3115,#267,.F.);
#2243=EDGE_CURVE('',#3115,#3116,#3656,.T.);
#2244=EDGE_CURVE('',#3116,#3117,#3657,.T.);
#2245=EDGE_CURVE('',#3117,#3118,#183,.F.);
#2246=EDGE_CURVE('',#3118,#3119,#3658,.T.);
#2247=EDGE_CURVE('',#3119,#3120,#3659,.T.);
#2248=EDGE_CURVE('',#3120,#3121,#3660,.T.);
#2249=EDGE_CURVE('',#3121,#3122,#3661,.T.);
#2250=EDGE_CURVE('',#3122,#3123,#268,.F.);
#2251=EDGE_CURVE('',#3123,#3124,#3662,.T.);
#2252=EDGE_CURVE('',#3056,#3124,#3663,.T.);
#2253=EDGE_CURVE('',#3055,#3125,#3664,.T.);
#2254=EDGE_CURVE('',#3125,#3126,#184,.F.);
#2255=EDGE_CURVE('',#3126,#3127,#3665,.F.);
#2256=EDGE_CURVE('',#3127,#3128,#185,.F.);
#2257=EDGE_CURVE('',#3128,#3129,#3666,.F.);
#2258=EDGE_CURVE('',#3108,#3129,#3667,.T.);
#2259=EDGE_CURVE('',#3130,#3131,#3668,.F.);
#2260=EDGE_CURVE('',#3132,#3131,#3669,.T.);
#2261=EDGE_CURVE('',#3132,#3133,#3670,.T.);
#2262=EDGE_CURVE('',#3133,#3134,#186,.F.);
#2263=EDGE_CURVE('',#3134,#3135,#3671,.F.);
#2264=EDGE_CURVE('',#3135,#3130,#187,.F.);
#2265=EDGE_CURVE('',#3136,#3137,#3672,.F.);
#2266=EDGE_CURVE('',#3138,#3137,#3673,.T.);
#2267=EDGE_CURVE('',#3138,#3139,#3674,.T.);
#2268=EDGE_CURVE('',#3139,#3140,#188,.F.);
#2269=EDGE_CURVE('',#3140,#3141,#3675,.F.);
#2270=EDGE_CURVE('',#3141,#3136,#189,.F.);
#2271=EDGE_CURVE('',#3142,#3143,#3676,.T.);
#2272=EDGE_CURVE('',#3142,#3144,#3677,.F.);
#2273=EDGE_CURVE('',#3144,#3145,#3678,.T.);
#2274=EDGE_CURVE('',#3145,#3146,#3679,.T.);
#2275=EDGE_CURVE('',#3146,#3147,#269,.F.);
#2276=EDGE_CURVE('',#3147,#3148,#3680,.T.);
#2277=EDGE_CURVE('',#3148,#3149,#3681,.T.);
#2278=EDGE_CURVE('',#3149,#3150,#3682,.T.);
#2279=EDGE_CURVE('',#3151,#3150,#3683,.T.);
#2280=EDGE_CURVE('',#3151,#3152,#3684,.T.);
#2281=EDGE_CURVE('',#3152,#3153,#3685,.T.);
#2282=EDGE_CURVE('',#3153,#3154,#3686,.T.);
#2283=EDGE_CURVE('',#3155,#3154,#3687,.T.);
#2284=EDGE_CURVE('',#3155,#3156,#3688,.T.);
#2285=EDGE_CURVE('',#3156,#3157,#3689,.T.);
#2286=EDGE_CURVE('',#3157,#3158,#3690,.T.);
#2287=EDGE_CURVE('',#3159,#3158,#3691,.T.);
#2288=EDGE_CURVE('',#3159,#3160,#3692,.T.);
#2289=EDGE_CURVE('',#3160,#3161,#270,.F.);
#2290=EDGE_CURVE('',#3161,#3143,#3693,.T.);
#2291=EDGE_CURVE('',#3162,#3163,#3694,.T.);
#2292=EDGE_CURVE('',#3162,#3164,#3695,.T.);
#2293=EDGE_CURVE('',#3164,#3165,#190,.F.);
#2294=EDGE_CURVE('',#3165,#3166,#3696,.F.);
#2295=EDGE_CURVE('',#3166,#3167,#191,.F.);
#2296=EDGE_CURVE('',#3167,#3163,#3697,.F.);
#2297=EDGE_CURVE('',#3168,#3169,#3698,.T.);
#2298=EDGE_CURVE('',#3169,#3109,#137,.T.);
#2299=EDGE_CURVE('',#3108,#3170,#3699,.T.);
#2300=EDGE_CURVE('',#3170,#3171,#3700,.F.);
#2301=EDGE_CURVE('',#3171,#3125,#138,.T.);
#2302=EDGE_CURVE('',#3054,#3172,#3701,.T.);
#2303=EDGE_CURVE('',#3172,#3168,#3702,.T.);
#2304=EDGE_CURVE('',#3173,#3172,#3703,.T.);
#2305=EDGE_CURVE('',#3173,#3174,#3704,.T.);
#2306=EDGE_CURVE('',#3145,#3174,#3705,.T.);
#2307=EDGE_CURVE('',#3144,#3168,#271,.T.);
#2308=EDGE_CURVE('',#3175,#3176,#3706,.T.);
#2309=EDGE_CURVE('',#3176,#3177,#3707,.T.);
#2310=EDGE_CURVE('',#3177,#3178,#3708,.T.);
#2311=EDGE_CURVE('',#3175,#3178,#3709,.T.);
#2312=EDGE_CURVE('',#3174,#3179,#3710,.T.);
#2313=EDGE_CURVE('',#3180,#3179,#3711,.T.);
#2314=EDGE_CURVE('',#3180,#3181,#3712,.F.);
#2315=EDGE_CURVE('',#3062,#3181,#3713,.T.);
#2316=EDGE_CURVE('',#3083,#3182,#3714,.T.);
#2317=EDGE_CURVE('',#3182,#3183,#3715,.T.);
#2318=EDGE_CURVE('',#3183,#3184,#3716,.T.);
#2319=EDGE_CURVE('',#3185,#3184,#3717,.T.);
#2320=EDGE_CURVE('',#3185,#3186,#3718,.T.);
#2321=EDGE_CURVE('',#3186,#3187,#3719,.T.);
#2322=EDGE_CURVE('',#3187,#3188,#3720,.T.);
#2323=EDGE_CURVE('',#3188,#3189,#3721,.T.);
#2324=EDGE_CURVE('',#3189,#3156,#3722,.T.);
#2325=EDGE_CURVE('',#3190,#3155,#3723,.T.);
#2326=EDGE_CURVE('',#3191,#3190,#3724,.T.);
#2327=EDGE_CURVE('',#3192,#3191,#3725,.T.);
#2328=EDGE_CURVE('',#3192,#3193,#3726,.T.);
#2329=EDGE_CURVE('',#3193,#3152,#3727,.T.);
#2330=EDGE_CURVE('',#3194,#3151,#3728,.T.);
#2331=EDGE_CURVE('',#3195,#3194,#3729,.T.);
#2332=EDGE_CURVE('',#3195,#3196,#3730,.T.);
#2333=EDGE_CURVE('',#3197,#3196,#3731,.T.);
#2334=EDGE_CURVE('',#3197,#3198,#3732,.T.);
#2335=EDGE_CURVE('',#3199,#3198,#3733,.T.);
#2336=EDGE_CURVE('',#3200,#3199,#3734,.T.);
#2337=EDGE_CURVE('',#3200,#3201,#3735,.T.);
#2338=EDGE_CURVE('',#3202,#3201,#3736,.T.);
#2339=EDGE_CURVE('',#3146,#3202,#139,.T.);
#2340=EDGE_CURVE('',#3203,#3204,#3737,.T.);
#2341=EDGE_CURVE('',#3143,#3203,#3738,.T.);
#2342=EDGE_CURVE('',#3160,#3161,#140,.T.);
#2343=EDGE_CURVE('',#3204,#3159,#3739,.T.);
#2344=EDGE_CURVE('',#3205,#3206,#3740,.T.);
#2345=EDGE_CURVE('',#3205,#3207,#3741,.T.);
#2346=EDGE_CURVE('',#3207,#3208,#3742,.T.);
#2347=EDGE_CURVE('',#3206,#3208,#3743,.T.);
#2348=EDGE_CURVE('',#3209,#3210,#3744,.T.);
#2349=EDGE_CURVE('',#3210,#3211,#3745,.T.);
#2350=EDGE_CURVE('',#3212,#3211,#3746,.T.);
#2351=EDGE_CURVE('',#3212,#3213,#3747,.T.);
#2352=EDGE_CURVE('',#3213,#3214,#3748,.T.);
#2353=EDGE_CURVE('',#3215,#3214,#3749,.T.);
#2354=EDGE_CURVE('',#3215,#3216,#3750,.F.);
#2355=EDGE_CURVE('',#3216,#3209,#3751,.F.);
#2356=EDGE_CURVE('',#3207,#3217,#141,.T.);
#2357=EDGE_CURVE('',#3218,#3217,#3752,.F.);
#2358=EDGE_CURVE('',#3208,#3218,#272,.F.);
#2359=EDGE_CURVE('',#3219,#3220,#3753,.F.);
#2360=EDGE_CURVE('',#3221,#3219,#273,.F.);
#2361=EDGE_CURVE('',#3222,#3221,#3754,.T.);
#2362=EDGE_CURVE('',#3222,#3220,#192,.F.);
#2363=EDGE_CURVE('',#3223,#3224,#3755,.T.);
#2364=EDGE_CURVE('',#3223,#3225,#142,.T.);
#2365=EDGE_CURVE('',#3226,#3225,#3756,.F.);
#2366=EDGE_CURVE('',#3224,#3226,#193,.F.);
#2367=EDGE_CURVE('',#3148,#3227,#3757,.T.);
#2368=EDGE_CURVE('',#3227,#3147,#143,.T.);
#2369=EDGE_CURVE('',#3228,#3032,#3758,.F.);
#2370=EDGE_CURVE('',#3228,#3229,#144,.T.);
#2371=EDGE_CURVE('',#3033,#3229,#3759,.T.);
#2372=EDGE_CURVE('',#3230,#3231,#3760,.T.);
#2373=EDGE_CURVE('',#3230,#3034,#3761,.F.);
#2374=EDGE_CURVE('',#3229,#3232,#3762,.T.);
#2375=EDGE_CURVE('',#3232,#3233,#3763,.T.);
#2376=EDGE_CURVE('',#3233,#3234,#3764,.T.);
#2377=EDGE_CURVE('',#3234,#3235,#3765,.T.);
#2378=EDGE_CURVE('',#3235,#3236,#3766,.T.);
#2379=EDGE_CURVE('',#3236,#3237,#3767,.T.);
#2380=EDGE_CURVE('',#3237,#3238,#3768,.T.);
#2381=EDGE_CURVE('',#3238,#3239,#3769,.T.);
#2382=EDGE_CURVE('',#3239,#3223,#3770,.T.);
#2383=EDGE_CURVE('',#3240,#3224,#3771,.T.);
#2384=EDGE_CURVE('',#3241,#3240,#3772,.T.);
#2385=EDGE_CURVE('',#3241,#3242,#3773,.T.);
#2386=EDGE_CURVE('',#3242,#3243,#3774,.T.);
#2387=EDGE_CURVE('',#3243,#3222,#3775,.T.);
#2388=EDGE_CURVE('',#3244,#3221,#3776,.T.);
#2389=EDGE_CURVE('',#3244,#3245,#3777,.T.);
#2390=EDGE_CURVE('',#3245,#3231,#3778,.T.);
#2391=EDGE_CURVE('',#3246,#3247,#3779,.T.);
#2392=EDGE_CURVE('',#3247,#3248,#3780,.T.);
#2393=EDGE_CURVE('',#3248,#3249,#3781,.T.);
#2394=EDGE_CURVE('',#3250,#3249,#3782,.T.);
#2395=EDGE_CURVE('',#3250,#3251,#3783,.T.);
#2396=EDGE_CURVE('',#3251,#3252,#194,.T.);
#2397=EDGE_CURVE('',#3252,#3253,#3784,.T.);
#2398=EDGE_CURVE('',#3254,#3253,#3785,.T.);
#2399=EDGE_CURVE('',#3254,#3073,#3786,.F.);
#2400=EDGE_CURVE('',#3072,#3255,#3787,.T.);
#2401=EDGE_CURVE('',#3256,#3255,#3788,.T.);
#2402=EDGE_CURVE('',#3256,#3257,#3789,.T.);
#2403=EDGE_CURVE('',#3257,#3258,#3790,.T.);
#2404=EDGE_CURVE('',#3258,#3259,#3791,.T.);
#2405=EDGE_CURVE('',#3260,#3259,#3792,.T.);
#2406=EDGE_CURVE('',#3260,#3261,#3793,.T.);
#2407=EDGE_CURVE('',#3261,#3262,#3794,.T.);
#2408=EDGE_CURVE('',#3262,#3263,#3795,.T.);
#2409=EDGE_CURVE('',#3264,#3263,#3796,.T.);
#2410=EDGE_CURVE('',#3264,#3265,#3797,.T.);
#2411=EDGE_CURVE('',#3265,#3266,#3798,.T.);
#2412=EDGE_CURVE('',#3266,#3267,#3799,.T.);
#2413=EDGE_CURVE('',#3246,#3267,#3800,.T.);
#2414=EDGE_CURVE('',#3268,#3269,#3801,.T.);
#2415=EDGE_CURVE('',#3268,#3124,#3802,.T.);
#2416=EDGE_CURVE('',#3123,#3270,#145,.T.);
#2417=EDGE_CURVE('',#3271,#3270,#3803,.T.);
#2418=EDGE_CURVE('',#3271,#3272,#3804,.T.);
#2419=EDGE_CURVE('',#3272,#3269,#3805,.T.);
#2420=EDGE_CURVE('',#3094,#3142,#274,.F.);
#2421=EDGE_CURVE('',#3203,#3206,#3806,.T.);
#2422=EDGE_CURVE('',#3273,#3218,#3807,.T.);
#2423=EDGE_CURVE('',#3273,#3274,#275,.F.);
#2424=EDGE_CURVE('',#3274,#3275,#3808,.T.);
#2425=EDGE_CURVE('',#3275,#3276,#276,.F.);
#2426=EDGE_CURVE('',#3276,#3277,#3809,.T.);
#2427=EDGE_CURVE('',#3277,#3278,#3810,.T.);
#2428=EDGE_CURVE('',#3279,#3278,#3811,.T.);
#2429=EDGE_CURVE('',#3279,#3280,#277,.F.);
#2430=EDGE_CURVE('',#3280,#3281,#3812,.T.);
#2431=EDGE_CURVE('',#3282,#3281,#278,.T.);
#2432=EDGE_CURVE('',#3282,#3283,#3813,.T.);
#2433=EDGE_CURVE('',#3283,#3284,#279,.F.);
#2434=EDGE_CURVE('',#3284,#3285,#3814,.T.);
#2435=EDGE_CURVE('',#3285,#3286,#280,.F.);
#2436=EDGE_CURVE('',#3286,#3287,#3815,.T.);
#2437=EDGE_CURVE('',#3288,#3287,#3816,.T.);
#2438=EDGE_CURVE('',#3250,#3288,#3817,.T.);
#2439=EDGE_CURVE('',#3249,#3289,#281,.T.);
#2440=EDGE_CURVE('',#3289,#3290,#3818,.T.);
#2441=EDGE_CURVE('',#3290,#3291,#3819,.T.);
#2442=EDGE_CURVE('',#3291,#3292,#3820,.T.);
#2443=EDGE_CURVE('',#3292,#3293,#3821,.T.);
#2444=EDGE_CURVE('',#3294,#3293,#3822,.T.);
#2445=EDGE_CURVE('',#3294,#3295,#3823,.T.);
#2446=EDGE_CURVE('',#3295,#3296,#3824,.T.);
#2447=EDGE_CURVE('',#3296,#3297,#3825,.T.);
#2448=EDGE_CURVE('',#3298,#3297,#3826,.T.);
#2449=EDGE_CURVE('',#3298,#3299,#3827,.T.);
#2450=EDGE_CURVE('',#3299,#3114,#146,.T.);
#2451=EDGE_CURVE('',#3279,#3045,#3828,.F.);
#2452=EDGE_CURVE('',#3280,#3044,#3829,.F.);
#2453=EDGE_CURVE('',#3300,#3301,#3830,.T.);
#2454=EDGE_CURVE('',#3301,#3302,#282,.F.);
#2455=EDGE_CURVE('',#3302,#3303,#3831,.T.);
#2456=EDGE_CURVE('',#3304,#3303,#3832,.T.);
#2457=EDGE_CURVE('',#3304,#3305,#195,.F.);
#2458=EDGE_CURVE('',#3305,#3306,#3833,.T.);
#2459=EDGE_CURVE('',#3306,#3064,#3834,.T.);
#2460=EDGE_CURVE('',#3063,#3307,#3835,.T.);
#2461=EDGE_CURVE('',#3307,#3308,#283,.F.);
#2462=EDGE_CURVE('',#3308,#3309,#3836,.T.);
#2463=EDGE_CURVE('',#3309,#3310,#284,.F.);
#2464=EDGE_CURVE('',#3310,#3295,#3837,.T.);
#2465=EDGE_CURVE('',#3294,#3311,#3838,.T.);
#2466=EDGE_CURVE('',#3312,#3311,#3839,.T.);
#2467=EDGE_CURVE('',#3312,#3313,#196,.F.);
#2468=EDGE_CURVE('',#3313,#3300,#3840,.T.);
#2469=EDGE_CURVE('',#3314,#3315,#3841,.T.);
#2470=EDGE_CURVE('',#3314,#3316,#285,.F.);
#2471=EDGE_CURVE('',#3291,#3316,#3842,.T.);
#2472=EDGE_CURVE('',#3027,#3290,#3843,.T.);
#2473=EDGE_CURVE('',#3030,#3317,#3844,.T.);
#2474=EDGE_CURVE('',#3318,#3317,#3845,.T.);
#2475=EDGE_CURVE('',#3318,#3315,#3846,.T.);
#2476=EDGE_CURVE('',#3298,#3319,#3847,.T.);
#2477=EDGE_CURVE('',#3319,#3299,#286,.F.);
#2478=EDGE_CURVE('',#3270,#3320,#287,.F.);
#2479=EDGE_CURVE('',#3320,#3271,#3848,.T.);
#2480=EDGE_CURVE('',#3321,#3321,#288,.T.);
#2481=EDGE_CURVE('',#3322,#3323,#3849,.T.);
#2482=EDGE_CURVE('',#3323,#3324,#3850,.T.);
#2483=EDGE_CURVE('',#3324,#3325,#3851,.T.);
#2484=EDGE_CURVE('',#3325,#3326,#289,.T.);
#2485=EDGE_CURVE('',#3322,#3326,#3852,.T.);
#2486=EDGE_CURVE('',#3296,#3327,#3853,.T.);
#2487=EDGE_CURVE('',#3327,#3328,#3854,.T.);
#2488=EDGE_CURVE('',#3328,#3297,#3855,.T.);
#2489=EDGE_CURVE('',#3119,#3324,#3856,.T.);
#2490=EDGE_CURVE('',#3324,#3120,#3857,.T.);
#2491=EDGE_CURVE('',#3329,#3329,#290,.T.);
#2492=EDGE_CURVE('',#3330,#3330,#291,.T.);
#2493=EDGE_CURVE('',#3331,#3332,#3858,.T.);
#2494=EDGE_CURVE('',#3332,#3333,#3859,.T.);
#2495=EDGE_CURVE('',#3334,#3333,#3860,.T.);
#2496=EDGE_CURVE('',#3335,#3334,#3861,.T.);
#2497=EDGE_CURVE('',#3335,#3336,#3862,.T.);
#2498=EDGE_CURVE('',#3337,#3336,#3863,.T.);
#2499=EDGE_CURVE('',#3337,#3338,#3864,.T.);
#2500=EDGE_CURVE('',#3338,#3339,#292,.T.);
#2501=EDGE_CURVE('',#3340,#3339,#3865,.T.);
#2502=EDGE_CURVE('',#3340,#3293,#3866,.T.);
#2503=EDGE_CURVE('',#3066,#3292,#3867,.T.);
#2504=EDGE_CURVE('',#3065,#3341,#3868,.T.);
#2505=EDGE_CURVE('',#3341,#3342,#3869,.T.);
#2506=EDGE_CURVE('',#3342,#3343,#293,.T.);
#2507=EDGE_CURVE('',#3331,#3343,#3870,.T.);
#2508=EDGE_CURVE('',#3337,#3344,#3871,.T.);
#2509=EDGE_CURVE('',#3300,#3344,#3872,.T.);
#2510=EDGE_CURVE('',#3313,#3338,#3873,.T.);
#2511=EDGE_CURVE('',#3071,#3289,#3874,.T.);
#2512=EDGE_CURVE('',#3070,#3345,#3875,.F.);
#2513=EDGE_CURVE('',#3345,#3346,#3876,.T.);
#2514=EDGE_CURVE('',#3346,#3026,#3877,.T.);
#2515=EDGE_CURVE('',#3258,#3347,#294,.F.);
#2516=EDGE_CURVE('',#3347,#3348,#3878,.F.);
#2517=EDGE_CURVE('',#3348,#3255,#197,.F.);
#2518=EDGE_CURVE('',#3248,#3349,#198,.T.);
#2519=EDGE_CURVE('',#3349,#3350,#3879,.F.);
#2520=EDGE_CURVE('',#3350,#3267,#295,.T.);
#2521=EDGE_CURVE('',#3266,#3351,#296,.T.);
#2522=EDGE_CURVE('',#3351,#3352,#3880,.F.);
#2523=EDGE_CURVE('',#3352,#3263,#199,.F.);
#2524=EDGE_CURVE('',#3262,#3353,#200,.T.);
#2525=EDGE_CURVE('',#3353,#3354,#3881,.F.);
#2526=EDGE_CURVE('',#3354,#3259,#297,.F.);
#2527=EDGE_CURVE('',#3284,#3040,#3882,.F.);
#2528=EDGE_CURVE('',#3039,#3075,#3883,.T.);
#2529=EDGE_CURVE('',#3074,#3285,#3884,.T.);
#2530=EDGE_CURVE('',#3041,#3283,#3885,.T.);
#2531=EDGE_CURVE('',#3042,#3282,#3886,.T.);
#2532=EDGE_CURVE('',#3043,#3281,#3887,.T.);
#2533=EDGE_CURVE('',#3355,#3355,#298,.T.);
#2534=EDGE_CURVE('',#3356,#3356,#299,.T.);
#2535=EDGE_CURVE('',#3357,#3357,#300,.T.);
#2536=EDGE_CURVE('',#3046,#3278,#3888,.T.);
#2537=EDGE_CURVE('',#3047,#3277,#3889,.T.);
#2538=EDGE_CURVE('',#3276,#3048,#3890,.F.);
#2539=EDGE_CURVE('',#3274,#3050,#3891,.F.);
#2540=EDGE_CURVE('',#3049,#3275,#3892,.T.);
#2541=EDGE_CURVE('',#3217,#3358,#3893,.T.);
#2542=EDGE_CURVE('',#3358,#3359,#3894,.F.);
#2543=EDGE_CURVE('',#3359,#3219,#3895,.T.);
#2544=EDGE_CURVE('',#3220,#3360,#3896,.T.);
#2545=EDGE_CURVE('',#3360,#3361,#3897,.F.);
#2546=EDGE_CURVE('',#3361,#3226,#3898,.T.);
#2547=EDGE_CURVE('',#3225,#3362,#3899,.T.);
#2548=EDGE_CURVE('',#3362,#3363,#3900,.F.);
#2549=EDGE_CURVE('',#3363,#3228,#3901,.T.);
#2550=EDGE_CURVE('',#3031,#3273,#3902,.T.);
#2551=EDGE_CURVE('',#3364,#3365,#3903,.T.);
#2552=EDGE_CURVE('',#3364,#3079,#3904,.F.);
#2553=EDGE_CURVE('',#3036,#3078,#3905,.T.);
#2554=EDGE_CURVE('',#3035,#3365,#3906,.T.);
#2555=EDGE_CURVE('',#3037,#3077,#3907,.T.);
#2556=EDGE_CURVE('',#3038,#3076,#3908,.T.);
#2557=EDGE_CURVE('',#3365,#3230,#301,.F.);
#2558=EDGE_CURVE('',#3184,#3364,#302,.F.);
#2559=EDGE_CURVE('',#3080,#3183,#3909,.T.);
#2560=EDGE_CURVE('',#3286,#3254,#3910,.F.);
#2561=EDGE_CURVE('',#3366,#3367,#147,.T.);
#2562=EDGE_CURVE('',#3366,#3367,#3911,.T.);
#2563=EDGE_CURVE('',#3368,#3369,#148,.T.);
#2564=EDGE_CURVE('',#3368,#3369,#3912,.T.);
#2565=EDGE_CURVE('',#3305,#3342,#3913,.T.);
#2566=EDGE_CURVE('',#3304,#3343,#3914,.T.);
#2567=EDGE_CURVE('',#3312,#3339,#3915,.T.);
#2568=EDGE_CURVE('',#3118,#3325,#3916,.T.);
#2569=EDGE_CURVE('',#3117,#3326,#3917,.T.);
#2570=EDGE_CURVE('',#3370,#3370,#303,.T.);
#2571=EDGE_CURVE('',#3371,#3371,#304,.T.);
#2572=EDGE_CURVE('',#3372,#3372,#305,.T.);
#2573=EDGE_CURVE('',#3373,#3373,#306,.T.);
#2574=EDGE_CURVE('',#3202,#3227,#149,.T.);
#2575=EDGE_CURVE('',#3366,#3367,#307,.T.);
#2576=EDGE_CURVE('',#3368,#3369,#308,.T.);
#2577=EDGE_CURVE('',#3374,#3374,#309,.T.);
#2578=EDGE_CURVE('',#3375,#3375,#310,.T.);
#2579=EDGE_CURVE('',#3376,#3376,#311,.T.);
#2580=EDGE_CURVE('',#3377,#3115,#150,.T.);
#2581=EDGE_CURVE('',#3378,#3377,#3918,.T.);
#2582=EDGE_CURVE('',#3319,#3378,#151,.T.);
#2583=EDGE_CURVE('',#3116,#3328,#3919,.T.);
#2584=EDGE_CURVE('',#3379,#3320,#152,.T.);
#2585=EDGE_CURVE('',#3380,#3379,#3920,.T.);
#2586=EDGE_CURVE('',#3122,#3380,#153,.T.);
#2587=EDGE_CURVE('',#3178,#3121,#3921,.T.);
#2588=EDGE_CURVE('',#3272,#3177,#3922,.T.);
#2589=EDGE_CURVE('',#3061,#3381,#3923,.T.);
#2590=EDGE_CURVE('',#3381,#3382,#3924,.F.);
#2591=EDGE_CURVE('',#3382,#3176,#3925,.T.);
#2592=EDGE_CURVE('',#3175,#3383,#3926,.T.);
#2593=EDGE_CURVE('',#3384,#3383,#3927,.T.);
#2594=EDGE_CURVE('',#3323,#3384,#3928,.T.);
#2595=EDGE_CURVE('',#3385,#3322,#3929,.T.);
#2596=EDGE_CURVE('',#3386,#3385,#3930,.T.);
#2597=EDGE_CURVE('',#3386,#3327,#3931,.T.);
#2598=EDGE_CURVE('',#3309,#3310,#154,.T.);
#2599=EDGE_CURVE('',#3307,#3308,#155,.T.);
#2600=EDGE_CURVE('',#3311,#3340,#3932,.T.);
#2601=EDGE_CURVE('',#3387,#3335,#3933,.T.);
#2602=EDGE_CURVE('',#3388,#3387,#3934,.T.);
#2603=EDGE_CURVE('',#3388,#3333,#3935,.T.);
#2604=EDGE_CURVE('',#3389,#3332,#3936,.T.);
#2605=EDGE_CURVE('',#3303,#3389,#3937,.T.);
#2606=EDGE_CURVE('',#3390,#3302,#156,.T.);
#2607=EDGE_CURVE('',#3391,#3390,#3938,.T.);
#2608=EDGE_CURVE('',#3392,#3391,#201,.T.);
#2609=EDGE_CURVE('',#3393,#3392,#3939,.T.);
#2610=EDGE_CURVE('',#3301,#3393,#157,.T.);
#2611=EDGE_CURVE('',#3344,#3336,#3940,.T.);
#2612=EDGE_CURVE('',#3389,#3331,#3941,.T.);
#2613=EDGE_CURVE('',#3306,#3341,#3942,.T.);
#2614=EDGE_CURVE('',#3394,#3395,#3943,.T.);
#2615=EDGE_CURVE('',#3395,#3396,#202,.T.);
#2616=EDGE_CURVE('',#3396,#3397,#3944,.T.);
#2617=EDGE_CURVE('',#3397,#3314,#158,.T.);
#2618=EDGE_CURVE('',#3315,#3398,#3945,.T.);
#2619=EDGE_CURVE('',#3399,#3398,#3946,.T.);
#2620=EDGE_CURVE('',#3399,#3067,#3947,.F.);
#2621=EDGE_CURVE('',#3316,#3400,#159,.T.);
#2622=EDGE_CURVE('',#3400,#3401,#3948,.T.);
#2623=EDGE_CURVE('',#3401,#3394,#203,.T.);
#2624=EDGE_CURVE('',#3385,#3117,#3949,.T.);
#2625=EDGE_CURVE('',#3386,#3116,#3950,.T.);
#2626=EDGE_CURVE('',#3384,#3120,#3951,.T.);
#2627=EDGE_CURVE('',#3383,#3121,#3952,.T.);
#2628=EDGE_CURVE('',#3402,#3402,#312,.T.);
#2629=EDGE_CURVE('',#3379,#3380,#313,.T.);
#2630=EDGE_CURVE('',#3403,#3403,#314,.T.);
#2631=EDGE_CURVE('',#3377,#3378,#315,.T.);
#2632=EDGE_CURVE('',#3391,#3392,#316,.T.);
#2633=EDGE_CURVE('',#3390,#3393,#317,.T.);
#2634=EDGE_CURVE('',#3400,#3397,#318,.T.);
#2635=EDGE_CURVE('',#3401,#3396,#319,.T.);
#2636=EDGE_CURVE('',#3395,#3394,#320,.T.);
#2637=EDGE_CURVE('',#3398,#3318,#3953,.T.);
#2638=EDGE_CURVE('',#3404,#3405,#3954,.T.);
#2639=EDGE_CURVE('',#3405,#3406,#321,.T.);
#2640=EDGE_CURVE('',#3407,#3406,#3955,.T.);
#2641=EDGE_CURVE('',#3407,#3404,#322,.F.);
#2642=EDGE_CURVE('',#3317,#3405,#3956,.T.);
#2643=EDGE_CURVE('',#3404,#3399,#3957,.T.);
#2644=EDGE_CURVE('',#3406,#3346,#3958,.T.);
#2645=EDGE_CURVE('',#3345,#3407,#3959,.T.);
#2646=EDGE_CURVE('',#3405,#3029,#3960,.T.);
#2647=EDGE_CURVE('',#3406,#3028,#3961,.T.);
#2648=EDGE_CURVE('',#3407,#3069,#3962,.T.);
#2649=EDGE_CURVE('',#3404,#3068,#3963,.T.);
#2650=EDGE_CURVE('',#3408,#3409,#323,.T.);
#2651=EDGE_CURVE('',#3410,#3408,#3964,.T.);
#2652=EDGE_CURVE('',#3410,#3411,#324,.T.);
#2653=EDGE_CURVE('',#3411,#3409,#3965,.T.);
#2654=EDGE_CURVE('',#3409,#3081,#3966,.T.);
#2655=EDGE_CURVE('',#3411,#3082,#3967,.T.);
#2656=EDGE_CURVE('',#3408,#3183,#3968,.T.);
#2657=EDGE_CURVE('',#3410,#3182,#3969,.T.);
#2658=EDGE_CURVE('',#3412,#3412,#325,.T.);
#2659=EDGE_CURVE('',#3413,#3413,#326,.T.);
#2660=EDGE_CURVE('',#3254,#3414,#3970,.T.);
#2661=EDGE_CURVE('',#3253,#3415,#3971,.T.);
#2662=EDGE_CURVE('',#3415,#3414,#3972,.T.);
#2663=EDGE_CURVE('',#3414,#3287,#327,.T.);
#2664=EDGE_CURVE('',#3415,#3288,#328,.T.);
#2665=EDGE_CURVE('',#3252,#3251,#329,.T.);
#2666=EDGE_CURVE('',#3416,#3416,#330,.T.);
#2667=EDGE_CURVE('',#3191,#3417,#3973,.T.);
#2668=EDGE_CURVE('',#3417,#3418,#3974,.T.);
#2669=EDGE_CURVE('',#3192,#3418,#3975,.T.);
#2670=EDGE_CURVE('',#3418,#3241,#3976,.F.);
#2671=EDGE_CURVE('',#3193,#3240,#3977,.T.);
#2672=EDGE_CURVE('',#3361,#3153,#204,.T.);
#2673=EDGE_CURVE('',#3243,#3419,#3978,.F.);
#2674=EDGE_CURVE('',#3190,#3419,#3979,.T.);
#2675=EDGE_CURVE('',#3154,#3360,#205,.F.);
#2676=EDGE_CURVE('',#3419,#3417,#3980,.T.);
#2677=EDGE_CURVE('',#3214,#3189,#3981,.T.);
#2678=EDGE_CURVE('',#3213,#3420,#3982,.T.);
#2679=EDGE_CURVE('',#3420,#3244,#3983,.T.);
#2680=EDGE_CURVE('',#3359,#3157,#331,.T.);
#2681=EDGE_CURVE('',#3421,#3422,#160,.T.);
#2682=EDGE_CURVE('',#3422,#3423,#3984,.T.);
#2683=EDGE_CURVE('',#3204,#3423,#3985,.T.);
#2684=EDGE_CURVE('',#3158,#3421,#206,.F.);
#2685=EDGE_CURVE('',#3211,#3424,#3986,.T.);
#2686=EDGE_CURVE('',#3424,#3425,#3987,.T.);
#2687=EDGE_CURVE('',#3425,#3212,#3988,.T.);
#2688=EDGE_CURVE('',#3227,#3202,#3989,.T.);
#2689=EDGE_CURVE('',#3194,#3426,#3990,.T.);
#2690=EDGE_CURVE('',#3426,#3427,#3991,.T.);
#2691=EDGE_CURVE('',#3195,#3427,#3992,.T.);
#2692=EDGE_CURVE('',#3427,#3428,#3993,.T.);
#2693=EDGE_CURVE('',#3196,#3428,#3994,.T.);
#2694=EDGE_CURVE('',#3428,#3429,#3995,.T.);
#2695=EDGE_CURVE('',#3197,#3429,#3996,.T.);
#2696=EDGE_CURVE('',#3429,#3430,#3997,.T.);
#2697=EDGE_CURVE('',#3198,#3430,#3998,.T.);
#2698=EDGE_CURVE('',#3430,#3431,#3999,.T.);
#2699=EDGE_CURVE('',#3199,#3431,#4000,.T.);
#2700=EDGE_CURVE('',#3431,#3432,#4001,.T.);
#2701=EDGE_CURVE('',#3200,#3432,#4002,.T.);
#2702=EDGE_CURVE('',#3432,#3433,#4003,.T.);
#2703=EDGE_CURVE('',#3201,#3433,#4004,.T.);
#2704=EDGE_CURVE('',#3433,#3434,#4005,.T.);
#2705=EDGE_CURVE('',#3434,#3435,#161,.T.);
#2706=EDGE_CURVE('',#3435,#3149,#207,.F.);
#2707=EDGE_CURVE('',#3150,#3436,#208,.F.);
#2708=EDGE_CURVE('',#3436,#3437,#162,.T.);
#2709=EDGE_CURVE('',#3437,#3426,#4006,.T.);
#2710=EDGE_CURVE('',#3425,#3420,#4007,.T.);
#2711=EDGE_CURVE('',#3358,#3438,#209,.T.);
#2712=EDGE_CURVE('',#3438,#3421,#163,.F.);
#2713=EDGE_CURVE('',#3435,#3439,#164,.T.);
#2714=EDGE_CURVE('',#3439,#3363,#210,.T.);
#2715=EDGE_CURVE('',#3362,#3440,#211,.T.);
#2716=EDGE_CURVE('',#3440,#3436,#165,.F.);
#2717=EDGE_CURVE('',#3245,#3425,#4008,.T.);
#2718=EDGE_CURVE('',#3231,#3424,#4009,.F.);
#2719=EDGE_CURVE('',#3438,#3217,#166,.F.);
#2720=EDGE_CURVE('',#3422,#3207,#167,.T.);
#2721=EDGE_CURVE('',#3423,#3205,#4010,.F.);
#2722=EDGE_CURVE('',#3228,#3439,#168,.F.);
#2723=EDGE_CURVE('',#3229,#3434,#169,.T.);
#2724=EDGE_CURVE('',#3232,#3433,#4011,.T.);
#2725=EDGE_CURVE('',#3233,#3432,#4012,.T.);
#2726=EDGE_CURVE('',#3234,#3431,#4013,.F.);
#2727=EDGE_CURVE('',#3235,#3430,#4014,.T.);
#2728=EDGE_CURVE('',#3236,#3429,#4015,.T.);
#2729=EDGE_CURVE('',#3237,#3428,#4016,.T.);
#2730=EDGE_CURVE('',#3238,#3427,#4017,.T.);
#2731=EDGE_CURVE('',#3239,#3426,#4018,.F.);
#2732=EDGE_CURVE('',#3223,#3437,#170,.F.);
#2733=EDGE_CURVE('',#3225,#3440,#171,.T.);
#2734=EDGE_CURVE('',#3242,#3417,#4019,.F.);
#2735=EDGE_CURVE('',#3188,#3215,#4020,.F.);
#2736=EDGE_CURVE('',#3185,#3210,#4021,.T.);
#2737=EDGE_CURVE('',#3186,#3209,#4022,.F.);
#2738=EDGE_CURVE('',#3187,#3216,#4023,.T.);
#2739=EDGE_CURVE('',#3181,#3381,#4024,.T.);
#2740=EDGE_CURVE('',#3382,#3180,#4025,.T.);
#2741=EDGE_CURVE('',#3177,#3179,#4026,.T.);
#2742=EDGE_CURVE('',#3053,#3173,#4027,.T.);
#2743=EDGE_CURVE('',#3052,#3269,#4028,.T.);
#2744=EDGE_CURVE('',#3051,#3268,#4029,.T.);
#2745=EDGE_CURVE('',#3441,#3442,#4030,.T.);
#2746=EDGE_CURVE('',#3442,#3443,#4031,.T.);
#2747=EDGE_CURVE('',#3444,#3443,#4032,.T.);
#2748=EDGE_CURVE('',#3444,#3441,#4033,.F.);
#2749=EDGE_CURVE('',#3443,#3445,#332,.F.);
#2750=EDGE_CURVE('',#3446,#3445,#4034,.T.);
#2751=EDGE_CURVE('',#3446,#3162,#333,.T.);
#2752=EDGE_CURVE('',#3163,#3447,#334,.T.);
#2753=EDGE_CURVE('',#3447,#3448,#4035,.T.);
#2754=EDGE_CURVE('',#3448,#3444,#335,.F.);
#2755=EDGE_CURVE('',#3449,#3450,#4036,.F.);
#2756=EDGE_CURVE('',#3450,#3446,#4037,.F.);
#2757=EDGE_CURVE('',#3445,#3449,#4038,.F.);
#2758=EDGE_CURVE('',#3447,#3451,#4039,.T.);
#2759=EDGE_CURVE('',#3451,#3452,#4040,.F.);
#2760=EDGE_CURVE('',#3452,#3448,#4041,.T.);
#2761=EDGE_CURVE('',#3453,#3454,#4042,.T.);
#2762=EDGE_CURVE('',#3454,#3455,#4043,.T.);
#2763=EDGE_CURVE('',#3455,#3456,#4044,.T.);
#2764=EDGE_CURVE('',#3456,#3453,#4045,.T.);
#2765=EDGE_CURVE('',#3457,#3458,#4046,.T.);
#2766=EDGE_CURVE('',#3458,#3459,#172,.F.);
#2767=EDGE_CURVE('',#3459,#3460,#173,.F.);
#2768=EDGE_CURVE('',#3460,#3461,#4047,.T.);
#2769=EDGE_CURVE('',#3461,#3462,#4048,.T.);
#2770=EDGE_CURVE('',#3462,#3457,#4049,.F.);
#2771=EDGE_CURVE('',#3463,#3464,#4050,.T.);
#2772=EDGE_CURVE('',#3463,#3465,#4051,.F.);
#2773=EDGE_CURVE('',#3465,#3466,#4052,.T.);
#2774=EDGE_CURVE('',#3466,#3464,#4053,.F.);
#2775=EDGE_CURVE('',#3464,#3453,#336,.T.);
#2776=EDGE_CURVE('',#3456,#3462,#337,.T.);
#2777=EDGE_CURVE('',#3461,#3093,#338,.F.);
#2778=EDGE_CURVE('',#3113,#3463,#339,.F.);
#2779=EDGE_CURVE('',#3467,#3468,#4054,.T.);
#2780=EDGE_CURVE('',#3468,#3469,#4055,.T.);
#2781=EDGE_CURVE('',#3469,#3470,#4056,.F.);
#2782=EDGE_CURVE('',#3470,#3467,#4057,.T.);
#2783=EDGE_CURVE('',#3471,#3472,#4058,.T.);
#2784=EDGE_CURVE('',#3472,#3102,#174,.T.);
#2785=EDGE_CURVE('',#3103,#3471,#4059,.T.);
#2786=EDGE_CURVE('',#3473,#3474,#4060,.T.);
#2787=EDGE_CURVE('',#3473,#3475,#4061,.F.);
#2788=EDGE_CURVE('',#3475,#3476,#4062,.T.);
#2789=EDGE_CURVE('',#3476,#3474,#4063,.F.);
#2790=EDGE_CURVE('',#3474,#3467,#340,.T.);
#2791=EDGE_CURVE('',#3470,#3477,#341,.T.);
#2792=EDGE_CURVE('',#3106,#3477,#4064,.T.);
#2793=EDGE_CURVE('',#3105,#3473,#342,.F.);
#2794=EDGE_CURVE('',#3477,#3478,#4065,.T.);
#2795=EDGE_CURVE('',#3478,#3107,#4066,.T.);
#2796=EDGE_CURVE('',#3479,#3480,#4067,.T.);
#2797=EDGE_CURVE('',#3479,#3481,#4068,.F.);
#2798=EDGE_CURVE('',#3481,#3482,#4069,.T.);
#2799=EDGE_CURVE('',#3482,#3480,#4070,.T.);
#2800=EDGE_CURVE('',#3129,#3483,#343,.T.);
#2801=EDGE_CURVE('',#3483,#3484,#4071,.T.);
#2802=EDGE_CURVE('',#3484,#3479,#344,.F.);
#2803=EDGE_CURVE('',#3480,#3485,#345,.F.);
#2804=EDGE_CURVE('',#3486,#3485,#4072,.T.);
#2805=EDGE_CURVE('',#3486,#3170,#346,.T.);
#2806=EDGE_CURVE('',#3487,#3488,#4073,.F.);
#2807=EDGE_CURVE('',#3488,#3486,#4074,.F.);
#2808=EDGE_CURVE('',#3485,#3487,#4075,.F.);
#2809=EDGE_CURVE('',#3483,#3489,#4076,.T.);
#2810=EDGE_CURVE('',#3489,#3490,#4077,.F.);
#2811=EDGE_CURVE('',#3490,#3484,#4078,.T.);
#2812=EDGE_CURVE('',#3491,#3492,#4079,.T.);
#2813=EDGE_CURVE('',#3491,#3493,#4080,.F.);
#2814=EDGE_CURVE('',#3493,#3494,#4081,.T.);
#2815=EDGE_CURVE('',#3494,#3492,#4082,.T.);
#2816=EDGE_CURVE('',#3131,#3495,#347,.T.);
#2817=EDGE_CURVE('',#3495,#3496,#4083,.T.);
#2818=EDGE_CURVE('',#3496,#3491,#348,.F.);
#2819=EDGE_CURVE('',#3492,#3497,#349,.F.);
#2820=EDGE_CURVE('',#3498,#3497,#4084,.T.);
#2821=EDGE_CURVE('',#3498,#3132,#350,.T.);
#2822=EDGE_CURVE('',#3499,#3500,#4085,.F.);
#2823=EDGE_CURVE('',#3500,#3498,#4086,.F.);
#2824=EDGE_CURVE('',#3497,#3499,#4087,.F.);
#2825=EDGE_CURVE('',#3495,#3501,#4088,.T.);
#2826=EDGE_CURVE('',#3501,#3502,#4089,.F.);
#2827=EDGE_CURVE('',#3502,#3496,#4090,.T.);
#2828=EDGE_CURVE('',#3503,#3504,#4091,.T.);
#2829=EDGE_CURVE('',#3503,#3505,#4092,.F.);
#2830=EDGE_CURVE('',#3505,#3506,#4093,.T.);
#2831=EDGE_CURVE('',#3506,#3504,#4094,.T.);
#2832=EDGE_CURVE('',#3137,#3507,#351,.T.);
#2833=EDGE_CURVE('',#3507,#3508,#4095,.T.);
#2834=EDGE_CURVE('',#3508,#3503,#352,.F.);
#2835=EDGE_CURVE('',#3504,#3509,#353,.F.);
#2836=EDGE_CURVE('',#3510,#3509,#4096,.T.);
#2837=EDGE_CURVE('',#3510,#3138,#354,.T.);
#2838=EDGE_CURVE('',#3511,#3512,#4097,.F.);
#2839=EDGE_CURVE('',#3512,#3510,#4098,.F.);
#2840=EDGE_CURVE('',#3509,#3511,#4099,.F.);
#2841=EDGE_CURVE('',#3507,#3513,#4100,.T.);
#2842=EDGE_CURVE('',#3513,#3514,#4101,.F.);
#2843=EDGE_CURVE('',#3514,#3508,#4102,.T.);
#2844=EDGE_CURVE('',#3515,#3516,#4103,.T.);
#2845=EDGE_CURVE('',#3516,#3517,#4104,.T.);
#2846=EDGE_CURVE('',#3518,#3517,#4105,.T.);
#2847=EDGE_CURVE('',#3518,#3515,#4106,.T.);
#2848=EDGE_CURVE('',#3519,#3520,#4107,.T.);
#2849=EDGE_CURVE('',#3519,#3521,#4108,.F.);
#2850=EDGE_CURVE('',#3521,#3522,#4109,.F.);
#2851=EDGE_CURVE('',#3522,#3520,#4110,.F.);
#2852=EDGE_CURVE('',#3517,#3523,#355,.F.);
#2853=EDGE_CURVE('',#3524,#3523,#4111,.T.);
#2854=EDGE_CURVE('',#3524,#3098,#356,.T.);
#2855=EDGE_CURVE('',#3097,#3519,#357,.T.);
#2856=EDGE_CURVE('',#3520,#3518,#358,.F.);
#2857=EDGE_CURVE('',#3525,#3526,#4112,.F.);
#2858=EDGE_CURVE('',#3526,#3524,#4113,.F.);
#2859=EDGE_CURVE('',#3523,#3525,#4114,.F.);
#2860=EDGE_CURVE('',#3441,#3527,#4115,.F.);
#2861=EDGE_CURVE('',#3527,#3528,#4116,.F.);
#2862=EDGE_CURVE('',#3528,#3442,#4117,.F.);
#2863=EDGE_CURVE('',#3481,#3529,#4118,.F.);
#2864=EDGE_CURVE('',#3529,#3530,#4119,.F.);
#2865=EDGE_CURVE('',#3530,#3482,#4120,.F.);
#2866=EDGE_CURVE('',#3531,#3532,#4121,.F.);
#2867=EDGE_CURVE('',#3532,#3533,#4122,.F.);
#2868=EDGE_CURVE('',#3533,#3534,#4123,.F.);
#2869=EDGE_CURVE('',#3534,#3531,#4124,.F.);
#2870=EDGE_CURVE('',#3471,#3535,#4125,.F.);
#2871=EDGE_CURVE('',#3535,#3536,#4126,.F.);
#2872=EDGE_CURVE('',#3536,#3537,#4127,.F.);
#2873=EDGE_CURVE('',#3537,#3472,#175,.F.);
#2874=EDGE_CURVE('',#3493,#3538,#4128,.F.);
#2875=EDGE_CURVE('',#3538,#3539,#4129,.F.);
#2876=EDGE_CURVE('',#3539,#3494,#4130,.F.);
#2877=EDGE_CURVE('',#3515,#3540,#4131,.F.);
#2878=EDGE_CURVE('',#3540,#3541,#4132,.F.);
#2879=EDGE_CURVE('',#3541,#3516,#4133,.F.);
#2880=EDGE_CURVE('',#3505,#3542,#4134,.F.);
#2881=EDGE_CURVE('',#3542,#3543,#4135,.F.);
#2882=EDGE_CURVE('',#3543,#3506,#4136,.F.);
#2883=EDGE_CURVE('',#3513,#3542,#212,.F.);
#2884=EDGE_CURVE('',#3514,#3505,#213,.T.);
#2885=EDGE_CURVE('',#3528,#3450,#214,.F.);
#2886=EDGE_CURVE('',#3442,#3449,#215,.T.);
#2887=EDGE_CURVE('',#3451,#3527,#216,.F.);
#2888=EDGE_CURVE('',#3452,#3441,#217,.T.);
#2889=EDGE_CURVE('',#3475,#3537,#218,.F.);
#2890=EDGE_CURVE('',#3536,#3476,#359,.F.);
#2891=EDGE_CURVE('',#3465,#3532,#219,.F.);
#2892=EDGE_CURVE('',#3531,#3466,#360,.F.);
#2893=EDGE_CURVE('',#3478,#3535,#361,.F.);
#2894=EDGE_CURVE('',#3469,#3478,#362,.T.);
#2895=EDGE_CURVE('',#3533,#3458,#220,.F.);
#2896=EDGE_CURVE('',#3457,#3534,#363,.T.);
#2897=EDGE_CURVE('',#3455,#3457,#364,.T.);
#2898=EDGE_CURVE('',#3481,#3490,#221,.T.);
#2899=EDGE_CURVE('',#3489,#3529,#222,.F.);
#2900=EDGE_CURVE('',#3530,#3488,#223,.F.);
#2901=EDGE_CURVE('',#3482,#3487,#224,.T.);
#2902=EDGE_CURVE('',#3493,#3502,#225,.T.);
#2903=EDGE_CURVE('',#3501,#3538,#226,.F.);
#2904=EDGE_CURVE('',#3499,#3494,#227,.F.);
#2905=EDGE_CURVE('',#3539,#3500,#228,.F.);
#2906=EDGE_CURVE('',#3541,#3526,#229,.F.);
#2907=EDGE_CURVE('',#3516,#3525,#230,.T.);
#2908=EDGE_CURVE('',#3521,#3540,#231,.F.);
#2909=EDGE_CURVE('',#3522,#3515,#232,.F.);
#2910=EDGE_CURVE('',#3511,#3506,#233,.F.);
#2911=EDGE_CURVE('',#3543,#3512,#234,.F.);
#2912=EDGE_CURVE('',#3465,#3112,#365,.T.);
#2913=EDGE_CURVE('',#3532,#3111,#366,.T.);
#2914=EDGE_CURVE('',#3169,#3460,#176,.F.);
#2915=EDGE_CURVE('',#3533,#3110,#367,.T.);
#2916=EDGE_CURVE('',#3454,#3466,#368,.T.);
#2917=EDGE_CURVE('',#3454,#3531,#369,.T.);
#2918=EDGE_CURVE('',#3455,#3534,#370,.T.);
#2919=EDGE_CURVE('',#3451,#3167,#371,.T.);
#2920=EDGE_CURVE('',#3527,#3166,#372,.T.);
#2921=EDGE_CURVE('',#3528,#3165,#373,.T.);
#2922=EDGE_CURVE('',#3450,#3164,#374,.T.);
#2923=EDGE_CURVE('',#3475,#3104,#375,.T.);
#2924=EDGE_CURVE('',#3171,#3488,#376,.T.);
#2925=EDGE_CURVE('',#3126,#3530,#377,.T.);
#2926=EDGE_CURVE('',#3127,#3529,#378,.T.);
#2927=EDGE_CURVE('',#3128,#3489,#379,.T.);
#2928=EDGE_CURVE('',#3099,#3526,#380,.T.);
#2929=EDGE_CURVE('',#3100,#3541,#381,.T.);
#2930=EDGE_CURVE('',#3101,#3540,#382,.T.);
#2931=EDGE_CURVE('',#3096,#3521,#383,.T.);
#2932=EDGE_CURVE('',#3139,#3512,#384,.T.);
#2933=EDGE_CURVE('',#3140,#3543,#385,.T.);
#2934=EDGE_CURVE('',#3141,#3542,#386,.T.);
#2935=EDGE_CURVE('',#3136,#3513,#387,.T.);
#2936=EDGE_CURVE('',#3133,#3500,#388,.T.);
#2937=EDGE_CURVE('',#3134,#3539,#389,.T.);
#2938=EDGE_CURVE('',#3135,#3538,#390,.T.);
#2939=EDGE_CURVE('',#3130,#3501,#391,.T.);
#2940=EDGE_CURVE('',#3468,#3476,#392,.T.);
#2941=EDGE_CURVE('',#3468,#3536,#393,.T.);
#2942=EDGE_CURVE('',#3469,#3535,#394,.T.);
#2943=EDGE_CURVE('',#3085,#3024,#4137,.T.);
#2944=EDGE_CURVE('',#3084,#3022,#4138,.T.);
#2945=EDGE_CURVE('',#3087,#3025,#4139,.T.);
#2946=EDGE_CURVE('',#3086,#3023,#4140,.T.);
#2947=EDGE_CURVE('',#3090,#3057,#4141,.T.);
#2948=EDGE_CURVE('',#3091,#3060,#4142,.T.);
#2949=EDGE_CURVE('',#3089,#3058,#4143,.T.);
#2950=EDGE_CURVE('',#3088,#3059,#4144,.T.);
#2951=EDGE_CURVE('',#3544,#3545,#4145,.T.);
#2952=EDGE_CURVE('',#3546,#3544,#4146,.T.);
#2953=EDGE_CURVE('',#3546,#3547,#4147,.T.);
#2954=EDGE_CURVE('',#3547,#3260,#395,.F.);
#2955=EDGE_CURVE('',#3354,#3545,#396,.F.);
#2956=EDGE_CURVE('',#3548,#3544,#4148,.T.);
#2957=EDGE_CURVE('',#3549,#3548,#4149,.T.);
#2958=EDGE_CURVE('',#3549,#3546,#4150,.T.);
#2959=EDGE_CURVE('',#3550,#3548,#4151,.T.);
#2960=EDGE_CURVE('',#3550,#3347,#397,.F.);
#2961=EDGE_CURVE('',#3257,#3551,#398,.F.);
#2962=EDGE_CURVE('',#3551,#3549,#4152,.T.);
#2963=EDGE_CURVE('',#3552,#3553,#4153,.T.);
#2964=EDGE_CURVE('',#3552,#3554,#235,.T.);
#2965=EDGE_CURVE('',#3555,#3554,#4154,.T.);
#2966=EDGE_CURVE('',#3555,#3556,#236,.T.);
#2967=EDGE_CURVE('',#3556,#3557,#4155,.T.);
#2968=EDGE_CURVE('',#3557,#3256,#237,.F.);
#2969=EDGE_CURVE('',#3348,#3553,#238,.F.);
#2970=EDGE_CURVE('',#3554,#3558,#4156,.T.);
#2971=EDGE_CURVE('',#3559,#3558,#4157,.T.);
#2972=EDGE_CURVE('',#3559,#3555,#4158,.F.);
#2973=EDGE_CURVE('',#3558,#3560,#239,.F.);
#2974=EDGE_CURVE('',#3560,#3561,#4159,.T.);
#2975=EDGE_CURVE('',#3561,#3353,#240,.T.);
#2976=EDGE_CURVE('',#3261,#3562,#241,.T.);
#2977=EDGE_CURVE('',#3563,#3562,#4160,.T.);
#2978=EDGE_CURVE('',#3563,#3559,#242,.F.);
#2979=EDGE_CURVE('',#3556,#3563,#4161,.T.);
#2980=EDGE_CURVE('',#3562,#3547,#4162,.F.);
#2981=EDGE_CURVE('',#3551,#3557,#4163,.F.);
#2982=EDGE_CURVE('',#3560,#3552,#4164,.F.);
#2983=EDGE_CURVE('',#3553,#3550,#4165,.T.);
#2984=EDGE_CURVE('',#3545,#3561,#4166,.T.);
#2985=EDGE_CURVE('',#3564,#3565,#4167,.T.);
#2986=EDGE_CURVE('',#3564,#3566,#243,.T.);
#2987=EDGE_CURVE('',#3567,#3566,#4168,.T.);
#2988=EDGE_CURVE('',#3567,#3568,#244,.T.);
#2989=EDGE_CURVE('',#3568,#3569,#4169,.T.);
#2990=EDGE_CURVE('',#3569,#3264,#245,.F.);
#2991=EDGE_CURVE('',#3352,#3565,#246,.F.);
#2992=EDGE_CURVE('',#3566,#3570,#4170,.F.);
#2993=EDGE_CURVE('',#3571,#3570,#4171,.T.);
#2994=EDGE_CURVE('',#3571,#3567,#4172,.T.);
#2995=EDGE_CURVE('',#3570,#3572,#247,.F.);
#2996=EDGE_CURVE('',#3572,#3573,#4173,.T.);
#2997=EDGE_CURVE('',#3573,#3349,#248,.T.);
#2998=EDGE_CURVE('',#3247,#3574,#249,.T.);
#2999=EDGE_CURVE('',#3575,#3574,#4174,.T.);
#3000=EDGE_CURVE('',#3575,#3571,#250,.F.);
#3001=EDGE_CURVE('',#3350,#3576,#399,.T.);
#3002=EDGE_CURVE('',#3576,#3577,#4175,.T.);
#3003=EDGE_CURVE('',#3578,#3577,#4176,.T.);
#3004=EDGE_CURVE('',#3579,#3578,#4177,.T.);
#3005=EDGE_CURVE('',#3579,#3246,#400,.T.);
#3006=EDGE_CURVE('',#3577,#3580,#4178,.T.);
#3007=EDGE_CURVE('',#3581,#3580,#4179,.T.);
#3008=EDGE_CURVE('',#3578,#3581,#4180,.T.);
#3009=EDGE_CURVE('',#3580,#3582,#4181,.T.);
#3010=EDGE_CURVE('',#3582,#3351,#401,.T.);
#3011=EDGE_CURVE('',#3265,#3583,#402,.T.);
#3012=EDGE_CURVE('',#3581,#3583,#4182,.T.);
#3013=EDGE_CURVE('',#3568,#3575,#4183,.F.);
#3014=EDGE_CURVE('',#3574,#3579,#4184,.F.);
#3015=EDGE_CURVE('',#3583,#3569,#4185,.F.);
#3016=EDGE_CURVE('',#3572,#3564,#4186,.T.);
#3017=EDGE_CURVE('',#3565,#3582,#4187,.T.);
#3018=EDGE_CURVE('',#3576,#3573,#4188,.T.);
#3019=EDGE_CURVE('',#3584,#3334,#4189,.T.);
#3020=EDGE_CURVE('',#3387,#3584,#4190,.T.);
#3021=EDGE_CURVE('',#3584,#3388,#4191,.T.);
#3022=VERTEX_POINT('',#8240);
#3023=VERTEX_POINT('',#8241);
#3024=VERTEX_POINT('',#8243);
#3025=VERTEX_POINT('',#8245);
#3026=VERTEX_POINT('',#8248);
#3027=VERTEX_POINT('',#8249);
#3028=VERTEX_POINT('',#8251);
#3029=VERTEX_POINT('',#8253);
#3030=VERTEX_POINT('',#8255);
#3031=VERTEX_POINT('',#8258);
#3032=VERTEX_POINT('',#8259);
#3033=VERTEX_POINT('',#8261);
#3034=VERTEX_POINT('',#8263);
#3035=VERTEX_POINT('',#8265);
#3036=VERTEX_POINT('',#8267);
#3037=VERTEX_POINT('',#8269);
#3038=VERTEX_POINT('',#8271);
#3039=VERTEX_POINT('',#8273);
#3040=VERTEX_POINT('',#8275);
#3041=VERTEX_POINT('',#8277);
#3042=VERTEX_POINT('',#8279);
#3043=VERTEX_POINT('',#8281);
#3044=VERTEX_POINT('',#8283);
#3045=VERTEX_POINT('',#8285);
#3046=VERTEX_POINT('',#8287);
#3047=VERTEX_POINT('',#8289);
#3048=VERTEX_POINT('',#8291);
#3049=VERTEX_POINT('',#8293);
#3050=VERTEX_POINT('',#8295);
#3051=VERTEX_POINT('',#8298);
#3052=VERTEX_POINT('',#8299);
#3053=VERTEX_POINT('',#8301);
#3054=VERTEX_POINT('',#8303);
#3055=VERTEX_POINT('',#8305);
#3056=VERTEX_POINT('',#8307);
#3057=VERTEX_POINT('',#8310);
#3058=VERTEX_POINT('',#8311);
#3059=VERTEX_POINT('',#8313);
#3060=VERTEX_POINT('',#8315);
#3061=VERTEX_POINT('',#8319);
#3062=VERTEX_POINT('',#8320);
#3063=VERTEX_POINT('',#8322);
#3064=VERTEX_POINT('',#8324);
#3065=VERTEX_POINT('',#8326);
#3066=VERTEX_POINT('',#8328);
#3067=VERTEX_POINT('',#8330);
#3068=VERTEX_POINT('',#8332);
#3069=VERTEX_POINT('',#8334);
#3070=VERTEX_POINT('',#8336);
#3071=VERTEX_POINT('',#8338);
#3072=VERTEX_POINT('',#8340);
#3073=VERTEX_POINT('',#8342);
#3074=VERTEX_POINT('',#8344);
#3075=VERTEX_POINT('',#8346);
#3076=VERTEX_POINT('',#8348);
#3077=VERTEX_POINT('',#8350);
#3078=VERTEX_POINT('',#8352);
#3079=VERTEX_POINT('',#8354);
#3080=VERTEX_POINT('',#8356);
#3081=VERTEX_POINT('',#8358);
#3082=VERTEX_POINT('',#8360);
#3083=VERTEX_POINT('',#8362);
#3084=VERTEX_POINT('',#8365);
#3085=VERTEX_POINT('',#8366);
#3086=VERTEX_POINT('',#8368);
#3087=VERTEX_POINT('',#8370);
#3088=VERTEX_POINT('',#8373);
#3089=VERTEX_POINT('',#8374);
#3090=VERTEX_POINT('',#8376);
#3091=VERTEX_POINT('',#8378);
#3092=VERTEX_POINT('',#8382);
#3093=VERTEX_POINT('',#8383);
#3094=VERTEX_POINT('',#8385);
#3095=VERTEX_POINT('',#8387);
#3096=VERTEX_POINT('',#8391);
#3097=VERTEX_POINT('',#8392);
#3098=VERTEX_POINT('',#8394);
#3099=VERTEX_POINT('',#8396);
#3100=VERTEX_POINT('',#8398);
#3101=VERTEX_POINT('',#8400);
#3102=VERTEX_POINT('',#8403);
#3103=VERTEX_POINT('',#8404);
#3104=VERTEX_POINT('',#8406);
#3105=VERTEX_POINT('',#8408);
#3106=VERTEX_POINT('',#8410);
#3107=VERTEX_POINT('',#8412);
#3108=VERTEX_POINT('',#8415);
#3109=VERTEX_POINT('',#8416);
#3110=VERTEX_POINT('',#8418);
#3111=VERTEX_POINT('',#8420);
#3112=VERTEX_POINT('',#8422);
#3113=VERTEX_POINT('',#8424);
#3114=VERTEX_POINT('',#8427);
#3115=VERTEX_POINT('',#8429);
#3116=VERTEX_POINT('',#8431);
#3117=VERTEX_POINT('',#8433);
#3118=VERTEX_POINT('',#8435);
#3119=VERTEX_POINT('',#8437);
#3120=VERTEX_POINT('',#8439);
#3121=VERTEX_POINT('',#8441);
#3122=VERTEX_POINT('',#8443);
#3123=VERTEX_POINT('',#8445);
#3124=VERTEX_POINT('',#8447);
#3125=VERTEX_POINT('',#8450);
#3126=VERTEX_POINT('',#8452);
#3127=VERTEX_POINT('',#8454);
#3128=VERTEX_POINT('',#8456);
#3129=VERTEX_POINT('',#8458);
#3130=VERTEX_POINT('',#8461);
#3131=VERTEX_POINT('',#8462);
#3132=VERTEX_POINT('',#8464);
#3133=VERTEX_POINT('',#8466);
#3134=VERTEX_POINT('',#8468);
#3135=VERTEX_POINT('',#8470);
#3136=VERTEX_POINT('',#8473);
#3137=VERTEX_POINT('',#8474);
#3138=VERTEX_POINT('',#8476);
#3139=VERTEX_POINT('',#8478);
#3140=VERTEX_POINT('',#8480);
#3141=VERTEX_POINT('',#8482);
#3142=VERTEX_POINT('',#8486);
#3143=VERTEX_POINT('',#8487);
#3144=VERTEX_POINT('',#8489);
#3145=VERTEX_POINT('',#8491);
#3146=VERTEX_POINT('',#8493);
#3147=VERTEX_POINT('',#8495);
#3148=VERTEX_POINT('',#8497);
#3149=VERTEX_POINT('',#8499);
#3150=VERTEX_POINT('',#8501);
#3151=VERTEX_POINT('',#8503);
#3152=VERTEX_POINT('',#8505);
#3153=VERTEX_POINT('',#8507);
#3154=VERTEX_POINT('',#8509);
#3155=VERTEX_POINT('',#8511);
#3156=VERTEX_POINT('',#8513);
#3157=VERTEX_POINT('',#8515);
#3158=VERTEX_POINT('',#8517);
#3159=VERTEX_POINT('',#8519);
#3160=VERTEX_POINT('',#8521);
#3161=VERTEX_POINT('',#8523);
#3162=VERTEX_POINT('',#8526);
#3163=VERTEX_POINT('',#8527);
#3164=VERTEX_POINT('',#8529);
#3165=VERTEX_POINT('',#8531);
#3166=VERTEX_POINT('',#8533);
#3167=VERTEX_POINT('',#8535);
#3168=VERTEX_POINT('',#8539);
#3169=VERTEX_POINT('',#8540);
#3170=VERTEX_POINT('',#8547);
#3171=VERTEX_POINT('',#8549);
#3172=VERTEX_POINT('',#8556);
#3173=VERTEX_POINT('',#8560);
#3174=VERTEX_POINT('',#8562);
#3175=VERTEX_POINT('',#8567);
#3176=VERTEX_POINT('',#8568);
#3177=VERTEX_POINT('',#8570);
#3178=VERTEX_POINT('',#8572);
#3179=VERTEX_POINT('',#8576);
#3180=VERTEX_POINT('',#8578);
#3181=VERTEX_POINT('',#8580);
#3182=VERTEX_POINT('',#8583);
#3183=VERTEX_POINT('',#8585);
#3184=VERTEX_POINT('',#8587);
#3185=VERTEX_POINT('',#8589);
#3186=VERTEX_POINT('',#8591);
#3187=VERTEX_POINT('',#8593);
#3188=VERTEX_POINT('',#8595);
#3189=VERTEX_POINT('',#8597);
#3190=VERTEX_POINT('',#8600);
#3191=VERTEX_POINT('',#8602);
#3192=VERTEX_POINT('',#8604);
#3193=VERTEX_POINT('',#8606);
#3194=VERTEX_POINT('',#8609);
#3195=VERTEX_POINT('',#8611);
#3196=VERTEX_POINT('',#8613);
#3197=VERTEX_POINT('',#8615);
#3198=VERTEX_POINT('',#8617);
#3199=VERTEX_POINT('',#8619);
#3200=VERTEX_POINT('',#8621);
#3201=VERTEX_POINT('',#8623);
#3202=VERTEX_POINT('',#8625);
#3203=VERTEX_POINT('',#8638);
#3204=VERTEX_POINT('',#8639);
#3205=VERTEX_POINT('',#8654);
#3206=VERTEX_POINT('',#8655);
#3207=VERTEX_POINT('',#8657);
#3208=VERTEX_POINT('',#8659);
#3209=VERTEX_POINT('',#8663);
#3210=VERTEX_POINT('',#8664);
#3211=VERTEX_POINT('',#8666);
#3212=VERTEX_POINT('',#8668);
#3213=VERTEX_POINT('',#8670);
#3214=VERTEX_POINT('',#8672);
#3215=VERTEX_POINT('',#8674);
#3216=VERTEX_POINT('',#8676);
#3217=VERTEX_POINT('',#8690);
#3218=VERTEX_POINT('',#8692);
#3219=VERTEX_POINT('',#8696);
#3220=VERTEX_POINT('',#8697);
#3221=VERTEX_POINT('',#8699);
#3222=VERTEX_POINT('',#8701);
#3223=VERTEX_POINT('',#8705);
#3224=VERTEX_POINT('',#8706);
#3225=VERTEX_POINT('',#8718);
#3226=VERTEX_POINT('',#8720);
#3227=VERTEX_POINT('',#8724);
#3228=VERTEX_POINT('',#8731);
#3229=VERTEX_POINT('',#8743);
#3230=VERTEX_POINT('',#8747);
#3231=VERTEX_POINT('',#8748);
#3232=VERTEX_POINT('',#8751);
#3233=VERTEX_POINT('',#8753);
#3234=VERTEX_POINT('',#8755);
#3235=VERTEX_POINT('',#8757);
#3236=VERTEX_POINT('',#8759);
#3237=VERTEX_POINT('',#8761);
#3238=VERTEX_POINT('',#8763);
#3239=VERTEX_POINT('',#8765);
#3240=VERTEX_POINT('',#8768);
#3241=VERTEX_POINT('',#8770);
#3242=VERTEX_POINT('',#8772);
#3243=VERTEX_POINT('',#8774);
#3244=VERTEX_POINT('',#8777);
#3245=VERTEX_POINT('',#8779);
#3246=VERTEX_POINT('',#8783);
#3247=VERTEX_POINT('',#8784);
#3248=VERTEX_POINT('',#8786);
#3249=VERTEX_POINT('',#8788);
#3250=VERTEX_POINT('',#8790);
#3251=VERTEX_POINT('',#8792);
#3252=VERTEX_POINT('',#8794);
#3253=VERTEX_POINT('',#8796);
#3254=VERTEX_POINT('',#8798);
#3255=VERTEX_POINT('',#8801);
#3256=VERTEX_POINT('',#8803);
#3257=VERTEX_POINT('',#8805);
#3258=VERTEX_POINT('',#8807);
#3259=VERTEX_POINT('',#8809);
#3260=VERTEX_POINT('',#8811);
#3261=VERTEX_POINT('',#8813);
#3262=VERTEX_POINT('',#8815);
#3263=VERTEX_POINT('',#8817);
#3264=VERTEX_POINT('',#8819);
#3265=VERTEX_POINT('',#8821);
#3266=VERTEX_POINT('',#8823);
#3267=VERTEX_POINT('',#8825);
#3268=VERTEX_POINT('',#8829);
#3269=VERTEX_POINT('',#8830);
#3270=VERTEX_POINT('',#8837);
#3271=VERTEX_POINT('',#8839);
#3272=VERTEX_POINT('',#8841);
#3273=VERTEX_POINT('',#8847);
#3274=VERTEX_POINT('',#8849);
#3275=VERTEX_POINT('',#8851);
#3276=VERTEX_POINT('',#8853);
#3277=VERTEX_POINT('',#8855);
#3278=VERTEX_POINT('',#8857);
#3279=VERTEX_POINT('',#8859);
#3280=VERTEX_POINT('',#8861);
#3281=VERTEX_POINT('',#8863);
#3282=VERTEX_POINT('',#8865);
#3283=VERTEX_POINT('',#8867);
#3284=VERTEX_POINT('',#8869);
#3285=VERTEX_POINT('',#8871);
#3286=VERTEX_POINT('',#8873);
#3287=VERTEX_POINT('',#8875);
#3288=VERTEX_POINT('',#8877);
#3289=VERTEX_POINT('',#8880);
#3290=VERTEX_POINT('',#8882);
#3291=VERTEX_POINT('',#8884);
#3292=VERTEX_POINT('',#8886);
#3293=VERTEX_POINT('',#8888);
#3294=VERTEX_POINT('',#8890);
#3295=VERTEX_POINT('',#8892);
#3296=VERTEX_POINT('',#8894);
#3297=VERTEX_POINT('',#8896);
#3298=VERTEX_POINT('',#8898);
#3299=VERTEX_POINT('',#8900);
#3300=VERTEX_POINT('',#8911);
#3301=VERTEX_POINT('',#8912);
#3302=VERTEX_POINT('',#8914);
#3303=VERTEX_POINT('',#8916);
#3304=VERTEX_POINT('',#8918);
#3305=VERTEX_POINT('',#8920);
#3306=VERTEX_POINT('',#8922);
#3307=VERTEX_POINT('',#8925);
#3308=VERTEX_POINT('',#8927);
#3309=VERTEX_POINT('',#8929);
#3310=VERTEX_POINT('',#8931);
#3311=VERTEX_POINT('',#8934);
#3312=VERTEX_POINT('',#8936);
#3313=VERTEX_POINT('',#8938);
#3314=VERTEX_POINT('',#8942);
#3315=VERTEX_POINT('',#8943);
#3316=VERTEX_POINT('',#8945);
#3317=VERTEX_POINT('',#8949);
#3318=VERTEX_POINT('',#8951);
#3319=VERTEX_POINT('',#8955);
#3320=VERTEX_POINT('',#8959);
#3321=VERTEX_POINT('',#8963);
#3322=VERTEX_POINT('',#8965);
#3323=VERTEX_POINT('',#8966);
#3324=VERTEX_POINT('',#8968);
#3325=VERTEX_POINT('',#8970);
#3326=VERTEX_POINT('',#8972);
#3327=VERTEX_POINT('',#8976);
#3328=VERTEX_POINT('',#8978);
#3329=VERTEX_POINT('',#8985);
#3330=VERTEX_POINT('',#8987);
#3331=VERTEX_POINT('',#8989);
#3332=VERTEX_POINT('',#8990);
#3333=VERTEX_POINT('',#8992);
#3334=VERTEX_POINT('',#8994);
#3335=VERTEX_POINT('',#8996);
#3336=VERTEX_POINT('',#8998);
#3337=VERTEX_POINT('',#9000);
#3338=VERTEX_POINT('',#9002);
#3339=VERTEX_POINT('',#9004);
#3340=VERTEX_POINT('',#9006);
#3341=VERTEX_POINT('',#9010);
#3342=VERTEX_POINT('',#9012);
#3343=VERTEX_POINT('',#9014);
#3344=VERTEX_POINT('',#9018);
#3345=VERTEX_POINT('',#9024);
#3346=VERTEX_POINT('',#9026);
#3347=VERTEX_POINT('',#9030);
#3348=VERTEX_POINT('',#9032);
#3349=VERTEX_POINT('',#9035);
#3350=VERTEX_POINT('',#9037);
#3351=VERTEX_POINT('',#9040);
#3352=VERTEX_POINT('',#9042);
#3353=VERTEX_POINT('',#9045);
#3354=VERTEX_POINT('',#9047);
#3355=VERTEX_POINT('',#9061);
#3356=VERTEX_POINT('',#9063);
#3357=VERTEX_POINT('',#9065);
#3358=VERTEX_POINT('',#9075);
#3359=VERTEX_POINT('',#9077);
#3360=VERTEX_POINT('',#9080);
#3361=VERTEX_POINT('',#9082);
#3362=VERTEX_POINT('',#9085);
#3363=VERTEX_POINT('',#9087);
#3364=VERTEX_POINT('',#9092);
#3365=VERTEX_POINT('',#9093);
#3366=VERTEX_POINT('',#9118);
#3367=VERTEX_POINT('',#9119);
#3368=VERTEX_POINT('',#9128);
#3369=VERTEX_POINT('',#9129);
#3370=VERTEX_POINT('',#9142);
#3371=VERTEX_POINT('',#9145);
#3372=VERTEX_POINT('',#9148);
#3373=VERTEX_POINT('',#9150);
#3374=VERTEX_POINT('',#9164);
#3375=VERTEX_POINT('',#9168);
#3376=VERTEX_POINT('',#9172);
#3377=VERTEX_POINT('',#9180);
#3378=VERTEX_POINT('',#9182);
#3379=VERTEX_POINT('',#9196);
#3380=VERTEX_POINT('',#9198);
#3381=VERTEX_POINT('',#9208);
#3382=VERTEX_POINT('',#9210);
#3383=VERTEX_POINT('',#9213);
#3384=VERTEX_POINT('',#9215);
#3385=VERTEX_POINT('',#9218);
#3386=VERTEX_POINT('',#9220);
#3387=VERTEX_POINT('',#9245);
#3388=VERTEX_POINT('',#9247);
#3389=VERTEX_POINT('',#9250);
#3390=VERTEX_POINT('',#9256);
#3391=VERTEX_POINT('',#9258);
#3392=VERTEX_POINT('',#9260);
#3393=VERTEX_POINT('',#9262);
#3394=VERTEX_POINT('',#9275);
#3395=VERTEX_POINT('',#9276);
#3396=VERTEX_POINT('',#9278);
#3397=VERTEX_POINT('',#9280);
#3398=VERTEX_POINT('',#9286);
#3399=VERTEX_POINT('',#9288);
#3400=VERTEX_POINT('',#9294);
#3401=VERTEX_POINT('',#9296);
#3402=VERTEX_POINT('',#9312);
#3403=VERTEX_POINT('',#9318);
#3404=VERTEX_POINT('',#9340);
#3405=VERTEX_POINT('',#9341);
#3406=VERTEX_POINT('',#9343);
#3407=VERTEX_POINT('',#9345);
#3408=VERTEX_POINT('',#9365);
#3409=VERTEX_POINT('',#9366);
#3410=VERTEX_POINT('',#9368);
#3411=VERTEX_POINT('',#9370);
#3412=VERTEX_POINT('',#9380);
#3413=VERTEX_POINT('',#9382);
#3414=VERTEX_POINT('',#9387);
#3415=VERTEX_POINT('',#9389);
#3416=VERTEX_POINT('',#9397);
#3417=VERTEX_POINT('',#9402);
#3418=VERTEX_POINT('',#9404);
#3419=VERTEX_POINT('',#9413);
#3420=VERTEX_POINT('',#9421);
#3421=VERTEX_POINT('',#9429);
#3422=VERTEX_POINT('',#9430);
#3423=VERTEX_POINT('',#9432);
#3424=VERTEX_POINT('',#9437);
#3425=VERTEX_POINT('',#9439);
#3426=VERTEX_POINT('',#9445);
#3427=VERTEX_POINT('',#9447);
#3428=VERTEX_POINT('',#9451);
#3429=VERTEX_POINT('',#9455);
#3430=VERTEX_POINT('',#9459);
#3431=VERTEX_POINT('',#9463);
#3432=VERTEX_POINT('',#9467);
#3433=VERTEX_POINT('',#9471);
#3434=VERTEX_POINT('',#9475);
#3435=VERTEX_POINT('',#9480);
#3436=VERTEX_POINT('',#9484);
#3437=VERTEX_POINT('',#9489);
#3438=VERTEX_POINT('',#9495);
#3439=VERTEX_POINT('',#9508);
#3440=VERTEX_POINT('',#9511);
#3441=VERTEX_POINT('',#9619);
#3442=VERTEX_POINT('',#9620);
#3443=VERTEX_POINT('',#9622);
#3444=VERTEX_POINT('',#9624);
#3445=VERTEX_POINT('',#9628);
#3446=VERTEX_POINT('',#9630);
#3447=VERTEX_POINT('',#9633);
#3448=VERTEX_POINT('',#9635);
#3449=VERTEX_POINT('',#9639);
#3450=VERTEX_POINT('',#9640);
#3451=VERTEX_POINT('',#9645);
#3452=VERTEX_POINT('',#9647);
#3453=VERTEX_POINT('',#9651);
#3454=VERTEX_POINT('',#9652);
#3455=VERTEX_POINT('',#9654);
#3456=VERTEX_POINT('',#9656);
#3457=VERTEX_POINT('',#9660);
#3458=VERTEX_POINT('',#9661);
#3459=VERTEX_POINT('',#9666);
#3460=VERTEX_POINT('',#9671);
#3461=VERTEX_POINT('',#9673);
#3462=VERTEX_POINT('',#9675);
#3463=VERTEX_POINT('',#9679);
#3464=VERTEX_POINT('',#9680);
#3465=VERTEX_POINT('',#9682);
#3466=VERTEX_POINT('',#9684);
#3467=VERTEX_POINT('',#9693);
#3468=VERTEX_POINT('',#9694);
#3469=VERTEX_POINT('',#9696);
#3470=VERTEX_POINT('',#9698);
#3471=VERTEX_POINT('',#9702);
#3472=VERTEX_POINT('',#9703);
#3473=VERTEX_POINT('',#9711);
#3474=VERTEX_POINT('',#9712);
#3475=VERTEX_POINT('',#9714);
#3476=VERTEX_POINT('',#9716);
#3477=VERTEX_POINT('',#9721);
#3478=VERTEX_POINT('',#9726);
#3479=VERTEX_POINT('',#9730);
#3480=VERTEX_POINT('',#9731);
#3481=VERTEX_POINT('',#9733);
#3482=VERTEX_POINT('',#9735);
#3483=VERTEX_POINT('',#9739);
#3484=VERTEX_POINT('',#9741);
#3485=VERTEX_POINT('',#9744);
#3486=VERTEX_POINT('',#9746);
#3487=VERTEX_POINT('',#9750);
#3488=VERTEX_POINT('',#9751);
#3489=VERTEX_POINT('',#9756);
#3490=VERTEX_POINT('',#9758);
#3491=VERTEX_POINT('',#9762);
#3492=VERTEX_POINT('',#9763);
#3493=VERTEX_POINT('',#9765);
#3494=VERTEX_POINT('',#9767);
#3495=VERTEX_POINT('',#9771);
#3496=VERTEX_POINT('',#9773);
#3497=VERTEX_POINT('',#9776);
#3498=VERTEX_POINT('',#9778);
#3499=VERTEX_POINT('',#9782);
#3500=VERTEX_POINT('',#9783);
#3501=VERTEX_POINT('',#9788);
#3502=VERTEX_POINT('',#9790);
#3503=VERTEX_POINT('',#9794);
#3504=VERTEX_POINT('',#9795);
#3505=VERTEX_POINT('',#9797);
#3506=VERTEX_POINT('',#9799);
#3507=VERTEX_POINT('',#9803);
#3508=VERTEX_POINT('',#9805);
#3509=VERTEX_POINT('',#9808);
#3510=VERTEX_POINT('',#9810);
#3511=VERTEX_POINT('',#9814);
#3512=VERTEX_POINT('',#9815);
#3513=VERTEX_POINT('',#9820);
#3514=VERTEX_POINT('',#9822);
#3515=VERTEX_POINT('',#9826);
#3516=VERTEX_POINT('',#9827);
#3517=VERTEX_POINT('',#9829);
#3518=VERTEX_POINT('',#9831);
#3519=VERTEX_POINT('',#9835);
#3520=VERTEX_POINT('',#9836);
#3521=VERTEX_POINT('',#9838);
#3522=VERTEX_POINT('',#9840);
#3523=VERTEX_POINT('',#9844);
#3524=VERTEX_POINT('',#9846);
#3525=VERTEX_POINT('',#9852);
#3526=VERTEX_POINT('',#9853);
#3527=VERTEX_POINT('',#9858);
#3528=VERTEX_POINT('',#9860);
#3529=VERTEX_POINT('',#9864);
#3530=VERTEX_POINT('',#9866);
#3531=VERTEX_POINT('',#9870);
#3532=VERTEX_POINT('',#9871);
#3533=VERTEX_POINT('',#9873);
#3534=VERTEX_POINT('',#9875);
#3535=VERTEX_POINT('',#9879);
#3536=VERTEX_POINT('',#9881);
#3537=VERTEX_POINT('',#9883);
#3538=VERTEX_POINT('',#9890);
#3539=VERTEX_POINT('',#9892);
#3540=VERTEX_POINT('',#9896);
#3541=VERTEX_POINT('',#9898);
#3542=VERTEX_POINT('',#9902);
#3543=VERTEX_POINT('',#9904);
#3544=VERTEX_POINT('',#10242);
#3545=VERTEX_POINT('',#10243);
#3546=VERTEX_POINT('',#10245);
#3547=VERTEX_POINT('',#10247);
#3548=VERTEX_POINT('',#10252);
#3549=VERTEX_POINT('',#10254);
#3550=VERTEX_POINT('',#10258);
#3551=VERTEX_POINT('',#10261);
#3552=VERTEX_POINT('',#10265);
#3553=VERTEX_POINT('',#10266);
#3554=VERTEX_POINT('',#10268);
#3555=VERTEX_POINT('',#10270);
#3556=VERTEX_POINT('',#10272);
#3557=VERTEX_POINT('',#10274);
#3558=VERTEX_POINT('',#10279);
#3559=VERTEX_POINT('',#10281);
#3560=VERTEX_POINT('',#10285);
#3561=VERTEX_POINT('',#10287);
#3562=VERTEX_POINT('',#10290);
#3563=VERTEX_POINT('',#10292);
#3564=VERTEX_POINT('',#10304);
#3565=VERTEX_POINT('',#10305);
#3566=VERTEX_POINT('',#10307);
#3567=VERTEX_POINT('',#10309);
#3568=VERTEX_POINT('',#10311);
#3569=VERTEX_POINT('',#10313);
#3570=VERTEX_POINT('',#10318);
#3571=VERTEX_POINT('',#10320);
#3572=VERTEX_POINT('',#10324);
#3573=VERTEX_POINT('',#10326);
#3574=VERTEX_POINT('',#10329);
#3575=VERTEX_POINT('',#10331);
#3576=VERTEX_POINT('',#10335);
#3577=VERTEX_POINT('',#10337);
#3578=VERTEX_POINT('',#10339);
#3579=VERTEX_POINT('',#10341);
#3580=VERTEX_POINT('',#10345);
#3581=VERTEX_POINT('',#10347);
#3582=VERTEX_POINT('',#10351);
#3583=VERTEX_POINT('',#10354);
#3584=VERTEX_POINT('',#10378);
#3585=LINE('',#8239,#4192);
#3586=LINE('',#8242,#4193);
#3587=LINE('',#8244,#4194);
#3588=LINE('',#8246,#4195);
#3589=LINE('',#8247,#4196);
#3590=LINE('',#8250,#4197);
#3591=LINE('',#8254,#4198);
#3592=LINE('',#8256,#4199);
#3593=LINE('',#8257,#4200);
#3594=LINE('',#8262,#4201);
#3595=LINE('',#8266,#4202);
#3596=LINE('',#8270,#4203);
#3597=LINE('',#8274,#4204);
#3598=LINE('',#8278,#4205);
#3599=LINE('',#8282,#4206);
#3600=LINE('',#8286,#4207);
#3601=LINE('',#8288,#4208);
#3602=LINE('',#8290,#4209);
#3603=LINE('',#8294,#4210);
#3604=LINE('',#8297,#4211);
#3605=LINE('',#8300,#4212);
#3606=LINE('',#8302,#4213);
#3607=LINE('',#8304,#4214);
#3608=LINE('',#8306,#4215);
#3609=LINE('',#8308,#4216);
#3610=LINE('',#8309,#4217);
#3611=LINE('',#8312,#4218);
#3612=LINE('',#8314,#4219);
#3613=LINE('',#8316,#4220);
#3614=LINE('',#8318,#4221);
#3615=LINE('',#8321,#4222);
#3616=LINE('',#8323,#4223);
#3617=LINE('',#8325,#4224);
#3618=LINE('',#8327,#4225);
#3619=LINE('',#8329,#4226);
#3620=LINE('',#8331,#4227);
#3621=LINE('',#8335,#4228);
#3622=LINE('',#8337,#4229);
#3623=LINE('',#8341,#4230);
#3624=LINE('',#8345,#4231);
#3625=LINE('',#8349,#4232);
#3626=LINE('',#8353,#4233);
#3627=LINE('',#8357,#4234);
#3628=LINE('',#8359,#4235);
#3629=LINE('',#8361,#4236);
#3630=LINE('',#8363,#4237);
#3631=LINE('',#8364,#4238);
#3632=LINE('',#8367,#4239);
#3633=LINE('',#8369,#4240);
#3634=LINE('',#8371,#4241);
#3635=LINE('',#8372,#4242);
#3636=LINE('',#8375,#4243);
#3637=LINE('',#8377,#4244);
#3638=LINE('',#8379,#4245);
#3639=LINE('',#8381,#4246);
#3640=LINE('',#8384,#4247);
#3641=LINE('',#8386,#4248);
#3642=LINE('',#8388,#4249);
#3643=LINE('',#8390,#4250);
#3644=LINE('',#8393,#4251);
#3645=LINE('',#8395,#4252);
#3646=LINE('',#8399,#4253);
#3647=LINE('',#8402,#4254);
#3648=LINE('',#8407,#4255);
#3649=LINE('',#8409,#4256);
#3650=LINE('',#8411,#4257);
#3651=LINE('',#8414,#4258);
#3652=LINE('',#8419,#4259);
#3653=LINE('',#8423,#4260);
#3654=LINE('',#8425,#4261);
#3655=LINE('',#8426,#4262);
#3656=LINE('',#8430,#4263);
#3657=LINE('',#8432,#4264);
#3658=LINE('',#8436,#4265);
#3659=LINE('',#8438,#4266);
#3660=LINE('',#8440,#4267);
#3661=LINE('',#8442,#4268);
#3662=LINE('',#8446,#4269);
#3663=LINE('',#8448,#4270);
#3664=LINE('',#8449,#4271);
#3665=LINE('',#8453,#4272);
#3666=LINE('',#8457,#4273);
#3667=LINE('',#8459,#4274);
#3668=LINE('',#8460,#4275);
#3669=LINE('',#8463,#4276);
#3670=LINE('',#8465,#4277);
#3671=LINE('',#8469,#4278);
#3672=LINE('',#8472,#4279);
#3673=LINE('',#8475,#4280);
#3674=LINE('',#8477,#4281);
#3675=LINE('',#8481,#4282);
#3676=LINE('',#8485,#4283);
#3677=LINE('',#8488,#4284);
#3678=LINE('',#8490,#4285);
#3679=LINE('',#8492,#4286);
#3680=LINE('',#8496,#4287);
#3681=LINE('',#8498,#4288);
#3682=LINE('',#8500,#4289);
#3683=LINE('',#8502,#4290);
#3684=LINE('',#8504,#4291);
#3685=LINE('',#8506,#4292);
#3686=LINE('',#8508,#4293);
#3687=LINE('',#8510,#4294);
#3688=LINE('',#8512,#4295);
#3689=LINE('',#8514,#4296);
#3690=LINE('',#8516,#4297);
#3691=LINE('',#8518,#4298);
#3692=LINE('',#8520,#4299);
#3693=LINE('',#8524,#4300);
#3694=LINE('',#8525,#4301);
#3695=LINE('',#8528,#4302);
#3696=LINE('',#8532,#4303);
#3697=LINE('',#8536,#4304);
#3698=LINE('',#8538,#4305);
#3699=LINE('',#8546,#4306);
#3700=LINE('',#8548,#4307);
#3701=LINE('',#8555,#4308);
#3702=LINE('',#8557,#4309);
#3703=LINE('',#8559,#4310);
#3704=LINE('',#8561,#4311);
#3705=LINE('',#8563,#4312);
#3706=LINE('',#8566,#4313);
#3707=LINE('',#8569,#4314);
#3708=LINE('',#8571,#4315);
#3709=LINE('',#8573,#4316);
#3710=LINE('',#8575,#4317);
#3711=LINE('',#8577,#4318);
#3712=LINE('',#8579,#4319);
#3713=LINE('',#8581,#4320);
#3714=LINE('',#8582,#4321);
#3715=LINE('',#8584,#4322);
#3716=LINE('',#8586,#4323);
#3717=LINE('',#8588,#4324);
#3718=LINE('',#8590,#4325);
#3719=LINE('',#8592,#4326);
#3720=LINE('',#8594,#4327);
#3721=LINE('',#8596,#4328);
#3722=LINE('',#8598,#4329);
#3723=LINE('',#8599,#4330);
#3724=LINE('',#8601,#4331);
#3725=LINE('',#8603,#4332);
#3726=LINE('',#8605,#4333);
#3727=LINE('',#8607,#4334);
#3728=LINE('',#8608,#4335);
#3729=LINE('',#8610,#4336);
#3730=LINE('',#8612,#4337);
#3731=LINE('',#8614,#4338);
#3732=LINE('',#8616,#4339);
#3733=LINE('',#8618,#4340);
#3734=LINE('',#8620,#4341);
#3735=LINE('',#8622,#4342);
#3736=LINE('',#8624,#4343);
#3737=LINE('',#8637,#4344);
#3738=LINE('',#8640,#4345);
#3739=LINE('',#8651,#4346);
#3740=LINE('',#8653,#4347);
#3741=LINE('',#8656,#4348);
#3742=LINE('',#8658,#4349);
#3743=LINE('',#8660,#4350);
#3744=LINE('',#8662,#4351);
#3745=LINE('',#8665,#4352);
#3746=LINE('',#8667,#4353);
#3747=LINE('',#8669,#4354);
#3748=LINE('',#8671,#4355);
#3749=LINE('',#8673,#4356);
#3750=LINE('',#8675,#4357);
#3751=LINE('',#8677,#4358);
#3752=LINE('',#8691,#4359);
#3753=LINE('',#8695,#4360);
#3754=LINE('',#8700,#4361);
#3755=LINE('',#8704,#4362);
#3756=LINE('',#8719,#4363);
#3757=LINE('',#8723,#4364);
#3758=LINE('',#8730,#4365);
#3759=LINE('',#8744,#4366);
#3760=LINE('',#8746,#4367);
#3761=LINE('',#8749,#4368);
#3762=LINE('',#8750,#4369);
#3763=LINE('',#8752,#4370);
#3764=LINE('',#8754,#4371);
#3765=LINE('',#8756,#4372);
#3766=LINE('',#8758,#4373);
#3767=LINE('',#8760,#4374);
#3768=LINE('',#8762,#4375);
#3769=LINE('',#8764,#4376);
#3770=LINE('',#8766,#4377);
#3771=LINE('',#8767,#4378);
#3772=LINE('',#8769,#4379);
#3773=LINE('',#8771,#4380);
#3774=LINE('',#8773,#4381);
#3775=LINE('',#8775,#4382);
#3776=LINE('',#8776,#4383);
#3777=LINE('',#8778,#4384);
#3778=LINE('',#8780,#4385);
#3779=LINE('',#8782,#4386);
#3780=LINE('',#8785,#4387);
#3781=LINE('',#8787,#4388);
#3782=LINE('',#8789,#4389);
#3783=LINE('',#8791,#4390);
#3784=LINE('',#8795,#4391);
#3785=LINE('',#8797,#4392);
#3786=LINE('',#8799,#4393);
#3787=LINE('',#8800,#4394);
#3788=LINE('',#8802,#4395);
#3789=LINE('',#8804,#4396);
#3790=LINE('',#8806,#4397);
#3791=LINE('',#8808,#4398);
#3792=LINE('',#8810,#4399);
#3793=LINE('',#8812,#4400);
#3794=LINE('',#8814,#4401);
#3795=LINE('',#8816,#4402);
#3796=LINE('',#8818,#4403);
#3797=LINE('',#8820,#4404);
#3798=LINE('',#8822,#4405);
#3799=LINE('',#8824,#4406);
#3800=LINE('',#8826,#4407);
#3801=LINE('',#8828,#4408);
#3802=LINE('',#8831,#4409);
#3803=LINE('',#8838,#4410);
#3804=LINE('',#8840,#4411);
#3805=LINE('',#8842,#4412);
#3806=LINE('',#8845,#4413);
#3807=LINE('',#8846,#4414);
#3808=LINE('',#8850,#4415);
#3809=LINE('',#8854,#4416);
#3810=LINE('',#8856,#4417);
#3811=LINE('',#8858,#4418);
#3812=LINE('',#8862,#4419);
#3813=LINE('',#8866,#4420);
#3814=LINE('',#8870,#4421);
#3815=LINE('',#8874,#4422);
#3816=LINE('',#8876,#4423);
#3817=LINE('',#8878,#4424);
#3818=LINE('',#8881,#4425);
#3819=LINE('',#8883,#4426);
#3820=LINE('',#8885,#4427);
#3821=LINE('',#8887,#4428);
#3822=LINE('',#8889,#4429);
#3823=LINE('',#8891,#4430);
#3824=LINE('',#8893,#4431);
#3825=LINE('',#8895,#4432);
#3826=LINE('',#8897,#4433);
#3827=LINE('',#8899,#4434);
#3828=LINE('',#8907,#4435);
#3829=LINE('',#8908,#4436);
#3830=LINE('',#8910,#4437);
#3831=LINE('',#8915,#4438);
#3832=LINE('',#8917,#4439);
#3833=LINE('',#8921,#4440);
#3834=LINE('',#8923,#4441);
#3835=LINE('',#8924,#4442);
#3836=LINE('',#8928,#4443);
#3837=LINE('',#8932,#4444);
#3838=LINE('',#8933,#4445);
#3839=LINE('',#8935,#4446);
#3840=LINE('',#8939,#4447);
#3841=LINE('',#8941,#4448);
#3842=LINE('',#8946,#4449);
#3843=LINE('',#8947,#4450);
#3844=LINE('',#8948,#4451);
#3845=LINE('',#8950,#4452);
#3846=LINE('',#8952,#4453);
#3847=LINE('',#8954,#4454);
#3848=LINE('',#8960,#4455);
#3849=LINE('',#8964,#4456);
#3850=LINE('',#8967,#4457);
#3851=LINE('',#8969,#4458);
#3852=LINE('',#8973,#4459);
#3853=LINE('',#8975,#4460);
#3854=LINE('',#8977,#4461);
#3855=LINE('',#8979,#4462);
#3856=LINE('',#8981,#4463);
#3857=LINE('',#8982,#4464);
#3858=LINE('',#8988,#4465);
#3859=LINE('',#8991,#4466);
#3860=LINE('',#8993,#4467);
#3861=LINE('',#8995,#4468);
#3862=LINE('',#8997,#4469);
#3863=LINE('',#8999,#4470);
#3864=LINE('',#9001,#4471);
#3865=LINE('',#9005,#4472);
#3866=LINE('',#9007,#4473);
#3867=LINE('',#9008,#4474);
#3868=LINE('',#9009,#4475);
#3869=LINE('',#9011,#4476);
#3870=LINE('',#9015,#4477);
#3871=LINE('',#9017,#4478);
#3872=LINE('',#9019,#4479);
#3873=LINE('',#9020,#4480);
#3874=LINE('',#9022,#4481);
#3875=LINE('',#9023,#4482);
#3876=LINE('',#9025,#4483);
#3877=LINE('',#9027,#4484);
#3878=LINE('',#9031,#4485);
#3879=LINE('',#9036,#4486);
#3880=LINE('',#9041,#4487);
#3881=LINE('',#9046,#4488);
#3882=LINE('',#9050,#4489);
#3883=LINE('',#9051,#4490);
#3884=LINE('',#9052,#4491);
#3885=LINE('',#9054,#4492);
#3886=LINE('',#9055,#4493);
#3887=LINE('',#9057,#4494);
#3888=LINE('',#9066,#4495);
#3889=LINE('',#9067,#4496);
#3890=LINE('',#9069,#4497);
#3891=LINE('',#9071,#4498);
#3892=LINE('',#9072,#4499);
#3893=LINE('',#9074,#4500);
#3894=LINE('',#9076,#4501);
#3895=LINE('',#9078,#4502);
#3896=LINE('',#9079,#4503);
#3897=LINE('',#9081,#4504);
#3898=LINE('',#9083,#4505);
#3899=LINE('',#9084,#4506);
#3900=LINE('',#9086,#4507);
#3901=LINE('',#9088,#4508);
#3902=LINE('',#9089,#4509);
#3903=LINE('',#9091,#4510);
#3904=LINE('',#9094,#4511);
#3905=LINE('',#9095,#4512);
#3906=LINE('',#9096,#4513);
#3907=LINE('',#9098,#4514);
#3908=LINE('',#9100,#4515);
#3909=LINE('',#9106,#4516);
#3910=LINE('',#9109,#4517);
#3911=LINE('',#9120,#4518);
#3912=LINE('',#9130,#4519);
#3913=LINE('',#9133,#4520);
#3914=LINE('',#9134,#4521);
#3915=LINE('',#9136,#4522);
#3916=LINE('',#9138,#4523);
#3917=LINE('',#9139,#4524);
#3918=LINE('',#9181,#4525);
#3919=LINE('',#9188,#4526);
#3920=LINE('',#9197,#4527);
#3921=LINE('',#9204,#4528);
#3922=LINE('',#9205,#4529);
#3923=LINE('',#9207,#4530);
#3924=LINE('',#9209,#4531);
#3925=LINE('',#9211,#4532);
#3926=LINE('',#9212,#4533);
#3927=LINE('',#9214,#4534);
#3928=LINE('',#9216,#4535);
#3929=LINE('',#9217,#4536);
#3930=LINE('',#9219,#4537);
#3931=LINE('',#9221,#4538);
#3932=LINE('',#9241,#4539);
#3933=LINE('',#9244,#4540);
#3934=LINE('',#9246,#4541);
#3935=LINE('',#9248,#4542);
#3936=LINE('',#9249,#4543);
#3937=LINE('',#9251,#4544);
#3938=LINE('',#9257,#4545);
#3939=LINE('',#9261,#4546);
#3940=LINE('',#9267,#4547);
#3941=LINE('',#9269,#4548);
#3942=LINE('',#9271,#4549);
#3943=LINE('',#9274,#4550);
#3944=LINE('',#9279,#4551);
#3945=LINE('',#9285,#4552);
#3946=LINE('',#9287,#4553);
#3947=LINE('',#9289,#4554);
#3948=LINE('',#9295,#4555);
#3949=LINE('',#9301,#4556);
#3950=LINE('',#9303,#4557);
#3951=LINE('',#9306,#4558);
#3952=LINE('',#9308,#4559);
#3953=LINE('',#9337,#4560);
#3954=LINE('',#9339,#4561);
#3955=LINE('',#9344,#4562);
#3956=LINE('',#9348,#4563);
#3957=LINE('',#9349,#4564);
#3958=LINE('',#9351,#4565);
#3959=LINE('',#9352,#4566);
#3960=LINE('',#9354,#4567);
#3961=LINE('',#9356,#4568);
#3962=LINE('',#9359,#4569);
#3963=LINE('',#9361,#4570);
#3964=LINE('',#9367,#4571);
#3965=LINE('',#9371,#4572);
#3966=LINE('',#9373,#4573);
#3967=LINE('',#9374,#4574);
#3968=LINE('',#9376,#4575);
#3969=LINE('',#9377,#4576);
#3970=LINE('',#9386,#4577);
#3971=LINE('',#9388,#4578);
#3972=LINE('',#9390,#4579);
#3973=LINE('',#9401,#4580);
#3974=LINE('',#9403,#4581);
#3975=LINE('',#9405,#4582);
#3976=LINE('',#9407,#4583);
#3977=LINE('',#9408,#4584);
#3978=LINE('',#9412,#4585);
#3979=LINE('',#9414,#4586);
#3980=LINE('',#9417,#4587);
#3981=LINE('',#9419,#4588);
#3982=LINE('',#9420,#4589);
#3983=LINE('',#9422,#4590);
#3984=LINE('',#9431,#4591);
#3985=LINE('',#9433,#4592);
#3986=LINE('',#9436,#4593);
#3987=LINE('',#9438,#4594);
#3988=LINE('',#9440,#4595);
#3989=LINE('',#9442,#4596);
#3990=LINE('',#9444,#4597);
#3991=LINE('',#9446,#4598);
#3992=LINE('',#9448,#4599);
#3993=LINE('',#9450,#4600);
#3994=LINE('',#9452,#4601);
#3995=LINE('',#9454,#4602);
#3996=LINE('',#9456,#4603);
#3997=LINE('',#9458,#4604);
#3998=LINE('',#9460,#4605);
#3999=LINE('',#9462,#4606);
#4000=LINE('',#9464,#4607);
#4001=LINE('',#9466,#4608);
#4002=LINE('',#9468,#4609);
#4003=LINE('',#9470,#4610);
#4004=LINE('',#9472,#4611);
#4005=LINE('',#9474,#4612);
#4006=LINE('',#9490,#4613);
#4007=LINE('',#9492,#4614);
#4008=LINE('',#9518,#4615);
#4009=LINE('',#9520,#4616);
#4010=LINE('',#9539,#4617);
#4011=LINE('',#9558,#4618);
#4012=LINE('',#9560,#4619);
#4013=LINE('',#9562,#4620);
#4014=LINE('',#9564,#4621);
#4015=LINE('',#9566,#4622);
#4016=LINE('',#9568,#4623);
#4017=LINE('',#9570,#4624);
#4018=LINE('',#9572,#4625);
#4019=LINE('',#9592,#4626);
#4020=LINE('',#9595,#4627);
#4021=LINE('',#9597,#4628);
#4022=LINE('',#9598,#4629);
#4023=LINE('',#9600,#4630);
#4024=LINE('',#9605,#4631);
#4025=LINE('',#9607,#4632);
#4026=LINE('',#9608,#4633);
#4027=LINE('',#9610,#4634);
#4028=LINE('',#9611,#4635);
#4029=LINE('',#9614,#4636);
#4030=LINE('',#9618,#4637);
#4031=LINE('',#9621,#4638);
#4032=LINE('',#9623,#4639);
#4033=LINE('',#9625,#4640);
#4034=LINE('',#9629,#4641);
#4035=LINE('',#9634,#4642);
#4036=LINE('',#9638,#4643);
#4037=LINE('',#9641,#4644);
#4038=LINE('',#9642,#4645);
#4039=LINE('',#9644,#4646);
#4040=LINE('',#9646,#4647);
#4041=LINE('',#9648,#4648);
#4042=LINE('',#9650,#4649);
#4043=LINE('',#9653,#4650);
#4044=LINE('',#9655,#4651);
#4045=LINE('',#9657,#4652);
#4046=LINE('',#9659,#4653);
#4047=LINE('',#9672,#4654);
#4048=LINE('',#9674,#4655);
#4049=LINE('',#9676,#4656);
#4050=LINE('',#9678,#4657);
#4051=LINE('',#9681,#4658);
#4052=LINE('',#9683,#4659);
#4053=LINE('',#9685,#4660);
#4054=LINE('',#9692,#4661);
#4055=LINE('',#9695,#4662);
#4056=LINE('',#9697,#4663);
#4057=LINE('',#9699,#4664);
#4058=LINE('',#9701,#4665);
#4059=LINE('',#9708,#4666);
#4060=LINE('',#9710,#4667);
#4061=LINE('',#9713,#4668);
#4062=LINE('',#9715,#4669);
#4063=LINE('',#9717,#4670);
#4064=LINE('',#9722,#4671);
#4065=LINE('',#9725,#4672);
#4066=LINE('',#9727,#4673);
#4067=LINE('',#9729,#4674);
#4068=LINE('',#9732,#4675);
#4069=LINE('',#9734,#4676);
#4070=LINE('',#9736,#4677);
#4071=LINE('',#9740,#4678);
#4072=LINE('',#9745,#4679);
#4073=LINE('',#9749,#4680);
#4074=LINE('',#9752,#4681);
#4075=LINE('',#9753,#4682);
#4076=LINE('',#9755,#4683);
#4077=LINE('',#9757,#4684);
#4078=LINE('',#9759,#4685);
#4079=LINE('',#9761,#4686);
#4080=LINE('',#9764,#4687);
#4081=LINE('',#9766,#4688);
#4082=LINE('',#9768,#4689);
#4083=LINE('',#9772,#4690);
#4084=LINE('',#9777,#4691);
#4085=LINE('',#9781,#4692);
#4086=LINE('',#9784,#4693);
#4087=LINE('',#9785,#4694);
#4088=LINE('',#9787,#4695);
#4089=LINE('',#9789,#4696);
#4090=LINE('',#9791,#4697);
#4091=LINE('',#9793,#4698);
#4092=LINE('',#9796,#4699);
#4093=LINE('',#9798,#4700);
#4094=LINE('',#9800,#4701);
#4095=LINE('',#9804,#4702);
#4096=LINE('',#9809,#4703);
#4097=LINE('',#9813,#4704);
#4098=LINE('',#9816,#4705);
#4099=LINE('',#9817,#4706);
#4100=LINE('',#9819,#4707);
#4101=LINE('',#9821,#4708);
#4102=LINE('',#9823,#4709);
#4103=LINE('',#9825,#4710);
#4104=LINE('',#9828,#4711);
#4105=LINE('',#9830,#4712);
#4106=LINE('',#9832,#4713);
#4107=LINE('',#9834,#4714);
#4108=LINE('',#9837,#4715);
#4109=LINE('',#9839,#4716);
#4110=LINE('',#9841,#4717);
#4111=LINE('',#9845,#4718);
#4112=LINE('',#9851,#4719);
#4113=LINE('',#9854,#4720);
#4114=LINE('',#9855,#4721);
#4115=LINE('',#9857,#4722);
#4116=LINE('',#9859,#4723);
#4117=LINE('',#9861,#4724);
#4118=LINE('',#9863,#4725);
#4119=LINE('',#9865,#4726);
#4120=LINE('',#9867,#4727);
#4121=LINE('',#9869,#4728);
#4122=LINE('',#9872,#4729);
#4123=LINE('',#9874,#4730);
#4124=LINE('',#9876,#4731);
#4125=LINE('',#9878,#4732);
#4126=LINE('',#9880,#4733);
#4127=LINE('',#9882,#4734);
#4128=LINE('',#9889,#4735);
#4129=LINE('',#9891,#4736);
#4130=LINE('',#9893,#4737);
#4131=LINE('',#9895,#4738);
#4132=LINE('',#9897,#4739);
#4133=LINE('',#9899,#4740);
#4134=LINE('',#9901,#4741);
#4135=LINE('',#9903,#4742);
#4136=LINE('',#9905,#4743);
#4137=LINE('',#10225,#4744);
#4138=LINE('',#10226,#4745);
#4139=LINE('',#10228,#4746);
#4140=LINE('',#10230,#4747);
#4141=LINE('',#10233,#4748);
#4142=LINE('',#10234,#4749);
#4143=LINE('',#10236,#4750);
#4144=LINE('',#10238,#4751);
#4145=LINE('',#10241,#4752);
#4146=LINE('',#10244,#4753);
#4147=LINE('',#10246,#4754);
#4148=LINE('',#10251,#4755);
#4149=LINE('',#10253,#4756);
#4150=LINE('',#10255,#4757);
#4151=LINE('',#10257,#4758);
#4152=LINE('',#10262,#4759);
#4153=LINE('',#10264,#4760);
#4154=LINE('',#10269,#4761);
#4155=LINE('',#10273,#4762);
#4156=LINE('',#10278,#4763);
#4157=LINE('',#10280,#4764);
#4158=LINE('',#10282,#4765);
#4159=LINE('',#10286,#4766);
#4160=LINE('',#10291,#4767);
#4161=LINE('',#10295,#4768);
#4162=LINE('',#10296,#4769);
#4163=LINE('',#10297,#4770);
#4164=LINE('',#10299,#4771);
#4165=LINE('',#10300,#4772);
#4166=LINE('',#10301,#4773);
#4167=LINE('',#10303,#4774);
#4168=LINE('',#10308,#4775);
#4169=LINE('',#10312,#4776);
#4170=LINE('',#10317,#4777);
#4171=LINE('',#10319,#4778);
#4172=LINE('',#10321,#4779);
#4173=LINE('',#10325,#4780);
#4174=LINE('',#10330,#4781);
#4175=LINE('',#10336,#4782);
#4176=LINE('',#10338,#4783);
#4177=LINE('',#10340,#4784);
#4178=LINE('',#10344,#4785);
#4179=LINE('',#10346,#4786);
#4180=LINE('',#10348,#4787);
#4181=LINE('',#10350,#4788);
#4182=LINE('',#10355,#4789);
#4183=LINE('',#10357,#4790);
#4184=LINE('',#10358,#4791);
#4185=LINE('',#10359,#4792);
#4186=LINE('',#10361,#4793);
#4187=LINE('',#10362,#4794);
#4188=LINE('',#10363,#4795);
#4189=LINE('',#10377,#4796);
#4190=LINE('',#10379,#4797);
#4191=LINE('',#10381,#4798);
#4192=VECTOR('',#6574,1.);
#4193=VECTOR('',#6575,1.);
#4194=VECTOR('',#6576,1.);
#4195=VECTOR('',#6577,1.);
#4196=VECTOR('',#6578,1.);
#4197=VECTOR('',#6579,1.);
#4198=VECTOR('',#6582,1.);
#4199=VECTOR('',#6583,1.);
#4200=VECTOR('',#6584,1.);
#4201=VECTOR('',#6587,1.);
#4202=VECTOR('',#6590,1.);
#4203=VECTOR('',#6593,1.);
#4204=VECTOR('',#6596,1.);
#4205=VECTOR('',#6599,1.);
#4206=VECTOR('',#6602,1.);
#4207=VECTOR('',#6605,1.);
#4208=VECTOR('',#6606,1.);
#4209=VECTOR('',#6607,1.);
#4210=VECTOR('',#6610,1.);
#4211=VECTOR('',#6613,1.);
#4212=VECTOR('',#6614,1.);
#4213=VECTOR('',#6615,1.);
#4214=VECTOR('',#6616,1.);
#4215=VECTOR('',#6617,1.);
#4216=VECTOR('',#6618,1.);
#4217=VECTOR('',#6619,1.);
#4218=VECTOR('',#6620,1.);
#4219=VECTOR('',#6621,1.);
#4220=VECTOR('',#6622,1.);
#4221=VECTOR('',#6625,1.);
#4222=VECTOR('',#6626,1.);
#4223=VECTOR('',#6627,1.);
#4224=VECTOR('',#6628,1.);
#4225=VECTOR('',#6629,1.);
#4226=VECTOR('',#6630,1.);
#4227=VECTOR('',#6631,1.);
#4228=VECTOR('',#6634,1.);
#4229=VECTOR('',#6635,1.);
#4230=VECTOR('',#6638,1.);
#4231=VECTOR('',#6641,1.);
#4232=VECTOR('',#6644,1.);
#4233=VECTOR('',#6647,1.);
#4234=VECTOR('',#6650,1.);
#4235=VECTOR('',#6651,1.);
#4236=VECTOR('',#6652,1.);
#4237=VECTOR('',#6653,1.);
#4238=VECTOR('',#6654,1.);
#4239=VECTOR('',#6655,1.);
#4240=VECTOR('',#6656,1.);
#4241=VECTOR('',#6657,1.);
#4242=VECTOR('',#6658,1.);
#4243=VECTOR('',#6659,1.);
#4244=VECTOR('',#6660,1.);
#4245=VECTOR('',#6661,1.);
#4246=VECTOR('',#6664,1.);
#4247=VECTOR('',#6665,1.);
#4248=VECTOR('',#6666,1.);
#4249=VECTOR('',#6667,1.);
#4250=VECTOR('',#6670,1.);
#4251=VECTOR('',#6671,1.);
#4252=VECTOR('',#6672,1.);
#4253=VECTOR('',#6675,1.);
#4254=VECTOR('',#6678,1.);
#4255=VECTOR('',#6681,1.);
#4256=VECTOR('',#6682,1.);
#4257=VECTOR('',#6683,1.);
#4258=VECTOR('',#6686,1.);
#4259=VECTOR('',#6689,1.);
#4260=VECTOR('',#6692,1.);
#4261=VECTOR('',#6693,1.);
#4262=VECTOR('',#6694,1.);
#4263=VECTOR('',#6697,1.);
#4264=VECTOR('',#6698,1.);
#4265=VECTOR('',#6701,1.);
#4266=VECTOR('',#6702,1.);
#4267=VECTOR('',#6703,1.);
#4268=VECTOR('',#6704,1.);
#4269=VECTOR('',#6707,1.);
#4270=VECTOR('',#6708,1.);
#4271=VECTOR('',#6709,1.);
#4272=VECTOR('',#6712,1.);
#4273=VECTOR('',#6715,1.);
#4274=VECTOR('',#6716,1.);
#4275=VECTOR('',#6717,1.);
#4276=VECTOR('',#6718,1.);
#4277=VECTOR('',#6719,1.);
#4278=VECTOR('',#6722,1.);
#4279=VECTOR('',#6725,1.);
#4280=VECTOR('',#6726,1.);
#4281=VECTOR('',#6727,1.);
#4282=VECTOR('',#6730,1.);
#4283=VECTOR('',#6735,1.);
#4284=VECTOR('',#6736,1.);
#4285=VECTOR('',#6737,1.);
#4286=VECTOR('',#6738,1.);
#4287=VECTOR('',#6741,1.);
#4288=VECTOR('',#6742,1.);
#4289=VECTOR('',#6743,1.);
#4290=VECTOR('',#6744,1.);
#4291=VECTOR('',#6745,1.);
#4292=VECTOR('',#6746,1.);
#4293=VECTOR('',#6747,1.);
#4294=VECTOR('',#6748,1.);
#4295=VECTOR('',#6749,1.);
#4296=VECTOR('',#6750,1.);
#4297=VECTOR('',#6751,1.);
#4298=VECTOR('',#6752,1.);
#4299=VECTOR('',#6753,1.);
#4300=VECTOR('',#6756,1.);
#4301=VECTOR('',#6757,1.);
#4302=VECTOR('',#6758,1.);
#4303=VECTOR('',#6761,1.);
#4304=VECTOR('',#6764,1.);
#4305=VECTOR('',#6767,1.);
#4306=VECTOR('',#6768,1.);
#4307=VECTOR('',#6769,1.);
#4308=VECTOR('',#6770,1.);
#4309=VECTOR('',#6771,1.);
#4310=VECTOR('',#6774,1.);
#4311=VECTOR('',#6775,1.);
#4312=VECTOR('',#6776,1.);
#4313=VECTOR('',#6781,1.);
#4314=VECTOR('',#6782,1.);
#4315=VECTOR('',#6783,1.);
#4316=VECTOR('',#6784,1.);
#4317=VECTOR('',#6787,1.);
#4318=VECTOR('',#6788,1.);
#4319=VECTOR('',#6789,1.);
#4320=VECTOR('',#6790,1.);
#4321=VECTOR('',#6791,1.);
#4322=VECTOR('',#6792,1.);
#4323=VECTOR('',#6793,1.);
#4324=VECTOR('',#6794,1.);
#4325=VECTOR('',#6795,1.);
#4326=VECTOR('',#6796,1.);
#4327=VECTOR('',#6797,1.);
#4328=VECTOR('',#6798,1.);
#4329=VECTOR('',#6799,1.);
#4330=VECTOR('',#6800,1.);
#4331=VECTOR('',#6801,1.);
#4332=VECTOR('',#6802,1.);
#4333=VECTOR('',#6803,1.);
#4334=VECTOR('',#6804,1.);
#4335=VECTOR('',#6805,1.);
#4336=VECTOR('',#6806,1.);
#4337=VECTOR('',#6807,1.);
#4338=VECTOR('',#6808,1.);
#4339=VECTOR('',#6809,1.);
#4340=VECTOR('',#6810,1.);
#4341=VECTOR('',#6811,1.);
#4342=VECTOR('',#6812,1.);
#4343=VECTOR('',#6813,1.);
#4344=VECTOR('',#6816,1.);
#4345=VECTOR('',#6817,1.);
#4346=VECTOR('',#6818,1.);
#4347=VECTOR('',#6821,1.);
#4348=VECTOR('',#6822,1.);
#4349=VECTOR('',#6823,1.);
#4350=VECTOR('',#6824,1.);
#4351=VECTOR('',#6827,1.);
#4352=VECTOR('',#6828,1.);
#4353=VECTOR('',#6829,1.);
#4354=VECTOR('',#6830,1.);
#4355=VECTOR('',#6831,1.);
#4356=VECTOR('',#6832,1.);
#4357=VECTOR('',#6833,1.);
#4358=VECTOR('',#6834,1.);
#4359=VECTOR('',#6837,1.);
#4360=VECTOR('',#6842,1.);
#4361=VECTOR('',#6845,1.);
#4362=VECTOR('',#6850,1.);
#4363=VECTOR('',#6851,1.);
#4364=VECTOR('',#6856,1.);
#4365=VECTOR('',#6859,1.);
#4366=VECTOR('',#6860,1.);
#4367=VECTOR('',#6863,1.);
#4368=VECTOR('',#6864,1.);
#4369=VECTOR('',#6865,1.);
#4370=VECTOR('',#6866,1.);
#4371=VECTOR('',#6867,1.);
#4372=VECTOR('',#6868,1.);
#4373=VECTOR('',#6869,1.);
#4374=VECTOR('',#6870,1.);
#4375=VECTOR('',#6871,1.);
#4376=VECTOR('',#6872,1.);
#4377=VECTOR('',#6873,1.);
#4378=VECTOR('',#6874,1.);
#4379=VECTOR('',#6875,1.);
#4380=VECTOR('',#6876,1.);
#4381=VECTOR('',#6877,1.);
#4382=VECTOR('',#6878,1.);
#4383=VECTOR('',#6879,1.);
#4384=VECTOR('',#6880,1.);
#4385=VECTOR('',#6881,1.);
#4386=VECTOR('',#6884,1.);
#4387=VECTOR('',#6885,1.);
#4388=VECTOR('',#6886,1.);
#4389=VECTOR('',#6887,1.);
#4390=VECTOR('',#6888,1.);
#4391=VECTOR('',#6891,1.);
#4392=VECTOR('',#6892,1.);
#4393=VECTOR('',#6893,1.);
#4394=VECTOR('',#6894,1.);
#4395=VECTOR('',#6895,1.);
#4396=VECTOR('',#6896,1.);
#4397=VECTOR('',#6897,1.);
#4398=VECTOR('',#6898,1.);
#4399=VECTOR('',#6899,1.);
#4400=VECTOR('',#6900,1.);
#4401=VECTOR('',#6901,1.);
#4402=VECTOR('',#6902,1.);
#4403=VECTOR('',#6903,1.);
#4404=VECTOR('',#6904,1.);
#4405=VECTOR('',#6905,1.);
#4406=VECTOR('',#6906,1.);
#4407=VECTOR('',#6907,1.);
#4408=VECTOR('',#6910,1.);
#4409=VECTOR('',#6911,1.);
#4410=VECTOR('',#6912,1.);
#4411=VECTOR('',#6913,1.);
#4412=VECTOR('',#6914,1.);
#4413=VECTOR('',#6919,1.);
#4414=VECTOR('',#6920,1.);
#4415=VECTOR('',#6923,1.);
#4416=VECTOR('',#6926,1.);
#4417=VECTOR('',#6927,1.);
#4418=VECTOR('',#6928,1.);
#4419=VECTOR('',#6931,1.);
#4420=VECTOR('',#6934,1.);
#4421=VECTOR('',#6937,1.);
#4422=VECTOR('',#6940,1.);
#4423=VECTOR('',#6941,1.);
#4424=VECTOR('',#6942,1.);
#4425=VECTOR('',#6945,1.);
#4426=VECTOR('',#6946,1.);
#4427=VECTOR('',#6947,1.);
#4428=VECTOR('',#6948,1.);
#4429=VECTOR('',#6949,1.);
#4430=VECTOR('',#6950,1.);
#4431=VECTOR('',#6951,1.);
#4432=VECTOR('',#6952,1.);
#4433=VECTOR('',#6953,1.);
#4434=VECTOR('',#6954,1.);
#4435=VECTOR('',#6957,1.);
#4436=VECTOR('',#6958,1.);
#4437=VECTOR('',#6961,1.);
#4438=VECTOR('',#6964,1.);
#4439=VECTOR('',#6965,1.);
#4440=VECTOR('',#6968,1.);
#4441=VECTOR('',#6969,1.);
#4442=VECTOR('',#6970,1.);
#4443=VECTOR('',#6973,1.);
#4444=VECTOR('',#6976,1.);
#4445=VECTOR('',#6977,1.);
#4446=VECTOR('',#6978,1.);
#4447=VECTOR('',#6981,1.);
#4448=VECTOR('',#6984,1.);
#4449=VECTOR('',#6987,1.);
#4450=VECTOR('',#6988,1.);
#4451=VECTOR('',#6989,1.);
#4452=VECTOR('',#6990,1.);
#4453=VECTOR('',#6991,1.);
#4454=VECTOR('',#6994,1.);
#4455=VECTOR('',#7001,1.);
#4456=VECTOR('',#7006,1.);
#4457=VECTOR('',#7007,1.);
#4458=VECTOR('',#7008,1.);
#4459=VECTOR('',#7011,1.);
#4460=VECTOR('',#7014,1.);
#4461=VECTOR('',#7015,1.);
#4462=VECTOR('',#7016,1.);
#4463=VECTOR('',#7019,1.);
#4464=VECTOR('',#7020,1.);
#4465=VECTOR('',#7027,1.);
#4466=VECTOR('',#7028,1.);
#4467=VECTOR('',#7029,1.);
#4468=VECTOR('',#7030,1.);
#4469=VECTOR('',#7031,1.);
#4470=VECTOR('',#7032,1.);
#4471=VECTOR('',#7033,1.);
#4472=VECTOR('',#7036,1.);
#4473=VECTOR('',#7037,1.);
#4474=VECTOR('',#7038,1.);
#4475=VECTOR('',#7039,1.);
#4476=VECTOR('',#7040,1.);
#4477=VECTOR('',#7043,1.);
#4478=VECTOR('',#7046,1.);
#4479=VECTOR('',#7047,1.);
#4480=VECTOR('',#7048,1.);
#4481=VECTOR('',#7051,1.);
#4482=VECTOR('',#7052,1.);
#4483=VECTOR('',#7053,1.);
#4484=VECTOR('',#7054,1.);
#4485=VECTOR('',#7059,1.);
#4486=VECTOR('',#7064,1.);
#4487=VECTOR('',#7069,1.);
#4488=VECTOR('',#7074,1.);
#4489=VECTOR('',#7079,1.);
#4490=VECTOR('',#7080,1.);
#4491=VECTOR('',#7081,1.);
#4492=VECTOR('',#7084,1.);
#4493=VECTOR('',#7085,1.);
#4494=VECTOR('',#7088,1.);
#4495=VECTOR('',#7099,1.);
#4496=VECTOR('',#7100,1.);
#4497=VECTOR('',#7103,1.);
#4498=VECTOR('',#7106,1.);
#4499=VECTOR('',#7107,1.);
#4500=VECTOR('',#7110,1.);
#4501=VECTOR('',#7111,1.);
#4502=VECTOR('',#7112,1.);
#4503=VECTOR('',#7113,1.);
#4504=VECTOR('',#7114,1.);
#4505=VECTOR('',#7115,1.);
#4506=VECTOR('',#7116,1.);
#4507=VECTOR('',#7117,1.);
#4508=VECTOR('',#7118,1.);
#4509=VECTOR('',#7119,1.);
#4510=VECTOR('',#7122,1.);
#4511=VECTOR('',#7123,1.);
#4512=VECTOR('',#7124,1.);
#4513=VECTOR('',#7125,1.);
#4514=VECTOR('',#7128,1.);
#4515=VECTOR('',#7131,1.);
#4516=VECTOR('',#7142,1.);
#4517=VECTOR('',#7147,1.);
#4518=VECTOR('',#7150,1.);
#4519=VECTOR('',#7151,1.);
#4520=VECTOR('',#7156,1.);
#4521=VECTOR('',#7157,1.);
#4522=VECTOR('',#7160,1.);
#4523=VECTOR('',#7163,1.);
#4524=VECTOR('',#7164,1.);
#4525=VECTOR('',#7213,1.);
#4526=VECTOR('',#7214,1.);
#4527=VECTOR('',#7219,1.);
#4528=VECTOR('',#7220,1.);
#4529=VECTOR('',#7221,1.);
#4530=VECTOR('',#7224,1.);
#4531=VECTOR('',#7225,1.);
#4532=VECTOR('',#7226,1.);
#4533=VECTOR('',#7227,1.);
#4534=VECTOR('',#7228,1.);
#4535=VECTOR('',#7229,1.);
#4536=VECTOR('',#7230,1.);
#4537=VECTOR('',#7231,1.);
#4538=VECTOR('',#7232,1.);
#4539=VECTOR('',#7235,1.);
#4540=VECTOR('',#7240,1.);
#4541=VECTOR('',#7241,1.);
#4542=VECTOR('',#7242,1.);
#4543=VECTOR('',#7243,1.);
#4544=VECTOR('',#7244,1.);
#4545=VECTOR('',#7245,1.);
#4546=VECTOR('',#7248,1.);
#4547=VECTOR('',#7249,1.);
#4548=VECTOR('',#7252,1.);
#4549=VECTOR('',#7255,1.);
#4550=VECTOR('',#7260,1.);
#4551=VECTOR('',#7263,1.);
#4552=VECTOR('',#7264,1.);
#4553=VECTOR('',#7265,1.);
#4554=VECTOR('',#7266,1.);
#4555=VECTOR('',#7267,1.);
#4556=VECTOR('',#7276,1.);
#4557=VECTOR('',#7279,1.);
#4558=VECTOR('',#7284,1.);
#4559=VECTOR('',#7287,1.);
#4560=VECTOR('',#7340,1.);
#4561=VECTOR('',#7343,1.);
#4562=VECTOR('',#7346,1.);
#4563=VECTOR('',#7351,1.);
#4564=VECTOR('',#7352,1.);
#4565=VECTOR('',#7355,1.);
#4566=VECTOR('',#7356,1.);
#4567=VECTOR('',#7359,1.);
#4568=VECTOR('',#7362,1.);
#4569=VECTOR('',#7367,1.);
#4570=VECTOR('',#7370,1.);
#4571=VECTOR('',#7377,1.);
#4572=VECTOR('',#7380,1.);
#4573=VECTOR('',#7383,1.);
#4574=VECTOR('',#7384,1.);
#4575=VECTOR('',#7387,1.);
#4576=VECTOR('',#7388,1.);
#4577=VECTOR('',#7401,1.);
#4578=VECTOR('',#7402,1.);
#4579=VECTOR('',#7403,1.);
#4580=VECTOR('',#7422,1.);
#4581=VECTOR('',#7423,1.);
#4582=VECTOR('',#7424,1.);
#4583=VECTOR('',#7427,1.);
#4584=VECTOR('',#7428,1.);
#4585=VECTOR('',#7435,1.);
#4586=VECTOR('',#7436,1.);
#4587=VECTOR('',#7441,1.);
#4588=VECTOR('',#7444,1.);
#4589=VECTOR('',#7445,1.);
#4590=VECTOR('',#7446,1.);
#4591=VECTOR('',#7451,1.);
#4592=VECTOR('',#7452,1.);
#4593=VECTOR('',#7457,1.);
#4594=VECTOR('',#7458,1.);
#4595=VECTOR('',#7459,1.);
#4596=VECTOR('',#7462,1.);
#4597=VECTOR('',#7465,1.);
#4598=VECTOR('',#7466,1.);
#4599=VECTOR('',#7467,1.);
#4600=VECTOR('',#7470,1.);
#4601=VECTOR('',#7471,1.);
#4602=VECTOR('',#7474,1.);
#4603=VECTOR('',#7475,1.);
#4604=VECTOR('',#7478,1.);
#4605=VECTOR('',#7479,1.);
#4606=VECTOR('',#7482,1.);
#4607=VECTOR('',#7483,1.);
#4608=VECTOR('',#7486,1.);
#4609=VECTOR('',#7487,1.);
#4610=VECTOR('',#7490,1.);
#4611=VECTOR('',#7491,1.);
#4612=VECTOR('',#7494,1.);
#4613=VECTOR('',#7501,1.);
#4614=VECTOR('',#7504,1.);
#4615=VECTOR('',#7519,1.);
#4616=VECTOR('',#7522,1.);
#4617=VECTOR('',#7527,1.);
#4618=VECTOR('',#7532,1.);
#4619=VECTOR('',#7535,1.);
#4620=VECTOR('',#7538,1.);
#4621=VECTOR('',#7541,1.);
#4622=VECTOR('',#7544,1.);
#4623=VECTOR('',#7547,1.);
#4624=VECTOR('',#7550,1.);
#4625=VECTOR('',#7553,1.);
#4626=VECTOR('',#7560,1.);
#4627=VECTOR('',#7565,1.);
#4628=VECTOR('',#7568,1.);
#4629=VECTOR('',#7569,1.);
#4630=VECTOR('',#7572,1.);
#4631=VECTOR('',#7581,1.);
#4632=VECTOR('',#7584,1.);
#4633=VECTOR('',#7585,1.);
#4634=VECTOR('',#7588,1.);
#4635=VECTOR('',#7589,1.);
#4636=VECTOR('',#7594,1.);
#4637=VECTOR('',#7601,1.);
#4638=VECTOR('',#7602,1.);
#4639=VECTOR('',#7603,1.);
#4640=VECTOR('',#7604,1.);
#4641=VECTOR('',#7609,1.);
#4642=VECTOR('',#7614,1.);
#4643=VECTOR('',#7619,1.);
#4644=VECTOR('',#7620,1.);
#4645=VECTOR('',#7621,1.);
#4646=VECTOR('',#7624,1.);
#4647=VECTOR('',#7625,1.);
#4648=VECTOR('',#7626,1.);
#4649=VECTOR('',#7629,1.);
#4650=VECTOR('',#7630,1.);
#4651=VECTOR('',#7631,1.);
#4652=VECTOR('',#7632,1.);
#4653=VECTOR('',#7635,1.);
#4654=VECTOR('',#7636,1.);
#4655=VECTOR('',#7637,1.);
#4656=VECTOR('',#7638,1.);
#4657=VECTOR('',#7641,1.);
#4658=VECTOR('',#7642,1.);
#4659=VECTOR('',#7643,1.);
#4660=VECTOR('',#7644,1.);
#4661=VECTOR('',#7657,1.);
#4662=VECTOR('',#7658,1.);
#4663=VECTOR('',#7659,1.);
#4664=VECTOR('',#7660,1.);
#4665=VECTOR('',#7663,1.);
#4666=VECTOR('',#7664,1.);
#4667=VECTOR('',#7667,1.);
#4668=VECTOR('',#7668,1.);
#4669=VECTOR('',#7669,1.);
#4670=VECTOR('',#7670,1.);
#4671=VECTOR('',#7677,1.);
#4672=VECTOR('',#7682,1.);
#4673=VECTOR('',#7683,1.);
#4674=VECTOR('',#7686,1.);
#4675=VECTOR('',#7687,1.);
#4676=VECTOR('',#7688,1.);
#4677=VECTOR('',#7689,1.);
#4678=VECTOR('',#7694,1.);
#4679=VECTOR('',#7699,1.);
#4680=VECTOR('',#7704,1.);
#4681=VECTOR('',#7705,1.);
#4682=VECTOR('',#7706,1.);
#4683=VECTOR('',#7709,1.);
#4684=VECTOR('',#7710,1.);
#4685=VECTOR('',#7711,1.);
#4686=VECTOR('',#7714,1.);
#4687=VECTOR('',#7715,1.);
#4688=VECTOR('',#7716,1.);
#4689=VECTOR('',#7717,1.);
#4690=VECTOR('',#7722,1.);
#4691=VECTOR('',#7727,1.);
#4692=VECTOR('',#7732,1.);
#4693=VECTOR('',#7733,1.);
#4694=VECTOR('',#7734,1.);
#4695=VECTOR('',#7737,1.);
#4696=VECTOR('',#7738,1.);
#4697=VECTOR('',#7739,1.);
#4698=VECTOR('',#7742,1.);
#4699=VECTOR('',#7743,1.);
#4700=VECTOR('',#7744,1.);
#4701=VECTOR('',#7745,1.);
#4702=VECTOR('',#7750,1.);
#4703=VECTOR('',#7755,1.);
#4704=VECTOR('',#7760,1.);
#4705=VECTOR('',#7761,1.);
#4706=VECTOR('',#7762,1.);
#4707=VECTOR('',#7765,1.);
#4708=VECTOR('',#7766,1.);
#4709=VECTOR('',#7767,1.);
#4710=VECTOR('',#7770,1.);
#4711=VECTOR('',#7771,1.);
#4712=VECTOR('',#7772,1.);
#4713=VECTOR('',#7773,1.);
#4714=VECTOR('',#7776,1.);
#4715=VECTOR('',#7777,1.);
#4716=VECTOR('',#7778,1.);
#4717=VECTOR('',#7779,1.);
#4718=VECTOR('',#7784,1.);
#4719=VECTOR('',#7793,1.);
#4720=VECTOR('',#7794,1.);
#4721=VECTOR('',#7795,1.);
#4722=VECTOR('',#7798,1.);
#4723=VECTOR('',#7799,1.);
#4724=VECTOR('',#7800,1.);
#4725=VECTOR('',#7803,1.);
#4726=VECTOR('',#7804,1.);
#4727=VECTOR('',#7805,1.);
#4728=VECTOR('',#7808,1.);
#4729=VECTOR('',#7809,1.);
#4730=VECTOR('',#7810,1.);
#4731=VECTOR('',#7811,1.);
#4732=VECTOR('',#7814,1.);
#4733=VECTOR('',#7815,1.);
#4734=VECTOR('',#7816,1.);
#4735=VECTOR('',#7819,1.);
#4736=VECTOR('',#7820,1.);
#4737=VECTOR('',#7821,1.);
#4738=VECTOR('',#7824,1.);
#4739=VECTOR('',#7825,1.);
#4740=VECTOR('',#7826,1.);
#4741=VECTOR('',#7829,1.);
#4742=VECTOR('',#7830,1.);
#4743=VECTOR('',#7831,1.);
#4744=VECTOR('',#8058,1.);
#4745=VECTOR('',#8059,1.);
#4746=VECTOR('',#8062,1.);
#4747=VECTOR('',#8065,1.);
#4748=VECTOR('',#8070,1.);
#4749=VECTOR('',#8071,1.);
#4750=VECTOR('',#8074,1.);
#4751=VECTOR('',#8077,1.);
#4752=VECTOR('',#8082,1.);
#4753=VECTOR('',#8083,1.);
#4754=VECTOR('',#8084,1.);
#4755=VECTOR('',#8091,1.);
#4756=VECTOR('',#8092,1.);
#4757=VECTOR('',#8093,1.);
#4758=VECTOR('',#8096,1.);
#4759=VECTOR('',#8101,1.);
#4760=VECTOR('',#8104,1.);
#4761=VECTOR('',#8107,1.);
#4762=VECTOR('',#8110,1.);
#4763=VECTOR('',#8117,1.);
#4764=VECTOR('',#8118,1.);
#4765=VECTOR('',#8119,1.);
#4766=VECTOR('',#8124,1.);
#4767=VECTOR('',#8129,1.);
#4768=VECTOR('',#8134,1.);
#4769=VECTOR('',#8135,1.);
#4770=VECTOR('',#8136,1.);
#4771=VECTOR('',#8139,1.);
#4772=VECTOR('',#8140,1.);
#4773=VECTOR('',#8141,1.);
#4774=VECTOR('',#8144,1.);
#4775=VECTOR('',#8147,1.);
#4776=VECTOR('',#8150,1.);
#4777=VECTOR('',#8157,1.);
#4778=VECTOR('',#8158,1.);
#4779=VECTOR('',#8159,1.);
#4780=VECTOR('',#8164,1.);
#4781=VECTOR('',#8169,1.);
#4782=VECTOR('',#8176,1.);
#4783=VECTOR('',#8177,1.);
#4784=VECTOR('',#8178,1.);
#4785=VECTOR('',#8183,1.);
#4786=VECTOR('',#8184,1.);
#4787=VECTOR('',#8185,1.);
#4788=VECTOR('',#8188,1.);
#4789=VECTOR('',#8193,1.);
#4790=VECTOR('',#8196,1.);
#4791=VECTOR('',#8197,1.);
#4792=VECTOR('',#8198,1.);
#4793=VECTOR('',#8201,1.);
#4794=VECTOR('',#8202,1.);
#4795=VECTOR('',#8203,1.);
#4796=VECTOR('',#8230,1.);
#4797=VECTOR('',#8231,1.);
#4798=VECTOR('',#8234,1.);
#4799=EDGE_LOOP('',(#403,#404,#405,#406));
#4800=EDGE_LOOP('',(#407,#408,#409,#410,#411));
#4801=EDGE_LOOP('',(#412,#413,#414,#415,#416,#417,#418,#419,#420,#421,#422,
#423,#424,#425,#426,#427,#428,#429,#430,#431));
#4802=EDGE_LOOP('',(#432,#433,#434,#435,#436,#437));
#4803=EDGE_LOOP('',(#438,#439,#440,#441));
#4804=EDGE_LOOP('',(#442,#443,#444,#445,#446,#447,#448,#449,#450,#451,#452,
#453,#454,#455,#456,#457,#458,#459,#460,#461,#462,#463,#464));
#4805=EDGE_LOOP('',(#465,#466,#467,#468));
#4806=EDGE_LOOP('',(#469,#470,#471,#472));
#4807=EDGE_LOOP('',(#473,#474,#475,#476));
#4808=EDGE_LOOP('',(#477,#478,#479,#480,#481,#482));
#4809=EDGE_LOOP('',(#483,#484,#485,#486,#487,#488));
#4810=EDGE_LOOP('',(#489,#490,#491,#492,#493,#494,#495,#496,#497,#498,#499,
#500,#501,#502,#503,#504,#505,#506,#507,#508,#509,#510,#511,#512,#513,#514));
#4811=EDGE_LOOP('',(#515,#516,#517,#518,#519,#520));
#4812=EDGE_LOOP('',(#521,#522,#523,#524,#525,#526));
#4813=EDGE_LOOP('',(#527,#528,#529,#530,#531,#532,#533,#534,#535,#536,#537,
#538,#539,#540,#541,#542,#543,#544,#545,#546));
#4814=EDGE_LOOP('',(#547,#548,#549,#550,#551,#552));
#4815=EDGE_LOOP('',(#553,#554,#555,#556,#557,#558,#559,#560,#561,#562));
#4816=EDGE_LOOP('',(#563,#564,#565,#566,#567,#568));
#4817=EDGE_LOOP('',(#569,#570,#571,#572));
#4818=EDGE_LOOP('',(#573,#574,#575,#576,#577,#578,#579,#580,#581,#582,#583,
#584,#585,#586,#587,#588,#589,#590,#591,#592,#593,#594,#595,#596,#597,#598,
#599,#600,#601,#602,#603,#604,#605));
#4819=EDGE_LOOP('',(#606,#607,#608,#609,#610,#611));
#4820=EDGE_LOOP('',(#612,#613,#614,#615));
#4821=EDGE_LOOP('',(#616,#617,#618,#619,#620,#621,#622,#623));
#4822=EDGE_LOOP('',(#624,#625,#626,#627));
#4823=EDGE_LOOP('',(#628,#629,#630,#631));
#4824=EDGE_LOOP('',(#632,#633,#634,#635));
#4825=EDGE_LOOP('',(#636,#637,#638));
#4826=EDGE_LOOP('',(#639,#640,#641,#642));
#4827=EDGE_LOOP('',(#643,#644,#645,#646,#647,#648,#649,#650,#651,#652,#653,
#654,#655,#656,#657,#658,#659,#660,#661,#662,#663,#664,#665));
#4828=EDGE_LOOP('',(#666,#667,#668,#669,#670,#671,#672,#673,#674,#675,#676,
#677,#678,#679,#680,#681,#682,#683,#684,#685,#686,#687,#688,#689));
#4829=EDGE_LOOP('',(#690,#691,#692,#693,#694,#695,#696));
#4830=EDGE_LOOP('',(#697,#698,#699,#700,#701,#702,#703,#704,#705,#706,#707,
#708,#709,#710,#711,#712,#713,#714,#715,#716,#717,#718,#719,#720,#721,#722,
#723,#724,#725,#726,#727,#728,#729,#730,#731,#732,#733,#734));
#4831=EDGE_LOOP('',(#735,#736,#737,#738));
#4832=EDGE_LOOP('',(#739,#740,#741,#742,#743,#744,#745,#746,#747,#748,#749,
#750,#751,#752,#753,#754,#755,#756));
#4833=EDGE_LOOP('',(#757,#758,#759,#760,#761,#762,#763,#764,#765));
#4834=EDGE_LOOP('',(#766,#767,#768));
#4835=EDGE_LOOP('',(#769,#770,#771));
#4836=EDGE_LOOP('',(#772));
#4837=EDGE_LOOP('',(#773,#774,#775,#776,#777));
#4838=EDGE_LOOP('',(#778,#779,#780,#781));
#4839=EDGE_LOOP('',(#782,#783,#784));
#4840=EDGE_LOOP('',(#785));
#4841=EDGE_LOOP('',(#786));
#4842=EDGE_LOOP('',(#787,#788,#789,#790,#791,#792,#793,#794,#795,#796,#797,
#798,#799,#800,#801,#802,#803));
#4843=EDGE_LOOP('',(#804,#805,#806,#807,#808));
#4844=EDGE_LOOP('',(#809,#810,#811,#812,#813,#814,#815,#816));
#4845=EDGE_LOOP('',(#817,#818,#819,#820,#821,#822,#823,#824,#825,#826,#827,
#828,#829,#830,#831,#832,#833,#834,#835,#836));
#4846=EDGE_LOOP('',(#837,#838,#839,#840,#841,#842));
#4847=EDGE_LOOP('',(#843,#844,#845,#846));
#4848=EDGE_LOOP('',(#847,#848,#849,#850));
#4849=EDGE_LOOP('',(#851,#852,#853,#854));
#4850=EDGE_LOOP('',(#855));
#4851=EDGE_LOOP('',(#856));
#4852=EDGE_LOOP('',(#857));
#4853=EDGE_LOOP('',(#858,#859,#860,#861));
#4854=EDGE_LOOP('',(#862,#863,#864,#865));
#4855=EDGE_LOOP('',(#866,#867,#868,#869));
#4856=EDGE_LOOP('',(#870,#871,#872,#873,#874,#875,#876,#877,#878,#879,#880,
#881,#882,#883,#884,#885));
#4857=EDGE_LOOP('',(#886,#887,#888,#889,#890,#891));
#4858=EDGE_LOOP('',(#892,#893,#894,#895));
#4859=EDGE_LOOP('',(#896,#897,#898,#899));
#4860=EDGE_LOOP('',(#900,#901,#902,#903));
#4861=EDGE_LOOP('',(#904,#905,#906,#907));
#4862=EDGE_LOOP('',(#908,#909,#910,#911,#912));
#4863=EDGE_LOOP('',(#913,#914,#915,#916));
#4864=EDGE_LOOP('',(#917,#918,#919,#920,#921));
#4865=EDGE_LOOP('',(#922,#923));
#4866=EDGE_LOOP('',(#924,#925));
#4867=EDGE_LOOP('',(#926,#927,#928,#929));
#4868=EDGE_LOOP('',(#930,#931,#932,#933));
#4869=EDGE_LOOP('',(#934,#935,#936,#937));
#4870=EDGE_LOOP('',(#938,#939,#940,#941));
#4871=EDGE_LOOP('',(#942,#943,#944,#945));
#4872=EDGE_LOOP('',(#946));
#4873=EDGE_LOOP('',(#947,#948));
#4874=EDGE_LOOP('',(#949));
#4875=EDGE_LOOP('',(#950));
#4876=EDGE_LOOP('',(#951));
#4877=EDGE_LOOP('',(#952));
#4878=EDGE_LOOP('',(#953,#954,#955,#956));
#4879=EDGE_LOOP('',(#957));
#4880=EDGE_LOOP('',(#958,#959));
#4881=EDGE_LOOP('',(#960));
#4882=EDGE_LOOP('',(#961,#962));
#4883=EDGE_LOOP('',(#963,#964));
#4884=EDGE_LOOP('',(#965));
#4885=EDGE_LOOP('',(#966,#967));
#4886=EDGE_LOOP('',(#968));
#4887=EDGE_LOOP('',(#969));
#4888=EDGE_LOOP('',(#970));
#4889=EDGE_LOOP('',(#971));
#4890=EDGE_LOOP('',(#972));
#4891=EDGE_LOOP('',(#973));
#4892=EDGE_LOOP('',(#974));
#4893=EDGE_LOOP('',(#975));
#4894=EDGE_LOOP('',(#976));
#4895=EDGE_LOOP('',(#977,#978,#979,#980,#981,#982,#983,#984));
#4896=EDGE_LOOP('',(#985,#986,#987,#988));
#4897=EDGE_LOOP('',(#989,#990,#991,#992,#993,#994,#995,#996,#997));
#4898=EDGE_LOOP('',(#998,#999,#1000,#1001,#1002,#1003,#1004,#1005,#1006,
#1007,#1008,#1009,#1010,#1011,#1012,#1013,#1014,#1015,#1016));
#4899=EDGE_LOOP('',(#1017,#1018,#1019,#1020));
#4900=EDGE_LOOP('',(#1021,#1022,#1023,#1024));
#4901=EDGE_LOOP('',(#1025,#1026,#1027,#1028,#1029,#1030,#1031,#1032,#1033,
#1034,#1035,#1036,#1037,#1038,#1039,#1040));
#4902=EDGE_LOOP('',(#1041,#1042,#1043,#1044,#1045));
#4903=EDGE_LOOP('',(#1046,#1047,#1048,#1049));
#4904=EDGE_LOOP('',(#1050,#1051,#1052,#1053));
#4905=EDGE_LOOP('',(#1054,#1055,#1056,#1057,#1058,#1059,#1060,#1061,#1062,
#1063,#1064,#1065,#1066,#1067,#1068));
#4906=EDGE_LOOP('',(#1069,#1070,#1071));
#4907=EDGE_LOOP('',(#1072,#1073,#1074));
#4908=EDGE_LOOP('',(#1075,#1076,#1077,#1078));
#4909=EDGE_LOOP('',(#1079,#1080,#1081,#1082));
#4910=EDGE_LOOP('',(#1083,#1084,#1085,#1086));
#4911=EDGE_LOOP('',(#1087,#1088,#1089,#1090));
#4912=EDGE_LOOP('',(#1091,#1092,#1093,#1094));
#4913=EDGE_LOOP('',(#1095,#1096,#1097,#1098));
#4914=EDGE_LOOP('',(#1099));
#4915=EDGE_LOOP('',(#1100,#1101));
#4916=EDGE_LOOP('',(#1102,#1103,#1104,#1105,#1106,#1107));
#4917=EDGE_LOOP('',(#1108,#1109));
#4918=EDGE_LOOP('',(#1110));
#4919=EDGE_LOOP('',(#1111,#1112));
#4920=EDGE_LOOP('',(#1113,#1114,#1115,#1116,#1117,#1118));
#4921=EDGE_LOOP('',(#1119,#1120));
#4922=EDGE_LOOP('',(#1121,#1122,#1123,#1124));
#4923=EDGE_LOOP('',(#1125,#1126,#1127,#1128));
#4924=EDGE_LOOP('',(#1129,#1130,#1131,#1132));
#4925=EDGE_LOOP('',(#1133,#1134,#1135,#1136));
#4926=EDGE_LOOP('',(#1137,#1138,#1139,#1140));
#4927=EDGE_LOOP('',(#1141,#1142));
#4928=EDGE_LOOP('',(#1143));
#4929=EDGE_LOOP('',(#1144,#1145));
#4930=EDGE_LOOP('',(#1146,#1147,#1148,#1149));
#4931=EDGE_LOOP('',(#1150));
#4932=EDGE_LOOP('',(#1151));
#4933=EDGE_LOOP('',(#1152));
#4934=EDGE_LOOP('',(#1153));
#4935=EDGE_LOOP('',(#1154,#1155,#1156));
#4936=EDGE_LOOP('',(#1157,#1158,#1159,#1160));
#4937=EDGE_LOOP('',(#1161,#1162,#1163,#1164,#1165,#1166));
#4938=EDGE_LOOP('',(#1167,#1168,#1169,#1170));
#4939=EDGE_LOOP('',(#1171,#1172,#1173,#1174));
#4940=EDGE_LOOP('',(#1175,#1176,#1177,#1178));
#4941=EDGE_LOOP('',(#1179,#1180,#1181,#1182));
#4942=EDGE_LOOP('',(#1183,#1184,#1185,#1186));
#4943=EDGE_LOOP('',(#1187,#1188,#1189,#1190));
#4944=EDGE_LOOP('',(#1191,#1192,#1193,#1194));
#4945=EDGE_LOOP('',(#1195,#1196,#1197,#1198));
#4946=EDGE_LOOP('',(#1199,#1200,#1201,#1202));
#4947=EDGE_LOOP('',(#1203,#1204,#1205,#1206));
#4948=EDGE_LOOP('',(#1207));
#4949=EDGE_LOOP('',(#1208));
#4950=EDGE_LOOP('',(#1209,#1210,#1211,#1212,#1213));
#4951=EDGE_LOOP('',(#1214));
#4952=EDGE_LOOP('',(#1215,#1216,#1217,#1218,#1219));
#4953=EDGE_LOOP('',(#1220));
#4954=EDGE_LOOP('',(#1221,#1222,#1223,#1224));
#4955=EDGE_LOOP('',(#1225,#1226,#1227,#1228));
#4956=EDGE_LOOP('',(#1229,#1230));
#4957=EDGE_LOOP('',(#1231));
#4958=EDGE_LOOP('',(#1232,#1233,#1234,#1235,#1236,#1237));
#4959=EDGE_LOOP('',(#1238,#1239,#1240,#1241));
#4960=EDGE_LOOP('',(#1242));
#4961=EDGE_LOOP('',(#1243,#1244,#1245,#1246));
#4962=EDGE_LOOP('',(#1247,#1248,#1249,#1250,#1251));
#4963=EDGE_LOOP('',(#1252,#1253,#1254,#1255,#1256,#1257,#1258));
#4964=EDGE_LOOP('',(#1259,#1260,#1261,#1262,#1263,#1264,#1265,#1266));
#4965=EDGE_LOOP('',(#1267,#1268,#1269,#1270));
#4966=EDGE_LOOP('',(#1271,#1272,#1273,#1274,#1275,#1276,#1277,#1278,#1279,
#1280));
#4967=EDGE_LOOP('',(#1281,#1282,#1283,#1284,#1285,#1286));
#4968=EDGE_LOOP('',(#1287,#1288,#1289,#1290));
#4969=EDGE_LOOP('',(#1291,#1292));
#4970=EDGE_LOOP('',(#1293,#1294,#1295,#1296));
#4971=EDGE_LOOP('',(#1297,#1298,#1299,#1300));
#4972=EDGE_LOOP('',(#1301,#1302,#1303,#1304));
#4973=EDGE_LOOP('',(#1305,#1306,#1307,#1308));
#4974=EDGE_LOOP('',(#1309,#1310,#1311,#1312));
#4975=EDGE_LOOP('',(#1313,#1314,#1315,#1316));
#4976=EDGE_LOOP('',(#1317,#1318,#1319,#1320));
#4977=EDGE_LOOP('',(#1321,#1322,#1323,#1324,#1325,#1326,#1327,#1328));
#4978=EDGE_LOOP('',(#1329,#1330,#1331,#1332,#1333,#1334));
#4979=EDGE_LOOP('',(#1335,#1336,#1337,#1338));
#4980=EDGE_LOOP('',(#1339,#1340,#1341,#1342,#1343,#1344));
#4981=EDGE_LOOP('',(#1345,#1346,#1347,#1348));
#4982=EDGE_LOOP('',(#1349,#1350,#1351,#1352,#1353,#1354,#1355,#1356));
#4983=EDGE_LOOP('',(#1357,#1358,#1359,#1360));
#4984=EDGE_LOOP('',(#1361,#1362,#1363,#1364));
#4985=EDGE_LOOP('',(#1365,#1366,#1367));
#4986=EDGE_LOOP('',(#1368,#1369,#1370,#1371,#1372));
#4987=EDGE_LOOP('',(#1373,#1374,#1375,#1376));
#4988=EDGE_LOOP('',(#1377,#1378,#1379));
#4989=EDGE_LOOP('',(#1380,#1381,#1382,#1383,#1384));
#4990=EDGE_LOOP('',(#1385,#1386,#1387,#1388));
#4991=EDGE_LOOP('',(#1389,#1390,#1391,#1392));
#4992=EDGE_LOOP('',(#1393,#1394,#1395,#1396));
#4993=EDGE_LOOP('',(#1397,#1398,#1399,#1400));
#4994=EDGE_LOOP('',(#1401,#1402,#1403,#1404));
#4995=EDGE_LOOP('',(#1405,#1406,#1407,#1408));
#4996=EDGE_LOOP('',(#1409,#1410,#1411,#1412));
#4997=EDGE_LOOP('',(#1413,#1414,#1415,#1416));
#4998=EDGE_LOOP('',(#1417,#1418,#1419,#1420));
#4999=EDGE_LOOP('',(#1421,#1422,#1423,#1424,#1425));
#5000=EDGE_LOOP('',(#1426,#1427,#1428));
#5001=EDGE_LOOP('',(#1429,#1430,#1431,#1432));
#5002=EDGE_LOOP('',(#1433,#1434,#1435,#1436));
#5003=EDGE_LOOP('',(#1437,#1438,#1439,#1440));
#5004=EDGE_LOOP('',(#1441,#1442,#1443,#1444));
#5005=EDGE_LOOP('',(#1445,#1446,#1447,#1448));
#5006=EDGE_LOOP('',(#1449,#1450,#1451,#1452));
#5007=EDGE_LOOP('',(#1453,#1454,#1455,#1456,#1457,#1458,#1459,#1460,#1461));
#5008=EDGE_LOOP('',(#1462,#1463,#1464,#1465,#1466));
#5009=EDGE_LOOP('',(#1467,#1468,#1469,#1470));
#5010=EDGE_LOOP('',(#1471,#1472,#1473,#1474,#1475));
#5011=EDGE_LOOP('',(#1476,#1477,#1478,#1479,#1480,#1481,#1482,#1483));
#5012=EDGE_LOOP('',(#1484,#1485,#1486,#1487));
#5013=EDGE_LOOP('',(#1488,#1489,#1490,#1491));
#5014=EDGE_LOOP('',(#1492,#1493,#1494,#1495));
#5015=EDGE_LOOP('',(#1496,#1497,#1498,#1499));
#5016=EDGE_LOOP('',(#1500,#1501,#1502,#1503));
#5017=EDGE_LOOP('',(#1504,#1505,#1506,#1507,#1508,#1509,#1510,#1511));
#5018=EDGE_LOOP('',(#1512,#1513,#1514,#1515));
#5019=EDGE_LOOP('',(#1516,#1517,#1518,#1519));
#5020=EDGE_LOOP('',(#1520,#1521,#1522,#1523));
#5021=EDGE_LOOP('',(#1524,#1525,#1526,#1527,#1528,#1529));
#5022=EDGE_LOOP('',(#1530,#1531,#1532,#1533));
#5023=EDGE_LOOP('',(#1534,#1535,#1536,#1537,#1538,#1539,#1540,#1541,#1542));
#5024=EDGE_LOOP('',(#1543,#1544,#1545,#1546));
#5025=EDGE_LOOP('',(#1547,#1548,#1549,#1550));
#5026=EDGE_LOOP('',(#1551,#1552,#1553,#1554));
#5027=EDGE_LOOP('',(#1555,#1556,#1557,#1558,#1559,#1560,#1561));
#5028=EDGE_LOOP('',(#1562,#1563,#1564,#1565));
#5029=EDGE_LOOP('',(#1566,#1567,#1568,#1569));
#5030=EDGE_LOOP('',(#1570,#1571,#1572,#1573,#1574,#1575,#1576,#1577,#1578));
#5031=EDGE_LOOP('',(#1579,#1580,#1581,#1582));
#5032=EDGE_LOOP('',(#1583,#1584,#1585,#1586));
#5033=EDGE_LOOP('',(#1587,#1588,#1589,#1590));
#5034=EDGE_LOOP('',(#1591,#1592,#1593,#1594,#1595,#1596,#1597,#1598));
#5035=EDGE_LOOP('',(#1599,#1600,#1601,#1602));
#5036=EDGE_LOOP('',(#1603,#1604,#1605,#1606));
#5037=EDGE_LOOP('',(#1607,#1608,#1609,#1610));
#5038=EDGE_LOOP('',(#1611,#1612,#1613,#1614,#1615,#1616,#1617,#1618));
#5039=EDGE_LOOP('',(#1619,#1620,#1621,#1622));
#5040=EDGE_LOOP('',(#1623,#1624,#1625,#1626));
#5041=EDGE_LOOP('',(#1627,#1628,#1629,#1630));
#5042=EDGE_LOOP('',(#1631,#1632,#1633,#1634));
#5043=EDGE_LOOP('',(#1635,#1636,#1637,#1638,#1639,#1640,#1641,#1642));
#5044=EDGE_LOOP('',(#1643,#1644,#1645,#1646));
#5045=EDGE_LOOP('',(#1647,#1648,#1649,#1650));
#5046=EDGE_LOOP('',(#1651,#1652,#1653,#1654));
#5047=EDGE_LOOP('',(#1655,#1656,#1657,#1658));
#5048=EDGE_LOOP('',(#1659,#1660,#1661,#1662,#1663));
#5049=EDGE_LOOP('',(#1664,#1665,#1666,#1667));
#5050=EDGE_LOOP('',(#1668,#1669,#1670,#1671));
#5051=EDGE_LOOP('',(#1672,#1673,#1674,#1675));
#5052=EDGE_LOOP('',(#1676,#1677,#1678,#1679));
#5053=EDGE_LOOP('',(#1680,#1681,#1682,#1683));
#5054=EDGE_LOOP('',(#1684,#1685,#1686,#1687));
#5055=EDGE_LOOP('',(#1688,#1689,#1690,#1691));
#5056=EDGE_LOOP('',(#1692,#1693,#1694,#1695));
#5057=EDGE_LOOP('',(#1696,#1697,#1698,#1699));
#5058=EDGE_LOOP('',(#1700,#1701,#1702,#1703));
#5059=EDGE_LOOP('',(#1704,#1705,#1706,#1707));
#5060=EDGE_LOOP('',(#1708,#1709,#1710,#1711,#1712));
#5061=EDGE_LOOP('',(#1713,#1714,#1715,#1716));
#5062=EDGE_LOOP('',(#1717,#1718,#1719,#1720));
#5063=EDGE_LOOP('',(#1721,#1722,#1723,#1724));
#5064=EDGE_LOOP('',(#1725,#1726,#1727,#1728));
#5065=EDGE_LOOP('',(#1729,#1730,#1731,#1732));
#5066=EDGE_LOOP('',(#1733,#1734,#1735,#1736));
#5067=EDGE_LOOP('',(#1737,#1738,#1739,#1740));
#5068=EDGE_LOOP('',(#1741,#1742,#1743,#1744));
#5069=EDGE_LOOP('',(#1745,#1746,#1747,#1748));
#5070=EDGE_LOOP('',(#1749,#1750,#1751,#1752));
#5071=EDGE_LOOP('',(#1753,#1754,#1755,#1756));
#5072=EDGE_LOOP('',(#1757,#1758,#1759,#1760));
#5073=EDGE_LOOP('',(#1761,#1762,#1763,#1764));
#5074=EDGE_LOOP('',(#1765,#1766,#1767,#1768));
#5075=EDGE_LOOP('',(#1769,#1770,#1771,#1772));
#5076=EDGE_LOOP('',(#1773,#1774,#1775,#1776));
#5077=EDGE_LOOP('',(#1777,#1778,#1779,#1780));
#5078=EDGE_LOOP('',(#1781,#1782,#1783,#1784));
#5079=EDGE_LOOP('',(#1785,#1786,#1787,#1788));
#5080=EDGE_LOOP('',(#1789,#1790,#1791,#1792,#1793,#1794,#1795,#1796));
#5081=EDGE_LOOP('',(#1797,#1798,#1799,#1800));
#5082=EDGE_LOOP('',(#1801,#1802,#1803,#1804,#1805,#1806,#1807));
#5083=EDGE_LOOP('',(#1808,#1809,#1810,#1811));
#5084=EDGE_LOOP('',(#1812,#1813,#1814));
#5085=EDGE_LOOP('',(#1815,#1816,#1817,#1818));
#5086=EDGE_LOOP('',(#1819,#1820,#1821));
#5087=EDGE_LOOP('',(#1822,#1823,#1824,#1825));
#5088=EDGE_LOOP('',(#1826,#1827,#1828,#1829));
#5089=EDGE_LOOP('',(#1830,#1831,#1832,#1833));
#5090=EDGE_LOOP('',(#1834,#1835,#1836,#1837));
#5091=EDGE_LOOP('',(#1838,#1839,#1840,#1841));
#5092=EDGE_LOOP('',(#1842,#1843,#1844,#1845));
#5093=EDGE_LOOP('',(#1846,#1847,#1848,#1849,#1850));
#5094=EDGE_LOOP('',(#1851,#1852,#1853,#1854));
#5095=EDGE_LOOP('',(#1855,#1856,#1857,#1858,#1859));
#5096=EDGE_LOOP('',(#1860,#1861,#1862,#1863));
#5097=EDGE_LOOP('',(#1864,#1865,#1866,#1867));
#5098=EDGE_LOOP('',(#1868,#1869,#1870,#1871));
#5099=EDGE_LOOP('',(#1872,#1873,#1874,#1875));
#5100=EDGE_LOOP('',(#1876,#1877,#1878,#1879));
#5101=EDGE_LOOP('',(#1880,#1881,#1882,#1883));
#5102=EDGE_LOOP('',(#1884,#1885,#1886,#1887));
#5103=EDGE_LOOP('',(#1888,#1889,#1890,#1891));
#5104=EDGE_LOOP('',(#1892,#1893,#1894,#1895));
#5105=EDGE_LOOP('',(#1896,#1897,#1898,#1899));
#5106=EDGE_LOOP('',(#1900,#1901,#1902,#1903));
#5107=EDGE_LOOP('',(#1904,#1905,#1906,#1907));
#5108=EDGE_LOOP('',(#1908,#1909,#1910,#1911));
#5109=EDGE_LOOP('',(#1912,#1913,#1914,#1915));
#5110=EDGE_LOOP('',(#1916,#1917,#1918,#1919));
#5111=EDGE_LOOP('',(#1920,#1921,#1922,#1923));
#5112=EDGE_LOOP('',(#1924,#1925,#1926,#1927));
#5113=EDGE_LOOP('',(#1928,#1929,#1930,#1931));
#5114=EDGE_LOOP('',(#1932,#1933,#1934,#1935));
#5115=EDGE_LOOP('',(#1936,#1937,#1938));
#5116=EDGE_LOOP('',(#1939,#1940,#1941,#1942));
#5117=EDGE_LOOP('',(#1943,#1944,#1945));
#5118=EDGE_LOOP('',(#1946,#1947,#1948,#1949));
#5119=EDGE_LOOP('',(#1950,#1951,#1952,#1953));
#5120=EDGE_LOOP('',(#1954,#1955,#1956,#1957));
#5121=EDGE_LOOP('',(#1958,#1959,#1960,#1961));
#5122=EDGE_LOOP('',(#1962,#1963,#1964,#1965));
#5123=EDGE_LOOP('',(#1966,#1967,#1968,#1969));
#5124=EDGE_LOOP('',(#1970,#1971,#1972,#1973));
#5125=EDGE_LOOP('',(#1974,#1975,#1976,#1977));
#5126=EDGE_LOOP('',(#1978,#1979,#1980,#1981,#1982,#1983,#1984));
#5127=EDGE_LOOP('',(#1985,#1986,#1987,#1988));
#5128=EDGE_LOOP('',(#1989,#1990,#1991,#1992,#1993,#1994,#1995));
#5129=EDGE_LOOP('',(#1996,#1997,#1998,#1999,#2000,#2001,#2002,#2003,#2004));
#5130=EDGE_LOOP('',(#2005,#2006,#2007,#2008));
#5131=EDGE_LOOP('',(#2009,#2010,#2011,#2012,#2013,#2014,#2015,#2016,#2017));
#5132=EDGE_LOOP('',(#2018,#2019,#2020,#2021,#2022,#2023,#2024,#2025));
#5133=EDGE_LOOP('',(#2026,#2027,#2028,#2029,#2030,#2031,#2032,#2033));
#5134=EDGE_LOOP('',(#2034,#2035,#2036,#2037,#2038,#2039,#2040,#2041,#2042));
#5135=EDGE_LOOP('',(#2043,#2044,#2045,#2046));
#5136=EDGE_LOOP('',(#2047,#2048,#2049,#2050,#2051,#2052,#2053,#2054,#2055));
#5137=EDGE_LOOP('',(#2056,#2057,#2058,#2059,#2060,#2061,#2062));
#5138=EDGE_LOOP('',(#2063,#2064,#2065,#2066));
#5139=EDGE_LOOP('',(#2067,#2068,#2069,#2070,#2071,#2072,#2073));
#5140=EDGE_LOOP('',(#2074,#2075,#2076,#2077,#2078,#2079,#2080,#2081));
#5141=EDGE_LOOP('',(#2082,#2083,#2084,#2085,#2086,#2087,#2088,#2089));
#5142=EDGE_LOOP('',(#2090,#2091,#2092,#2093));
#5143=EDGE_LOOP('',(#2094,#2095,#2096,#2097));
#5144=EDGE_LOOP('',(#2098,#2099,#2100,#2101));
#5145=EDGE_LOOP('',(#2102,#2103,#2104,#2105));
#5146=EDGE_LOOP('',(#2106,#2107,#2108,#2109));
#5147=EDGE_LOOP('',(#2110,#2111,#2112,#2113));
#5148=EDGE_LOOP('',(#2114,#2115,#2116,#2117));
#5149=EDGE_LOOP('',(#2118,#2119,#2120,#2121));
#5150=EDGE_LOOP('',(#2122,#2123,#2124,#2125));
#5151=EDGE_LOOP('',(#2126,#2127,#2128,#2129));
#5152=EDGE_LOOP('',(#2130,#2131,#2132,#2133));
#5153=EDGE_LOOP('',(#2134,#2135,#2136,#2137));
#5154=EDGE_LOOP('',(#2138,#2139,#2140,#2141));
#5155=EDGE_LOOP('',(#2142,#2143,#2144,#2145));
#5156=EDGE_LOOP('',(#2146,#2147,#2148));
#5157=FACE_BOUND('',#4799,.T.);
#5158=FACE_BOUND('',#4800,.T.);
#5159=FACE_BOUND('',#4801,.T.);
#5160=FACE_BOUND('',#4802,.T.);
#5161=FACE_BOUND('',#4803,.T.);
#5162=FACE_BOUND('',#4804,.T.);
#5163=FACE_BOUND('',#4805,.T.);
#5164=FACE_BOUND('',#4806,.T.);
#5165=FACE_BOUND('',#4807,.T.);
#5166=FACE_BOUND('',#4808,.T.);
#5167=FACE_BOUND('',#4809,.T.);
#5168=FACE_BOUND('',#4810,.T.);
#5169=FACE_BOUND('',#4811,.T.);
#5170=FACE_BOUND('',#4812,.T.);
#5171=FACE_BOUND('',#4813,.T.);
#5172=FACE_BOUND('',#4814,.T.);
#5173=FACE_BOUND('',#4815,.T.);
#5174=FACE_BOUND('',#4816,.T.);
#5175=FACE_BOUND('',#4817,.T.);
#5176=FACE_BOUND('',#4818,.T.);
#5177=FACE_BOUND('',#4819,.T.);
#5178=FACE_BOUND('',#4820,.T.);
#5179=FACE_BOUND('',#4821,.T.);
#5180=FACE_BOUND('',#4822,.T.);
#5181=FACE_BOUND('',#4823,.T.);
#5182=FACE_BOUND('',#4824,.T.);
#5183=FACE_BOUND('',#4825,.T.);
#5184=FACE_BOUND('',#4826,.T.);
#5185=FACE_BOUND('',#4827,.T.);
#5186=FACE_BOUND('',#4828,.T.);
#5187=FACE_BOUND('',#4829,.T.);
#5188=FACE_BOUND('',#4830,.T.);
#5189=FACE_BOUND('',#4831,.T.);
#5190=FACE_BOUND('',#4832,.T.);
#5191=FACE_BOUND('',#4833,.T.);
#5192=FACE_BOUND('',#4834,.T.);
#5193=FACE_BOUND('',#4835,.T.);
#5194=FACE_BOUND('',#4836,.T.);
#5195=FACE_BOUND('',#4837,.T.);
#5196=FACE_BOUND('',#4838,.T.);
#5197=FACE_BOUND('',#4839,.T.);
#5198=FACE_BOUND('',#4840,.T.);
#5199=FACE_BOUND('',#4841,.T.);
#5200=FACE_BOUND('',#4842,.T.);
#5201=FACE_BOUND('',#4843,.T.);
#5202=FACE_BOUND('',#4844,.T.);
#5203=FACE_BOUND('',#4845,.T.);
#5204=FACE_BOUND('',#4846,.T.);
#5205=FACE_BOUND('',#4847,.T.);
#5206=FACE_BOUND('',#4848,.T.);
#5207=FACE_BOUND('',#4849,.T.);
#5208=FACE_BOUND('',#4850,.T.);
#5209=FACE_BOUND('',#4851,.T.);
#5210=FACE_BOUND('',#4852,.T.);
#5211=FACE_BOUND('',#4853,.T.);
#5212=FACE_BOUND('',#4854,.T.);
#5213=FACE_BOUND('',#4855,.T.);
#5214=FACE_BOUND('',#4856,.T.);
#5215=FACE_BOUND('',#4857,.T.);
#5216=FACE_BOUND('',#4858,.T.);
#5217=FACE_BOUND('',#4859,.T.);
#5218=FACE_BOUND('',#4860,.T.);
#5219=FACE_BOUND('',#4861,.T.);
#5220=FACE_BOUND('',#4862,.T.);
#5221=FACE_BOUND('',#4863,.T.);
#5222=FACE_BOUND('',#4864,.T.);
#5223=FACE_BOUND('',#4865,.T.);
#5224=FACE_BOUND('',#4866,.T.);
#5225=FACE_BOUND('',#4867,.T.);
#5226=FACE_BOUND('',#4868,.T.);
#5227=FACE_BOUND('',#4869,.T.);
#5228=FACE_BOUND('',#4870,.T.);
#5229=FACE_BOUND('',#4871,.T.);
#5230=FACE_BOUND('',#4872,.T.);
#5231=FACE_BOUND('',#4873,.T.);
#5232=FACE_BOUND('',#4874,.T.);
#5233=FACE_BOUND('',#4875,.T.);
#5234=FACE_BOUND('',#4876,.T.);
#5235=FACE_BOUND('',#4877,.T.);
#5236=FACE_BOUND('',#4878,.T.);
#5237=FACE_BOUND('',#4879,.T.);
#5238=FACE_BOUND('',#4880,.T.);
#5239=FACE_BOUND('',#4881,.T.);
#5240=FACE_BOUND('',#4882,.T.);
#5241=FACE_BOUND('',#4883,.T.);
#5242=FACE_BOUND('',#4884,.T.);
#5243=FACE_BOUND('',#4885,.T.);
#5244=FACE_BOUND('',#4886,.T.);
#5245=FACE_BOUND('',#4887,.T.);
#5246=FACE_BOUND('',#4888,.T.);
#5247=FACE_BOUND('',#4889,.T.);
#5248=FACE_BOUND('',#4890,.T.);
#5249=FACE_BOUND('',#4891,.T.);
#5250=FACE_BOUND('',#4892,.T.);
#5251=FACE_BOUND('',#4893,.T.);
#5252=FACE_BOUND('',#4894,.T.);
#5253=FACE_BOUND('',#4895,.T.);
#5254=FACE_BOUND('',#4896,.T.);
#5255=FACE_BOUND('',#4897,.T.);
#5256=FACE_BOUND('',#4898,.T.);
#5257=FACE_BOUND('',#4899,.T.);
#5258=FACE_BOUND('',#4900,.T.);
#5259=FACE_BOUND('',#4901,.T.);
#5260=FACE_BOUND('',#4902,.T.);
#5261=FACE_BOUND('',#4903,.T.);
#5262=FACE_BOUND('',#4904,.T.);
#5263=FACE_BOUND('',#4905,.T.);
#5264=FACE_BOUND('',#4906,.T.);
#5265=FACE_BOUND('',#4907,.T.);
#5266=FACE_BOUND('',#4908,.T.);
#5267=FACE_BOUND('',#4909,.T.);
#5268=FACE_BOUND('',#4910,.T.);
#5269=FACE_BOUND('',#4911,.T.);
#5270=FACE_BOUND('',#4912,.T.);
#5271=FACE_BOUND('',#4913,.T.);
#5272=FACE_BOUND('',#4914,.T.);
#5273=FACE_BOUND('',#4915,.T.);
#5274=FACE_BOUND('',#4916,.T.);
#5275=FACE_BOUND('',#4917,.T.);
#5276=FACE_BOUND('',#4918,.T.);
#5277=FACE_BOUND('',#4919,.T.);
#5278=FACE_BOUND('',#4920,.T.);
#5279=FACE_BOUND('',#4921,.T.);
#5280=FACE_BOUND('',#4922,.T.);
#5281=FACE_BOUND('',#4923,.T.);
#5282=FACE_BOUND('',#4924,.T.);
#5283=FACE_BOUND('',#4925,.T.);
#5284=FACE_BOUND('',#4926,.T.);
#5285=FACE_BOUND('',#4927,.T.);
#5286=FACE_BOUND('',#4928,.T.);
#5287=FACE_BOUND('',#4929,.T.);
#5288=FACE_BOUND('',#4930,.T.);
#5289=FACE_BOUND('',#4931,.T.);
#5290=FACE_BOUND('',#4932,.T.);
#5291=FACE_BOUND('',#4933,.T.);
#5292=FACE_BOUND('',#4934,.T.);
#5293=FACE_BOUND('',#4935,.T.);
#5294=FACE_BOUND('',#4936,.T.);
#5295=FACE_BOUND('',#4937,.T.);
#5296=FACE_BOUND('',#4938,.T.);
#5297=FACE_BOUND('',#4939,.T.);
#5298=FACE_BOUND('',#4940,.T.);
#5299=FACE_BOUND('',#4941,.T.);
#5300=FACE_BOUND('',#4942,.T.);
#5301=FACE_BOUND('',#4943,.T.);
#5302=FACE_BOUND('',#4944,.T.);
#5303=FACE_BOUND('',#4945,.T.);
#5304=FACE_BOUND('',#4946,.T.);
#5305=FACE_BOUND('',#4947,.T.);
#5306=FACE_BOUND('',#4948,.T.);
#5307=FACE_BOUND('',#4949,.T.);
#5308=FACE_BOUND('',#4950,.T.);
#5309=FACE_BOUND('',#4951,.T.);
#5310=FACE_BOUND('',#4952,.T.);
#5311=FACE_BOUND('',#4953,.T.);
#5312=FACE_BOUND('',#4954,.T.);
#5313=FACE_BOUND('',#4955,.T.);
#5314=FACE_BOUND('',#4956,.T.);
#5315=FACE_BOUND('',#4957,.T.);
#5316=FACE_BOUND('',#4958,.T.);
#5317=FACE_BOUND('',#4959,.T.);
#5318=FACE_BOUND('',#4960,.T.);
#5319=FACE_BOUND('',#4961,.T.);
#5320=FACE_BOUND('',#4962,.T.);
#5321=FACE_BOUND('',#4963,.T.);
#5322=FACE_BOUND('',#4964,.T.);
#5323=FACE_BOUND('',#4965,.T.);
#5324=FACE_BOUND('',#4966,.T.);
#5325=FACE_BOUND('',#4967,.T.);
#5326=FACE_BOUND('',#4968,.T.);
#5327=FACE_BOUND('',#4969,.T.);
#5328=FACE_BOUND('',#4970,.T.);
#5329=FACE_BOUND('',#4971,.T.);
#5330=FACE_BOUND('',#4972,.T.);
#5331=FACE_BOUND('',#4973,.T.);
#5332=FACE_BOUND('',#4974,.T.);
#5333=FACE_BOUND('',#4975,.T.);
#5334=FACE_BOUND('',#4976,.T.);
#5335=FACE_BOUND('',#4977,.T.);
#5336=FACE_BOUND('',#4978,.T.);
#5337=FACE_BOUND('',#4979,.T.);
#5338=FACE_BOUND('',#4980,.T.);
#5339=FACE_BOUND('',#4981,.T.);
#5340=FACE_BOUND('',#4982,.T.);
#5341=FACE_BOUND('',#4983,.T.);
#5342=FACE_BOUND('',#4984,.T.);
#5343=FACE_BOUND('',#4985,.T.);
#5344=FACE_BOUND('',#4986,.T.);
#5345=FACE_BOUND('',#4987,.T.);
#5346=FACE_BOUND('',#4988,.T.);
#5347=FACE_BOUND('',#4989,.T.);
#5348=FACE_BOUND('',#4990,.T.);
#5349=FACE_BOUND('',#4991,.T.);
#5350=FACE_BOUND('',#4992,.T.);
#5351=FACE_BOUND('',#4993,.T.);
#5352=FACE_BOUND('',#4994,.T.);
#5353=FACE_BOUND('',#4995,.T.);
#5354=FACE_BOUND('',#4996,.T.);
#5355=FACE_BOUND('',#4997,.T.);
#5356=FACE_BOUND('',#4998,.T.);
#5357=FACE_BOUND('',#4999,.T.);
#5358=FACE_BOUND('',#5000,.T.);
#5359=FACE_BOUND('',#5001,.T.);
#5360=FACE_BOUND('',#5002,.T.);
#5361=FACE_BOUND('',#5003,.T.);
#5362=FACE_BOUND('',#5004,.T.);
#5363=FACE_BOUND('',#5005,.T.);
#5364=FACE_BOUND('',#5006,.T.);
#5365=FACE_BOUND('',#5007,.T.);
#5366=FACE_BOUND('',#5008,.T.);
#5367=FACE_BOUND('',#5009,.T.);
#5368=FACE_BOUND('',#5010,.T.);
#5369=FACE_BOUND('',#5011,.T.);
#5370=FACE_BOUND('',#5012,.T.);
#5371=FACE_BOUND('',#5013,.T.);
#5372=FACE_BOUND('',#5014,.T.);
#5373=FACE_BOUND('',#5015,.T.);
#5374=FACE_BOUND('',#5016,.T.);
#5375=FACE_BOUND('',#5017,.T.);
#5376=FACE_BOUND('',#5018,.T.);
#5377=FACE_BOUND('',#5019,.T.);
#5378=FACE_BOUND('',#5020,.T.);
#5379=FACE_BOUND('',#5021,.T.);
#5380=FACE_BOUND('',#5022,.T.);
#5381=FACE_BOUND('',#5023,.T.);
#5382=FACE_BOUND('',#5024,.T.);
#5383=FACE_BOUND('',#5025,.T.);
#5384=FACE_BOUND('',#5026,.T.);
#5385=FACE_BOUND('',#5027,.T.);
#5386=FACE_BOUND('',#5028,.T.);
#5387=FACE_BOUND('',#5029,.T.);
#5388=FACE_BOUND('',#5030,.T.);
#5389=FACE_BOUND('',#5031,.T.);
#5390=FACE_BOUND('',#5032,.T.);
#5391=FACE_BOUND('',#5033,.T.);
#5392=FACE_BOUND('',#5034,.T.);
#5393=FACE_BOUND('',#5035,.T.);
#5394=FACE_BOUND('',#5036,.T.);
#5395=FACE_BOUND('',#5037,.T.);
#5396=FACE_BOUND('',#5038,.T.);
#5397=FACE_BOUND('',#5039,.T.);
#5398=FACE_BOUND('',#5040,.T.);
#5399=FACE_BOUND('',#5041,.T.);
#5400=FACE_BOUND('',#5042,.T.);
#5401=FACE_BOUND('',#5043,.T.);
#5402=FACE_BOUND('',#5044,.T.);
#5403=FACE_BOUND('',#5045,.T.);
#5404=FACE_BOUND('',#5046,.T.);
#5405=FACE_BOUND('',#5047,.T.);
#5406=FACE_BOUND('',#5048,.T.);
#5407=FACE_BOUND('',#5049,.T.);
#5408=FACE_BOUND('',#5050,.T.);
#5409=FACE_BOUND('',#5051,.T.);
#5410=FACE_BOUND('',#5052,.T.);
#5411=FACE_BOUND('',#5053,.T.);
#5412=FACE_BOUND('',#5054,.T.);
#5413=FACE_BOUND('',#5055,.T.);
#5414=FACE_BOUND('',#5056,.T.);
#5415=FACE_BOUND('',#5057,.T.);
#5416=FACE_BOUND('',#5058,.T.);
#5417=FACE_BOUND('',#5059,.T.);
#5418=FACE_BOUND('',#5060,.T.);
#5419=FACE_BOUND('',#5061,.T.);
#5420=FACE_BOUND('',#5062,.T.);
#5421=FACE_BOUND('',#5063,.T.);
#5422=FACE_BOUND('',#5064,.T.);
#5423=FACE_BOUND('',#5065,.T.);
#5424=FACE_BOUND('',#5066,.T.);
#5425=FACE_BOUND('',#5067,.T.);
#5426=FACE_BOUND('',#5068,.T.);
#5427=FACE_BOUND('',#5069,.T.);
#5428=FACE_BOUND('',#5070,.T.);
#5429=FACE_BOUND('',#5071,.T.);
#5430=FACE_BOUND('',#5072,.T.);
#5431=FACE_BOUND('',#5073,.T.);
#5432=FACE_BOUND('',#5074,.T.);
#5433=FACE_BOUND('',#5075,.T.);
#5434=FACE_BOUND('',#5076,.T.);
#5435=FACE_BOUND('',#5077,.T.);
#5436=FACE_BOUND('',#5078,.T.);
#5437=FACE_BOUND('',#5079,.T.);
#5438=FACE_BOUND('',#5080,.T.);
#5439=FACE_BOUND('',#5081,.T.);
#5440=FACE_BOUND('',#5082,.T.);
#5441=FACE_BOUND('',#5083,.T.);
#5442=FACE_BOUND('',#5084,.T.);
#5443=FACE_BOUND('',#5085,.T.);
#5444=FACE_BOUND('',#5086,.T.);
#5445=FACE_BOUND('',#5087,.T.);
#5446=FACE_BOUND('',#5088,.T.);
#5447=FACE_BOUND('',#5089,.T.);
#5448=FACE_BOUND('',#5090,.T.);
#5449=FACE_BOUND('',#5091,.T.);
#5450=FACE_BOUND('',#5092,.T.);
#5451=FACE_BOUND('',#5093,.T.);
#5452=FACE_BOUND('',#5094,.T.);
#5453=FACE_BOUND('',#5095,.T.);
#5454=FACE_BOUND('',#5096,.T.);
#5455=FACE_BOUND('',#5097,.T.);
#5456=FACE_BOUND('',#5098,.T.);
#5457=FACE_BOUND('',#5099,.T.);
#5458=FACE_BOUND('',#5100,.T.);
#5459=FACE_BOUND('',#5101,.T.);
#5460=FACE_BOUND('',#5102,.T.);
#5461=FACE_BOUND('',#5103,.T.);
#5462=FACE_BOUND('',#5104,.T.);
#5463=FACE_BOUND('',#5105,.T.);
#5464=FACE_BOUND('',#5106,.T.);
#5465=FACE_BOUND('',#5107,.T.);
#5466=FACE_BOUND('',#5108,.T.);
#5467=FACE_BOUND('',#5109,.T.);
#5468=FACE_BOUND('',#5110,.T.);
#5469=FACE_BOUND('',#5111,.T.);
#5470=FACE_BOUND('',#5112,.T.);
#5471=FACE_BOUND('',#5113,.T.);
#5472=FACE_BOUND('',#5114,.T.);
#5473=FACE_BOUND('',#5115,.T.);
#5474=FACE_BOUND('',#5116,.T.);
#5475=FACE_BOUND('',#5117,.T.);
#5476=FACE_BOUND('',#5118,.T.);
#5477=FACE_BOUND('',#5119,.T.);
#5478=FACE_BOUND('',#5120,.T.);
#5479=FACE_BOUND('',#5121,.T.);
#5480=FACE_BOUND('',#5122,.T.);
#5481=FACE_BOUND('',#5123,.T.);
#5482=FACE_BOUND('',#5124,.T.);
#5483=FACE_BOUND('',#5125,.T.);
#5484=FACE_BOUND('',#5126,.T.);
#5485=FACE_BOUND('',#5127,.T.);
#5486=FACE_BOUND('',#5128,.T.);
#5487=FACE_BOUND('',#5129,.T.);
#5488=FACE_BOUND('',#5130,.T.);
#5489=FACE_BOUND('',#5131,.T.);
#5490=FACE_BOUND('',#5132,.T.);
#5491=FACE_BOUND('',#5133,.T.);
#5492=FACE_BOUND('',#5134,.T.);
#5493=FACE_BOUND('',#5135,.T.);
#5494=FACE_BOUND('',#5136,.T.);
#5495=FACE_BOUND('',#5137,.T.);
#5496=FACE_BOUND('',#5138,.T.);
#5497=FACE_BOUND('',#5139,.T.);
#5498=FACE_BOUND('',#5140,.T.);
#5499=FACE_BOUND('',#5141,.T.);
#5500=FACE_BOUND('',#5142,.T.);
#5501=FACE_BOUND('',#5143,.T.);
#5502=FACE_BOUND('',#5144,.T.);
#5503=FACE_BOUND('',#5145,.T.);
#5504=FACE_BOUND('',#5146,.T.);
#5505=FACE_BOUND('',#5147,.T.);
#5506=FACE_BOUND('',#5148,.T.);
#5507=FACE_BOUND('',#5149,.T.);
#5508=FACE_BOUND('',#5150,.T.);
#5509=FACE_BOUND('',#5151,.T.);
#5510=FACE_BOUND('',#5152,.T.);
#5511=FACE_BOUND('',#5153,.T.);
#5512=FACE_BOUND('',#5154,.T.);
#5513=FACE_BOUND('',#5155,.T.);
#5514=FACE_BOUND('',#5156,.T.);
#5515=PLANE('',#6041);
#5516=PLANE('',#6052);
#5517=PLANE('',#6059);
#5518=PLANE('',#6060);
#5519=PLANE('',#6076);
#5520=PLANE('',#6081);
#5521=PLANE('',#6082);
#5522=PLANE('',#6084);
#5523=PLANE('',#6085);
#5524=PLANE('',#6086);
#5525=PLANE('',#6087);
#5526=PLANE('',#6088);
#5527=PLANE('',#6096);
#5528=PLANE('',#6098);
#5529=PLANE('',#6099);
#5530=PLANE('',#6101);
#5531=PLANE('',#6102);
#5532=PLANE('',#6112);
#5533=PLANE('',#6118);
#5534=PLANE('',#6120);
#5535=PLANE('',#6122);
#5536=PLANE('',#6124);
#5537=PLANE('',#6127);
#5538=PLANE('',#6128);
#5539=PLANE('',#6129);
#5540=PLANE('',#6134);
#5541=PLANE('',#6135);
#5542=PLANE('',#6145);
#5543=PLANE('',#6146);
#5544=PLANE('',#6148);
#5545=PLANE('',#6149);
#5546=PLANE('',#6153);
#5547=PLANE('',#6154);
#5548=PLANE('',#6155);
#5549=PLANE('',#6156);
#5550=PLANE('',#6158);
#5551=PLANE('',#6173);
#5552=PLANE('',#6175);
#5553=PLANE('',#6181);
#5554=PLANE('',#6184);
#5555=PLANE('',#6187);
#5556=PLANE('',#6190);
#5557=PLANE('',#6193);
#5558=PLANE('',#6194);
#5559=PLANE('',#6195);
#5560=PLANE('',#6196);
#5561=PLANE('',#6197);
#5562=PLANE('',#6198);
#5563=PLANE('',#6199);
#5564=PLANE('',#6200);
#5565=PLANE('',#6202);
#5566=PLANE('',#6203);
#5567=PLANE('',#6204);
#5568=PLANE('',#6205);
#5569=PLANE('',#6208);
#5570=PLANE('',#6209);
#5571=PLANE('',#6210);
#5572=PLANE('',#6211);
#5573=PLANE('',#6212);
#5574=PLANE('',#6213);
#5575=PLANE('',#6214);
#5576=PLANE('',#6215);
#5577=PLANE('',#6216);
#5578=PLANE('',#6221);
#5579=PLANE('',#6226);
#5580=PLANE('',#6232);
#5581=PLANE('',#6234);
#5582=PLANE('',#6235);
#5583=PLANE('',#6240);
#5584=PLANE('',#6244);
#5585=PLANE('',#6245);
#5586=PLANE('',#6246);
#5587=PLANE('',#6248);
#5588=PLANE('',#6249);
#5589=PLANE('',#6251);
#5590=PLANE('',#6255);
#5591=PLANE('',#6256);
#5592=PLANE('',#6260);
#5593=PLANE('',#6261);
#5594=PLANE('',#6262);
#5595=PLANE('',#6269);
#5596=PLANE('',#6270);
#5597=PLANE('',#6271);
#5598=PLANE('',#6272);
#5599=PLANE('',#6273);
#5600=PLANE('',#6275);
#5601=PLANE('',#6277);
#5602=PLANE('',#6278);
#5603=PLANE('',#6280);
#5604=PLANE('',#6282);
#5605=PLANE('',#6283);
#5606=PLANE('',#6284);
#5607=PLANE('',#6285);
#5608=PLANE('',#6286);
#5609=PLANE('',#6287);
#5610=PLANE('',#6288);
#5611=PLANE('',#6289);
#5612=PLANE('',#6290);
#5613=PLANE('',#6291);
#5614=PLANE('',#6293);
#5615=PLANE('',#6295);
#5616=PLANE('',#6302);
#5617=PLANE('',#6303);
#5618=PLANE('',#6304);
#5619=PLANE('',#6305);
#5620=PLANE('',#6306);
#5621=PLANE('',#6307);
#5622=PLANE('',#6308);
#5623=PLANE('',#6309);
#5624=PLANE('',#6310);
#5625=PLANE('',#6311);
#5626=PLANE('',#6312);
#5627=PLANE('',#6313);
#5628=PLANE('',#6314);
#5629=PLANE('',#6315);
#5630=PLANE('',#6316);
#5631=PLANE('',#6317);
#5632=PLANE('',#6318);
#5633=PLANE('',#6319);
#5634=PLANE('',#6320);
#5635=PLANE('',#6321);
#5636=PLANE('',#6322);
#5637=PLANE('',#6323);
#5638=PLANE('',#6324);
#5639=PLANE('',#6325);
#5640=PLANE('',#6326);
#5641=PLANE('',#6327);
#5642=PLANE('',#6328);
#5643=PLANE('',#6329);
#5644=PLANE('',#6330);
#5645=PLANE('',#6331);
#5646=PLANE('',#6332);
#5647=PLANE('',#6333);
#5648=PLANE('',#6338);
#5649=PLANE('',#6339);
#5650=PLANE('',#6340);
#5651=PLANE('',#6341);
#5652=PLANE('',#6342);
#5653=PLANE('',#6343);
#5654=PLANE('',#6348);
#5655=PLANE('',#6349);
#5656=PLANE('',#6350);
#5657=PLANE('',#6351);
#5658=PLANE('',#6355);
#5659=PLANE('',#6356);
#5660=PLANE('',#6357);
#5661=PLANE('',#6362);
#5662=PLANE('',#6363);
#5663=PLANE('',#6364);
#5664=PLANE('',#6365);
#5665=PLANE('',#6370);
#5666=PLANE('',#6371);
#5667=PLANE('',#6372);
#5668=PLANE('',#6373);
#5669=PLANE('',#6378);
#5670=PLANE('',#6379);
#5671=PLANE('',#6380);
#5672=PLANE('',#6381);
#5673=PLANE('',#6382);
#5674=PLANE('',#6387);
#5675=PLANE('',#6388);
#5676=PLANE('',#6389);
#5677=PLANE('',#6390);
#5678=PLANE('',#6391);
#5679=PLANE('',#6392);
#5680=PLANE('',#6393);
#5681=PLANE('',#6394);
#5682=PLANE('',#6507);
#5683=PLANE('',#6508);
#5684=PLANE('',#6509);
#5685=PLANE('',#6510);
#5686=PLANE('',#6511);
#5687=PLANE('',#6512);
#5688=PLANE('',#6513);
#5689=PLANE('',#6514);
#5690=PLANE('',#6515);
#5691=PLANE('',#6518);
#5692=PLANE('',#6519);
#5693=PLANE('',#6522);
#5694=PLANE('',#6527);
#5695=PLANE('',#6528);
#5696=PLANE('',#6533);
#5697=PLANE('',#6534);
#5698=PLANE('',#6535);
#5699=PLANE('',#6540);
#5700=PLANE('',#6541);
#5701=PLANE('',#6546);
#5702=PLANE('',#6549);
#5703=PLANE('',#6550);
#5704=PLANE('',#6553);
#5705=PLANE('',#6554);
#5706=PLANE('',#6567);
#5707=PLANE('',#6568);
#5708=PLANE('',#6569);
#5709=ADVANCED_FACE('',(#5157,#5158,#5159,#5160,#5161),#5515,.T.);
#5710=ADVANCED_FACE('',(#5162,#5163,#5164),#5516,.F.);
#5711=ADVANCED_FACE('',(#5165),#5517,.T.);
#5712=ADVANCED_FACE('',(#5166,#5167,#5168,#5169,#5170),#5518,.T.);
#5713=ADVANCED_FACE('',(#5171,#5172),#5519,.T.);
#5714=ADVANCED_FACE('',(#5173),#5520,.T.);
#5715=ADVANCED_FACE('',(#5174),#5521,.F.);
#5716=ADVANCED_FACE('',(#5175),#5522,.T.);
#5717=ADVANCED_FACE('',(#5176),#5523,.T.);
#5718=ADVANCED_FACE('',(#5177),#5524,.T.);
#5719=ADVANCED_FACE('',(#5178),#5525,.T.);
#5720=ADVANCED_FACE('',(#5179),#5526,.T.);
#5721=ADVANCED_FACE('',(#5180),#42,.T.);
#5722=ADVANCED_FACE('',(#5181),#43,.T.);
#5723=ADVANCED_FACE('',(#5182),#44,.T.);
#5724=ADVANCED_FACE('',(#5183),#5527,.T.);
#5725=ADVANCED_FACE('',(#5184),#45,.T.);
#5726=ADVANCED_FACE('',(#5185),#5528,.T.);
#5727=ADVANCED_FACE('',(#5186),#5529,.T.);
#5728=ADVANCED_FACE('',(#5187),#5530,.F.);
#5729=ADVANCED_FACE('',(#5188),#5531,.F.);
#5730=ADVANCED_FACE('',(#5189),#46,.T.);
#5731=ADVANCED_FACE('',(#5190),#5532,.T.);
#5732=ADVANCED_FACE('',(#5191),#5533,.T.);
#5733=ADVANCED_FACE('',(#5192),#5534,.T.);
#5734=ADVANCED_FACE('',(#5193),#5535,.T.);
#5735=ADVANCED_FACE('',(#5194,#5195),#5536,.T.);
#5736=ADVANCED_FACE('',(#5196),#5537,.T.);
#5737=ADVANCED_FACE('',(#5197),#5538,.T.);
#5738=ADVANCED_FACE('',(#5198,#5199,#5200),#5539,.T.);
#5739=ADVANCED_FACE('',(#5201),#5540,.T.);
#5740=ADVANCED_FACE('',(#5202),#5541,.T.);
#5741=ADVANCED_FACE('',(#5203),#47,.F.);
#5742=ADVANCED_FACE('',(#5204),#5542,.T.);
#5743=ADVANCED_FACE('',(#5205),#5543,.T.);
#5744=ADVANCED_FACE('',(#5206),#48,.T.);
#5745=ADVANCED_FACE('',(#5207),#5544,.T.);
#5746=ADVANCED_FACE('',(#5208,#5209,#5210,#5211),#5545,.T.);
#5747=ADVANCED_FACE('',(#5212),#5546,.T.);
#5748=ADVANCED_FACE('',(#5213),#5547,.T.);
#5749=ADVANCED_FACE('',(#5214),#5548,.F.);
#5750=ADVANCED_FACE('',(#5215),#5549,.T.);
#5751=ADVANCED_FACE('',(#5216),#49,.F.);
#5752=ADVANCED_FACE('',(#5217),#5550,.T.);
#5753=ADVANCED_FACE('',(#5218),#50,.T.);
#5754=ADVANCED_FACE('',(#5219),#51,.T.);
#5755=ADVANCED_FACE('',(#5220),#52,.T.);
#5756=ADVANCED_FACE('',(#5221),#53,.T.);
#5757=ADVANCED_FACE('',(#5222),#54,.T.);
#5758=ADVANCED_FACE('',(#5223,#5224,#5225),#55,.T.);
#5759=ADVANCED_FACE('',(#5226),#56,.T.);
#5760=ADVANCED_FACE('',(#5227),#57,.T.);
#5761=ADVANCED_FACE('',(#5228),#58,.T.);
#5762=ADVANCED_FACE('',(#5229),#59,.T.);
#5763=ADVANCED_FACE('',(#5230,#5231),#32,.T.);
#5764=ADVANCED_FACE('',(#5232,#5233),#5551,.T.);
#5765=ADVANCED_FACE('',(#5234,#5235),#5552,.T.);
#5766=ADVANCED_FACE('',(#5236,#5237),#33,.T.);
#5767=ADVANCED_FACE('',(#5238,#5239),#60,.F.);
#5768=ADVANCED_FACE('',(#5240),#5553,.T.);
#5769=ADVANCED_FACE('',(#5241,#5242),#61,.F.);
#5770=ADVANCED_FACE('',(#5243),#5554,.T.);
#5771=ADVANCED_FACE('',(#5244,#5245),#62,.F.);
#5772=ADVANCED_FACE('',(#5246),#5555,.T.);
#5773=ADVANCED_FACE('',(#5247,#5248),#63,.F.);
#5774=ADVANCED_FACE('',(#5249),#5556,.T.);
#5775=ADVANCED_FACE('',(#5250,#5251),#64,.F.);
#5776=ADVANCED_FACE('',(#5252),#5557,.T.);
#5777=ADVANCED_FACE('',(#5253),#5558,.T.);
#5778=ADVANCED_FACE('',(#5254),#5559,.T.);
#5779=ADVANCED_FACE('',(#5255),#5560,.T.);
#5780=ADVANCED_FACE('',(#5256),#5561,.T.);
#5781=ADVANCED_FACE('',(#5257),#5562,.T.);
#5782=ADVANCED_FACE('',(#5258),#5563,.F.);
#5783=ADVANCED_FACE('',(#5259),#5564,.T.);
#5784=ADVANCED_FACE('',(#5260),#5565,.F.);
#5785=ADVANCED_FACE('',(#5261),#5566,.T.);
#5786=ADVANCED_FACE('',(#5262),#5567,.T.);
#5787=ADVANCED_FACE('',(#5263),#5568,.F.);
#5788=ADVANCED_FACE('',(#5264),#5569,.T.);
#5789=ADVANCED_FACE('',(#5265),#5570,.F.);
#5790=ADVANCED_FACE('',(#5266),#5571,.T.);
#5791=ADVANCED_FACE('',(#5267),#5572,.T.);
#5792=ADVANCED_FACE('',(#5268),#5573,.F.);
#5793=ADVANCED_FACE('',(#5269),#5574,.T.);
#5794=ADVANCED_FACE('',(#5270),#5575,.F.);
#5795=ADVANCED_FACE('',(#5271),#5576,.T.);
#5796=ADVANCED_FACE('',(#5272,#5273),#5577,.T.);
#5797=ADVANCED_FACE('',(#5274),#34,.T.);
#5798=ADVANCED_FACE('',(#5275),#35,.T.);
#5799=ADVANCED_FACE('',(#5276,#5277),#5578,.T.);
#5800=ADVANCED_FACE('',(#5278),#36,.T.);
#5801=ADVANCED_FACE('',(#5279),#37,.T.);
#5802=ADVANCED_FACE('',(#5280),#5579,.T.);
#5803=ADVANCED_FACE('',(#5281),#38,.T.);
#5804=ADVANCED_FACE('',(#5282),#39,.T.);
#5805=ADVANCED_FACE('',(#5283),#5580,.T.);
#5806=ADVANCED_FACE('',(#5284),#5581,.T.);
#5807=ADVANCED_FACE('',(#5285),#5582,.F.);
#5808=ADVANCED_FACE('',(#5286,#5287,#5288),#65,.F.);
#5809=ADVANCED_FACE('',(#5289,#5290),#66,.F.);
#5810=ADVANCED_FACE('',(#5291,#5292),#67,.F.);
#5811=ADVANCED_FACE('',(#5293),#5583,.T.);
#5812=ADVANCED_FACE('',(#5294),#68,.F.);
#5813=ADVANCED_FACE('',(#5295),#5584,.F.);
#5814=ADVANCED_FACE('',(#5296),#5585,.F.);
#5815=ADVANCED_FACE('',(#5297),#5586,.T.);
#5816=ADVANCED_FACE('',(#5298),#40,.F.);
#5817=ADVANCED_FACE('',(#5299),#5587,.T.);
#5818=ADVANCED_FACE('',(#5300),#5588,.F.);
#5819=ADVANCED_FACE('',(#5301),#41,.F.);
#5820=ADVANCED_FACE('',(#5302),#5589,.F.);
#5821=ADVANCED_FACE('',(#5303),#69,.T.);
#5822=ADVANCED_FACE('',(#5304),#5590,.T.);
#5823=ADVANCED_FACE('',(#5305),#5591,.F.);
#5824=ADVANCED_FACE('',(#5306,#5307),#70,.F.);
#5825=ADVANCED_FACE('',(#5308,#5309),#5592,.F.);
#5826=ADVANCED_FACE('',(#5310,#5311),#5593,.T.);
#5827=ADVANCED_FACE('',(#5312),#5594,.T.);
#5828=ADVANCED_FACE('',(#5313),#71,.T.);
#5829=ADVANCED_FACE('',(#5314,#5315),#72,.F.);
#5830=ADVANCED_FACE('',(#5316),#5595,.F.);
#5831=ADVANCED_FACE('',(#5317,#5318),#5596,.T.);
#5832=ADVANCED_FACE('',(#5319),#5597,.T.);
#5833=ADVANCED_FACE('',(#5320),#5598,.F.);
#5834=ADVANCED_FACE('',(#5321),#5599,.F.);
#5835=ADVANCED_FACE('',(#5322),#5600,.T.);
#5836=ADVANCED_FACE('',(#5323),#5601,.T.);
#5837=ADVANCED_FACE('',(#5324),#5602,.F.);
#5838=ADVANCED_FACE('',(#5325),#5603,.T.);
#5839=ADVANCED_FACE('',(#5326),#5604,.T.);
#5840=ADVANCED_FACE('',(#5327),#5605,.F.);
#5841=ADVANCED_FACE('',(#5328),#5606,.T.);
#5842=ADVANCED_FACE('',(#5329),#5607,.F.);
#5843=ADVANCED_FACE('',(#5330),#5608,.T.);
#5844=ADVANCED_FACE('',(#5331),#5609,.F.);
#5845=ADVANCED_FACE('',(#5332),#5610,.T.);
#5846=ADVANCED_FACE('',(#5333),#5611,.T.);
#5847=ADVANCED_FACE('',(#5334),#5612,.F.);
#5848=ADVANCED_FACE('',(#5335),#5613,.T.);
#5849=ADVANCED_FACE('',(#5336),#5614,.T.);
#5850=ADVANCED_FACE('',(#5337),#5615,.F.);
#5851=ADVANCED_FACE('',(#5338),#73,.T.);
#5852=ADVANCED_FACE('',(#5339),#74,.T.);
#5853=ADVANCED_FACE('',(#5340),#75,.T.);
#5854=ADVANCED_FACE('',(#5341),#5616,.T.);
#5855=ADVANCED_FACE('',(#5342),#5617,.F.);
#5856=ADVANCED_FACE('',(#5343),#5618,.T.);
#5857=ADVANCED_FACE('',(#5344),#29,.T.);
#5858=ADVANCED_FACE('',(#5345),#5619,.F.);
#5859=ADVANCED_FACE('',(#5346),#5620,.T.);
#5860=ADVANCED_FACE('',(#5347),#30,.T.);
#5861=ADVANCED_FACE('',(#5348),#5621,.F.);
#5862=ADVANCED_FACE('',(#5349),#5622,.T.);
#5863=ADVANCED_FACE('',(#5350),#5623,.F.);
#5864=ADVANCED_FACE('',(#5351),#5624,.F.);
#5865=ADVANCED_FACE('',(#5352),#5625,.T.);
#5866=ADVANCED_FACE('',(#5353),#5626,.F.);
#5867=ADVANCED_FACE('',(#5354),#5627,.T.);
#5868=ADVANCED_FACE('',(#5355),#5628,.F.);
#5869=ADVANCED_FACE('',(#5356),#5629,.F.);
#5870=ADVANCED_FACE('',(#5357),#31,.T.);
#5871=ADVANCED_FACE('',(#5358),#5630,.T.);
#5872=ADVANCED_FACE('',(#5359),#5631,.F.);
#5873=ADVANCED_FACE('',(#5360),#5632,.F.);
#5874=ADVANCED_FACE('',(#5361),#5633,.T.);
#5875=ADVANCED_FACE('',(#5362),#5634,.F.);
#5876=ADVANCED_FACE('',(#5363),#5635,.T.);
#5877=ADVANCED_FACE('',(#5364),#5636,.T.);
#5878=ADVANCED_FACE('',(#5365),#5637,.F.);
#5879=ADVANCED_FACE('',(#5366),#5638,.F.);
#5880=ADVANCED_FACE('',(#5367),#5639,.F.);
#5881=ADVANCED_FACE('',(#5368),#5640,.F.);
#5882=ADVANCED_FACE('',(#5369),#5641,.T.);
#5883=ADVANCED_FACE('',(#5370),#5642,.F.);
#5884=ADVANCED_FACE('',(#5371),#5643,.F.);
#5885=ADVANCED_FACE('',(#5372),#5644,.T.);
#5886=ADVANCED_FACE('',(#5373),#5645,.F.);
#5887=ADVANCED_FACE('',(#5374),#5646,.T.);
#5888=ADVANCED_FACE('',(#5375),#5647,.F.);
#5889=ADVANCED_FACE('',(#5376),#5648,.T.);
#5890=ADVANCED_FACE('',(#5377),#5649,.F.);
#5891=ADVANCED_FACE('',(#5378),#5650,.T.);
#5892=ADVANCED_FACE('',(#5379),#5651,.T.);
#5893=ADVANCED_FACE('',(#5380),#5652,.T.);
#5894=ADVANCED_FACE('',(#5381),#5653,.T.);
#5895=ADVANCED_FACE('',(#5382),#5654,.T.);
#5896=ADVANCED_FACE('',(#5383),#5655,.F.);
#5897=ADVANCED_FACE('',(#5384),#5656,.T.);
#5898=ADVANCED_FACE('',(#5385),#5657,.T.);
#5899=ADVANCED_FACE('',(#5386),#5658,.F.);
#5900=ADVANCED_FACE('',(#5387),#5659,.T.);
#5901=ADVANCED_FACE('',(#5388),#5660,.F.);
#5902=ADVANCED_FACE('',(#5389),#5661,.T.);
#5903=ADVANCED_FACE('',(#5390),#5662,.F.);
#5904=ADVANCED_FACE('',(#5391),#5663,.T.);
#5905=ADVANCED_FACE('',(#5392),#5664,.F.);
#5906=ADVANCED_FACE('',(#5393),#5665,.T.);
#5907=ADVANCED_FACE('',(#5394),#5666,.F.);
#5908=ADVANCED_FACE('',(#5395),#5667,.T.);
#5909=ADVANCED_FACE('',(#5396),#5668,.F.);
#5910=ADVANCED_FACE('',(#5397),#5669,.T.);
#5911=ADVANCED_FACE('',(#5398),#5670,.F.);
#5912=ADVANCED_FACE('',(#5399),#5671,.T.);
#5913=ADVANCED_FACE('',(#5400),#5672,.T.);
#5914=ADVANCED_FACE('',(#5401),#5673,.F.);
#5915=ADVANCED_FACE('',(#5402),#5674,.T.);
#5916=ADVANCED_FACE('',(#5403),#5675,.F.);
#5917=ADVANCED_FACE('',(#5404),#5676,.F.);
#5918=ADVANCED_FACE('',(#5405),#5677,.T.);
#5919=ADVANCED_FACE('',(#5406),#5678,.T.);
#5920=ADVANCED_FACE('',(#5407),#5679,.F.);
#5921=ADVANCED_FACE('',(#5408),#5680,.F.);
#5922=ADVANCED_FACE('',(#5409),#5681,.F.);
#5923=ADVANCED_FACE('',(#5410),#76,.T.);
#5924=ADVANCED_FACE('',(#5411),#77,.T.);
#5925=ADVANCED_FACE('',(#5412),#78,.T.);
#5926=ADVANCED_FACE('',(#5413),#79,.T.);
#5927=ADVANCED_FACE('',(#5414),#80,.T.);
#5928=ADVANCED_FACE('',(#5415),#81,.T.);
#5929=ADVANCED_FACE('',(#5416),#82,.T.);
#5930=ADVANCED_FACE('',(#5417),#83,.T.);
#5931=ADVANCED_FACE('',(#5418),#84,.T.);
#5932=ADVANCED_FACE('',(#5419),#85,.T.);
#5933=ADVANCED_FACE('',(#5420),#86,.T.);
#5934=ADVANCED_FACE('',(#5421),#87,.T.);
#5935=ADVANCED_FACE('',(#5422),#88,.T.);
#5936=ADVANCED_FACE('',(#5423),#89,.T.);
#5937=ADVANCED_FACE('',(#5424),#90,.T.);
#5938=ADVANCED_FACE('',(#5425),#91,.T.);
#5939=ADVANCED_FACE('',(#5426),#92,.T.);
#5940=ADVANCED_FACE('',(#5427),#93,.T.);
#5941=ADVANCED_FACE('',(#5428),#94,.T.);
#5942=ADVANCED_FACE('',(#5429),#95,.T.);
#5943=ADVANCED_FACE('',(#5430),#96,.T.);
#5944=ADVANCED_FACE('',(#5431),#97,.T.);
#5945=ADVANCED_FACE('',(#5432),#98,.T.);
#5946=ADVANCED_FACE('',(#5433),#99,.T.);
#5947=ADVANCED_FACE('',(#5434),#100,.T.);
#5948=ADVANCED_FACE('',(#5435),#101,.T.);
#5949=ADVANCED_FACE('',(#5436),#102,.F.);
#5950=ADVANCED_FACE('',(#5437),#16,.F.);
#5951=ADVANCED_FACE('',(#5438),#103,.T.);
#5952=ADVANCED_FACE('',(#5439),#104,.F.);
#5953=ADVANCED_FACE('',(#5440),#17,.F.);
#5954=ADVANCED_FACE('',(#5441),#105,.T.);
#5955=ADVANCED_FACE('',(#5442),#12,.T.);
#5956=ADVANCED_FACE('',(#5443),#106,.T.);
#5957=ADVANCED_FACE('',(#5444),#13,.T.);
#5958=ADVANCED_FACE('',(#5445),#107,.F.);
#5959=ADVANCED_FACE('',(#5446),#18,.F.);
#5960=ADVANCED_FACE('',(#5447),#108,.F.);
#5961=ADVANCED_FACE('',(#5448),#19,.F.);
#5962=ADVANCED_FACE('',(#5449),#109,.F.);
#5963=ADVANCED_FACE('',(#5450),#110,.F.);
#5964=ADVANCED_FACE('',(#5451),#20,.F.);
#5965=ADVANCED_FACE('',(#5452),#111,.F.);
#5966=ADVANCED_FACE('',(#5453),#21,.F.);
#5967=ADVANCED_FACE('',(#5454),#112,.F.);
#5968=ADVANCED_FACE('',(#5455),#22,.F.);
#5969=ADVANCED_FACE('',(#5456),#113,.F.);
#5970=ADVANCED_FACE('',(#5457),#114,.F.);
#5971=ADVANCED_FACE('',(#5458),#23,.F.);
#5972=ADVANCED_FACE('',(#5459),#115,.F.);
#5973=ADVANCED_FACE('',(#5460),#24,.F.);
#5974=ADVANCED_FACE('',(#5461),#116,.F.);
#5975=ADVANCED_FACE('',(#5462),#117,.F.);
#5976=ADVANCED_FACE('',(#5463),#25,.F.);
#5977=ADVANCED_FACE('',(#5464),#118,.F.);
#5978=ADVANCED_FACE('',(#5465),#26,.F.);
#5979=ADVANCED_FACE('',(#5466),#119,.F.);
#5980=ADVANCED_FACE('',(#5467),#120,.F.);
#5981=ADVANCED_FACE('',(#5468),#27,.F.);
#5982=ADVANCED_FACE('',(#5469),#121,.F.);
#5983=ADVANCED_FACE('',(#5470),#28,.F.);
#5984=ADVANCED_FACE('',(#5471),#122,.F.);
#5985=ADVANCED_FACE('',(#5472),#123,.T.);
#5986=ADVANCED_FACE('',(#5473),#14,.T.);
#5987=ADVANCED_FACE('',(#5474),#124,.T.);
#5988=ADVANCED_FACE('',(#5475),#15,.T.);
#5989=ADVANCED_FACE('',(#5476),#5682,.F.);
#5990=ADVANCED_FACE('',(#5477),#5683,.F.);
#5991=ADVANCED_FACE('',(#5478),#5684,.F.);
#5992=ADVANCED_FACE('',(#5479),#5685,.F.);
#5993=ADVANCED_FACE('',(#5480),#5686,.T.);
#5994=ADVANCED_FACE('',(#5481),#5687,.T.);
#5995=ADVANCED_FACE('',(#5482),#5688,.T.);
#5996=ADVANCED_FACE('',(#5483),#5689,.T.);
#5997=ADVANCED_FACE('',(#5484),#5690,.T.);
#5998=ADVANCED_FACE('',(#5485),#5691,.T.);
#5999=ADVANCED_FACE('',(#5486),#5692,.T.);
#6000=ADVANCED_FACE('',(#5487),#5693,.T.);
#6001=ADVANCED_FACE('',(#5488),#5694,.F.);
#6002=ADVANCED_FACE('',(#5489),#5695,.F.);
#6003=ADVANCED_FACE('',(#5490),#5696,.T.);
#6004=ADVANCED_FACE('',(#5491),#5697,.F.);
#6005=ADVANCED_FACE('',(#5492),#5698,.T.);
#6006=ADVANCED_FACE('',(#5493),#5699,.T.);
#6007=ADVANCED_FACE('',(#5494),#5700,.F.);
#6008=ADVANCED_FACE('',(#5495),#5701,.F.);
#6009=ADVANCED_FACE('',(#5496),#5702,.F.);
#6010=ADVANCED_FACE('',(#5497),#5703,.F.);
#6011=ADVANCED_FACE('',(#5498),#5704,.T.);
#6012=ADVANCED_FACE('',(#5499),#5705,.F.);
#6013=ADVANCED_FACE('',(#5500),#125,.T.);
#6014=ADVANCED_FACE('',(#5501),#126,.T.);
#6015=ADVANCED_FACE('',(#5502),#127,.T.);
#6016=ADVANCED_FACE('',(#5503),#128,.T.);
#6017=ADVANCED_FACE('',(#5504),#129,.F.);
#6018=ADVANCED_FACE('',(#5505),#130,.F.);
#6019=ADVANCED_FACE('',(#5506),#131,.F.);
#6020=ADVANCED_FACE('',(#5507),#132,.F.);
#6021=ADVANCED_FACE('',(#5508),#133,.F.);
#6022=ADVANCED_FACE('',(#5509),#134,.F.);
#6023=ADVANCED_FACE('',(#5510),#135,.F.);
#6024=ADVANCED_FACE('',(#5511),#136,.F.);
#6025=ADVANCED_FACE('',(#5512),#5706,.F.);
#6026=ADVANCED_FACE('',(#5513),#5707,.F.);
#6027=ADVANCED_FACE('',(#5514),#5708,.F.);
#6028=CLOSED_SHELL('',(#5709,#5710,#5711,#5712,#5713,#5714,#5715,#5716,
#5717,#5718,#5719,#5720,#5721,#5722,#5723,#5724,#5725,#5726,#5727,#5728,
#5729,#5730,#5731,#5732,#5733,#5734,#5735,#5736,#5737,#5738,#5739,#5740,
#5741,#5742,#5743,#5744,#5745,#5746,#5747,#5748,#5749,#5750,#5751,#5752,
#5753,#5754,#5755,#5756,#5757,#5758,#5759,#5760,#5761,#5762,#5763,#5764,
#5765,#5766,#5767,#5768,#5769,#5770,#5771,#5772,#5773,#5774,#5775,#5776,
#5777,#5778,#5779,#5780,#5781,#5782,#5783,#5784,#5785,#5786,#5787,#5788,
#5789,#5790,#5791,#5792,#5793,#5794,#5795,#5796,#5797,#5798,#5799,#5800,
#5801,#5802,#5803,#5804,#5805,#5806,#5807,#5808,#5809,#5810,#5811,#5812,
#5813,#5814,#5815,#5816,#5817,#5818,#5819,#5820,#5821,#5822,#5823,#5824,
#5825,#5826,#5827,#5828,#5829,#5830,#5831,#5832,#5833,#5834,#5835,#5836,
#5837,#5838,#5839,#5840,#5841,#5842,#5843,#5844,#5845,#5846,#5847,#5848,
#5849,#5850,#5851,#5852,#5853,#5854,#5855,#5856,#5857,#5858,#5859,#5860,
#5861,#5862,#5863,#5864,#5865,#5866,#5867,#5868,#5869,#5870,#5871,#5872,
#5873,#5874,#5875,#5876,#5877,#5878,#5879,#5880,#5881,#5882,#5883,#5884,
#5885,#5886,#5887,#5888,#5889,#5890,#5891,#5892,#5893,#5894,#5895,#5896,
#5897,#5898,#5899,#5900,#5901,#5902,#5903,#5904,#5905,#5906,#5907,#5908,
#5909,#5910,#5911,#5912,#5913,#5914,#5915,#5916,#5917,#5918,#5919,#5920,
#5921,#5922,#5923,#5924,#5925,#5926,#5927,#5928,#5929,#5930,#5931,#5932,
#5933,#5934,#5935,#5936,#5937,#5938,#5939,#5940,#5941,#5942,#5943,#5944,
#5945,#5946,#5947,#5948,#5949,#5950,#5951,#5952,#5953,#5954,#5955,#5956,
#5957,#5958,#5959,#5960,#5961,#5962,#5963,#5964,#5965,#5966,#5967,#5968,
#5969,#5970,#5971,#5972,#5973,#5974,#5975,#5976,#5977,#5978,#5979,#5980,
#5981,#5982,#5983,#5984,#5985,#5986,#5987,#5988,#5989,#5990,#5991,#5992,
#5993,#5994,#5995,#5996,#5997,#5998,#5999,#6000,#6001,#6002,#6003,#6004,
#6005,#6006,#6007,#6008,#6009,#6010,#6011,#6012,#6013,#6014,#6015,#6016,
#6017,#6018,#6019,#6020,#6021,#6022,#6023,#6024,#6025,#6026,#6027));
#6029=STYLED_ITEM('',(#6030),#6037);
#6030=PRESENTATION_STYLE_ASSIGNMENT((#6031));
#6031=SURFACE_STYLE_USAGE(.BOTH.,#6032);
#6032=SURFACE_SIDE_STYLE('',(#6033));
#6033=SURFACE_STYLE_FILL_AREA(#6034);
#6034=FILL_AREA_STYLE('',(#6035));
#6035=FILL_AREA_STYLE_COLOUR('',#6036);
#6036=COLOUR_RGB('',0.917647058823529,0.917647058823529,0.917647058823529);
#6037=MANIFOLD_SOLID_BREP('Jackpot3 Box',#6028);
#6038=SHAPE_DEFINITION_REPRESENTATION(#10389,#6039);
#6039=SHAPE_REPRESENTATION('Jackpot3 Box',(#6040),#10384);
#6040=AXIS2_PLACEMENT_3D('',#8237,#6570,#6571);
#6041=AXIS2_PLACEMENT_3D('',#8238,#6572,#6573);
#6042=AXIS2_PLACEMENT_3D('',#8252,#6580,#6581);
#6043=AXIS2_PLACEMENT_3D('',#8260,#6585,#6586);
#6044=AXIS2_PLACEMENT_3D('',#8264,#6588,#6589);
#6045=AXIS2_PLACEMENT_3D('',#8268,#6591,#6592);
#6046=AXIS2_PLACEMENT_3D('',#8272,#6594,#6595);
#6047=AXIS2_PLACEMENT_3D('',#8276,#6597,#6598);
#6048=AXIS2_PLACEMENT_3D('',#8280,#6600,#6601);
#6049=AXIS2_PLACEMENT_3D('',#8284,#6603,#6604);
#6050=AXIS2_PLACEMENT_3D('',#8292,#6608,#6609);
#6051=AXIS2_PLACEMENT_3D('',#8296,#6611,#6612);
#6052=AXIS2_PLACEMENT_3D('',#8317,#6623,#6624);
#6053=AXIS2_PLACEMENT_3D('',#8333,#6632,#6633);
#6054=AXIS2_PLACEMENT_3D('',#8339,#6636,#6637);
#6055=AXIS2_PLACEMENT_3D('',#8343,#6639,#6640);
#6056=AXIS2_PLACEMENT_3D('',#8347,#6642,#6643);
#6057=AXIS2_PLACEMENT_3D('',#8351,#6645,#6646);
#6058=AXIS2_PLACEMENT_3D('',#8355,#6648,#6649);
#6059=AXIS2_PLACEMENT_3D('',#8380,#6662,#6663);
#6060=AXIS2_PLACEMENT_3D('',#8389,#6668,#6669);
#6061=AXIS2_PLACEMENT_3D('',#8397,#6673,#6674);
#6062=AXIS2_PLACEMENT_3D('',#8401,#6676,#6677);
#6063=AXIS2_PLACEMENT_3D('',#8405,#6679,#6680);
#6064=AXIS2_PLACEMENT_3D('',#8413,#6684,#6685);
#6065=AXIS2_PLACEMENT_3D('',#8417,#6687,#6688);
#6066=AXIS2_PLACEMENT_3D('',#8421,#6690,#6691);
#6067=AXIS2_PLACEMENT_3D('',#8428,#6695,#6696);
#6068=AXIS2_PLACEMENT_3D('',#8434,#6699,#6700);
#6069=AXIS2_PLACEMENT_3D('',#8444,#6705,#6706);
#6070=AXIS2_PLACEMENT_3D('',#8451,#6710,#6711);
#6071=AXIS2_PLACEMENT_3D('',#8455,#6713,#6714);
#6072=AXIS2_PLACEMENT_3D('',#8467,#6720,#6721);
#6073=AXIS2_PLACEMENT_3D('',#8471,#6723,#6724);
#6074=AXIS2_PLACEMENT_3D('',#8479,#6728,#6729);
#6075=AXIS2_PLACEMENT_3D('',#8483,#6731,#6732);
#6076=AXIS2_PLACEMENT_3D('',#8484,#6733,#6734);
#6077=AXIS2_PLACEMENT_3D('',#8494,#6739,#6740);
#6078=AXIS2_PLACEMENT_3D('',#8522,#6754,#6755);
#6079=AXIS2_PLACEMENT_3D('',#8530,#6759,#6760);
#6080=AXIS2_PLACEMENT_3D('',#8534,#6762,#6763);
#6081=AXIS2_PLACEMENT_3D('',#8537,#6765,#6766);
#6082=AXIS2_PLACEMENT_3D('',#8558,#6772,#6773);
#6083=AXIS2_PLACEMENT_3D('',#8564,#6777,#6778);
#6084=AXIS2_PLACEMENT_3D('',#8565,#6779,#6780);
#6085=AXIS2_PLACEMENT_3D('',#8574,#6785,#6786);
#6086=AXIS2_PLACEMENT_3D('',#8636,#6814,#6815);
#6087=AXIS2_PLACEMENT_3D('',#8652,#6819,#6820);
#6088=AXIS2_PLACEMENT_3D('',#8661,#6825,#6826);
#6089=AXIS2_PLACEMENT_3D('',#8678,#6835,#6836);
#6090=AXIS2_PLACEMENT_3D('',#8693,#6838,#6839);
#6091=AXIS2_PLACEMENT_3D('',#8694,#6840,#6841);
#6092=AXIS2_PLACEMENT_3D('',#8698,#6843,#6844);
#6093=AXIS2_PLACEMENT_3D('',#8702,#6846,#6847);
#6094=AXIS2_PLACEMENT_3D('',#8703,#6848,#6849);
#6095=AXIS2_PLACEMENT_3D('',#8721,#6852,#6853);
#6096=AXIS2_PLACEMENT_3D('',#8722,#6854,#6855);
#6097=AXIS2_PLACEMENT_3D('',#8729,#6857,#6858);
#6098=AXIS2_PLACEMENT_3D('',#8745,#6861,#6862);
#6099=AXIS2_PLACEMENT_3D('',#8781,#6882,#6883);
#6100=AXIS2_PLACEMENT_3D('',#8793,#6889,#6890);
#6101=AXIS2_PLACEMENT_3D('',#8827,#6908,#6909);
#6102=AXIS2_PLACEMENT_3D('',#8843,#6915,#6916);
#6103=AXIS2_PLACEMENT_3D('',#8844,#6917,#6918);
#6104=AXIS2_PLACEMENT_3D('',#8848,#6921,#6922);
#6105=AXIS2_PLACEMENT_3D('',#8852,#6924,#6925);
#6106=AXIS2_PLACEMENT_3D('',#8860,#6929,#6930);
#6107=AXIS2_PLACEMENT_3D('',#8864,#6932,#6933);
#6108=AXIS2_PLACEMENT_3D('',#8868,#6935,#6936);
#6109=AXIS2_PLACEMENT_3D('',#8872,#6938,#6939);
#6110=AXIS2_PLACEMENT_3D('',#8879,#6943,#6944);
#6111=AXIS2_PLACEMENT_3D('',#8906,#6955,#6956);
#6112=AXIS2_PLACEMENT_3D('',#8909,#6959,#6960);
#6113=AXIS2_PLACEMENT_3D('',#8913,#6962,#6963);
#6114=AXIS2_PLACEMENT_3D('',#8919,#6966,#6967);
#6115=AXIS2_PLACEMENT_3D('',#8926,#6971,#6972);
#6116=AXIS2_PLACEMENT_3D('',#8930,#6974,#6975);
#6117=AXIS2_PLACEMENT_3D('',#8937,#6979,#6980);
#6118=AXIS2_PLACEMENT_3D('',#8940,#6982,#6983);
#6119=AXIS2_PLACEMENT_3D('',#8944,#6985,#6986);
#6120=AXIS2_PLACEMENT_3D('',#8953,#6992,#6993);
#6121=AXIS2_PLACEMENT_3D('',#8956,#6995,#6996);
#6122=AXIS2_PLACEMENT_3D('',#8957,#6997,#6998);
#6123=AXIS2_PLACEMENT_3D('',#8958,#6999,#7000);
#6124=AXIS2_PLACEMENT_3D('',#8961,#7002,#7003);
#6125=AXIS2_PLACEMENT_3D('',#8962,#7004,#7005);
#6126=AXIS2_PLACEMENT_3D('',#8971,#7009,#7010);
#6127=AXIS2_PLACEMENT_3D('',#8974,#7012,#7013);
#6128=AXIS2_PLACEMENT_3D('',#8980,#7017,#7018);
#6129=AXIS2_PLACEMENT_3D('',#8983,#7021,#7022);
#6130=AXIS2_PLACEMENT_3D('',#8984,#7023,#7024);
#6131=AXIS2_PLACEMENT_3D('',#8986,#7025,#7026);
#6132=AXIS2_PLACEMENT_3D('',#9003,#7034,#7035);
#6133=AXIS2_PLACEMENT_3D('',#9013,#7041,#7042);
#6134=AXIS2_PLACEMENT_3D('',#9016,#7044,#7045);
#6135=AXIS2_PLACEMENT_3D('',#9021,#7049,#7050);
#6136=AXIS2_PLACEMENT_3D('',#9028,#7055,#7056);
#6137=AXIS2_PLACEMENT_3D('',#9029,#7057,#7058);
#6138=AXIS2_PLACEMENT_3D('',#9033,#7060,#7061);
#6139=AXIS2_PLACEMENT_3D('',#9034,#7062,#7063);
#6140=AXIS2_PLACEMENT_3D('',#9038,#7065,#7066);
#6141=AXIS2_PLACEMENT_3D('',#9039,#7067,#7068);
#6142=AXIS2_PLACEMENT_3D('',#9043,#7070,#7071);
#6143=AXIS2_PLACEMENT_3D('',#9044,#7072,#7073);
#6144=AXIS2_PLACEMENT_3D('',#9048,#7075,#7076);
#6145=AXIS2_PLACEMENT_3D('',#9049,#7077,#7078);
#6146=AXIS2_PLACEMENT_3D('',#9053,#7082,#7083);
#6147=AXIS2_PLACEMENT_3D('',#9056,#7086,#7087);
#6148=AXIS2_PLACEMENT_3D('',#9058,#7089,#7090);
#6149=AXIS2_PLACEMENT_3D('',#9059,#7091,#7092);
#6150=AXIS2_PLACEMENT_3D('',#9060,#7093,#7094);
#6151=AXIS2_PLACEMENT_3D('',#9062,#7095,#7096);
#6152=AXIS2_PLACEMENT_3D('',#9064,#7097,#7098);
#6153=AXIS2_PLACEMENT_3D('',#9068,#7101,#7102);
#6154=AXIS2_PLACEMENT_3D('',#9070,#7104,#7105);
#6155=AXIS2_PLACEMENT_3D('',#9073,#7108,#7109);
#6156=AXIS2_PLACEMENT_3D('',#9090,#7120,#7121);
#6157=AXIS2_PLACEMENT_3D('',#9097,#7126,#7127);
#6158=AXIS2_PLACEMENT_3D('',#9099,#7129,#7130);
#6159=AXIS2_PLACEMENT_3D('',#9101,#7132,#7133);
#6160=AXIS2_PLACEMENT_3D('',#9102,#7134,#7135);
#6161=AXIS2_PLACEMENT_3D('',#9103,#7136,#7137);
#6162=AXIS2_PLACEMENT_3D('',#9104,#7138,#7139);
#6163=AXIS2_PLACEMENT_3D('',#9105,#7140,#7141);
#6164=AXIS2_PLACEMENT_3D('',#9107,#7143,#7144);
#6165=AXIS2_PLACEMENT_3D('',#9108,#7145,#7146);
#6166=AXIS2_PLACEMENT_3D('',#9110,#7148,#7149);
#6167=AXIS2_PLACEMENT_3D('',#9131,#7152,#7153);
#6168=AXIS2_PLACEMENT_3D('',#9132,#7154,#7155);
#6169=AXIS2_PLACEMENT_3D('',#9135,#7158,#7159);
#6170=AXIS2_PLACEMENT_3D('',#9137,#7161,#7162);
#6171=AXIS2_PLACEMENT_3D('',#9140,#7165,#7166);
#6172=AXIS2_PLACEMENT_3D('',#9141,#7167,#7168);
#6173=AXIS2_PLACEMENT_3D('',#9143,#7169,#7170);
#6174=AXIS2_PLACEMENT_3D('',#9144,#7171,#7172);
#6175=AXIS2_PLACEMENT_3D('',#9146,#7173,#7174);
#6176=AXIS2_PLACEMENT_3D('',#9147,#7175,#7176);
#6177=AXIS2_PLACEMENT_3D('',#9149,#7177,#7178);
#6178=AXIS2_PLACEMENT_3D('',#9151,#7179,#7180);
#6179=AXIS2_PLACEMENT_3D('',#9156,#7181,#7182);
#6180=AXIS2_PLACEMENT_3D('',#9157,#7183,#7184);
#6181=AXIS2_PLACEMENT_3D('',#9158,#7185,#7186);
#6182=AXIS2_PLACEMENT_3D('',#9159,#7187,#7188);
#6183=AXIS2_PLACEMENT_3D('',#9160,#7189,#7190);
#6184=AXIS2_PLACEMENT_3D('',#9161,#7191,#7192);
#6185=AXIS2_PLACEMENT_3D('',#9162,#7193,#7194);
#6186=AXIS2_PLACEMENT_3D('',#9163,#7195,#7196);
#6187=AXIS2_PLACEMENT_3D('',#9165,#7197,#7198);
#6188=AXIS2_PLACEMENT_3D('',#9166,#7199,#7200);
#6189=AXIS2_PLACEMENT_3D('',#9167,#7201,#7202);
#6190=AXIS2_PLACEMENT_3D('',#9169,#7203,#7204);
#6191=AXIS2_PLACEMENT_3D('',#9170,#7205,#7206);
#6192=AXIS2_PLACEMENT_3D('',#9171,#7207,#7208);
#6193=AXIS2_PLACEMENT_3D('',#9173,#7209,#7210);
#6194=AXIS2_PLACEMENT_3D('',#9174,#7211,#7212);
#6195=AXIS2_PLACEMENT_3D('',#9189,#7215,#7216);
#6196=AXIS2_PLACEMENT_3D('',#9190,#7217,#7218);
#6197=AXIS2_PLACEMENT_3D('',#9206,#7222,#7223);
#6198=AXIS2_PLACEMENT_3D('',#9240,#7233,#7234);
#6199=AXIS2_PLACEMENT_3D('',#9242,#7236,#7237);
#6200=AXIS2_PLACEMENT_3D('',#9243,#7238,#7239);
#6201=AXIS2_PLACEMENT_3D('',#9259,#7246,#7247);
#6202=AXIS2_PLACEMENT_3D('',#9268,#7250,#7251);
#6203=AXIS2_PLACEMENT_3D('',#9270,#7253,#7254);
#6204=AXIS2_PLACEMENT_3D('',#9272,#7256,#7257);
#6205=AXIS2_PLACEMENT_3D('',#9273,#7258,#7259);
#6206=AXIS2_PLACEMENT_3D('',#9277,#7261,#7262);
#6207=AXIS2_PLACEMENT_3D('',#9297,#7268,#7269);
#6208=AXIS2_PLACEMENT_3D('',#9298,#7270,#7271);
#6209=AXIS2_PLACEMENT_3D('',#9299,#7272,#7273);
#6210=AXIS2_PLACEMENT_3D('',#9300,#7274,#7275);
#6211=AXIS2_PLACEMENT_3D('',#9302,#7277,#7278);
#6212=AXIS2_PLACEMENT_3D('',#9304,#7280,#7281);
#6213=AXIS2_PLACEMENT_3D('',#9305,#7282,#7283);
#6214=AXIS2_PLACEMENT_3D('',#9307,#7285,#7286);
#6215=AXIS2_PLACEMENT_3D('',#9309,#7288,#7289);
#6216=AXIS2_PLACEMENT_3D('',#9310,#7290,#7291);
#6217=AXIS2_PLACEMENT_3D('',#9311,#7292,#7293);
#6218=AXIS2_PLACEMENT_3D('',#9313,#7294,#7295);
#6219=AXIS2_PLACEMENT_3D('',#9314,#7296,#7297);
#6220=AXIS2_PLACEMENT_3D('',#9315,#7298,#7299);
#6221=AXIS2_PLACEMENT_3D('',#9316,#7300,#7301);
#6222=AXIS2_PLACEMENT_3D('',#9317,#7302,#7303);
#6223=AXIS2_PLACEMENT_3D('',#9319,#7304,#7305);
#6224=AXIS2_PLACEMENT_3D('',#9320,#7306,#7307);
#6225=AXIS2_PLACEMENT_3D('',#9321,#7308,#7309);
#6226=AXIS2_PLACEMENT_3D('',#9322,#7310,#7311);
#6227=AXIS2_PLACEMENT_3D('',#9323,#7312,#7313);
#6228=AXIS2_PLACEMENT_3D('',#9324,#7314,#7315);
#6229=AXIS2_PLACEMENT_3D('',#9325,#7316,#7317);
#6230=AXIS2_PLACEMENT_3D('',#9326,#7318,#7319);
#6231=AXIS2_PLACEMENT_3D('',#9327,#7320,#7321);
#6232=AXIS2_PLACEMENT_3D('',#9328,#7322,#7323);
#6233=AXIS2_PLACEMENT_3D('',#9329,#7324,#7325);
#6234=AXIS2_PLACEMENT_3D('',#9330,#7326,#7327);
#6235=AXIS2_PLACEMENT_3D('',#9331,#7328,#7329);
#6236=AXIS2_PLACEMENT_3D('',#9332,#7330,#7331);
#6237=AXIS2_PLACEMENT_3D('',#9333,#7332,#7333);
#6238=AXIS2_PLACEMENT_3D('',#9334,#7334,#7335);
#6239=AXIS2_PLACEMENT_3D('',#9335,#7336,#7337);
#6240=AXIS2_PLACEMENT_3D('',#9336,#7338,#7339);
#6241=AXIS2_PLACEMENT_3D('',#9338,#7341,#7342);
#6242=AXIS2_PLACEMENT_3D('',#9342,#7344,#7345);
#6243=AXIS2_PLACEMENT_3D('',#9346,#7347,#7348);
#6244=AXIS2_PLACEMENT_3D('',#9347,#7349,#7350);
#6245=AXIS2_PLACEMENT_3D('',#9350,#7353,#7354);
#6246=AXIS2_PLACEMENT_3D('',#9353,#7357,#7358);
#6247=AXIS2_PLACEMENT_3D('',#9355,#7360,#7361);
#6248=AXIS2_PLACEMENT_3D('',#9357,#7363,#7364);
#6249=AXIS2_PLACEMENT_3D('',#9358,#7365,#7366);
#6250=AXIS2_PLACEMENT_3D('',#9360,#7368,#7369);
#6251=AXIS2_PLACEMENT_3D('',#9362,#7371,#7372);
#6252=AXIS2_PLACEMENT_3D('',#9363,#7373,#7374);
#6253=AXIS2_PLACEMENT_3D('',#9364,#7375,#7376);
#6254=AXIS2_PLACEMENT_3D('',#9369,#7378,#7379);
#6255=AXIS2_PLACEMENT_3D('',#9372,#7381,#7382);
#6256=AXIS2_PLACEMENT_3D('',#9375,#7385,#7386);
#6257=AXIS2_PLACEMENT_3D('',#9378,#7389,#7390);
#6258=AXIS2_PLACEMENT_3D('',#9379,#7391,#7392);
#6259=AXIS2_PLACEMENT_3D('',#9381,#7393,#7394);
#6260=AXIS2_PLACEMENT_3D('',#9383,#7395,#7396);
#6261=AXIS2_PLACEMENT_3D('',#9384,#7397,#7398);
#6262=AXIS2_PLACEMENT_3D('',#9385,#7399,#7400);
#6263=AXIS2_PLACEMENT_3D('',#9391,#7404,#7405);
#6264=AXIS2_PLACEMENT_3D('',#9392,#7406,#7407);
#6265=AXIS2_PLACEMENT_3D('',#9393,#7408,#7409);
#6266=AXIS2_PLACEMENT_3D('',#9394,#7410,#7411);
#6267=AXIS2_PLACEMENT_3D('',#9395,#7412,#7413);
#6268=AXIS2_PLACEMENT_3D('',#9396,#7414,#7415);
#6269=AXIS2_PLACEMENT_3D('',#9398,#7416,#7417);
#6270=AXIS2_PLACEMENT_3D('',#9399,#7418,#7419);
#6271=AXIS2_PLACEMENT_3D('',#9400,#7420,#7421);
#6272=AXIS2_PLACEMENT_3D('',#9406,#7425,#7426);
#6273=AXIS2_PLACEMENT_3D('',#9409,#7429,#7430);
#6274=AXIS2_PLACEMENT_3D('',#9410,#7431,#7432);
#6275=AXIS2_PLACEMENT_3D('',#9411,#7433,#7434);
#6276=AXIS2_PLACEMENT_3D('',#9415,#7437,#7438);
#6277=AXIS2_PLACEMENT_3D('',#9416,#7439,#7440);
#6278=AXIS2_PLACEMENT_3D('',#9418,#7442,#7443);
#6279=AXIS2_PLACEMENT_3D('',#9423,#7447,#7448);
#6280=AXIS2_PLACEMENT_3D('',#9424,#7449,#7450);
#6281=AXIS2_PLACEMENT_3D('',#9434,#7453,#7454);
#6282=AXIS2_PLACEMENT_3D('',#9435,#7455,#7456);
#6283=AXIS2_PLACEMENT_3D('',#9441,#7460,#7461);
#6284=AXIS2_PLACEMENT_3D('',#9443,#7463,#7464);
#6285=AXIS2_PLACEMENT_3D('',#9449,#7468,#7469);
#6286=AXIS2_PLACEMENT_3D('',#9453,#7472,#7473);
#6287=AXIS2_PLACEMENT_3D('',#9457,#7476,#7477);
#6288=AXIS2_PLACEMENT_3D('',#9461,#7480,#7481);
#6289=AXIS2_PLACEMENT_3D('',#9465,#7484,#7485);
#6290=AXIS2_PLACEMENT_3D('',#9469,#7488,#7489);
#6291=AXIS2_PLACEMENT_3D('',#9473,#7492,#7493);
#6292=AXIS2_PLACEMENT_3D('',#9481,#7495,#7496);
#6293=AXIS2_PLACEMENT_3D('',#9482,#7497,#7498);
#6294=AXIS2_PLACEMENT_3D('',#9483,#7499,#7500);
#6295=AXIS2_PLACEMENT_3D('',#9491,#7502,#7503);
#6296=AXIS2_PLACEMENT_3D('',#9493,#7505,#7506);
#6297=AXIS2_PLACEMENT_3D('',#9494,#7507,#7508);
#6298=AXIS2_PLACEMENT_3D('',#9501,#7509,#7510);
#6299=AXIS2_PLACEMENT_3D('',#9502,#7511,#7512);
#6300=AXIS2_PLACEMENT_3D('',#9509,#7513,#7514);
#6301=AXIS2_PLACEMENT_3D('',#9510,#7515,#7516);
#6302=AXIS2_PLACEMENT_3D('',#9517,#7517,#7518);
#6303=AXIS2_PLACEMENT_3D('',#9519,#7520,#7521);
#6304=AXIS2_PLACEMENT_3D('',#9521,#7523,#7524);
#6305=AXIS2_PLACEMENT_3D('',#9538,#7525,#7526);
#6306=AXIS2_PLACEMENT_3D('',#9540,#7528,#7529);
#6307=AXIS2_PLACEMENT_3D('',#9557,#7530,#7531);
#6308=AXIS2_PLACEMENT_3D('',#9559,#7533,#7534);
#6309=AXIS2_PLACEMENT_3D('',#9561,#7536,#7537);
#6310=AXIS2_PLACEMENT_3D('',#9563,#7539,#7540);
#6311=AXIS2_PLACEMENT_3D('',#9565,#7542,#7543);
#6312=AXIS2_PLACEMENT_3D('',#9567,#7545,#7546);
#6313=AXIS2_PLACEMENT_3D('',#9569,#7548,#7549);
#6314=AXIS2_PLACEMENT_3D('',#9571,#7551,#7552);
#6315=AXIS2_PLACEMENT_3D('',#9573,#7554,#7555);
#6316=AXIS2_PLACEMENT_3D('',#9590,#7556,#7557);
#6317=AXIS2_PLACEMENT_3D('',#9591,#7558,#7559);
#6318=AXIS2_PLACEMENT_3D('',#9593,#7561,#7562);
#6319=AXIS2_PLACEMENT_3D('',#9594,#7563,#7564);
#6320=AXIS2_PLACEMENT_3D('',#9596,#7566,#7567);
#6321=AXIS2_PLACEMENT_3D('',#9599,#7570,#7571);
#6322=AXIS2_PLACEMENT_3D('',#9601,#7573,#7574);
#6323=AXIS2_PLACEMENT_3D('',#9602,#7575,#7576);
#6324=AXIS2_PLACEMENT_3D('',#9603,#7577,#7578);
#6325=AXIS2_PLACEMENT_3D('',#9604,#7579,#7580);
#6326=AXIS2_PLACEMENT_3D('',#9606,#7582,#7583);
#6327=AXIS2_PLACEMENT_3D('',#9609,#7586,#7587);
#6328=AXIS2_PLACEMENT_3D('',#9612,#7590,#7591);
#6329=AXIS2_PLACEMENT_3D('',#9613,#7592,#7593);
#6330=AXIS2_PLACEMENT_3D('',#9615,#7595,#7596);
#6331=AXIS2_PLACEMENT_3D('',#9616,#7597,#7598);
#6332=AXIS2_PLACEMENT_3D('',#9617,#7599,#7600);
#6333=AXIS2_PLACEMENT_3D('',#9626,#7605,#7606);
#6334=AXIS2_PLACEMENT_3D('',#9627,#7607,#7608);
#6335=AXIS2_PLACEMENT_3D('',#9631,#7610,#7611);
#6336=AXIS2_PLACEMENT_3D('',#9632,#7612,#7613);
#6337=AXIS2_PLACEMENT_3D('',#9636,#7615,#7616);
#6338=AXIS2_PLACEMENT_3D('',#9637,#7617,#7618);
#6339=AXIS2_PLACEMENT_3D('',#9643,#7622,#7623);
#6340=AXIS2_PLACEMENT_3D('',#9649,#7627,#7628);
#6341=AXIS2_PLACEMENT_3D('',#9658,#7633,#7634);
#6342=AXIS2_PLACEMENT_3D('',#9677,#7639,#7640);
#6343=AXIS2_PLACEMENT_3D('',#9686,#7645,#7646);
#6344=AXIS2_PLACEMENT_3D('',#9687,#7647,#7648);
#6345=AXIS2_PLACEMENT_3D('',#9688,#7649,#7650);
#6346=AXIS2_PLACEMENT_3D('',#9689,#7651,#7652);
#6347=AXIS2_PLACEMENT_3D('',#9690,#7653,#7654);
#6348=AXIS2_PLACEMENT_3D('',#9691,#7655,#7656);
#6349=AXIS2_PLACEMENT_3D('',#9700,#7661,#7662);
#6350=AXIS2_PLACEMENT_3D('',#9709,#7665,#7666);
#6351=AXIS2_PLACEMENT_3D('',#9718,#7671,#7672);
#6352=AXIS2_PLACEMENT_3D('',#9719,#7673,#7674);
#6353=AXIS2_PLACEMENT_3D('',#9720,#7675,#7676);
#6354=AXIS2_PLACEMENT_3D('',#9723,#7678,#7679);
#6355=AXIS2_PLACEMENT_3D('',#9724,#7680,#7681);
#6356=AXIS2_PLACEMENT_3D('',#9728,#7684,#7685);
#6357=AXIS2_PLACEMENT_3D('',#9737,#7690,#7691);
#6358=AXIS2_PLACEMENT_3D('',#9738,#7692,#7693);
#6359=AXIS2_PLACEMENT_3D('',#9742,#7695,#7696);
#6360=AXIS2_PLACEMENT_3D('',#9743,#7697,#7698);
#6361=AXIS2_PLACEMENT_3D('',#9747,#7700,#7701);
#6362=AXIS2_PLACEMENT_3D('',#9748,#7702,#7703);
#6363=AXIS2_PLACEMENT_3D('',#9754,#7707,#7708);
#6364=AXIS2_PLACEMENT_3D('',#9760,#7712,#7713);
#6365=AXIS2_PLACEMENT_3D('',#9769,#7718,#7719);
#6366=AXIS2_PLACEMENT_3D('',#9770,#7720,#7721);
#6367=AXIS2_PLACEMENT_3D('',#9774,#7723,#7724);
#6368=AXIS2_PLACEMENT_3D('',#9775,#7725,#7726);
#6369=AXIS2_PLACEMENT_3D('',#9779,#7728,#7729);
#6370=AXIS2_PLACEMENT_3D('',#9780,#7730,#7731);
#6371=AXIS2_PLACEMENT_3D('',#9786,#7735,#7736);
#6372=AXIS2_PLACEMENT_3D('',#9792,#7740,#7741);
#6373=AXIS2_PLACEMENT_3D('',#9801,#7746,#7747);
#6374=AXIS2_PLACEMENT_3D('',#9802,#7748,#7749);
#6375=AXIS2_PLACEMENT_3D('',#9806,#7751,#7752);
#6376=AXIS2_PLACEMENT_3D('',#9807,#7753,#7754);
#6377=AXIS2_PLACEMENT_3D('',#9811,#7756,#7757);
#6378=AXIS2_PLACEMENT_3D('',#9812,#7758,#7759);
#6379=AXIS2_PLACEMENT_3D('',#9818,#7763,#7764);
#6380=AXIS2_PLACEMENT_3D('',#9824,#7768,#7769);
#6381=AXIS2_PLACEMENT_3D('',#9833,#7774,#7775);
#6382=AXIS2_PLACEMENT_3D('',#9842,#7780,#7781);
#6383=AXIS2_PLACEMENT_3D('',#9843,#7782,#7783);
#6384=AXIS2_PLACEMENT_3D('',#9847,#7785,#7786);
#6385=AXIS2_PLACEMENT_3D('',#9848,#7787,#7788);
#6386=AXIS2_PLACEMENT_3D('',#9849,#7789,#7790);
#6387=AXIS2_PLACEMENT_3D('',#9850,#7791,#7792);
#6388=AXIS2_PLACEMENT_3D('',#9856,#7796,#7797);
#6389=AXIS2_PLACEMENT_3D('',#9862,#7801,#7802);
#6390=AXIS2_PLACEMENT_3D('',#9868,#7806,#7807);
#6391=AXIS2_PLACEMENT_3D('',#9877,#7812,#7813);
#6392=AXIS2_PLACEMENT_3D('',#9888,#7817,#7818);
#6393=AXIS2_PLACEMENT_3D('',#9894,#7822,#7823);
#6394=AXIS2_PLACEMENT_3D('',#9900,#7827,#7828);
#6395=AXIS2_PLACEMENT_3D('',#9906,#7832,#7833);
#6396=AXIS2_PLACEMENT_3D('',#9907,#7834,#7835);
#6397=AXIS2_PLACEMENT_3D('',#9908,#7836,#7837);
#6398=AXIS2_PLACEMENT_3D('',#9909,#7838,#7839);
#6399=AXIS2_PLACEMENT_3D('',#9910,#7840,#7841);
#6400=AXIS2_PLACEMENT_3D('',#9911,#7842,#7843);
#6401=AXIS2_PLACEMENT_3D('',#9912,#7844,#7845);
#6402=AXIS2_PLACEMENT_3D('',#9913,#7846,#7847);
#6403=AXIS2_PLACEMENT_3D('',#9914,#7848,#7849);
#6404=AXIS2_PLACEMENT_3D('',#9915,#7850,#7851);
#6405=AXIS2_PLACEMENT_3D('',#9916,#7852,#7853);
#6406=AXIS2_PLACEMENT_3D('',#9917,#7854,#7855);
#6407=AXIS2_PLACEMENT_3D('',#9918,#7856,#7857);
#6408=AXIS2_PLACEMENT_3D('',#9919,#7858,#7859);
#6409=AXIS2_PLACEMENT_3D('',#9920,#7860,#7861);
#6410=AXIS2_PLACEMENT_3D('',#9921,#7862,#7863);
#6411=AXIS2_PLACEMENT_3D('',#9922,#7864,#7865);
#6412=AXIS2_PLACEMENT_3D('',#9923,#7866,#7867);
#6413=AXIS2_PLACEMENT_3D('',#9924,#7868,#7869);
#6414=AXIS2_PLACEMENT_3D('',#9925,#7870,#7871);
#6415=AXIS2_PLACEMENT_3D('',#9926,#7872,#7873);
#6416=AXIS2_PLACEMENT_3D('',#9927,#7874,#7875);
#6417=AXIS2_PLACEMENT_3D('',#9928,#7876,#7877);
#6418=AXIS2_PLACEMENT_3D('',#9929,#7878,#7879);
#6419=AXIS2_PLACEMENT_3D('',#9930,#7880,#7881);
#6420=AXIS2_PLACEMENT_3D('',#9931,#7882,#7883);
#6421=AXIS2_PLACEMENT_3D('',#9932,#7884,#7885);
#6422=AXIS2_PLACEMENT_3D('',#9933,#7886,#7887);
#6423=AXIS2_PLACEMENT_3D('',#9934,#7888,#7889);
#6424=AXIS2_PLACEMENT_3D('',#9935,#7890,#7891);
#6425=AXIS2_PLACEMENT_3D('',#9936,#7892,#7893);
#6426=AXIS2_PLACEMENT_3D('',#9937,#7894,#7895);
#6427=AXIS2_PLACEMENT_3D('',#9938,#7896,#7897);
#6428=AXIS2_PLACEMENT_3D('',#9939,#7898,#7899);
#6429=AXIS2_PLACEMENT_3D('',#9940,#7900,#7901);
#6430=AXIS2_PLACEMENT_3D('',#9941,#7902,#7903);
#6431=AXIS2_PLACEMENT_3D('',#9942,#7904,#7905);
#6432=AXIS2_PLACEMENT_3D('',#9943,#7906,#7907);
#6433=AXIS2_PLACEMENT_3D('',#9944,#7908,#7909);
#6434=AXIS2_PLACEMENT_3D('',#9945,#7910,#7911);
#6435=AXIS2_PLACEMENT_3D('',#9946,#7912,#7913);
#6436=AXIS2_PLACEMENT_3D('',#9947,#7914,#7915);
#6437=AXIS2_PLACEMENT_3D('',#9948,#7916,#7917);
#6438=AXIS2_PLACEMENT_3D('',#9949,#7918,#7919);
#6439=AXIS2_PLACEMENT_3D('',#9950,#7920,#7921);
#6440=AXIS2_PLACEMENT_3D('',#9951,#7922,#7923);
#6441=AXIS2_PLACEMENT_3D('',#9952,#7924,#7925);
#6442=AXIS2_PLACEMENT_3D('',#9953,#7926,#7927);
#6443=AXIS2_PLACEMENT_3D('',#9954,#7928,#7929);
#6444=AXIS2_PLACEMENT_3D('',#9955,#7930,#7931);
#6445=AXIS2_PLACEMENT_3D('',#9956,#7932,#7933);
#6446=AXIS2_PLACEMENT_3D('',#9957,#7934,#7935);
#6447=AXIS2_PLACEMENT_3D('',#9958,#7936,#7937);
#6448=AXIS2_PLACEMENT_3D('',#9959,#7938,#7939);
#6449=AXIS2_PLACEMENT_3D('',#9960,#7940,#7941);
#6450=AXIS2_PLACEMENT_3D('',#9961,#7942,#7943);
#6451=AXIS2_PLACEMENT_3D('',#9962,#7944,#7945);
#6452=AXIS2_PLACEMENT_3D('',#9978,#7946,#7947);
#6453=AXIS2_PLACEMENT_3D('',#9979,#7948,#7949);
#6454=AXIS2_PLACEMENT_3D('',#9985,#7950,#7951);
#6455=AXIS2_PLACEMENT_3D('',#9986,#7952,#7953);
#6456=AXIS2_PLACEMENT_3D('',#10008,#7954,#7955);
#6457=AXIS2_PLACEMENT_3D('',#10009,#7956,#7957);
#6458=AXIS2_PLACEMENT_3D('',#10010,#7958,#7959);
#6459=AXIS2_PLACEMENT_3D('',#10011,#7960,#7961);
#6460=AXIS2_PLACEMENT_3D('',#10012,#7962,#7963);
#6461=AXIS2_PLACEMENT_3D('',#10013,#7964,#7965);
#6462=AXIS2_PLACEMENT_3D('',#10014,#7966,#7967);
#6463=AXIS2_PLACEMENT_3D('',#10015,#7968,#7969);
#6464=AXIS2_PLACEMENT_3D('',#10016,#7970,#7971);
#6465=AXIS2_PLACEMENT_3D('',#10032,#7972,#7973);
#6466=AXIS2_PLACEMENT_3D('',#10033,#7974,#7975);
#6467=AXIS2_PLACEMENT_3D('',#10034,#7976,#7977);
#6468=AXIS2_PLACEMENT_3D('',#10050,#7978,#7979);
#6469=AXIS2_PLACEMENT_3D('',#10051,#7980,#7981);
#6470=AXIS2_PLACEMENT_3D('',#10052,#7982,#7983);
#6471=AXIS2_PLACEMENT_3D('',#10053,#7984,#7985);
#6472=AXIS2_PLACEMENT_3D('',#10069,#7986,#7987);
#6473=AXIS2_PLACEMENT_3D('',#10070,#7988,#7989);
#6474=AXIS2_PLACEMENT_3D('',#10086,#7990,#7991);
#6475=AXIS2_PLACEMENT_3D('',#10087,#7992,#7993);
#6476=AXIS2_PLACEMENT_3D('',#10088,#7994,#7995);
#6477=AXIS2_PLACEMENT_3D('',#10104,#7996,#7997);
#6478=AXIS2_PLACEMENT_3D('',#10105,#7998,#7999);
#6479=AXIS2_PLACEMENT_3D('',#10106,#8000,#8001);
#6480=AXIS2_PLACEMENT_3D('',#10107,#8002,#8003);
#6481=AXIS2_PLACEMENT_3D('',#10123,#8004,#8005);
#6482=AXIS2_PLACEMENT_3D('',#10124,#8006,#8007);
#6483=AXIS2_PLACEMENT_3D('',#10125,#8008,#8009);
#6484=AXIS2_PLACEMENT_3D('',#10141,#8010,#8011);
#6485=AXIS2_PLACEMENT_3D('',#10142,#8012,#8013);
#6486=AXIS2_PLACEMENT_3D('',#10143,#8014,#8015);
#6487=AXIS2_PLACEMENT_3D('',#10144,#8016,#8017);
#6488=AXIS2_PLACEMENT_3D('',#10160,#8018,#8019);
#6489=AXIS2_PLACEMENT_3D('',#10161,#8020,#8021);
#6490=AXIS2_PLACEMENT_3D('',#10162,#8022,#8023);
#6491=AXIS2_PLACEMENT_3D('',#10178,#8024,#8025);
#6492=AXIS2_PLACEMENT_3D('',#10179,#8026,#8027);
#6493=AXIS2_PLACEMENT_3D('',#10180,#8028,#8029);
#6494=AXIS2_PLACEMENT_3D('',#10181,#8030,#8031);
#6495=AXIS2_PLACEMENT_3D('',#10197,#8032,#8033);
#6496=AXIS2_PLACEMENT_3D('',#10198,#8034,#8035);
#6497=AXIS2_PLACEMENT_3D('',#10199,#8036,#8037);
#6498=AXIS2_PLACEMENT_3D('',#10215,#8038,#8039);
#6499=AXIS2_PLACEMENT_3D('',#10216,#8040,#8041);
#6500=AXIS2_PLACEMENT_3D('',#10217,#8042,#8043);
#6501=AXIS2_PLACEMENT_3D('',#10218,#8044,#8045);
#6502=AXIS2_PLACEMENT_3D('',#10219,#8046,#8047);
#6503=AXIS2_PLACEMENT_3D('',#10220,#8048,#8049);
#6504=AXIS2_PLACEMENT_3D('',#10221,#8050,#8051);
#6505=AXIS2_PLACEMENT_3D('',#10222,#8052,#8053);
#6506=AXIS2_PLACEMENT_3D('',#10223,#8054,#8055);
#6507=AXIS2_PLACEMENT_3D('',#10224,#8056,#8057);
#6508=AXIS2_PLACEMENT_3D('',#10227,#8060,#8061);
#6509=AXIS2_PLACEMENT_3D('',#10229,#8063,#8064);
#6510=AXIS2_PLACEMENT_3D('',#10231,#8066,#8067);
#6511=AXIS2_PLACEMENT_3D('',#10232,#8068,#8069);
#6512=AXIS2_PLACEMENT_3D('',#10235,#8072,#8073);
#6513=AXIS2_PLACEMENT_3D('',#10237,#8075,#8076);
#6514=AXIS2_PLACEMENT_3D('',#10239,#8078,#8079);
#6515=AXIS2_PLACEMENT_3D('',#10240,#8080,#8081);
#6516=AXIS2_PLACEMENT_3D('',#10248,#8085,#8086);
#6517=AXIS2_PLACEMENT_3D('',#10249,#8087,#8088);
#6518=AXIS2_PLACEMENT_3D('',#10250,#8089,#8090);
#6519=AXIS2_PLACEMENT_3D('',#10256,#8094,#8095);
#6520=AXIS2_PLACEMENT_3D('',#10259,#8097,#8098);
#6521=AXIS2_PLACEMENT_3D('',#10260,#8099,#8100);
#6522=AXIS2_PLACEMENT_3D('',#10263,#8102,#8103);
#6523=AXIS2_PLACEMENT_3D('',#10267,#8105,#8106);
#6524=AXIS2_PLACEMENT_3D('',#10271,#8108,#8109);
#6525=AXIS2_PLACEMENT_3D('',#10275,#8111,#8112);
#6526=AXIS2_PLACEMENT_3D('',#10276,#8113,#8114);
#6527=AXIS2_PLACEMENT_3D('',#10277,#8115,#8116);
#6528=AXIS2_PLACEMENT_3D('',#10283,#8120,#8121);
#6529=AXIS2_PLACEMENT_3D('',#10284,#8122,#8123);
#6530=AXIS2_PLACEMENT_3D('',#10288,#8125,#8126);
#6531=AXIS2_PLACEMENT_3D('',#10289,#8127,#8128);
#6532=AXIS2_PLACEMENT_3D('',#10293,#8130,#8131);
#6533=AXIS2_PLACEMENT_3D('',#10294,#8132,#8133);
#6534=AXIS2_PLACEMENT_3D('',#10298,#8137,#8138);
#6535=AXIS2_PLACEMENT_3D('',#10302,#8142,#8143);
#6536=AXIS2_PLACEMENT_3D('',#10306,#8145,#8146);
#6537=AXIS2_PLACEMENT_3D('',#10310,#8148,#8149);
#6538=AXIS2_PLACEMENT_3D('',#10314,#8151,#8152);
#6539=AXIS2_PLACEMENT_3D('',#10315,#8153,#8154);
#6540=AXIS2_PLACEMENT_3D('',#10316,#8155,#8156);
#6541=AXIS2_PLACEMENT_3D('',#10322,#8160,#8161);
#6542=AXIS2_PLACEMENT_3D('',#10323,#8162,#8163);
#6543=AXIS2_PLACEMENT_3D('',#10327,#8165,#8166);
#6544=AXIS2_PLACEMENT_3D('',#10328,#8167,#8168);
#6545=AXIS2_PLACEMENT_3D('',#10332,#8170,#8171);
#6546=AXIS2_PLACEMENT_3D('',#10333,#8172,#8173);
#6547=AXIS2_PLACEMENT_3D('',#10334,#8174,#8175);
#6548=AXIS2_PLACEMENT_3D('',#10342,#8179,#8180);
#6549=AXIS2_PLACEMENT_3D('',#10343,#8181,#8182);
#6550=AXIS2_PLACEMENT_3D('',#10349,#8186,#8187);
#6551=AXIS2_PLACEMENT_3D('',#10352,#8189,#8190);
#6552=AXIS2_PLACEMENT_3D('',#10353,#8191,#8192);
#6553=AXIS2_PLACEMENT_3D('',#10356,#8194,#8195);
#6554=AXIS2_PLACEMENT_3D('',#10360,#8199,#8200);
#6555=AXIS2_PLACEMENT_3D('',#10364,#8204,#8205);
#6556=AXIS2_PLACEMENT_3D('',#10365,#8206,#8207);
#6557=AXIS2_PLACEMENT_3D('',#10366,#8208,#8209);
#6558=AXIS2_PLACEMENT_3D('',#10367,#8210,#8211);
#6559=AXIS2_PLACEMENT_3D('',#10368,#8212,#8213);
#6560=AXIS2_PLACEMENT_3D('',#10369,#8214,#8215);
#6561=AXIS2_PLACEMENT_3D('',#10370,#8216,#8217);
#6562=AXIS2_PLACEMENT_3D('',#10371,#8218,#8219);
#6563=AXIS2_PLACEMENT_3D('',#10372,#8220,#8221);
#6564=AXIS2_PLACEMENT_3D('',#10373,#8222,#8223);
#6565=AXIS2_PLACEMENT_3D('',#10374,#8224,#8225);
#6566=AXIS2_PLACEMENT_3D('',#10375,#8226,#8227);
#6567=AXIS2_PLACEMENT_3D('',#10376,#8228,#8229);
#6568=AXIS2_PLACEMENT_3D('',#10380,#8232,#8233);
#6569=AXIS2_PLACEMENT_3D('',#10382,#8235,#8236);
#6570=DIRECTION('',(0.,0.,1.));
#6571=DIRECTION('',(1.,0.,0.));
#6572=DIRECTION('',(0.,1.,0.));
#6573=DIRECTION('',(-1.,0.,0.));
#6574=DIRECTION('',(0.173648177666935,0.,-0.984807753012207));
#6575=DIRECTION('',(0.984807753012208,0.,0.17364817766693));
#6576=DIRECTION('',(-0.173648177666926,0.,0.984807753012209));
#6577=DIRECTION('',(-0.984807753012208,0.,-0.173648177666931));
#6578=DIRECTION('',(-0.642787609686547,0.,-0.766044443118972));
#6579=DIRECTION('',(0.,0.,1.));
#6580=DIRECTION('',(0.,1.,0.));
#6581=DIRECTION('',(0.,0.,1.));
#6582=DIRECTION('',(0.,0.,-1.));
#6583=DIRECTION('',(-1.,0.,-1.27366283618149E-15));
#6584=DIRECTION('',(-0.766044443118978,0.,0.64278760968654));
#6585=DIRECTION('',(0.,1.,0.));
#6586=DIRECTION('',(0.,0.,1.));
#6587=DIRECTION('',(0.17364817766693,0.,-0.984807753012208));
#6588=DIRECTION('',(0.,1.,0.));
#6589=DIRECTION('',(0.,0.,1.));
#6590=DIRECTION('',(-0.984807753012208,0.,-0.17364817766693));
#6591=DIRECTION('',(0.,1.,0.));
#6592=DIRECTION('',(0.,0.,1.));
#6593=DIRECTION('',(-0.945518575599317,0.,-0.325568154457156));
#6594=DIRECTION('',(0.,-1.,0.));
#6595=DIRECTION('',(0.,0.,1.));
#6596=DIRECTION('',(-0.992546151641321,0.,-0.121869343405156));
#6597=DIRECTION('',(0.,1.,0.));
#6598=DIRECTION('',(0.,0.,1.));
#6599=DIRECTION('',(-0.121869343405147,0.,0.992546151641322));
#6600=DIRECTION('',(0.,1.,0.));
#6601=DIRECTION('',(0.,0.,1.));
#6602=DIRECTION('',(0.64278760968654,0.,0.766044443118978));
#6603=DIRECTION('',(0.,1.,0.));
#6604=DIRECTION('',(0.,0.,1.));
#6605=DIRECTION('',(-0.984807753012208,0.,-0.17364817766693));
#6606=DIRECTION('',(1.,0.,0.));
#6607=DIRECTION('',(0.5,0.,0.86602540378444));
#6608=DIRECTION('',(0.,1.,0.));
#6609=DIRECTION('',(0.,0.,1.));
#6610=DIRECTION('',(1.,0.,0.));
#6611=DIRECTION('',(0.,1.,0.));
#6612=DIRECTION('',(0.,0.,1.));
#6613=DIRECTION('',(-0.173648177666934,0.,0.984807753012208));
#6614=DIRECTION('',(-0.984807753012208,0.,-0.17364817766693));
#6615=DIRECTION('',(-0.46474484986466,0.,-0.88544464791667));
#6616=DIRECTION('',(-0.707106781186548,0.,0.707106781186548));
#6617=DIRECTION('',(-1.,0.,0.));
#6618=DIRECTION('',(-0.707106781186548,0.,-0.707106781186548));
#6619=DIRECTION('',(0.984807753012208,0.,0.17364817766693));
#6620=DIRECTION('',(-0.173648177666935,0.,0.984807753012207));
#6621=DIRECTION('',(-0.984807753012208,0.,-0.17364817766693));
#6622=DIRECTION('',(0.173648177666927,0.,-0.984807753012209));
#6623=DIRECTION('',(0.,1.,0.));
#6624=DIRECTION('',(-1.,0.,0.));
#6625=DIRECTION('',(-0.984807753012208,0.,-0.17364817766693));
#6626=DIRECTION('',(-0.17364817766693,-6.12323399573677E-17,0.984807753012208));
#6627=DIRECTION('',(-1.,0.,0.));
#6628=DIRECTION('',(-0.17364817766693,-6.12323399573677E-17,0.984807753012208));
#6629=DIRECTION('',(-0.984807753012208,2.03944661017033E-32,-0.17364817766693));
#6630=DIRECTION('',(-0.17364817766693,-6.12323399573677E-17,0.984807753012208));
#6631=DIRECTION('',(0.,0.,1.));
#6632=DIRECTION('',(0.,1.,0.));
#6633=DIRECTION('',(0.,0.,1.));
#6634=DIRECTION('',(0.,0.,-1.));
#6635=DIRECTION('',(-0.64278760968654,0.,-0.766044443118978));
#6636=DIRECTION('',(0.,1.,0.));
#6637=DIRECTION('',(0.,0.,1.));
#6638=DIRECTION('',(0.121869343405147,0.,-0.992546151641322));
#6639=DIRECTION('',(0.,1.,0.));
#6640=DIRECTION('',(0.,0.,1.));
#6641=DIRECTION('',(0.992546151641321,0.,0.121869343405156));
#6642=DIRECTION('',(0.,-1.,0.));
#6643=DIRECTION('',(0.,0.,1.));
#6644=DIRECTION('',(-0.945518575599317,0.,-0.325568154457156));
#6645=DIRECTION('',(0.,1.,0.));
#6646=DIRECTION('',(0.,0.,1.));
#6647=DIRECTION('',(-0.984807753012208,0.,-0.17364817766693));
#6648=DIRECTION('',(0.,1.,0.));
#6649=DIRECTION('',(0.,0.,1.));
#6650=DIRECTION('',(-0.984807753012208,0.,-0.17364817766693));
#6651=DIRECTION('',(-0.17364817766693,0.,0.984807753012208));
#6652=DIRECTION('',(-0.984807753012208,0.,-0.17364817766693));
#6653=DIRECTION('',(-0.17364817766693,0.,0.984807753012208));
#6654=DIRECTION('',(-0.984807753012208,0.,-0.17364817766693));
#6655=DIRECTION('',(-0.173648177666935,0.,0.984807753012207));
#6656=DIRECTION('',(0.984807753012208,0.,0.173648177666931));
#6657=DIRECTION('',(0.173648177666926,0.,-0.984807753012209));
#6658=DIRECTION('',(0.173648177666935,0.,-0.984807753012207));
#6659=DIRECTION('',(-0.984807753012208,0.,-0.17364817766693));
#6660=DIRECTION('',(-0.173648177666927,0.,0.984807753012209));
#6661=DIRECTION('',(0.984807753012208,0.,0.17364817766693));
#6662=DIRECTION('',(0.707106781186548,0.,0.707106781186548));
#6663=DIRECTION('',(0.707106781186548,0.,-0.707106781186548));
#6664=DIRECTION('',(-0.707106781186548,-5.01585964526762E-17,0.707106781186548));
#6665=DIRECTION('',(0.,-1.,0.));
#6666=DIRECTION('',(-0.707106781186548,0.,0.707106781186548));
#6667=DIRECTION('',(0.,-1.,0.));
#6668=DIRECTION('',(0.,0.,1.));
#6669=DIRECTION('',(1.,0.,0.));
#6670=DIRECTION('',(0.,-1.,0.));
#6671=DIRECTION('',(1.,1.06328842478788E-17,0.));
#6672=DIRECTION('',(0.,1.,0.));
#6673=DIRECTION('',(0.,0.,1.));
#6674=DIRECTION('',(-0.171087869746036,-0.985255774317392,0.));
#6675=DIRECTION('',(-0.985255774317392,-0.171087869746036,0.));
#6676=DIRECTION('',(0.,0.,1.));
#6677=DIRECTION('',(0.171087869746036,0.985255774317392,0.));
#6678=DIRECTION('',(-1.,-1.06328842478787E-17,0.));
#6679=DIRECTION('',(0.,0.,1.));
#6680=DIRECTION('',(-0.171087869746036,-0.985255774317392,0.));
#6681=DIRECTION('',(1.23772132437792E-33,-1.,0.));
#6682=DIRECTION('',(-1.,-1.06328842478787E-17,0.));
#6683=DIRECTION('',(1.23772132437792E-33,-1.,0.));
#6684=DIRECTION('',(0.,0.,1.));
#6685=DIRECTION('',(-0.171087869746036,-0.985255774317392,0.));
#6686=DIRECTION('',(0.,-1.,0.));
#6687=DIRECTION('',(0.,0.,1.));
#6688=DIRECTION('',(0.171087869746036,0.985255774317392,0.));
#6689=DIRECTION('',(0.985255774317392,0.171087869746035,0.));
#6690=DIRECTION('',(0.,0.,1.));
#6691=DIRECTION('',(-0.171087869746036,-0.985255774317392,0.));
#6692=DIRECTION('',(1.23772132437792E-33,-1.,0.));
#6693=DIRECTION('',(-1.,-1.06328842478787E-17,0.));
#6694=DIRECTION('',(-1.,0.,0.));
#6695=DIRECTION('',(0.,0.,1.));
#6696=DIRECTION('',(1.,0.,0.));
#6697=DIRECTION('',(2.25061824418842E-33,1.,0.));
#6698=DIRECTION('',(2.18275380022921E-33,1.,3.84878387224345E-34));
#6699=DIRECTION('',(0.,0.,1.));
#6700=DIRECTION('',(-1.,-3.52622991960305E-16,0.));
#6701=DIRECTION('',(0.71249829320867,0.701673843159863,0.));
#6702=DIRECTION('',(2.25061824418842E-33,1.,0.));
#6703=DIRECTION('',(2.25061824418842E-33,1.,0.));
#6704=DIRECTION('',(2.25061824418842E-33,1.,0.));
#6705=DIRECTION('',(0.,0.,1.));
#6706=DIRECTION('',(1.,0.,0.));
#6707=DIRECTION('',(-1.,0.,0.));
#6708=DIRECTION('',(0.,-1.,0.));
#6709=DIRECTION('',(0.,-1.,0.));
#6710=DIRECTION('',(0.,0.,1.));
#6711=DIRECTION('',(-0.171087869746035,-0.985255774317392,0.));
#6712=DIRECTION('',(-0.985255774317392,-0.171087869746036,0.));
#6713=DIRECTION('',(0.,0.,1.));
#6714=DIRECTION('',(-0.171087869746035,-0.985255774317392,0.));
#6715=DIRECTION('',(-1.23772132437792E-33,1.,0.));
#6716=DIRECTION('',(1.,1.06328842478787E-17,0.));
#6717=DIRECTION('',(-1.23772132437792E-33,1.,0.));
#6718=DIRECTION('',(1.,1.06328842478787E-17,0.));
#6719=DIRECTION('',(-1.23772132437792E-33,1.,0.));
#6720=DIRECTION('',(0.,0.,1.));
#6721=DIRECTION('',(-0.171087869746036,-0.985255774317392,0.));
#6722=DIRECTION('',(-0.985255774317392,-0.171087869746036,0.));
#6723=DIRECTION('',(0.,0.,1.));
#6724=DIRECTION('',(-0.171087869746036,-0.985255774317392,0.));
#6725=DIRECTION('',(-1.23772132437792E-33,1.,0.));
#6726=DIRECTION('',(1.,1.0632884247879E-17,0.));
#6727=DIRECTION('',(-1.23772132437792E-33,1.,0.));
#6728=DIRECTION('',(0.,0.,1.));
#6729=DIRECTION('',(-0.171087869746035,-0.985255774317392,0.));
#6730=DIRECTION('',(-0.985255774317392,-0.171087869746036,0.));
#6731=DIRECTION('',(0.,0.,1.));
#6732=DIRECTION('',(-0.171087869746035,-0.985255774317392,0.));
#6733=DIRECTION('',(-0.17364817766693,0.,0.984807753012208));
#6734=DIRECTION('',(0.984807753012208,0.,0.17364817766693));
#6735=DIRECTION('',(-0.984807753012208,0.,-0.17364817766693));
#6736=DIRECTION('',(0.,-1.,0.));
#6737=DIRECTION('',(-0.984807753012208,0.,-0.17364817766693));
#6738=DIRECTION('',(0.,-1.,0.));
#6739=DIRECTION('',(-0.17364817766693,0.,0.984807753012208));
#6740=DIRECTION('',(0.984807753012208,0.,0.17364817766693));
#6741=DIRECTION('',(0.,-1.,0.));
#6742=DIRECTION('',(-0.984807753012208,0.,-0.17364817766693));
#6743=DIRECTION('',(0.,-1.,0.));
#6744=DIRECTION('',(-0.984807753012208,0.,-0.17364817766693));
#6745=DIRECTION('',(0.,-1.,0.));
#6746=DIRECTION('',(-0.984807753012208,0.,-0.17364817766693));
#6747=DIRECTION('',(0.,-1.,0.));
#6748=DIRECTION('',(-0.984807753012208,0.,-0.17364817766693));
#6749=DIRECTION('',(0.,-1.,0.));
#6750=DIRECTION('',(-0.984807753012208,0.,-0.17364817766693));
#6751=DIRECTION('',(0.,-1.,0.));
#6752=DIRECTION('',(-0.984807753012208,0.,-0.17364817766693));
#6753=DIRECTION('',(0.,-1.,0.));
#6754=DIRECTION('',(-0.17364817766693,0.,0.984807753012208));
#6755=DIRECTION('',(0.984807753012208,0.,0.17364817766693));
#6756=DIRECTION('',(0.,-1.,0.));
#6757=DIRECTION('',(0.984807753012208,-1.55615139506488E-31,0.17364817766693));
#6758=DIRECTION('',(0.,1.,0.));
#6759=DIRECTION('',(-0.17364817766693,0.,0.984807753012208));
#6760=DIRECTION('',(1.54623922625778E-16,-1.,2.72643694219028E-17));
#6761=DIRECTION('',(-0.984807753012208,1.90513189409739E-16,-0.17364817766693));
#6762=DIRECTION('',(-0.17364817766693,0.,0.984807753012208));
#6763=DIRECTION('',(1.54623922625778E-16,-1.,2.72643694219028E-17));
#6764=DIRECTION('',(0.,1.,0.));
#6765=DIRECTION('',(0.707106781186548,0.,0.707106781186548));
#6766=DIRECTION('',(0.707106781186548,0.,-0.707106781186548));
#6767=DIRECTION('',(0.,-1.,0.));
#6768=DIRECTION('',(-0.707106781186548,-5.01585964526762E-17,0.707106781186548));
#6769=DIRECTION('',(1.23772132437792E-33,-1.,0.));
#6770=DIRECTION('',(0.,-1.,0.));
#6771=DIRECTION('',(0.707106781186548,0.,-0.707106781186548));
#6772=DIRECTION('',(0.,1.,0.));
#6773=DIRECTION('',(-1.,0.,0.));
#6774=DIRECTION('',(-0.46474484986466,0.,-0.88544464791667));
#6775=DIRECTION('',(-0.984807753012208,0.,-0.17364817766693));
#6776=DIRECTION('',(-0.17364817766693,0.,0.984807753012208));
#6777=DIRECTION('',(0.,1.,0.));
#6778=DIRECTION('',(0.,0.,1.));
#6779=DIRECTION('',(-0.17364817766693,-6.12323399573677E-17,0.984807753012208));
#6780=DIRECTION('',(0.984807753012208,-1.07969136263969E-17,0.17364817766693));
#6781=DIRECTION('',(-4.59276927642051E-16,1.,-1.8805966459437E-17));
#6782=DIRECTION('',(-0.984807753012208,0.,-0.17364817766693));
#6783=DIRECTION('',(1.06328842478788E-17,-1.,-6.03020831250949E-17));
#6784=DIRECTION('',(-0.984807753012208,2.21642629594748E-33,-0.17364817766693));
#6785=DIRECTION('',(0.984807753012208,0.,0.17364817766693));
#6786=DIRECTION('',(0.17364817766693,0.,-0.984807753012208));
#6787=DIRECTION('',(0.,-1.,0.));
#6788=DIRECTION('',(0.17364817766693,0.,-0.984807753012208));
#6789=DIRECTION('',(0.122787803968973,-0.707106781186546,-0.69636424032002));
#6790=DIRECTION('',(0.,-1.,0.));
#6791=DIRECTION('',(0.,-1.,0.));
#6792=DIRECTION('',(-0.17364817766693,0.,0.984807753012208));
#6793=DIRECTION('',(0.,-1.,0.));
#6794=DIRECTION('',(-0.17364817766693,0.,0.984807753012208));
#6795=DIRECTION('',(0.,1.,0.));
#6796=DIRECTION('',(0.122787803968972,0.707106781186552,-0.696364240320014));
#6797=DIRECTION('',(0.17364817766693,0.,-0.984807753012208));
#6798=DIRECTION('',(0.,-1.,0.));
#6799=DIRECTION('',(0.17364817766693,0.,-0.984807753012208));
#6800=DIRECTION('',(0.11161889704895,0.766044443118979,-0.633022221559488));
#6801=DIRECTION('',(0.17364817766693,0.,-0.984807753012208));
#6802=DIRECTION('',(2.43409383337022E-16,-1.,-1.38044321044361E-15));
#6803=DIRECTION('',(0.17364817766693,0.,-0.984807753012208));
#6804=DIRECTION('',(0.111618897048949,-0.76604444311898,-0.633022221559487));
#6805=DIRECTION('',(0.11161889704895,0.766044443118978,-0.633022221559489));
#6806=DIRECTION('',(0.17364817766693,0.,-0.984807753012208));
#6807=DIRECTION('',(-0.11161889704895,0.766044443118978,0.633022221559489));
#6808=DIRECTION('',(0.,-1.,0.));
#6809=DIRECTION('',(-0.11161889704895,0.766044443118979,0.633022221559489));
#6810=DIRECTION('',(0.,-1.,0.));
#6811=DIRECTION('',(-0.11161889704895,-0.766044443118978,0.633022221559489));
#6812=DIRECTION('',(0.17364817766693,0.,-0.984807753012208));
#6813=DIRECTION('',(-0.11161889704895,0.766044443118978,0.633022221559489));
#6814=DIRECTION('',(0.984807753012208,0.,0.17364817766693));
#6815=DIRECTION('',(0.17364817766693,0.,-0.984807753012208));
#6816=DIRECTION('',(0.,1.,0.));
#6817=DIRECTION('',(-0.17364817766693,0.,0.984807753012208));
#6818=DIRECTION('',(0.11161889704895,0.766044443118978,-0.633022221559489));
#6819=DIRECTION('',(-0.984807753012208,0.,-0.17364817766693));
#6820=DIRECTION('',(-0.17364817766693,0.,0.984807753012208));
#6821=DIRECTION('',(0.,-1.,0.));
#6822=DIRECTION('',(0.111618897048949,0.766044443118978,-0.633022221559489));
#6823=DIRECTION('',(0.,-1.,0.));
#6824=DIRECTION('',(0.17364817766693,0.,-0.984807753012208));
#6825=DIRECTION('',(0.984807753012208,0.,0.17364817766693));
#6826=DIRECTION('',(0.,1.,0.));
#6827=DIRECTION('',(0.,-1.,0.));
#6828=DIRECTION('',(0.17364817766693,0.,-0.984807753012208));
#6829=DIRECTION('',(0.,-1.,0.));
#6830=DIRECTION('',(0.122787803968972,0.707106781186552,-0.696364240320015));
#6831=DIRECTION('',(0.17364817766693,0.,-0.984807753012208));
#6832=DIRECTION('',(0.,-1.,0.));
#6833=DIRECTION('',(0.17364817766693,5.31300992749088E-17,-0.984807753012208));
#6834=DIRECTION('',(0.122787803968972,0.707106781186552,-0.696364240320015));
#6835=DIRECTION('',(0.,1.,0.));
#6836=DIRECTION('',(0.,0.,1.));
#6837=DIRECTION('',(0.,-1.,0.));
#6838=DIRECTION('',(0.,1.,0.));
#6839=DIRECTION('',(0.,0.,1.));
#6840=DIRECTION('',(0.,1.,0.));
#6841=DIRECTION('',(0.,0.,1.));
#6842=DIRECTION('',(0.,-1.,0.));
#6843=DIRECTION('',(0.,1.,0.));
#6844=DIRECTION('',(0.,0.,1.));
#6845=DIRECTION('',(0.,-1.,0.));
#6846=DIRECTION('',(-0.133022221559489,0.642787609686539,0.75440650673549));
#6847=DIRECTION('',(0.111618897048949,0.766044443118979,-0.633022221559488));
#6848=DIRECTION('',(0.,1.,0.));
#6849=DIRECTION('',(0.,0.,1.));
#6850=DIRECTION('',(0.,-1.,0.));
#6851=DIRECTION('',(0.,-1.,0.));
#6852=DIRECTION('',(0.133022221559489,0.642787609686537,-0.754406506735491));
#6853=DIRECTION('',(-0.111618897048949,0.76604444311898,0.633022221559487));
#6854=DIRECTION('',(0.984807753012208,0.,0.17364817766693));
#6855=DIRECTION('',(0.17364817766693,0.,-0.984807753012208));
#6856=DIRECTION('',(-0.11161889704895,0.766044443118978,0.633022221559489));
#6857=DIRECTION('',(0.,1.,0.));
#6858=DIRECTION('',(0.,0.,1.));
#6859=DIRECTION('',(0.,-1.,0.));
#6860=DIRECTION('',(0.,-1.,0.));
#6861=DIRECTION('',(-0.984807753012208,0.,-0.17364817766693));
#6862=DIRECTION('',(-0.17364817766693,0.,0.984807753012208));
#6863=DIRECTION('',(0.17364817766693,0.,-0.984807753012208));
#6864=DIRECTION('',(0.,-1.,0.));
#6865=DIRECTION('',(-0.111618897048949,0.766044443118978,0.633022221559489));
#6866=DIRECTION('',(-0.17364817766693,0.,0.984807753012208));
#6867=DIRECTION('',(-0.111618897048949,-0.766044443118978,0.633022221559489));
#6868=DIRECTION('',(0.,-1.,0.));
#6869=DIRECTION('',(0.111618897048949,-0.766044443118979,-0.633022221559489));
#6870=DIRECTION('',(0.,-1.,0.));
#6871=DIRECTION('',(0.111618897048949,-0.766044443118978,-0.63302222155949));
#6872=DIRECTION('',(0.17364817766693,0.,-0.984807753012208));
#6873=DIRECTION('',(0.111618897048949,0.766044443118978,-0.633022221559489));
#6874=DIRECTION('',(0.111618897048949,-0.76604444311898,-0.633022221559487));
#6875=DIRECTION('',(0.17364817766693,0.,-0.984807753012208));
#6876=DIRECTION('',(2.43409383337021E-16,-1.,-1.38044321044361E-15));
#6877=DIRECTION('',(0.17364817766693,0.,-0.984807753012208));
#6878=DIRECTION('',(0.111618897048949,0.766044443118979,-0.633022221559488));
#6879=DIRECTION('',(0.17364817766693,0.,-0.984807753012208));
#6880=DIRECTION('',(-0.122787803968972,-0.707106781186552,0.696364240320015));
#6881=DIRECTION('',(0.,-1.,0.));
#6882=DIRECTION('',(-0.992546151641322,0.,-0.121869343405147));
#6883=DIRECTION('',(-0.121869343405147,0.,0.992546151641322));
#6884=DIRECTION('',(0.,-1.,0.));
#6885=DIRECTION('',(0.121869343405147,0.,-0.992546151641322));
#6886=DIRECTION('',(0.,-1.,0.));
#6887=DIRECTION('',(0.121869343405147,0.,-0.992546151641322));
#6888=DIRECTION('',(0.,1.,0.));
#6889=DIRECTION('',(-0.992546151641322,0.,-0.121869343405147));
#6890=DIRECTION('',(-0.121869343405147,0.,0.992546151641322));
#6891=DIRECTION('',(0.,1.,0.));
#6892=DIRECTION('',(0.118292175099255,-0.240506559815063,-0.963412453726965));
#6893=DIRECTION('',(0.,-1.,0.));
#6894=DIRECTION('',(0.,-1.,0.));
#6895=DIRECTION('',(0.121869343405147,0.,-0.992546151641322));
#6896=DIRECTION('',(0.,-1.,0.));
#6897=DIRECTION('',(0.121869343405147,0.,-0.992546151641322));
#6898=DIRECTION('',(0.,-1.,0.));
#6899=DIRECTION('',(0.121869343405147,0.,-0.992546151641322));
#6900=DIRECTION('',(0.,-1.,0.));
#6901=DIRECTION('',(0.121869343405147,0.,-0.992546151641322));
#6902=DIRECTION('',(0.,-1.,0.));
#6903=DIRECTION('',(0.121869343405147,0.,-0.992546151641322));
#6904=DIRECTION('',(0.,-1.,0.));
#6905=DIRECTION('',(0.121869343405147,0.,-0.992546151641322));
#6906=DIRECTION('',(0.,-1.,0.));
#6907=DIRECTION('',(0.121869343405147,0.,-0.992546151641322));
#6908=DIRECTION('',(0.,1.,0.));
#6909=DIRECTION('',(-1.,0.,0.));
#6910=DIRECTION('',(-0.173648177666934,0.,0.984807753012207));
#6911=DIRECTION('',(-0.707106781186548,0.,-0.707106781186548));
#6912=DIRECTION('',(-1.,0.,0.));
#6913=DIRECTION('',(-0.17364817766693,-6.12323399573677E-17,0.984807753012208));
#6914=DIRECTION('',(-0.984807753012208,0.,-0.17364817766693));
#6915=DIRECTION('',(0.,1.,0.));
#6916=DIRECTION('',(-1.,0.,0.));
#6917=DIRECTION('',(0.,1.,0.));
#6918=DIRECTION('',(0.,0.,1.));
#6919=DIRECTION('',(-0.984807753012208,0.,-0.17364817766693));
#6920=DIRECTION('',(-0.766044443118978,0.,0.64278760968654));
#6921=DIRECTION('',(0.,1.,0.));
#6922=DIRECTION('',(0.,0.,1.));
#6923=DIRECTION('',(1.,0.,0.));
#6924=DIRECTION('',(0.,1.,0.));
#6925=DIRECTION('',(0.,0.,1.));
#6926=DIRECTION('',(0.5,0.,0.86602540378444));
#6927=DIRECTION('',(1.,0.,0.));
#6928=DIRECTION('',(-0.984807753012208,0.,-0.17364817766693));
#6929=DIRECTION('',(0.,1.,0.));
#6930=DIRECTION('',(0.,0.,1.));
#6931=DIRECTION('',(0.64278760968654,0.,0.766044443118978));
#6932=DIRECTION('',(0.,1.,0.));
#6933=DIRECTION('',(0.,0.,1.));
#6934=DIRECTION('',(-0.121869343405147,0.,0.992546151641322));
#6935=DIRECTION('',(0.,1.,0.));
#6936=DIRECTION('',(0.,0.,1.));
#6937=DIRECTION('',(-0.992546151641321,0.,-0.121869343405156));
#6938=DIRECTION('',(0.,1.,0.));
#6939=DIRECTION('',(0.,0.,1.));
#6940=DIRECTION('',(-0.945518575599317,0.,-0.325568154457156));
#6941=DIRECTION('',(-0.325568154457156,0.,0.945518575599317));
#6942=DIRECTION('',(-0.945518575599317,0.,-0.325568154457156));
#6943=DIRECTION('',(0.,1.,0.));
#6944=DIRECTION('',(0.,0.,1.));
#6945=DIRECTION('',(-0.64278760968654,0.,-0.766044443118978));
#6946=DIRECTION('',(-1.,0.,0.));
#6947=DIRECTION('',(-0.17364817766693,-6.12323399573677E-17,0.984807753012208));
#6948=DIRECTION('',(-0.984807753012208,1.42761262711924E-31,-0.17364817766693));
#6949=DIRECTION('',(-0.17364817766693,-6.12323399573677E-17,0.984807753012208));
#6950=DIRECTION('',(-1.,0.,0.));
#6951=DIRECTION('',(-0.17364817766693,-6.12323399573677E-17,0.984807753012208));
#6952=DIRECTION('',(-0.984807753012208,2.65128059322144E-31,-0.17364817766693));
#6953=DIRECTION('',(-0.17364817766693,-6.12323399573677E-17,0.984807753012208));
#6954=DIRECTION('',(-1.,0.,0.));
#6955=DIRECTION('',(0.,-1.,0.));
#6956=DIRECTION('',(0.,0.,-1.));
#6957=DIRECTION('',(0.,-1.,0.));
#6958=DIRECTION('',(0.,-1.,0.));
#6959=DIRECTION('',(0.,0.,1.));
#6960=DIRECTION('',(1.,0.,0.));
#6961=DIRECTION('',(1.54729750594322E-33,1.,0.));
#6962=DIRECTION('',(0.,0.,1.));
#6963=DIRECTION('',(1.,0.,0.));
#6964=DIRECTION('',(1.54729750594322E-33,1.,0.));
#6965=DIRECTION('',(0.71249829320867,-0.701673843159863,0.));
#6966=DIRECTION('',(0.,0.,1.));
#6967=DIRECTION('',(-1.,-3.52622991960305E-16,0.));
#6968=DIRECTION('',(0.71249829320867,0.701673843159863,0.));
#6969=DIRECTION('',(1.54729750594322E-33,1.,0.));
#6970=DIRECTION('',(4.62592926927149E-16,-1.,0.));
#6971=DIRECTION('',(0.,0.,1.));
#6972=DIRECTION('',(1.,0.,0.));
#6973=DIRECTION('',(4.62592926927149E-16,-1.,0.));
#6974=DIRECTION('',(0.,0.,1.));
#6975=DIRECTION('',(1.,0.,0.));
#6976=DIRECTION('',(4.62592926927149E-16,-1.,0.));
#6977=DIRECTION('',(1.54729750594322E-33,1.,0.));
#6978=DIRECTION('',(0.71249829320867,-0.701673843159863,0.));
#6979=DIRECTION('',(0.,0.,1.));
#6980=DIRECTION('',(-1.,-3.52622991960305E-16,0.));
#6981=DIRECTION('',(0.71249829320867,0.701673843159863,0.));
#6982=DIRECTION('',(0.,0.,1.));
#6983=DIRECTION('',(1.,0.,0.));
#6984=DIRECTION('',(-2.31296463463574E-16,1.,0.));
#6985=DIRECTION('',(0.,0.,1.));
#6986=DIRECTION('',(1.,0.,0.));
#6987=DIRECTION('',(-2.31296463463574E-16,1.,0.));
#6988=DIRECTION('',(0.,-1.,0.));
#6989=DIRECTION('',(0.707106781186556,-0.707106781186539,0.));
#6990=DIRECTION('',(0.,1.,0.));
#6991=DIRECTION('',(1.,0.,1.27366283618149E-15));
#6992=DIRECTION('',(0.,0.,1.));
#6993=DIRECTION('',(1.,0.,0.));
#6994=DIRECTION('',(2.25061824418842E-33,1.,0.));
#6995=DIRECTION('',(0.,0.,1.));
#6996=DIRECTION('',(1.,0.,0.));
#6997=DIRECTION('',(0.,0.,1.));
#6998=DIRECTION('',(1.,0.,0.));
#6999=DIRECTION('',(0.,0.,1.));
#7000=DIRECTION('',(1.,0.,0.));
#7001=DIRECTION('',(2.25061824418842E-33,1.,0.));
#7002=DIRECTION('',(-0.17364817766693,-6.12323399573677E-17,0.984807753012208));
#7003=DIRECTION('',(0.984807753012208,-1.07969136263969E-17,0.17364817766693));
#7004=DIRECTION('',(-0.17364817766693,-6.12323399573677E-17,0.984807753012208));
#7005=DIRECTION('',(0.984807753012208,0.,0.17364817766693));
#7006=DIRECTION('',(-4.59276927642051E-16,1.,-1.8805966459437E-17));
#7007=DIRECTION('',(-0.984807753012208,2.21642629594748E-33,-0.17364817766693));
#7008=DIRECTION('',(-0.69636424032002,-0.707106781186547,-0.122787803968973));
#7009=DIRECTION('',(-0.17364817766693,-6.12323399573677E-17,0.984807753012208));
#7010=DIRECTION('',(0.984807753012208,0.,0.17364817766693));
#7011=DIRECTION('',(-0.984807753012208,2.21642629594748E-33,-0.17364817766693));
#7012=DIRECTION('',(-0.17364817766693,-6.12323399573677E-17,0.984807753012208));
#7013=DIRECTION('',(0.984807753012208,-1.07969136263969E-17,0.17364817766693));
#7014=DIRECTION('',(-4.59276927642051E-16,1.,-1.8805966459437E-17));
#7015=DIRECTION('',(-0.984807753012208,2.21642629594748E-33,-0.17364817766693));
#7016=DIRECTION('',(1.06328842478788E-17,-1.,-6.03020831250949E-17));
#7017=DIRECTION('',(-0.984807753012208,2.21642629594748E-33,-0.17364817766693));
#7018=DIRECTION('',(-0.17364817766693,0.,0.984807753012208));
#7019=DIRECTION('',(-0.17364817766693,-6.12323399573677E-17,0.984807753012208));
#7020=DIRECTION('',(0.122787803968973,0.707106781186547,-0.696364240320019));
#7021=DIRECTION('',(-0.17364817766693,-6.12323399573677E-17,0.984807753012208));
#7022=DIRECTION('',(0.984807753012208,-1.07969136263969E-17,0.17364817766693));
#7023=DIRECTION('',(-0.17364817766693,-6.12323399573677E-17,0.984807753012208));
#7024=DIRECTION('',(0.984807753012208,0.,0.17364817766693));
#7025=DIRECTION('',(-0.17364817766693,-6.12323399573677E-17,0.984807753012208));
#7026=DIRECTION('',(0.984807753012208,0.,0.17364817766693));
#7027=DIRECTION('',(0.984807753012208,-1.52379058006933E-33,0.17364817766693));
#7028=DIRECTION('',(1.06328842478788E-17,-1.,-6.03020831250949E-17));
#7029=DIRECTION('',(0.69636424032002,0.707106781186546,0.122787803968973));
#7030=DIRECTION('',(-0.696364240320019,0.707106781186548,-0.122787803968973));
#7031=DIRECTION('',(1.06328842478788E-17,-1.,-6.03020831250949E-17));
#7032=DIRECTION('',(0.984807753012208,-1.52379058006933E-33,0.17364817766693));
#7033=DIRECTION('',(-0.696364240320019,-0.707106781186547,-0.122787803968973));
#7034=DIRECTION('',(-0.17364817766693,-6.12323399573677E-17,0.984807753012208));
#7035=DIRECTION('',(0.984807753012208,0.,0.17364817766693));
#7036=DIRECTION('',(-0.696364240320019,0.707106781186547,-0.122787803968973));
#7037=DIRECTION('',(1.06328842478788E-17,-1.,-6.03020831250949E-17));
#7038=DIRECTION('',(2.34954905944965E-16,-1.,-2.07480583328289E-17));
#7039=DIRECTION('',(1.06328842478788E-17,-1.,-6.03020831250949E-17));
#7040=DIRECTION('',(-0.696364240320019,-0.707106781186547,-0.122787803968973));
#7041=DIRECTION('',(-0.17364817766693,-6.12323399573677E-17,0.984807753012208));
#7042=DIRECTION('',(0.984807753012208,0.,0.17364817766693));
#7043=DIRECTION('',(-0.696364240320019,0.707106781186547,-0.122787803968973));
#7044=DIRECTION('',(-0.696364240320019,0.707106781186548,-0.122787803968973));
#7045=DIRECTION('',(-0.71249829320867,-0.701673843159863,0.));
#7046=DIRECTION('',(0.644400477571772,0.540716203060937,-0.540716203060937));
#7047=DIRECTION('',(-0.17364817766693,-6.12323399573677E-17,0.984807753012208));
#7048=DIRECTION('',(-0.17364817766693,-6.12323399573677E-17,0.984807753012208));
#7049=DIRECTION('',(-0.766044443118978,0.,0.64278760968654));
#7050=DIRECTION('',(0.64278760968654,0.,0.766044443118978));
#7051=DIRECTION('',(0.,-1.,0.));
#7052=DIRECTION('',(0.540716203060941,-0.540716203060928,0.644400477571776));
#7053=DIRECTION('',(0.,1.,0.));
#7054=DIRECTION('',(0.540716203060941,0.540716203060928,0.644400477571776));
#7055=DIRECTION('',(0.,-1.,0.));
#7056=DIRECTION('',(0.,0.,-1.));
#7057=DIRECTION('',(0.,-1.,0.));
#7058=DIRECTION('',(0.,0.,-1.));
#7059=DIRECTION('',(0.,-1.,0.));
#7060=DIRECTION('',(-0.760334464003962,0.642787609686539,-0.0933573333020713));
#7061=DIRECTION('',(-0.637996368317098,-0.766044443118979,-0.0783361039414623));
#7062=DIRECTION('',(0.760334464003961,0.642787609686539,0.0933573333020712));
#7063=DIRECTION('',(0.637996368317099,-0.766044443118978,0.0783361039414624));
#7064=DIRECTION('',(0.,-1.,0.));
#7065=DIRECTION('',(0.,-1.,0.));
#7066=DIRECTION('',(0.,0.,-1.));
#7067=DIRECTION('',(0.,1.,0.));
#7068=DIRECTION('',(0.,0.,1.));
#7069=DIRECTION('',(0.,-1.,0.));
#7070=DIRECTION('',(-0.760334464003961,0.64278760968654,-0.0933573333020712));
#7071=DIRECTION('',(-0.637996368317099,-0.766044443118978,-0.0783361039414624));
#7072=DIRECTION('',(0.760334464003961,0.64278760968654,0.0933573333020712));
#7073=DIRECTION('',(0.637996368317099,-0.766044443118978,0.0783361039414624));
#7074=DIRECTION('',(0.,-1.,0.));
#7075=DIRECTION('',(0.,1.,0.));
#7076=DIRECTION('',(0.,0.,1.));
#7077=DIRECTION('',(-0.121869343405156,0.,0.992546151641321));
#7078=DIRECTION('',(0.992546151641321,0.,0.121869343405156));
#7079=DIRECTION('',(0.,-1.,0.));
#7080=DIRECTION('',(0.,-1.,0.));
#7081=DIRECTION('',(0.,-1.,0.));
#7082=DIRECTION('',(0.992546151641322,0.,0.121869343405147));
#7083=DIRECTION('',(0.121869343405147,0.,-0.992546151641322));
#7084=DIRECTION('',(0.,-1.,0.));
#7085=DIRECTION('',(0.,-1.,0.));
#7086=DIRECTION('',(0.,-1.,0.));
#7087=DIRECTION('',(0.,0.,-1.));
#7088=DIRECTION('',(0.,-1.,0.));
#7089=DIRECTION('',(0.766044443118978,0.,-0.64278760968654));
#7090=DIRECTION('',(-0.64278760968654,0.,-0.766044443118978));
#7091=DIRECTION('',(0.,0.,-1.));
#7092=DIRECTION('',(-1.,0.,0.));
#7093=DIRECTION('',(0.,0.,-1.));
#7094=DIRECTION('',(-1.,0.,0.));
#7095=DIRECTION('',(0.,0.,-1.));
#7096=DIRECTION('',(-1.,0.,0.));
#7097=DIRECTION('',(0.,0.,-1.));
#7098=DIRECTION('',(-1.,0.,0.));
#7099=DIRECTION('',(0.,-1.,0.));
#7100=DIRECTION('',(0.,-1.,0.));
#7101=DIRECTION('',(0.86602540378444,0.,-0.5));
#7102=DIRECTION('',(-0.5,0.,-0.86602540378444));
#7103=DIRECTION('',(0.,-1.,0.));
#7104=DIRECTION('',(0.,0.,-1.));
#7105=DIRECTION('',(-1.,0.,0.));
#7106=DIRECTION('',(0.,-1.,0.));
#7107=DIRECTION('',(0.,-1.,0.));
#7108=DIRECTION('',(0.64278760968654,0.,0.766044443118978));
#7109=DIRECTION('',(0.766044443118978,0.,-0.64278760968654));
#7110=DIRECTION('',(0.565742923962191,0.674226162116694,-0.474714678837831));
#7111=DIRECTION('',(0.,-1.,0.));
#7112=DIRECTION('',(-0.766044443118978,0.,0.64278760968654));
#7113=DIRECTION('',(0.56574292396219,0.674226162116695,-0.47471467883783));
#7114=DIRECTION('',(0.,-1.,0.));
#7115=DIRECTION('',(-0.565742923962189,0.674226162116696,0.474714678837829));
#7116=DIRECTION('',(0.565742923962191,0.674226162116694,-0.474714678837831));
#7117=DIRECTION('',(0.,-1.,0.));
#7118=DIRECTION('',(-0.565742923962191,0.674226162116694,0.474714678837831));
#7119=DIRECTION('',(0.,-1.,0.));
#7120=DIRECTION('',(-0.17364817766693,0.,0.984807753012208));
#7121=DIRECTION('',(0.984807753012208,0.,0.17364817766693));
#7122=DIRECTION('',(-0.984807753012208,0.,-0.17364817766693));
#7123=DIRECTION('',(0.,-1.,0.));
#7124=DIRECTION('',(0.,-1.,0.));
#7125=DIRECTION('',(0.,-1.,0.));
#7126=DIRECTION('',(0.,-1.,0.));
#7127=DIRECTION('',(0.,0.,-1.));
#7128=DIRECTION('',(0.,-1.,0.));
#7129=DIRECTION('',(-0.325568154457156,0.,0.945518575599317));
#7130=DIRECTION('',(0.945518575599317,0.,0.325568154457156));
#7131=DIRECTION('',(0.,-1.,0.));
#7132=DIRECTION('',(0.,-1.,0.));
#7133=DIRECTION('',(0.,0.,-1.));
#7134=DIRECTION('',(0.,-1.,0.));
#7135=DIRECTION('',(0.,0.,-1.));
#7136=DIRECTION('',(0.,1.,0.));
#7137=DIRECTION('',(0.,0.,1.));
#7138=DIRECTION('',(0.,-1.,0.));
#7139=DIRECTION('',(0.,0.,-1.));
#7140=DIRECTION('',(0.,1.,0.));
#7141=DIRECTION('',(0.,0.,1.));
#7142=DIRECTION('',(0.,-1.,0.));
#7143=DIRECTION('',(0.,-1.,0.));
#7144=DIRECTION('',(0.,0.,-1.));
#7145=DIRECTION('',(0.,-1.,0.));
#7146=DIRECTION('',(0.,0.,-1.));
#7147=DIRECTION('',(0.,-1.,0.));
#7148=DIRECTION('',(0.,1.,0.));
#7149=DIRECTION('',(0.,0.,1.));
#7150=DIRECTION('',(0.,1.,0.));
#7151=DIRECTION('',(0.,1.,0.));
#7152=DIRECTION('',(0.,-1.,0.));
#7153=DIRECTION('',(0.,0.,-1.));
#7154=DIRECTION('',(-0.17364817766693,-6.12323399573677E-17,0.984807753012208));
#7155=DIRECTION('',(0.984807753012208,0.,0.17364817766693));
#7156=DIRECTION('',(-0.17364817766693,-6.12323399573677E-17,0.984807753012208));
#7157=DIRECTION('',(-0.17364817766693,-6.12323399573677E-17,0.984807753012208));
#7158=DIRECTION('',(-0.17364817766693,-6.12323399573677E-17,0.984807753012208));
#7159=DIRECTION('',(0.984807753012208,0.,0.17364817766693));
#7160=DIRECTION('',(-0.17364817766693,-6.12323399573677E-17,0.984807753012208));
#7161=DIRECTION('',(-0.17364817766693,-6.12323399573677E-17,0.984807753012208));
#7162=DIRECTION('',(0.984807753012208,0.,0.17364817766693));
#7163=DIRECTION('',(-0.17364817766693,-6.12323399573677E-17,0.984807753012208));
#7164=DIRECTION('',(-0.17364817766693,-6.12323399573677E-17,0.984807753012208));
#7165=DIRECTION('',(0.17364817766693,6.12323399573677E-17,-0.984807753012208));
#7166=DIRECTION('',(-0.984807753012208,0.,-0.17364817766693));
#7167=DIRECTION('',(-0.17364817766693,-6.12323399573677E-17,0.984807753012208));
#7168=DIRECTION('',(0.984807753012208,0.,0.17364817766693));
#7169=DIRECTION('',(-0.17364817766693,-6.12323399573677E-17,0.984807753012208));
#7170=DIRECTION('',(0.984807753012208,-1.07969136263969E-17,0.17364817766693));
#7171=DIRECTION('',(-0.17364817766693,-6.12323399573677E-17,0.984807753012208));
#7172=DIRECTION('',(0.984807753012208,0.,0.17364817766693));
#7173=DIRECTION('',(-0.17364817766693,-6.12323399573677E-17,0.984807753012208));
#7174=DIRECTION('',(0.984807753012208,-1.07969136263969E-17,0.17364817766693));
#7175=DIRECTION('',(-0.17364817766693,-6.12323399573677E-17,0.984807753012208));
#7176=DIRECTION('',(0.984807753012208,0.,0.17364817766693));
#7177=DIRECTION('',(-0.17364817766693,-6.12323399573677E-17,0.984807753012208));
#7178=DIRECTION('',(0.984807753012208,0.,0.17364817766693));
#7179=DIRECTION('',(0.17364817766693,6.12323399573677E-17,-0.984807753012208));
#7180=DIRECTION('',(-0.984807753012208,0.,-0.17364817766693));
#7181=DIRECTION('',(-0.17364817766693,-6.12323399573677E-17,0.984807753012208));
#7182=DIRECTION('',(0.984807753012208,0.,0.17364817766693));
#7183=DIRECTION('',(-0.17364817766693,-6.12323399573677E-17,0.984807753012208));
#7184=DIRECTION('',(0.984807753012208,0.,0.17364817766693));
#7185=DIRECTION('',(-0.17364817766693,-6.12323399573677E-17,0.984807753012208));
#7186=DIRECTION('',(0.984807753012208,-1.07969136263969E-17,0.17364817766693));
#7187=DIRECTION('',(-0.17364817766693,-6.12323399573677E-17,0.984807753012208));
#7188=DIRECTION('',(0.984807753012208,0.,0.17364817766693));
#7189=DIRECTION('',(-0.17364817766693,-6.12323399573677E-17,0.984807753012208));
#7190=DIRECTION('',(0.984807753012208,0.,0.17364817766693));
#7191=DIRECTION('',(-0.17364817766693,-6.12323399573677E-17,0.984807753012208));
#7192=DIRECTION('',(0.984807753012208,-1.07969136263969E-17,0.17364817766693));
#7193=DIRECTION('',(-0.17364817766693,-6.12323399573677E-17,0.984807753012208));
#7194=DIRECTION('',(0.984807753012208,0.,0.17364817766693));
#7195=DIRECTION('',(-0.17364817766693,-6.12323399573677E-17,0.984807753012208));
#7196=DIRECTION('',(0.984807753012208,0.,0.17364817766693));
#7197=DIRECTION('',(-0.17364817766693,-6.12323399573677E-17,0.984807753012208));
#7198=DIRECTION('',(0.984807753012208,-1.07969136263969E-17,0.17364817766693));
#7199=DIRECTION('',(-0.17364817766693,-6.12323399573677E-17,0.984807753012208));
#7200=DIRECTION('',(0.984807753012208,0.,0.17364817766693));
#7201=DIRECTION('',(-0.17364817766693,-6.12323399573677E-17,0.984807753012208));
#7202=DIRECTION('',(0.984807753012208,0.,0.17364817766693));
#7203=DIRECTION('',(-0.17364817766693,-6.12323399573677E-17,0.984807753012208));
#7204=DIRECTION('',(0.984807753012208,-1.07969136263969E-17,0.17364817766693));
#7205=DIRECTION('',(-0.17364817766693,-6.12323399573677E-17,0.984807753012208));
#7206=DIRECTION('',(0.984807753012208,0.,0.17364817766693));
#7207=DIRECTION('',(-0.17364817766693,-6.12323399573677E-17,0.984807753012208));
#7208=DIRECTION('',(0.984807753012208,0.,0.17364817766693));
#7209=DIRECTION('',(-0.17364817766693,-6.12323399573677E-17,0.984807753012208));
#7210=DIRECTION('',(0.984807753012208,-1.07969136263969E-17,0.17364817766693));
#7211=DIRECTION('',(-0.984807753012208,2.21642629594748E-33,-0.17364817766693));
#7212=DIRECTION('',(-0.17364817766693,0.,0.984807753012208));
#7213=DIRECTION('',(2.25061824418842E-33,1.,0.));
#7214=DIRECTION('',(-0.122787803968973,-0.707106781186548,0.696364240320019));
#7215=DIRECTION('',(-0.696364240320018,0.707106781186548,-0.122787803968973));
#7216=DIRECTION('',(-0.71249829320867,-0.701673843159863,0.));
#7217=DIRECTION('',(-0.984807753012208,2.21642629594748E-33,-0.17364817766693));
#7218=DIRECTION('',(-0.17364817766693,0.,0.984807753012208));
#7219=DIRECTION('',(2.25061824418842E-33,1.,0.));
#7220=DIRECTION('',(0.122787803968973,-0.707106781186548,-0.696364240320019));
#7221=DIRECTION('',(1.06328842478788E-17,-1.,-6.03020831250949E-17));
#7222=DIRECTION('',(0.984807753012208,4.55565100926466E-16,0.17364817766693));
#7223=DIRECTION('',(0.17364817766693,0.,-0.984807753012208));
#7224=DIRECTION('',(4.48644043394173E-16,-1.,7.91080495845321E-17));
#7225=DIRECTION('',(-0.122787803968973,0.707106781186546,0.69636424032002));
#7226=DIRECTION('',(0.17364817766693,0.,-0.984807753012208));
#7227=DIRECTION('',(0.122787803968973,-0.707106781186548,-0.696364240320019));
#7228=DIRECTION('',(-4.48644043394173E-16,1.,-7.91080495845319E-17));
#7229=DIRECTION('',(0.122787803968972,0.707106781186547,-0.696364240320019));
#7230=DIRECTION('',(-0.17364817766693,5.98699295060652E-49,0.984807753012208));
#7231=DIRECTION('',(-4.48644043394173E-16,1.,-7.91080495845319E-17));
#7232=DIRECTION('',(-0.122787803968972,-0.707106781186548,0.696364240320019));
#7233=DIRECTION('',(-0.984807753012208,1.52379058006933E-33,-0.17364817766693));
#7234=DIRECTION('',(-0.17364817766693,0.,0.984807753012208));
#7235=DIRECTION('',(-0.17364817766693,-6.12323399573677E-17,0.984807753012208));
#7236=DIRECTION('',(0.696364240320019,0.707106781186548,0.122787803968973));
#7237=DIRECTION('',(-0.71249829320867,0.701673843159863,0.));
#7238=DIRECTION('',(-0.984807753012208,1.52379058006933E-33,-0.17364817766693));
#7239=DIRECTION('',(-0.17364817766693,0.,0.984807753012208));
#7240=DIRECTION('',(-0.17364817766693,-6.12323399573677E-17,0.984807753012208));
#7241=DIRECTION('',(1.06328842478788E-17,-1.,-6.03020831250949E-17));
#7242=DIRECTION('',(-0.17364817766693,-6.12323399573677E-17,0.984807753012208));
#7243=DIRECTION('',(-0.133022221559489,0.64278760968654,0.754406506735489));
#7244=DIRECTION('',(-0.17364817766693,-6.12323399573677E-17,0.984807753012208));
#7245=DIRECTION('',(1.54729750594322E-33,1.,0.));
#7246=DIRECTION('',(-0.984807753012208,1.52379058006933E-33,-0.17364817766693));
#7247=DIRECTION('',(-0.17364817766693,2.68685392215625E-34,0.984807753012208));
#7248=DIRECTION('',(1.54729750594322E-33,1.,0.));
#7249=DIRECTION('',(-0.133022221559489,-0.642787609686539,0.754406506735489));
#7250=DIRECTION('',(0.696364240320019,0.707106781186548,0.122787803968973));
#7251=DIRECTION('',(-0.71249829320867,0.701673843159863,0.));
#7252=DIRECTION('',(-0.644400477571772,0.540716203060937,0.540716203060937));
#7253=DIRECTION('',(-0.696364240320019,0.707106781186548,-0.122787803968973));
#7254=DIRECTION('',(-0.71249829320867,-0.701673843159863,0.));
#7255=DIRECTION('',(-0.17364817766693,-6.12323399573677E-17,0.984807753012208));
#7256=DIRECTION('',(-0.984807753012208,1.52379058006933E-33,-0.17364817766693));
#7257=DIRECTION('',(-0.17364817766693,0.,0.984807753012208));
#7258=DIRECTION('',(-0.984807753012208,-2.27782550463233E-16,-0.17364817766693));
#7259=DIRECTION('',(-0.17364817766693,0.,0.984807753012208));
#7260=DIRECTION('',(-2.31296463463574E-16,1.,0.));
#7261=DIRECTION('',(-0.984807753012208,-2.27782550463233E-16,-0.17364817766693));
#7262=DIRECTION('',(-0.17364817766693,-4.01642093812554E-17,0.984807753012208));
#7263=DIRECTION('',(-2.31296463463574E-16,1.,0.));
#7264=DIRECTION('',(-0.17364817766693,-6.12323399573677E-17,0.984807753012208));
#7265=DIRECTION('',(0.,-1.,1.31174742818284E-15));
#7266=DIRECTION('',(0.171087869746036,0.171087869746032,-0.970287525247815));
#7267=DIRECTION('',(-2.31296463463574E-16,1.,0.));
#7268=DIRECTION('',(-0.984807753012208,-2.27782550463233E-16,-0.17364817766693));
#7269=DIRECTION('',(-0.17364817766693,-4.01642093812554E-17,0.984807753012208));
#7270=DIRECTION('',(-0.11161889704895,0.766044443118978,0.633022221559489));
#7271=DIRECTION('',(0.,-0.637002796968527,0.770861489928167));
#7272=DIRECTION('',(0.11161889704895,0.766044443118978,-0.633022221559489));
#7273=DIRECTION('',(0.,0.637002796968527,0.770861489928167));
#7274=DIRECTION('',(-2.18275380022921E-33,-1.,-3.84878387224344E-34));
#7275=DIRECTION('',(1.,-2.18275380022921E-33,0.));
#7276=DIRECTION('',(-0.984807753012208,2.21642629594748E-33,-0.17364817766693));
#7277=DIRECTION('',(-0.17364817766693,0.,0.984807753012208));
#7278=DIRECTION('',(0.984807753012208,0.,0.17364817766693));
#7279=DIRECTION('',(-0.984807753012208,2.21642629594748E-33,-0.17364817766693));
#7280=DIRECTION('',(0.122787803968973,-0.707106781186548,-0.696364240320019));
#7281=DIRECTION('',(0.,0.701673843159863,-0.71249829320867));
#7282=DIRECTION('',(-0.122787803968973,0.707106781186548,0.696364240320019));
#7283=DIRECTION('',(0.,-0.701673843159863,0.71249829320867));
#7284=DIRECTION('',(-0.984807753012208,2.21642629594748E-33,-0.17364817766693));
#7285=DIRECTION('',(0.122787803968973,0.707106781186547,-0.696364240320019));
#7286=DIRECTION('',(0.,0.701673843159863,0.71249829320867));
#7287=DIRECTION('',(-0.984807753012208,2.21642629594748E-33,-0.17364817766693));
#7288=DIRECTION('',(-0.17364817766693,3.90815756727266E-34,0.984807753012208));
#7289=DIRECTION('',(0.984807753012208,0.,0.17364817766693));
#7290=DIRECTION('',(0.,0.,1.));
#7291=DIRECTION('',(1.,0.,0.));
#7292=DIRECTION('',(0.,0.,1.));
#7293=DIRECTION('',(1.,0.,0.));
#7294=DIRECTION('',(0.,0.,1.));
#7295=DIRECTION('',(1.,0.,0.));
#7296=DIRECTION('',(0.,0.,-1.));
#7297=DIRECTION('',(-1.,0.,0.));
#7298=DIRECTION('',(0.,0.,-1.));
#7299=DIRECTION('',(-1.,0.,0.));
#7300=DIRECTION('',(0.,0.,1.));
#7301=DIRECTION('',(1.,0.,0.));
#7302=DIRECTION('',(0.,0.,1.));
#7303=DIRECTION('',(1.,0.,0.));
#7304=DIRECTION('',(0.,0.,1.));
#7305=DIRECTION('',(1.,0.,0.));
#7306=DIRECTION('',(0.,0.,-1.));
#7307=DIRECTION('',(-1.,0.,0.));
#7308=DIRECTION('',(0.,0.,-1.));
#7309=DIRECTION('',(-1.,0.,0.));
#7310=DIRECTION('',(0.,0.,1.));
#7311=DIRECTION('',(1.,0.,0.));
#7312=DIRECTION('',(0.,0.,1.));
#7313=DIRECTION('',(1.,0.,0.));
#7314=DIRECTION('',(0.,0.,1.));
#7315=DIRECTION('',(1.,0.,0.));
#7316=DIRECTION('',(0.,0.,-1.));
#7317=DIRECTION('',(-1.,0.,0.));
#7318=DIRECTION('',(0.,0.,-1.));
#7319=DIRECTION('',(-1.,0.,0.));
#7320=DIRECTION('',(0.,0.,1.));
#7321=DIRECTION('',(1.,0.,0.));
#7322=DIRECTION('',(0.,0.,1.));
#7323=DIRECTION('',(1.,0.,0.));
#7324=DIRECTION('',(0.,0.,1.));
#7325=DIRECTION('',(1.,0.,0.));
#7326=DIRECTION('',(0.17364817766693,0.,-0.984807753012208));
#7327=DIRECTION('',(-0.984807753012208,0.,-0.17364817766693));
#7328=DIRECTION('',(0.,0.,1.));
#7329=DIRECTION('',(1.,0.,0.));
#7330=DIRECTION('',(0.,0.,1.));
#7331=DIRECTION('',(1.,0.,0.));
#7332=DIRECTION('',(0.,0.,1.));
#7333=DIRECTION('',(1.,0.,0.));
#7334=DIRECTION('',(0.,0.,1.));
#7335=DIRECTION('',(1.,0.,0.));
#7336=DIRECTION('',(0.,0.,1.));
#7337=DIRECTION('',(1.,0.,0.));
#7338=DIRECTION('',(0.,1.,0.));
#7339=DIRECTION('',(-1.,0.,0.));
#7340=DIRECTION('',(0.,0.,-1.));
#7341=DIRECTION('',(0.,1.,0.));
#7342=DIRECTION('',(0.,0.,1.));
#7343=DIRECTION('',(0.,1.,0.));
#7344=DIRECTION('',(0.,1.,0.));
#7345=DIRECTION('',(0.,0.,1.));
#7346=DIRECTION('',(0.,1.,0.));
#7347=DIRECTION('',(0.,1.,0.));
#7348=DIRECTION('',(0.,0.,1.));
#7349=DIRECTION('',(-1.,0.,0.));
#7350=DIRECTION('',(0.,0.,1.));
#7351=DIRECTION('',(0.,0.,1.));
#7352=DIRECTION('',(0.,0.,-1.));
#7353=DIRECTION('',(1.,0.,0.));
#7354=DIRECTION('',(0.,0.,-1.));
#7355=DIRECTION('',(0.,0.,-1.));
#7356=DIRECTION('',(0.,0.,1.));
#7357=DIRECTION('',(0.707106781186539,0.707106781186556,0.));
#7358=DIRECTION('',(0.,0.,-1.));
#7359=DIRECTION('',(-0.707106781186556,0.707106781186539,0.));
#7360=DIRECTION('',(0.,1.,0.));
#7361=DIRECTION('',(0.,0.,1.));
#7362=DIRECTION('',(0.707106781186556,0.707106781186539,0.));
#7363=DIRECTION('',(-0.707106781186539,0.707106781186556,0.));
#7364=DIRECTION('',(0.,0.,1.));
#7365=DIRECTION('',(0.707106781186539,0.707106781186556,0.));
#7366=DIRECTION('',(0.,0.,1.));
#7367=DIRECTION('',(0.707106781186556,-0.707106781186539,0.));
#7368=DIRECTION('',(0.,-1.,0.));
#7369=DIRECTION('',(0.,0.,-1.));
#7370=DIRECTION('',(-0.707106781186556,-0.707106781186539,0.));
#7371=DIRECTION('',(-0.707106781186539,0.707106781186556,0.));
#7372=DIRECTION('',(0.,0.,-1.));
#7373=DIRECTION('',(-0.17364817766693,0.,0.984807753012208));
#7374=DIRECTION('',(0.984807753012208,0.,0.17364817766693));
#7375=DIRECTION('',(-0.17364817766693,0.,0.984807753012208));
#7376=DIRECTION('',(0.984807753012208,0.,0.17364817766693));
#7377=DIRECTION('',(-0.17364817766693,0.,0.984807753012208));
#7378=DIRECTION('',(-0.17364817766693,0.,0.984807753012208));
#7379=DIRECTION('',(0.984807753012208,0.,0.17364817766693));
#7380=DIRECTION('',(-0.17364817766693,0.,0.984807753012208));
#7381=DIRECTION('',(0.984807753012208,0.,0.17364817766693));
#7382=DIRECTION('',(0.17364817766693,0.,-0.984807753012208));
#7383=DIRECTION('',(0.,1.,0.));
#7384=DIRECTION('',(0.,1.,0.));
#7385=DIRECTION('',(0.,1.,0.));
#7386=DIRECTION('',(0.,0.,1.));
#7387=DIRECTION('',(-0.984807753012208,0.,-0.17364817766693));
#7388=DIRECTION('',(-0.984807753012208,0.,-0.17364817766693));
#7389=DIRECTION('',(-0.17364817766693,0.,0.984807753012208));
#7390=DIRECTION('',(0.984807753012208,0.,0.17364817766693));
#7391=DIRECTION('',(-0.17364817766693,0.,0.984807753012208));
#7392=DIRECTION('',(0.984807753012208,0.,0.17364817766693));
#7393=DIRECTION('',(-0.17364817766693,0.,0.984807753012208));
#7394=DIRECTION('',(0.984807753012208,0.,0.17364817766693));
#7395=DIRECTION('',(-0.17364817766693,0.,0.984807753012208));
#7396=DIRECTION('',(0.984807753012208,0.,0.17364817766693));
#7397=DIRECTION('',(-0.17364817766693,0.,0.984807753012208));
#7398=DIRECTION('',(0.984807753012208,0.,0.17364817766693));
#7399=DIRECTION('',(-0.724309250703629,0.642787609686539,-0.249399675578405));
#7400=DIRECTION('',(-0.663762065366806,-0.747943795067512,0.));
#7401=DIRECTION('',(-0.607767625123706,-0.766044443118979,-0.209271175793573));
#7402=DIRECTION('',(-0.607767625123706,-0.766044443118979,-0.209271175793573));
#7403=DIRECTION('',(-0.325568154457156,0.,0.945518575599317));
#7404=DIRECTION('',(-0.325568154457156,0.,0.945518575599317));
#7405=DIRECTION('',(0.945518575599317,0.,0.325568154457156));
#7406=DIRECTION('',(-0.325568154457156,0.,0.945518575599317));
#7407=DIRECTION('',(0.945518575599317,0.,0.325568154457156));
#7408=DIRECTION('',(-0.325568154457156,0.,0.945518575599317));
#7409=DIRECTION('',(0.945518575599317,0.,0.325568154457156));
#7410=DIRECTION('',(-0.325568154457156,0.,0.945518575599317));
#7411=DIRECTION('',(0.945518575599317,0.,0.325568154457156));
#7412=DIRECTION('',(-0.325568154457156,0.,0.945518575599317));
#7413=DIRECTION('',(0.945518575599317,0.,0.325568154457156));
#7414=DIRECTION('',(-0.325568154457156,0.,0.945518575599317));
#7415=DIRECTION('',(0.945518575599317,0.,0.325568154457156));
#7416=DIRECTION('',(-0.325568154457156,0.,0.945518575599317));
#7417=DIRECTION('',(0.945518575599317,0.,0.325568154457156));
#7418=DIRECTION('',(-0.325568154457156,0.,0.945518575599317));
#7419=DIRECTION('',(0.945518575599317,0.,0.325568154457156));
#7420=DIRECTION('',(0.17364817766693,1.40173877208143E-15,-0.984807753012208));
#7421=DIRECTION('',(-0.984807753012208,0.,-0.17364817766693));
#7422=DIRECTION('',(-0.984807753012208,0.,-0.17364817766693));
#7423=DIRECTION('',(-2.43409383337021E-16,1.,1.38044321044361E-15));
#7424=DIRECTION('',(-0.984807753012208,0.,-0.17364817766693));
#7425=DIRECTION('',(0.,1.,0.));
#7426=DIRECTION('',(0.,0.,1.));
#7427=DIRECTION('',(0.819152044288976,0.,-0.573576436351068));
#7428=DIRECTION('',(-0.984807753012208,0.,-0.17364817766693));
#7429=DIRECTION('',(0.133022221559489,0.642787609686537,-0.754406506735491));
#7430=DIRECTION('',(0.,0.761170991170118,0.648551248708304));
#7431=DIRECTION('',(0.133022221559489,0.642787609686537,-0.754406506735491));
#7432=DIRECTION('',(-0.111618897048949,0.76604444311898,0.633022221559487));
#7433=DIRECTION('',(-0.133022221559489,0.642787609686539,0.75440650673549));
#7434=DIRECTION('',(0.,-0.761170991170117,0.648551248708306));
#7435=DIRECTION('',(-0.687489768744424,-0.608120402411361,0.396922403049743));
#7436=DIRECTION('',(-0.984807753012208,0.,-0.17364817766693));
#7437=DIRECTION('',(-0.133022221559489,0.642787609686539,0.75440650673549));
#7438=DIRECTION('',(0.111618897048949,0.766044443118979,-0.633022221559488));
#7439=DIRECTION('',(0.,1.,0.));
#7440=DIRECTION('',(0.,0.,1.));
#7441=DIRECTION('',(-0.17364817766693,0.,0.984807753012208));
#7442=DIRECTION('',(0.,1.,0.));
#7443=DIRECTION('',(0.,0.,1.));
#7444=DIRECTION('',(-0.984807753012208,0.,-0.17364817766693));
#7445=DIRECTION('',(-0.984807753012208,0.,-0.17364817766693));
#7446=DIRECTION('',(-0.710362164650981,0.,0.703836341085321));
#7447=DIRECTION('',(0.,1.,0.));
#7448=DIRECTION('',(0.,0.,1.));
#7449=DIRECTION('',(-0.133022221559489,0.642787609686539,0.754406506735489));
#7450=DIRECTION('',(0.,-0.761170991170116,0.648551248708306));
#7451=DIRECTION('',(-0.111618897048949,-0.766044443118978,0.633022221559489));
#7452=DIRECTION('',(-0.984807753012208,0.,-0.17364817766693));
#7453=DIRECTION('',(-0.133022221559489,0.642787609686539,0.754406506735489));
#7454=DIRECTION('',(0.111618897048949,0.766044443118978,-0.633022221559489));
#7455=DIRECTION('',(0.17364817766693,0.,-0.984807753012208));
#7456=DIRECTION('',(-0.984807753012208,0.,-0.17364817766693));
#7457=DIRECTION('',(-0.984807753012208,0.,-0.17364817766693));
#7458=DIRECTION('',(0.,1.,0.));
#7459=DIRECTION('',(0.984807753012208,0.,0.17364817766693));
#7460=DIRECTION('',(0.984807753012208,0.,0.17364817766693));
#7461=DIRECTION('',(0.17364817766693,0.,-0.984807753012208));
#7462=DIRECTION('',(-0.11161889704895,0.766044443118978,0.633022221559489));
#7463=DIRECTION('',(0.,1.,0.));
#7464=DIRECTION('',(0.,0.,1.));
#7465=DIRECTION('',(-0.984807753012208,0.,-0.17364817766693));
#7466=DIRECTION('',(-0.17364817766693,0.,0.984807753012208));
#7467=DIRECTION('',(-0.984807753012208,0.,-0.17364817766693));
#7468=DIRECTION('',(-0.133022221559488,-0.64278760968654,0.754406506735489));
#7469=DIRECTION('',(0.,-0.761170991170116,-0.648551248708307));
#7470=DIRECTION('',(-0.111618897048949,0.766044443118978,0.633022221559489));
#7471=DIRECTION('',(-0.984807753012208,0.,-0.17364817766693));
#7472=DIRECTION('',(0.17364817766693,0.,-0.984807753012208));
#7473=DIRECTION('',(-0.984807753012208,0.,-0.17364817766693));
#7474=DIRECTION('',(0.,1.,0.));
#7475=DIRECTION('',(-0.984807753012208,0.,-0.17364817766693));
#7476=DIRECTION('',(-0.133022221559489,-0.642787609686539,0.75440650673549));
#7477=DIRECTION('',(0.,-0.761170991170116,-0.648551248708306));
#7478=DIRECTION('',(-0.111618897048949,0.766044443118979,0.633022221559489));
#7479=DIRECTION('',(-0.984807753012208,0.,-0.17364817766693));
#7480=DIRECTION('',(0.17364817766693,0.,-0.984807753012208));
#7481=DIRECTION('',(-0.984807753012208,0.,-0.17364817766693));
#7482=DIRECTION('',(0.,1.,0.));
#7483=DIRECTION('',(-0.984807753012208,0.,-0.17364817766693));
#7484=DIRECTION('',(0.133022221559488,-0.642787609686539,-0.754406506735489));
#7485=DIRECTION('',(0.,0.761170991170116,-0.648551248708306));
#7486=DIRECTION('',(0.111618897048949,0.766044443118978,-0.633022221559489));
#7487=DIRECTION('',(-0.984807753012208,0.,-0.17364817766693));
#7488=DIRECTION('',(0.,1.,0.));
#7489=DIRECTION('',(0.,0.,1.));
#7490=DIRECTION('',(0.17364817766693,0.,-0.984807753012208));
#7491=DIRECTION('',(-0.984807753012208,0.,-0.17364817766693));
#7492=DIRECTION('',(-0.133022221559488,-0.642787609686539,0.754406506735489));
#7493=DIRECTION('',(0.,-0.761170991170116,-0.648551248708306));
#7494=DIRECTION('',(0.111618897048949,-0.766044443118978,-0.633022221559489));
#7495=DIRECTION('',(-0.133022221559488,-0.642787609686539,0.754406506735489));
#7496=DIRECTION('',(-0.111618897048949,0.766044443118978,0.633022221559489));
#7497=DIRECTION('',(-0.133022221559489,0.642787609686539,0.754406506735489));
#7498=DIRECTION('',(0.,-0.761170991170116,0.648551248708306));
#7499=DIRECTION('',(-0.133022221559489,0.642787609686539,0.754406506735489));
#7500=DIRECTION('',(0.111618897048949,0.766044443118978,-0.633022221559489));
#7501=DIRECTION('',(-0.111618897048949,-0.766044443118978,0.633022221559489));
#7502=DIRECTION('',(-0.122787803968973,0.707106781186544,0.696364240320023));
#7503=DIRECTION('',(-0.984807753012208,0.,-0.17364817766693));
#7504=DIRECTION('',(0.122787803968972,0.707106781186552,-0.696364240320015));
#7505=DIRECTION('',(0.,1.,0.));
#7506=DIRECTION('',(0.,0.,1.));
#7507=DIRECTION('',(-0.769982992617554,0.637959854838404,-0.011550527878802));
#7508=DIRECTION('',(0.637888086735643,0.770069622576143,0.00956896996432141));
#7509=DIRECTION('',(0.,1.,0.));
#7510=DIRECTION('',(0.,0.,1.));
#7511=DIRECTION('',(0.,1.,0.));
#7512=DIRECTION('',(0.,0.,1.));
#7513=DIRECTION('',(-0.769982992617558,-0.637959854838399,-0.0115505278788136));
#7514=DIRECTION('',(-0.637888086735638,0.770069622576147,-0.0095689699643309));
#7515=DIRECTION('',(-0.769982992617555,0.637959854838403,-0.0115505278788021));
#7516=DIRECTION('',(0.637888086735642,0.770069622576144,0.00956896996432149));
#7517=DIRECTION('',(-0.609540151486587,-0.499999999999977,-0.615191680475064));
#7518=DIRECTION('',(0.122787803968972,0.707106781186551,-0.696364240320015));
#7519=DIRECTION('',(0.786126276788156,-0.281084637714829,-0.55045154499185));
#7520=DIRECTION('',(0.573576436351081,0.,0.819152044288967));
#7521=DIRECTION('',(0.,-1.,0.));
#7522=DIRECTION('',(-0.819152044288968,0.,0.573576436351081));
#7523=DIRECTION('',(-0.769982992617554,0.637959854838404,-0.011550527878802));
#7524=DIRECTION('',(-0.565742923962191,-0.674226162116694,0.47471467883783));
#7525=DIRECTION('',(0.790425155233252,-0.454519477672029,-0.410658152714927));
#7526=DIRECTION('',(0.111618897048949,0.766044443118978,-0.633022221559489));
#7527=DIRECTION('',(0.53250150895371,0.841205080671408,0.0938943832965089));
#7528=DIRECTION('',(-0.769982992617558,-0.637959854838399,-0.0115505278788136));
#7529=DIRECTION('',(0.565742923962191,-0.674226162116694,-0.474714678837831));
#7530=DIRECTION('',(0.790425155233249,0.454519477672031,-0.410658152714929));
#7531=DIRECTION('',(-0.111618897048949,0.766044443118978,0.633022221559489));
#7532=DIRECTION('',(0.606963523073503,-0.671542934237853,0.425000434274385));
#7533=DIRECTION('',(-0.696364240320051,-0.707106781186515,-0.122787803968978));
#7534=DIRECTION('',(-0.17364817766693,0.,0.984807753012208));
#7535=DIRECTION('',(0.715717853162384,-0.671542934237849,-0.191776020763411));
#7536=DIRECTION('',(0.602303325406835,0.454519477672027,0.656233760652876));
#7537=DIRECTION('',(-0.111618897048949,-0.766044443118978,0.633022221559489));
#7538=DIRECTION('',(-0.793300286479259,0.249243569363963,0.555474840656745));
#7539=DIRECTION('',(0.573576436351077,0.,0.81915204428897));
#7540=DIRECTION('',(0.,-1.,0.));
#7541=DIRECTION('',(0.793300286479259,0.249243569363966,-0.555474840656744));
#7542=DIRECTION('',(-0.602303325406836,0.454519477672025,-0.656233760652876));
#7543=DIRECTION('',(0.111618897048949,-0.766044443118979,-0.633022221559489));
#7544=DIRECTION('',(0.793300286479259,0.249243569363966,-0.555474840656744));
#7545=DIRECTION('',(0.573576436351077,0.,0.81915204428897));
#7546=DIRECTION('',(0.,-1.,0.));
#7547=DIRECTION('',(0.793300286479261,0.249243569363956,-0.555474840656746));
#7548=DIRECTION('',(-0.602303325406832,0.454519477672028,-0.656233760652878));
#7549=DIRECTION('',(0.111618897048949,-0.766044443118978,-0.633022221559489));
#7550=DIRECTION('',(0.715717853162389,0.671542934237843,-0.191776020763414));
#7551=DIRECTION('',(0.696364240320045,-0.707106781186521,0.122787803968977));
#7552=DIRECTION('',(0.17364817766693,0.,-0.984807753012208));
#7553=DIRECTION('',(-0.606963523073493,-0.671542934237838,-0.425000434274423));
#7554=DIRECTION('',(0.79042515523326,-0.454519477672023,-0.410658152714917));
#7555=DIRECTION('',(0.111618897048949,0.766044443118978,-0.633022221559489));
#7556=DIRECTION('',(-0.769982992617555,0.637959854838403,-0.0115505278788021));
#7557=DIRECTION('',(-0.565742923962191,-0.674226162116694,0.47471467883783));
#7558=DIRECTION('',(0.573576436351068,-9.91178991190859E-16,0.819152044288976));
#7559=DIRECTION('',(2.43409383337021E-16,-1.,-1.38044321044361E-15));
#7560=DIRECTION('',(-0.668834843421895,-0.577350269189647,0.468323199181348));
#7561=DIRECTION('',(0.696364240320047,-0.707106781186519,0.122787803968977));
#7562=DIRECTION('',(0.17364817766693,0.,-0.984807753012208));
#7563=DIRECTION('',(0.17364817766693,0.,-0.984807753012208));
#7564=DIRECTION('',(-0.984807753012208,0.,-0.17364817766693));
#7565=DIRECTION('',(-0.696364240320019,0.707106781186547,-0.122787803968973));
#7566=DIRECTION('',(-0.573576436351038,0.,-0.819152044288998));
#7567=DIRECTION('',(0.,-1.,0.));
#7568=DIRECTION('',(0.819152044288998,0.,-0.573576436351038));
#7569=DIRECTION('',(-0.786126276788186,0.281084637714825,0.550451544991809));
#7570=DIRECTION('',(0.60954015148655,0.5,0.615191680475082));
#7571=DIRECTION('',(-0.122787803968972,-0.707106781186552,0.696364240320014));
#7572=DIRECTION('',(0.717098745999348,-0.678598344545848,-0.158976964575996));
#7573=DIRECTION('',(0.696364240320019,0.707106781186548,0.122787803968973));
#7574=DIRECTION('',(-0.17364817766693,0.,0.984807753012208));
#7575=DIRECTION('',(0.,1.,0.));
#7576=DIRECTION('',(0.,0.,1.));
#7577=DIRECTION('',(0.17364817766693,0.,-0.984807753012208));
#7578=DIRECTION('',(-0.984807753012208,0.,-0.17364817766693));
#7579=DIRECTION('',(0.17364817766693,0.,-0.984807753012208));
#7580=DIRECTION('',(-0.984807753012208,0.,-0.17364817766693));
#7581=DIRECTION('',(0.984807753012208,0.,0.17364817766693));
#7582=DIRECTION('',(0.,1.,0.));
#7583=DIRECTION('',(0.,0.,1.));
#7584=DIRECTION('',(-0.984807753012208,0.,-0.17364817766693));
#7585=DIRECTION('',(-0.984807753012208,0.,-0.17364817766693));
#7586=DIRECTION('',(0.17364817766693,0.,-0.984807753012208));
#7587=DIRECTION('',(-0.984807753012208,0.,-0.17364817766693));
#7588=DIRECTION('',(0.,-1.,0.));
#7589=DIRECTION('',(0.,-1.,0.));
#7590=DIRECTION('',(-0.88544464791667,0.,0.46474484986466));
#7591=DIRECTION('',(0.46474484986466,0.,0.88544464791667));
#7592=DIRECTION('',(0.984807753012207,0.,0.173648177666934));
#7593=DIRECTION('',(0.173648177666934,0.,-0.984807753012208));
#7594=DIRECTION('',(0.,-1.,0.));
#7595=DIRECTION('',(-0.707106781186548,0.,0.707106781186548));
#7596=DIRECTION('',(0.707106781186548,0.,0.707106781186548));
#7597=DIRECTION('',(0.122787803968973,0.707106781186549,-0.696364240320017));
#7598=DIRECTION('',(-0.984807753012208,0.,-0.17364817766693));
#7599=DIRECTION('',(-0.17364817766693,-6.12323399573677E-17,0.984807753012208));
#7600=DIRECTION('',(0.984807753012208,-1.07969136263969E-17,0.17364817766693));
#7601=DIRECTION('',(-0.984807753012208,1.4328918786241E-31,-0.17364817766693));
#7602=DIRECTION('',(1.06328842478788E-17,-1.,-6.03020831250949E-17));
#7603=DIRECTION('',(-0.984807753012208,1.42761262711924E-31,-0.17364817766693));
#7604=DIRECTION('',(1.06328842478788E-17,-1.,-6.03020831250949E-17));
#7605=DIRECTION('',(-1.06328842478787E-17,1.,6.03020831250949E-17));
#7606=DIRECTION('',(0.,-6.03020831250949E-17,1.));
#7607=DIRECTION('',(-1.06328842478787E-17,1.,6.03020831250949E-17));
#7608=DIRECTION('',(0.,-6.03020831250949E-17,1.));
#7609=DIRECTION('',(-0.17364817766693,-6.12323399573677E-17,0.984807753012208));
#7610=DIRECTION('',(-1.06328842478787E-17,1.,6.03020831250949E-17));
#7611=DIRECTION('',(0.,-6.03020831250949E-17,1.));
#7612=DIRECTION('',(-1.06328842478787E-17,1.,6.03020831250949E-17));
#7613=DIRECTION('',(0.,-6.03020831250949E-17,1.));
#7614=DIRECTION('',(-0.17364817766693,-6.12323399573677E-17,0.984807753012208));
#7615=DIRECTION('',(-1.06328842478787E-17,1.,6.03020831250949E-17));
#7616=DIRECTION('',(0.,-6.03020831250949E-17,1.));
#7617=DIRECTION('',(-0.984807753012208,0.,-0.17364817766693));
#7618=DIRECTION('',(-0.17364817766693,0.,0.984807753012208));
#7619=DIRECTION('',(-0.122787803968973,-0.707106781186547,0.69636424032002));
#7620=DIRECTION('',(0.,1.,0.));
#7621=DIRECTION('',(1.06328842478788E-17,-1.,-6.03020831250949E-17));
#7622=DIRECTION('',(-0.984807753012208,0.,-0.17364817766693));
#7623=DIRECTION('',(-0.17364817766693,0.,0.984807753012208));
#7624=DIRECTION('',(0.,1.,0.));
#7625=DIRECTION('',(0.122787803968973,0.707106781186547,-0.69636424032002));
#7626=DIRECTION('',(1.06328842478788E-17,-1.,-6.03020831250949E-17));
#7627=DIRECTION('',(-0.17364817766693,-6.12323399573677E-17,0.984807753012208));
#7628=DIRECTION('',(0.984807753012208,-1.07969136263969E-17,0.17364817766693));
#7629=DIRECTION('',(-1.06328842478788E-17,1.,6.03020831250949E-17));
#7630=DIRECTION('',(-0.984807753012208,5.74836792573272E-18,-0.17364817766693));
#7631=DIRECTION('',(1.06328842478788E-17,-1.,-6.03020831250949E-17));
#7632=DIRECTION('',(0.984807753012208,-1.42761262711924E-31,0.17364817766693));
#7633=DIRECTION('',(-0.984807753012208,-1.21891755631591E-33,-0.17364817766693));
#7634=DIRECTION('',(-0.17364817766693,0.,0.984807753012208));
#7635=DIRECTION('',(0.122787803968973,0.707106781186547,-0.696364240320019));
#7636=DIRECTION('',(0.,-1.,0.));
#7637=DIRECTION('',(-0.17364817766693,-6.12323399573677E-17,0.984807753012208));
#7638=DIRECTION('',(1.06328842478788E-17,-1.,-6.03020831250949E-17));
#7639=DIRECTION('',(0.984807753012208,1.21891755631591E-33,0.17364817766693));
#7640=DIRECTION('',(0.17364817766693,0.,-0.984807753012208));
#7641=DIRECTION('',(-0.17364817766693,-6.12323399573677E-17,0.984807753012208));
#7642=DIRECTION('',(1.23772132437792E-33,-1.,-2.97037261593594E-50));
#7643=DIRECTION('',(-0.122787803968973,-0.707106781186547,0.696364240320019));
#7644=DIRECTION('',(-1.06328842478788E-17,1.,6.03020831250949E-17));
#7645=DIRECTION('',(1.06328842478787E-17,-1.,-6.03020831250949E-17));
#7646=DIRECTION('',(0.,6.03020831250949E-17,-1.));
#7647=DIRECTION('',(1.06328842478787E-17,-1.,-6.03020831250949E-17));
#7648=DIRECTION('',(0.,6.03020831250949E-17,-1.));
#7649=DIRECTION('',(1.06328842478787E-17,-1.,-6.03020831250949E-17));
#7650=DIRECTION('',(0.,6.03020831250949E-17,-1.));
#7651=DIRECTION('',(1.06328842478787E-17,-1.,-6.03020831250949E-17));
#7652=DIRECTION('',(0.,6.03020831250949E-17,-1.));
#7653=DIRECTION('',(1.06328842478787E-17,-1.,-6.03020831250949E-17));
#7654=DIRECTION('',(0.,6.03020831250949E-17,-1.));
#7655=DIRECTION('',(-0.17364817766693,-6.12323399573677E-17,0.984807753012208));
#7656=DIRECTION('',(0.984807753012208,-1.07969136263969E-17,0.17364817766693));
#7657=DIRECTION('',(-1.06328842478788E-17,1.,6.03020831250949E-17));
#7658=DIRECTION('',(-0.984807753012208,-1.54074395550979E-33,-0.17364817766693));
#7659=DIRECTION('',(-1.06328842478788E-17,1.,6.03020831250949E-17));
#7660=DIRECTION('',(0.984807753012208,-1.42761262711924E-31,0.17364817766693));
#7661=DIRECTION('',(1.06328842478787E-17,-1.,-6.03020831250949E-17));
#7662=DIRECTION('',(0.,6.03020831250949E-17,-1.));
#7663=DIRECTION('',(0.984807753012208,-1.41748443906901E-31,0.17364817766693));
#7664=DIRECTION('',(0.984807753012208,-1.41748443906901E-31,0.17364817766693));
#7665=DIRECTION('',(0.984807753012208,1.21891755631591E-33,0.17364817766693));
#7666=DIRECTION('',(0.17364817766693,0.,-0.984807753012208));
#7667=DIRECTION('',(-0.17364817766693,-6.12323399573677E-17,0.984807753012208));
#7668=DIRECTION('',(1.23772132437792E-33,-1.,-2.97037261593594E-50));
#7669=DIRECTION('',(-0.122787803968973,-0.707106781186547,0.696364240320019));
#7670=DIRECTION('',(-1.06328842478788E-17,1.,6.03020831250949E-17));
#7671=DIRECTION('',(1.06328842478787E-17,-1.,-6.03020831250949E-17));
#7672=DIRECTION('',(0.,6.03020831250949E-17,-1.));
#7673=DIRECTION('',(1.06328842478787E-17,-1.,-6.03020831250949E-17));
#7674=DIRECTION('',(0.,6.03020831250949E-17,-1.));
#7675=DIRECTION('',(1.06328842478787E-17,-1.,-6.03020831250949E-17));
#7676=DIRECTION('',(0.,6.03020831250949E-17,-1.));
#7677=DIRECTION('',(-0.17364817766693,-6.12323399573677E-17,0.984807753012208));
#7678=DIRECTION('',(1.06328842478787E-17,-1.,-6.03020831250949E-17));
#7679=DIRECTION('',(0.,6.03020831250949E-17,-1.));
#7680=DIRECTION('',(0.984807753012208,1.21891755631591E-33,0.17364817766693));
#7681=DIRECTION('',(0.17364817766693,0.,-0.984807753012208));
#7682=DIRECTION('',(-1.06328842478788E-17,1.,6.03020831250949E-17));
#7683=DIRECTION('',(0.122787803968973,0.707106781186547,-0.696364240320019));
#7684=DIRECTION('',(-0.17364817766693,-6.12323399573677E-17,0.984807753012208));
#7685=DIRECTION('',(0.984807753012208,-1.07969136263969E-17,0.17364817766693));
#7686=DIRECTION('',(-0.984807753012208,1.42761262711924E-31,-0.17364817766693));
#7687=DIRECTION('',(1.06328842478788E-17,-1.,-6.03020831250949E-17));
#7688=DIRECTION('',(-0.984807753012208,1.41748443906901E-31,-0.17364817766693));
#7689=DIRECTION('',(1.06328842478788E-17,-1.,-6.03020831250949E-17));
#7690=DIRECTION('',(-1.06328842478787E-17,1.,6.03020831250949E-17));
#7691=DIRECTION('',(0.,-6.03020831250949E-17,1.));
#7692=DIRECTION('',(-1.06328842478787E-17,1.,6.03020831250949E-17));
#7693=DIRECTION('',(0.,-6.03020831250949E-17,1.));
#7694=DIRECTION('',(-0.17364817766693,-6.12323399573677E-17,0.984807753012208));
#7695=DIRECTION('',(-1.06328842478787E-17,1.,6.03020831250949E-17));
#7696=DIRECTION('',(0.,-6.03020831250949E-17,1.));
#7697=DIRECTION('',(-1.06328842478787E-17,1.,6.03020831250949E-17));
#7698=DIRECTION('',(0.,-6.03020831250949E-17,1.));
#7699=DIRECTION('',(-0.17364817766693,-6.12323399573677E-17,0.984807753012208));
#7700=DIRECTION('',(-1.06328842478787E-17,1.,6.03020831250949E-17));
#7701=DIRECTION('',(0.,-6.03020831250949E-17,1.));
#7702=DIRECTION('',(-0.984807753012208,-1.21891755631591E-33,-0.17364817766693));
#7703=DIRECTION('',(-0.17364817766693,0.,0.984807753012208));
#7704=DIRECTION('',(-0.122787803968973,-0.707106781186548,0.696364240320018));
#7705=DIRECTION('',(-1.23772132437792E-33,1.,2.97037261593594E-50));
#7706=DIRECTION('',(1.06328842478788E-17,-1.,-6.03020831250949E-17));
#7707=DIRECTION('',(-0.984807753012208,-1.21891755631591E-33,-0.17364817766693));
#7708=DIRECTION('',(-0.17364817766693,0.,0.984807753012208));
#7709=DIRECTION('',(-1.23772132437792E-33,1.,8.95676938782006E-52));
#7710=DIRECTION('',(0.122787803968973,0.707106781186548,-0.696364240320018));
#7711=DIRECTION('',(1.06328842478788E-17,-1.,-6.03020831250949E-17));
#7712=DIRECTION('',(-0.17364817766693,-6.12323399573677E-17,0.984807753012208));
#7713=DIRECTION('',(0.984807753012208,-1.07969136263969E-17,0.17364817766693));
#7714=DIRECTION('',(-0.984807753012208,1.42761262711924E-31,-0.17364817766693));
#7715=DIRECTION('',(1.06328842478788E-17,-1.,-6.03020831250949E-17));
#7716=DIRECTION('',(-0.984807753012208,1.41748443906901E-31,-0.17364817766693));
#7717=DIRECTION('',(1.06328842478788E-17,-1.,-6.03020831250949E-17));
#7718=DIRECTION('',(-1.06328842478787E-17,1.,6.03020831250949E-17));
#7719=DIRECTION('',(0.,-6.03020831250949E-17,1.));
#7720=DIRECTION('',(-1.06328842478787E-17,1.,6.03020831250949E-17));
#7721=DIRECTION('',(0.,-6.03020831250949E-17,1.));
#7722=DIRECTION('',(-0.17364817766693,-6.12323399573677E-17,0.984807753012208));
#7723=DIRECTION('',(-1.06328842478787E-17,1.,6.03020831250949E-17));
#7724=DIRECTION('',(0.,-6.03020831250949E-17,1.));
#7725=DIRECTION('',(-1.06328842478787E-17,1.,6.03020831250949E-17));
#7726=DIRECTION('',(0.,-6.03020831250949E-17,1.));
#7727=DIRECTION('',(-0.17364817766693,-6.12323399573677E-17,0.984807753012208));
#7728=DIRECTION('',(-1.06328842478787E-17,1.,6.03020831250949E-17));
#7729=DIRECTION('',(0.,-6.03020831250949E-17,1.));
#7730=DIRECTION('',(-0.984807753012208,-1.21891755631591E-33,-0.17364817766693));
#7731=DIRECTION('',(-0.17364817766693,0.,0.984807753012208));
#7732=DIRECTION('',(-0.122787803968973,-0.707106781186548,0.696364240320019));
#7733=DIRECTION('',(-1.23772132437792E-33,1.,2.97037261593594E-50));
#7734=DIRECTION('',(1.06328842478788E-17,-1.,-6.03020831250949E-17));
#7735=DIRECTION('',(-0.984807753012208,-1.21891755631591E-33,-0.17364817766693));
#7736=DIRECTION('',(-0.17364817766693,0.,0.984807753012208));
#7737=DIRECTION('',(-1.23772132437792E-33,1.,8.95676938782006E-52));
#7738=DIRECTION('',(0.122787803968973,0.707106781186548,-0.696364240320019));
#7739=DIRECTION('',(1.06328842478788E-17,-1.,-6.03020831250949E-17));
#7740=DIRECTION('',(-0.17364817766693,-6.12323399573677E-17,0.984807753012208));
#7741=DIRECTION('',(0.984807753012208,-1.07969136263969E-17,0.17364817766693));
#7742=DIRECTION('',(-0.984807753012208,-2.05644199858843E-31,-0.17364817766693));
#7743=DIRECTION('',(1.06328842478788E-17,-1.,-6.03020831250949E-17));
#7744=DIRECTION('',(-0.984807753012208,1.41748443906901E-31,-0.17364817766693));
#7745=DIRECTION('',(1.06328842478788E-17,-1.,-6.03020831250949E-17));
#7746=DIRECTION('',(-1.0632884247879E-17,1.,6.03020831250949E-17));
#7747=DIRECTION('',(0.,-6.03020831250949E-17,1.));
#7748=DIRECTION('',(-1.0632884247879E-17,1.,6.03020831250949E-17));
#7749=DIRECTION('',(0.,-6.03020831250949E-17,1.));
#7750=DIRECTION('',(-0.17364817766693,-6.12323399573677E-17,0.984807753012208));
#7751=DIRECTION('',(-1.0632884247879E-17,1.,6.03020831250949E-17));
#7752=DIRECTION('',(0.,-6.03020831250949E-17,1.));
#7753=DIRECTION('',(-1.0632884247879E-17,1.,6.03020831250949E-17));
#7754=DIRECTION('',(0.,-6.03020831250949E-17,1.));
#7755=DIRECTION('',(-0.17364817766693,-6.12323399573677E-17,0.984807753012208));
#7756=DIRECTION('',(-1.0632884247879E-17,1.,6.03020831250949E-17));
#7757=DIRECTION('',(0.,-6.03020831250949E-17,1.));
#7758=DIRECTION('',(-0.984807753012208,-1.21891755631591E-33,-0.17364817766693));
#7759=DIRECTION('',(-0.17364817766693,0.,0.984807753012208));
#7760=DIRECTION('',(-0.122787803968973,-0.707106781186548,0.696364240320019));
#7761=DIRECTION('',(-1.23772132437792E-33,1.,2.97037261593594E-50));
#7762=DIRECTION('',(1.06328842478788E-17,-1.,-6.03020831250949E-17));
#7763=DIRECTION('',(-0.984807753012208,-1.21891755631591E-33,-0.17364817766693));
#7764=DIRECTION('',(-0.17364817766693,0.,0.984807753012208));
#7765=DIRECTION('',(-1.23772132437792E-33,1.,8.95676938782006E-52));
#7766=DIRECTION('',(0.122787803968973,0.707106781186548,-0.696364240320019));
#7767=DIRECTION('',(1.06328842478788E-17,-1.,-6.03020831250949E-17));
#7768=DIRECTION('',(-0.17364817766693,-6.12323399573677E-17,0.984807753012208));
#7769=DIRECTION('',(0.984807753012208,-1.07969136263969E-17,0.17364817766693));
#7770=DIRECTION('',(-0.984807753012208,1.84889274661175E-32,-0.17364817766693));
#7771=DIRECTION('',(1.06328842478788E-17,-1.,-6.03020831250949E-17));
#7772=DIRECTION('',(-0.984807753012208,2.03944661017033E-32,-0.17364817766693));
#7773=DIRECTION('',(-1.06328842478788E-17,1.,6.03020831250949E-17));
#7774=DIRECTION('',(0.984807753012208,0.,0.17364817766693));
#7775=DIRECTION('',(0.17364817766693,0.,-0.984807753012208));
#7776=DIRECTION('',(-0.17364817766693,-6.12323399573677E-17,0.984807753012208));
#7777=DIRECTION('',(0.,-1.,0.));
#7778=DIRECTION('',(0.122787803968973,0.707106781186548,-0.696364240320019));
#7779=DIRECTION('',(-1.06328842478788E-17,1.,6.03020831250949E-17));
#7780=DIRECTION('',(-1.06328842478788E-17,1.,6.03020831250949E-17));
#7781=DIRECTION('',(0.,-6.03020831250949E-17,1.));
#7782=DIRECTION('',(-1.06328842478788E-17,1.,6.03020831250949E-17));
#7783=DIRECTION('',(0.,-6.03020831250949E-17,1.));
#7784=DIRECTION('',(-0.17364817766693,-6.12323399573677E-17,0.984807753012208));
#7785=DIRECTION('',(-1.06328842478788E-17,1.,6.03020831250949E-17));
#7786=DIRECTION('',(0.,-6.03020831250949E-17,1.));
#7787=DIRECTION('',(-1.06328842478788E-17,1.,6.03020831250949E-17));
#7788=DIRECTION('',(0.,-6.03020831250949E-17,1.));
#7789=DIRECTION('',(-1.06328842478788E-17,1.,6.03020831250949E-17));
#7790=DIRECTION('',(0.,-6.03020831250949E-17,1.));
#7791=DIRECTION('',(-0.984807753012208,0.,-0.17364817766693));
#7792=DIRECTION('',(-0.17364817766693,0.,0.984807753012208));
#7793=DIRECTION('',(-0.122787803968973,-0.707106781186548,0.696364240320019));
#7794=DIRECTION('',(0.,1.,0.));
#7795=DIRECTION('',(1.06328842478788E-17,-1.,-6.03020831250949E-17));
#7796=DIRECTION('',(0.122787803968973,-0.707106781186549,-0.696364240320018));
#7797=DIRECTION('',(-0.984807753012208,1.4328918786241E-31,-0.17364817766693));
#7798=DIRECTION('',(-0.122787803968973,-0.707106781186547,0.69636424032002));
#7799=DIRECTION('',(0.984807753012208,-1.76346531560547E-16,0.17364817766693));
#7800=DIRECTION('',(0.122787803968973,0.707106781186547,-0.69636424032002));
#7801=DIRECTION('',(0.122787803968973,-0.707106781186547,-0.69636424032002));
#7802=DIRECTION('',(-0.984807753012208,1.41748443906901E-31,-0.17364817766693));
#7803=DIRECTION('',(-0.122787803968973,-0.707106781186548,0.696364240320018));
#7804=DIRECTION('',(0.985255774317392,0.171087869746036,9.66399516411114E-18));
#7805=DIRECTION('',(0.122787803968973,0.707106781186548,-0.696364240320018));
#7806=DIRECTION('',(-0.122787803968973,0.707106781186548,0.696364240320019));
#7807=DIRECTION('',(-0.984807753012208,1.41748443906901E-31,-0.17364817766693));
#7808=DIRECTION('',(-0.122787803968973,-0.707106781186547,0.696364240320019));
#7809=DIRECTION('',(0.985255774317392,0.171087869746035,-1.41978613635573E-17));
#7810=DIRECTION('',(0.122787803968973,0.707106781186547,-0.696364240320019));
#7811=DIRECTION('',(-0.984807753012208,9.81307786677359E-18,-0.17364817766693));
#7812=DIRECTION('',(-0.122787803968973,0.707106781186548,0.696364240320019));
#7813=DIRECTION('',(-0.984807753012208,1.41748443906901E-31,-0.17364817766693));
#7814=DIRECTION('',(0.122787803968973,0.707106781186547,-0.696364240320019));
#7815=DIRECTION('',(-0.984807753012208,-9.8130778667736E-18,-0.17364817766693));
#7816=DIRECTION('',(-0.122787803968973,-0.707106781186547,0.696364240320019));
#7817=DIRECTION('',(0.122787803968973,-0.707106781186548,-0.696364240320019));
#7818=DIRECTION('',(-0.984807753012208,1.41748443906901E-31,-0.17364817766693));
#7819=DIRECTION('',(-0.122787803968973,-0.707106781186548,0.696364240320019));
#7820=DIRECTION('',(0.985255774317392,0.171087869746036,4.06255513988921E-18));
#7821=DIRECTION('',(0.122787803968973,0.707106781186548,-0.696364240320019));
#7822=DIRECTION('',(0.122787803968973,-0.707106781186547,-0.696364240320019));
#7823=DIRECTION('',(-0.984807753012208,1.84889274661175E-32,-0.17364817766693));
#7824=DIRECTION('',(-0.122787803968973,-0.707106781186548,0.696364240320019));
#7825=DIRECTION('',(0.985255774317392,0.171087869746036,8.5964213393354E-18));
#7826=DIRECTION('',(0.122787803968973,0.707106781186548,-0.696364240320019));
#7827=DIRECTION('',(0.122787803968973,-0.707106781186547,-0.696364240320019));
#7828=DIRECTION('',(-0.984807753012208,1.41748443906901E-31,-0.17364817766693));
#7829=DIRECTION('',(-0.122787803968973,-0.707106781186548,0.696364240320019));
#7830=DIRECTION('',(0.985255774317392,0.171087869746036,1.31302875387816E-17));
#7831=DIRECTION('',(0.122787803968973,0.707106781186548,-0.696364240320019));
#7832=DIRECTION('',(-0.122787803968973,-0.707106781186548,0.696364240320019));
#7833=DIRECTION('',(0.,-0.701673843159863,-0.71249829320867));
#7834=DIRECTION('',(-0.0535954758236185,-0.308644044203093,-0.949666456683187));
#7835=DIRECTION('',(-0.162476411043188,-0.935664360122648,0.313262862546458));
#7836=DIRECTION('',(-0.0664522806535237,-0.923879532511287,0.376869611142463));
#7837=DIRECTION('',(-0.160429997204361,0.38268343236509,0.90984372646641));
#7838=DIRECTION('',(-1.06328842478788E-17,1.,6.03020831250949E-17));
#7839=DIRECTION('',(0.,-6.03020831250949E-17,1.));
#7840=DIRECTION('',(-0.122787803968973,-0.707106781186547,0.69636424032002));
#7841=DIRECTION('',(0.,-0.701673843159864,-0.712498293208669));
#7842=DIRECTION('',(0.164737125889525,-0.316227766016838,-0.934270667073338));
#7843=DIRECTION('',(-0.0549123752965061,-0.948683298050514,0.311423555691113));
#7844=DIRECTION('',(-0.0664522806535239,-0.923879532511287,0.376869611142464));
#7845=DIRECTION('',(-0.160429997204361,0.382683432365091,0.909843726466409));
#7846=DIRECTION('',(1.06328842478788E-17,-1.,-6.03020831250949E-17));
#7847=DIRECTION('',(0.,6.03020831250949E-17,-1.));
#7848=DIRECTION('',(-0.122787803968973,-0.707106781186547,0.69636424032002));
#7849=DIRECTION('',(0.,-0.701673843159864,-0.712498293208669));
#7850=DIRECTION('',(0.164737125889525,-0.316227766016838,-0.934270667073338));
#7851=DIRECTION('',(-0.0549123752965061,-0.948683298050514,0.311423555691113));
#7852=DIRECTION('',(-0.0664522806535239,-0.923879532511287,0.376869611142464));
#7853=DIRECTION('',(-0.160429997204361,0.382683432365091,0.909843726466409));
#7854=DIRECTION('',(-1.06328842478788E-17,1.,6.03020831250949E-17));
#7855=DIRECTION('',(0.,-6.03020831250949E-17,1.));
#7856=DIRECTION('',(-0.122787803968973,-0.707106781186547,0.696364240320019));
#7857=DIRECTION('',(0.,-0.701673843159864,-0.71249829320867));
#7858=DIRECTION('',(-0.0535954758236183,-0.308644044203091,-0.949666456683187));
#7859=DIRECTION('',(-0.162476411043189,-0.935664360122648,0.313262862546456));
#7860=DIRECTION('',(-0.122787803968973,-0.707106781186547,0.696364240320019));
#7861=DIRECTION('',(0.,-0.701673843159864,-0.71249829320867));
#7862=DIRECTION('',(-0.122787803968973,-0.707106781186547,0.696364240320019));
#7863=DIRECTION('',(0.,-0.701673843159864,-0.712498293208669));
#7864=DIRECTION('',(-0.0535954758236182,-0.30864404420309,-0.949666456683188));
#7865=DIRECTION('',(-0.162476411043194,-0.935664360122648,0.313262862546455));
#7866=DIRECTION('',(-0.122787803968973,-0.707106781186547,0.696364240320019));
#7867=DIRECTION('',(0.,-0.701673843159864,-0.712498293208669));
#7868=DIRECTION('',(-0.122787803968973,-0.707106781186547,0.696364240320019));
#7869=DIRECTION('',(0.,-0.701673843159864,-0.71249829320867));
#7870=DIRECTION('',(-0.122787803968973,-0.707106781186547,0.696364240320019));
#7871=DIRECTION('',(0.,-0.701673843159864,-0.71249829320867));
#7872=DIRECTION('',(1.06328842478788E-17,-1.,-6.03020831250949E-17));
#7873=DIRECTION('',(0.,6.03020831250949E-17,-1.));
#7874=DIRECTION('',(1.06328842478788E-17,-1.,-6.03020831250949E-17));
#7875=DIRECTION('',(0.,6.03020831250949E-17,-1.));
#7876=DIRECTION('',(0.122787803968973,0.707106781186547,-0.696364240320019));
#7877=DIRECTION('',(0.,0.701673843159864,0.712498293208669));
#7878=DIRECTION('',(-0.0535954758236182,-0.30864404420309,-0.949666456683188));
#7879=DIRECTION('',(0.162476411043194,0.935664360122648,-0.313262862546455));
#7880=DIRECTION('',(0.122787803968973,0.707106781186547,-0.696364240320019));
#7881=DIRECTION('',(0.,0.701673843159864,0.712498293208669));
#7882=DIRECTION('',(1.06328842478788E-17,-1.,-6.03020831250949E-17));
#7883=DIRECTION('',(0.,6.03020831250949E-17,-1.));
#7884=DIRECTION('',(1.06328842478788E-17,-1.,-6.03020831250949E-17));
#7885=DIRECTION('',(0.,6.03020831250949E-17,-1.));
#7886=DIRECTION('',(-1.06328842478788E-17,1.,6.03020831250949E-17));
#7887=DIRECTION('',(0.,-6.03020831250949E-17,1.));
#7888=DIRECTION('',(0.0664522806535237,0.923879532511287,-0.376869611142463));
#7889=DIRECTION('',(-0.160429997204361,0.38268343236509,0.90984372646641));
#7890=DIRECTION('',(-0.122787803968973,-0.707106781186548,0.696364240320018));
#7891=DIRECTION('',(0.,-0.701673843159863,-0.71249829320867));
#7892=DIRECTION('',(-0.0535954758236182,-0.308644044203091,-0.949666456683187));
#7893=DIRECTION('',(-0.162476411043189,-0.935664360122648,0.313262862546456));
#7894=DIRECTION('',(-0.122787803968973,-0.707106781186548,0.696364240320018));
#7895=DIRECTION('',(0.,-0.701673843159863,-0.71249829320867));
#7896=DIRECTION('',(-0.053595475823618,-0.30864404420309,-0.949666456683188));
#7897=DIRECTION('',(-0.162476411043194,-0.935664360122648,0.313262862546455));
#7898=DIRECTION('',(-0.0664522806535237,-0.923879532511287,0.376869611142463));
#7899=DIRECTION('',(-0.160429997204361,0.38268343236509,0.90984372646641));
#7900=DIRECTION('',(1.06328842478788E-17,-1.,-6.03020831250949E-17));
#7901=DIRECTION('',(0.,6.03020831250949E-17,-1.));
#7902=DIRECTION('',(-1.06328842478788E-17,1.,6.03020831250949E-17));
#7903=DIRECTION('',(0.,-6.03020831250949E-17,1.));
#7904=DIRECTION('',(0.0664522806535238,0.923879532511287,-0.376869611142463));
#7905=DIRECTION('',(-0.160429997204361,0.38268343236509,0.90984372646641));
#7906=DIRECTION('',(-0.122787803968973,-0.707106781186548,0.696364240320019));
#7907=DIRECTION('',(0.,-0.701673843159864,-0.71249829320867));
#7908=DIRECTION('',(-0.0535954758236183,-0.308644044203091,-0.949666456683187));
#7909=DIRECTION('',(-0.162476411043189,-0.935664360122648,0.313262862546456));
#7910=DIRECTION('',(1.06328842478788E-17,-1.,-6.03020831250949E-17));
#7911=DIRECTION('',(0.,6.03020831250949E-17,-1.));
#7912=DIRECTION('',(-0.0664522806535238,-0.923879532511287,0.376869611142463));
#7913=DIRECTION('',(0.160429997204361,-0.38268343236509,-0.90984372646641));
#7914=DIRECTION('',(-0.122787803968973,-0.707106781186548,0.696364240320019));
#7915=DIRECTION('',(0.,-0.701673843159864,-0.71249829320867));
#7916=DIRECTION('',(-0.0535954758236183,-0.308644044203091,-0.949666456683187));
#7917=DIRECTION('',(-0.162476411043189,-0.935664360122648,0.313262862546456));
#7918=DIRECTION('',(-0.122787803968973,-0.707106781186548,0.696364240320019));
#7919=DIRECTION('',(0.,-0.701673843159863,-0.71249829320867));
#7920=DIRECTION('',(-0.0535954758236185,-0.308644044203093,-0.949666456683187));
#7921=DIRECTION('',(-0.162476411043188,-0.935664360122648,0.313262862546458));
#7922=DIRECTION('',(-0.0664522806535238,-0.923879532511287,0.376869611142463));
#7923=DIRECTION('',(-0.160429997204361,0.38268343236509,0.90984372646641));
#7924=DIRECTION('',(1.06328842478788E-17,-1.,-6.03020831250949E-17));
#7925=DIRECTION('',(0.,6.03020831250949E-17,-1.));
#7926=DIRECTION('',(0.122787803968973,0.707106781186548,-0.696364240320019));
#7927=DIRECTION('',(0.,0.701673843159863,0.71249829320867));
#7928=DIRECTION('',(-0.0535954758236185,-0.308644044203093,-0.949666456683187));
#7929=DIRECTION('',(0.162476411043188,0.935664360122648,-0.313262862546458));
#7930=DIRECTION('',(0.0664522806535238,0.923879532511287,-0.376869611142463));
#7931=DIRECTION('',(0.160429997204361,-0.38268343236509,-0.90984372646641));
#7932=DIRECTION('',(-1.06328842478788E-17,1.,6.03020831250949E-17));
#7933=DIRECTION('',(0.,-6.03020831250949E-17,1.));
#7934=DIRECTION('',(1.06328842478788E-17,-1.,-6.03020831250949E-17));
#7935=DIRECTION('',(0.,6.03020831250949E-17,-1.));
#7936=DIRECTION('',(-0.0664522806535237,-0.923879532511287,0.376869611142463));
#7937=DIRECTION('',(0.160429997204361,-0.38268343236509,-0.90984372646641));
#7938=DIRECTION('',(-0.122787803968973,-0.707106781186548,0.696364240320019));
#7939=DIRECTION('',(0.,-0.701673843159863,-0.71249829320867));
#7940=DIRECTION('',(-0.0535954758236184,-0.308644044203092,-0.949666456683187));
#7941=DIRECTION('',(-0.162476411043193,-0.935664360122647,0.313262862546457));
#7942=DIRECTION('',(-1.23772132437792E-33,1.,0.));
#7943=DIRECTION('',(-1.,-1.23772132437792E-33,0.));
#7944=DIRECTION('',(0.,-1.,0.));
#7945=DIRECTION('',(0.,0.,-1.));
#7946=DIRECTION('',(0.98525577431739,0.171087869746046,-1.07923688764846E-15));
#7947=DIRECTION('',(-0.171087869746046,0.98525577431739,0.));
#7948=DIRECTION('',(0.,-1.,0.));
#7949=DIRECTION('',(0.,0.,-1.));
#7950=DIRECTION('',(-0.985255774317392,-0.171087869746035,0.));
#7951=DIRECTION('',(0.171087869746035,-0.985255774317392,0.));
#7952=DIRECTION('',(0.985255774317391,0.171087869746043,2.15847377529691E-15));
#7953=DIRECTION('',(-0.171087869746043,0.985255774317391,0.));
#7954=DIRECTION('',(-1.06328842478788E-17,1.,6.03020831250949E-17));
#7955=DIRECTION('',(0.,-6.03020831250949E-17,1.));
#7956=DIRECTION('',(0.,1.,0.));
#7957=DIRECTION('',(0.,0.,1.));
#7958=DIRECTION('',(-0.17364817766693,-6.12323399573677E-17,0.984807753012208));
#7959=DIRECTION('',(0.984807753012208,0.,0.17364817766693));
#7960=DIRECTION('',(-0.984807753012209,1.50354427723908E-14,-0.173648177666924));
#7961=DIRECTION('',(-0.173648177666924,0.,0.984807753012209));
#7962=DIRECTION('',(-0.984807753012208,5.74836792573272E-18,-0.17364817766693));
#7963=DIRECTION('',(-0.17364817766693,0.,0.984807753012208));
#7964=DIRECTION('',(-0.984807753012209,1.81291552769979E-14,-0.173648177666924));
#7965=DIRECTION('',(-0.173648177666924,0.,0.984807753012209));
#7966=DIRECTION('',(0.,0.,1.));
#7967=DIRECTION('',(1.,0.,0.));
#7968=DIRECTION('',(0.,1.,0.));
#7969=DIRECTION('',(0.,0.,1.));
#7970=DIRECTION('',(0.,-1.,0.));
#7971=DIRECTION('',(0.,0.,-1.));
#7972=DIRECTION('',(0.98480775301221,1.9181017528564E-14,0.173648177666922));
#7973=DIRECTION('',(0.173648177666922,0.,-0.98480775301221));
#7974=DIRECTION('',(0.984807753012208,-1.90513189409739E-16,0.17364817766693));
#7975=DIRECTION('',(0.17364817766693,0.,-0.984807753012208));
#7976=DIRECTION('',(0.984807753012209,1.91810175285641E-14,0.173648177666922));
#7977=DIRECTION('',(0.173648177666922,0.,-0.98480775301221));
#7978=DIRECTION('',(0.,1.,0.));
#7979=DIRECTION('',(0.,0.,1.));
#7980=DIRECTION('',(0.,-1.,0.));
#7981=DIRECTION('',(0.,0.,-1.));
#7982=DIRECTION('',(-1.23772132437792E-33,1.,0.));
#7983=DIRECTION('',(-1.,-1.23772132437792E-33,0.));
#7984=DIRECTION('',(0.,-1.,0.));
#7985=DIRECTION('',(0.,0.,-1.));
#7986=DIRECTION('',(1.23772132437792E-33,-1.,0.));
#7987=DIRECTION('',(1.,1.23772132437792E-33,0.));
#7988=DIRECTION('',(0.,-1.,0.));
#7989=DIRECTION('',(0.,0.,-1.));
#7990=DIRECTION('',(-0.98525577431739,-0.171087869746048,0.));
#7991=DIRECTION('',(0.171087869746048,-0.98525577431739,0.));
#7992=DIRECTION('',(0.985255774317392,0.171087869746036,0.));
#7993=DIRECTION('',(-0.171087869746036,0.985255774317392,0.));
#7994=DIRECTION('',(-0.98525577431739,-0.171087869746045,0.));
#7995=DIRECTION('',(0.171087869746045,-0.98525577431739,0.));
#7996=DIRECTION('',(0.,1.,0.));
#7997=DIRECTION('',(0.,0.,1.));
#7998=DIRECTION('',(-1.23772132437792E-33,1.,0.));
#7999=DIRECTION('',(-1.,-1.23772132437792E-33,0.));
#8000=DIRECTION('',(0.,-1.,0.));
#8001=DIRECTION('',(0.,0.,-1.));
#8002=DIRECTION('',(0.,-1.,0.));
#8003=DIRECTION('',(0.,0.,-1.));
#8004=DIRECTION('',(-0.985255774317391,-0.171087869746042,0.));
#8005=DIRECTION('',(0.171087869746042,-0.985255774317391,0.));
#8006=DIRECTION('',(0.985255774317392,0.171087869746036,0.));
#8007=DIRECTION('',(-0.171087869746036,0.985255774317392,0.));
#8008=DIRECTION('',(-0.98525577431739,-0.171087869746048,0.));
#8009=DIRECTION('',(0.171087869746048,-0.98525577431739,0.));
#8010=DIRECTION('',(0.,1.,0.));
#8011=DIRECTION('',(0.,0.,1.));
#8012=DIRECTION('',(0.,1.,0.));
#8013=DIRECTION('',(0.,0.,1.));
#8014=DIRECTION('',(1.23772132437792E-33,-1.,0.));
#8015=DIRECTION('',(1.,1.23772132437792E-33,0.));
#8016=DIRECTION('',(0.,-1.,0.));
#8017=DIRECTION('',(0.,0.,-1.));
#8018=DIRECTION('',(-0.98525577431739,-0.171087869746048,0.));
#8019=DIRECTION('',(0.171087869746048,-0.98525577431739,0.));
#8020=DIRECTION('',(0.985255774317392,0.171087869746036,0.));
#8021=DIRECTION('',(-0.171087869746036,0.985255774317392,0.));
#8022=DIRECTION('',(-0.985255774317391,-0.171087869746042,0.));
#8023=DIRECTION('',(0.171087869746042,-0.985255774317391,0.));
#8024=DIRECTION('',(0.,1.,0.));
#8025=DIRECTION('',(0.,0.,1.));
#8026=DIRECTION('',(-1.23772132437792E-33,1.,0.));
#8027=DIRECTION('',(-1.,-1.23772132437792E-33,0.));
#8028=DIRECTION('',(1.23772132437792E-33,-1.,0.));
#8029=DIRECTION('',(1.,1.23772132437792E-33,0.));
#8030=DIRECTION('',(0.,-1.,0.));
#8031=DIRECTION('',(0.,0.,-1.));
#8032=DIRECTION('',(-0.98525577431739,-0.171087869746048,0.));
#8033=DIRECTION('',(0.171087869746048,-0.98525577431739,0.));
#8034=DIRECTION('',(0.985255774317392,0.171087869746036,0.));
#8035=DIRECTION('',(-0.171087869746036,0.985255774317392,0.));
#8036=DIRECTION('',(-0.98525577431739,-0.171087869746045,0.));
#8037=DIRECTION('',(0.171087869746045,-0.98525577431739,0.));
#8038=DIRECTION('',(0.,1.,0.));
#8039=DIRECTION('',(0.,0.,1.));
#8040=DIRECTION('',(-1.23772132437792E-33,1.,0.));
#8041=DIRECTION('',(-1.,-1.23772132437792E-33,0.));
#8042=DIRECTION('',(-1.06328842478788E-17,1.,6.03020831250949E-17));
#8043=DIRECTION('',(0.,-6.03020831250949E-17,1.));
#8044=DIRECTION('',(0.,1.,0.));
#8045=DIRECTION('',(0.,0.,1.));
#8046=DIRECTION('',(-0.17364817766693,-6.12323399573677E-17,0.984807753012208));
#8047=DIRECTION('',(0.984807753012208,0.,0.17364817766693));
#8048=DIRECTION('',(-0.984807753012209,-5.21290557026306E-14,-0.173648177666924));
#8049=DIRECTION('',(-0.173648177666924,0.,0.984807753012209));
#8050=DIRECTION('',(-0.984807753012208,0.,-0.17364817766693));
#8051=DIRECTION('',(-0.17364817766693,0.,0.984807753012208));
#8052=DIRECTION('',(-0.984807753012209,1.81291552769979E-14,-0.173648177666924));
#8053=DIRECTION('',(-0.173648177666924,0.,0.984807753012209));
#8054=DIRECTION('',(0.,0.,1.));
#8055=DIRECTION('',(1.,0.,0.));
#8056=DIRECTION('',(-0.17364817766693,0.,0.984807753012208));
#8057=DIRECTION('',(0.984807753012208,0.,0.17364817766693));
#8058=DIRECTION('',(0.,1.,0.));
#8059=DIRECTION('',(0.,1.,0.));
#8060=DIRECTION('',(-0.984807753012209,0.,-0.173648177666926));
#8061=DIRECTION('',(-0.173648177666926,0.,0.984807753012209));
#8062=DIRECTION('',(0.,1.,0.));
#8063=DIRECTION('',(0.173648177666931,0.,-0.984807753012208));
#8064=DIRECTION('',(-0.984807753012208,0.,-0.173648177666931));
#8065=DIRECTION('',(0.,1.,0.));
#8066=DIRECTION('',(0.984807753012207,0.,0.173648177666935));
#8067=DIRECTION('',(0.173648177666935,0.,-0.984807753012207));
#8068=DIRECTION('',(0.984807753012209,0.,0.173648177666927));
#8069=DIRECTION('',(0.173648177666927,0.,-0.984807753012209));
#8070=DIRECTION('',(0.,1.,0.));
#8071=DIRECTION('',(0.,1.,0.));
#8072=DIRECTION('',(-0.17364817766693,0.,0.984807753012208));
#8073=DIRECTION('',(0.984807753012208,0.,0.17364817766693));
#8074=DIRECTION('',(0.,1.,0.));
#8075=DIRECTION('',(0.17364817766693,0.,-0.984807753012208));
#8076=DIRECTION('',(-0.984807753012208,0.,-0.17364817766693));
#8077=DIRECTION('',(0.,1.,0.));
#8078=DIRECTION('',(-0.984807753012207,0.,-0.173648177666935));
#8079=DIRECTION('',(-0.173648177666935,0.,0.984807753012207));
#8080=DIRECTION('',(0.,1.,0.));
#8081=DIRECTION('',(0.,0.,1.));
#8082=DIRECTION('',(0.992546151641322,0.,0.121869343405147));
#8083=DIRECTION('',(0.121869343405147,0.,-0.992546151641322));
#8084=DIRECTION('',(0.992546151641322,0.,0.121869343405147));
#8085=DIRECTION('',(0.,1.,0.));
#8086=DIRECTION('',(0.,0.,1.));
#8087=DIRECTION('',(0.,1.,0.));
#8088=DIRECTION('',(0.,0.,1.));
#8089=DIRECTION('',(0.992546151641322,0.,0.121869343405147));
#8090=DIRECTION('',(0.121869343405147,0.,-0.992546151641322));
#8091=DIRECTION('',(0.,-1.,0.));
#8092=DIRECTION('',(0.121869343405147,0.,-0.992546151641322));
#8093=DIRECTION('',(0.,-1.,0.));
#8094=DIRECTION('',(0.,-1.,0.));
#8095=DIRECTION('',(0.,0.,-1.));
#8096=DIRECTION('',(-0.992546151641322,0.,-0.121869343405147));
#8097=DIRECTION('',(0.,-1.,0.));
#8098=DIRECTION('',(0.,0.,-1.));
#8099=DIRECTION('',(0.,-1.,0.));
#8100=DIRECTION('',(0.,0.,-1.));
#8101=DIRECTION('',(-0.992546151641322,0.,-0.121869343405147));
#8102=DIRECTION('',(-0.760334464003962,0.642787609686539,-0.0933573333020713));
#8103=DIRECTION('',(-0.645607191043194,-0.76366966344966,0.));
#8104=DIRECTION('',(0.637996368317098,0.766044443118979,0.0783361039414623));
#8105=DIRECTION('',(-0.760334464003962,0.642787609686539,-0.0933573333020713));
#8106=DIRECTION('',(-0.637996368317098,-0.766044443118979,-0.0783361039414623));
#8107=DIRECTION('',(0.121869343405147,0.,-0.992546151641322));
#8108=DIRECTION('',(-0.760334464003962,0.642787609686539,-0.0933573333020713));
#8109=DIRECTION('',(0.637996368317098,0.766044443118979,0.0783361039414623));
#8110=DIRECTION('',(0.637996368317098,0.766044443118979,0.0783361039414623));
#8111=DIRECTION('',(-0.760334464003962,0.642787609686539,-0.0933573333020713));
#8112=DIRECTION('',(0.637996368317098,0.766044443118979,0.0783361039414623));
#8113=DIRECTION('',(-0.760334464003962,0.642787609686539,-0.0933573333020713));
#8114=DIRECTION('',(-0.637996368317098,-0.766044443118979,-0.0783361039414623));
#8115=DIRECTION('',(0.992546151641322,0.,0.121869343405147));
#8116=DIRECTION('',(0.121869343405147,0.,-0.992546151641322));
#8117=DIRECTION('',(0.,-1.,0.));
#8118=DIRECTION('',(0.121869343405147,0.,-0.992546151641322));
#8119=DIRECTION('',(0.,-1.,0.));
#8120=DIRECTION('',(0.760334464003961,0.64278760968654,0.0933573333020712));
#8121=DIRECTION('',(-0.645607191043195,0.763669663449659,0.));
#8122=DIRECTION('',(0.760334464003961,0.64278760968654,0.0933573333020712));
#8123=DIRECTION('',(0.637996368317099,-0.766044443118978,0.0783361039414624));
#8124=DIRECTION('',(0.637996368317099,-0.766044443118978,0.0783361039414624));
#8125=DIRECTION('',(0.760334464003961,0.64278760968654,0.0933573333020712));
#8126=DIRECTION('',(0.637996368317099,-0.766044443118978,0.0783361039414624));
#8127=DIRECTION('',(0.760334464003961,0.64278760968654,0.0933573333020712));
#8128=DIRECTION('',(-0.637996368317099,0.766044443118978,-0.0783361039414624));
#8129=DIRECTION('',(0.637996368317099,-0.766044443118978,0.0783361039414624));
#8130=DIRECTION('',(0.760334464003961,0.64278760968654,0.0933573333020712));
#8131=DIRECTION('',(-0.637996368317099,0.766044443118978,-0.0783361039414624));
#8132=DIRECTION('',(-0.121869343405147,0.,0.992546151641322));
#8133=DIRECTION('',(0.992546151641322,0.,0.121869343405147));
#8134=DIRECTION('',(0.,-1.,0.));
#8135=DIRECTION('',(0.,-1.,0.));
#8136=DIRECTION('',(0.,-1.,0.));
#8137=DIRECTION('',(-0.121869343405147,0.,0.992546151641322));
#8138=DIRECTION('',(0.992546151641322,0.,0.121869343405147));
#8139=DIRECTION('',(0.,-1.,0.));
#8140=DIRECTION('',(0.,-1.,0.));
#8141=DIRECTION('',(0.,-1.,0.));
#8142=DIRECTION('',(-0.760334464003961,0.64278760968654,-0.0933573333020712));
#8143=DIRECTION('',(-0.645607191043195,-0.763669663449659,0.));
#8144=DIRECTION('',(0.637996368317099,0.766044443118978,0.0783361039414624));
#8145=DIRECTION('',(-0.760334464003961,0.64278760968654,-0.0933573333020712));
#8146=DIRECTION('',(-0.637996368317099,-0.766044443118978,-0.0783361039414624));
#8147=DIRECTION('',(0.121869343405147,0.,-0.992546151641322));
#8148=DIRECTION('',(-0.760334464003961,0.64278760968654,-0.0933573333020712));
#8149=DIRECTION('',(0.637996368317099,0.766044443118978,0.0783361039414624));
#8150=DIRECTION('',(0.637996368317099,0.766044443118978,0.0783361039414624));
#8151=DIRECTION('',(-0.760334464003961,0.64278760968654,-0.0933573333020712));
#8152=DIRECTION('',(0.637996368317099,0.766044443118978,0.0783361039414624));
#8153=DIRECTION('',(-0.760334464003961,0.64278760968654,-0.0933573333020712));
#8154=DIRECTION('',(-0.637996368317099,-0.766044443118978,-0.0783361039414624));
#8155=DIRECTION('',(-0.992546151641322,0.,-0.121869343405147));
#8156=DIRECTION('',(-0.121869343405147,0.,0.992546151641322));
#8157=DIRECTION('',(0.,1.,0.));
#8158=DIRECTION('',(0.121869343405147,0.,-0.992546151641322));
#8159=DIRECTION('',(0.,1.,0.));
#8160=DIRECTION('',(0.760334464003961,0.642787609686539,0.0933573333020712));
#8161=DIRECTION('',(-0.645607191043195,0.763669663449659,0.));
#8162=DIRECTION('',(0.760334464003961,0.642787609686539,0.0933573333020712));
#8163=DIRECTION('',(0.637996368317099,-0.766044443118978,0.0783361039414624));
#8164=DIRECTION('',(0.637996368317099,-0.766044443118978,0.0783361039414624));
#8165=DIRECTION('',(0.760334464003961,0.642787609686539,0.0933573333020712));
#8166=DIRECTION('',(0.637996368317099,-0.766044443118978,0.0783361039414624));
#8167=DIRECTION('',(0.760334464003961,0.642787609686539,0.0933573333020712));
#8168=DIRECTION('',(-0.637996368317099,0.766044443118978,-0.0783361039414624));
#8169=DIRECTION('',(0.637996368317099,-0.766044443118978,0.0783361039414624));
#8170=DIRECTION('',(0.760334464003961,0.642787609686539,0.0933573333020712));
#8171=DIRECTION('',(-0.637996368317099,0.766044443118978,-0.0783361039414624));
#8172=DIRECTION('',(0.,-1.,0.));
#8173=DIRECTION('',(0.,0.,-1.));
#8174=DIRECTION('',(0.,-1.,0.));
#8175=DIRECTION('',(0.,0.,-1.));
#8176=DIRECTION('',(-0.992546151641322,0.,-0.121869343405147));
#8177=DIRECTION('',(0.121869343405147,0.,-0.992546151641322));
#8178=DIRECTION('',(-0.992546151641322,0.,-0.121869343405147));
#8179=DIRECTION('',(0.,-1.,0.));
#8180=DIRECTION('',(0.,0.,-1.));
#8181=DIRECTION('',(-0.992546151641322,0.,-0.121869343405147));
#8182=DIRECTION('',(-0.121869343405147,0.,0.992546151641322));
#8183=DIRECTION('',(0.,1.,0.));
#8184=DIRECTION('',(0.121869343405147,0.,-0.992546151641322));
#8185=DIRECTION('',(0.,1.,0.));
#8186=DIRECTION('',(0.,1.,0.));
#8187=DIRECTION('',(0.,0.,1.));
#8188=DIRECTION('',(0.992546151641322,0.,0.121869343405147));
#8189=DIRECTION('',(0.,1.,0.));
#8190=DIRECTION('',(0.,0.,1.));
#8191=DIRECTION('',(0.,1.,0.));
#8192=DIRECTION('',(0.,0.,1.));
#8193=DIRECTION('',(0.992546151641322,0.,0.121869343405147));
#8194=DIRECTION('',(-0.121869343405147,0.,0.992546151641322));
#8195=DIRECTION('',(0.992546151641322,0.,0.121869343405147));
#8196=DIRECTION('',(0.,1.,0.));
#8197=DIRECTION('',(0.,-1.,0.));
#8198=DIRECTION('',(0.,-1.,0.));
#8199=DIRECTION('',(-0.121869343405147,0.,0.992546151641322));
#8200=DIRECTION('',(0.992546151641322,0.,0.121869343405147));
#8201=DIRECTION('',(0.,1.,0.));
#8202=DIRECTION('',(0.,-1.,0.));
#8203=DIRECTION('',(0.,-1.,0.));
#8204=DIRECTION('',(0.,-1.,0.));
#8205=DIRECTION('',(0.,0.,-1.));
#8206=DIRECTION('',(0.,1.,0.));
#8207=DIRECTION('',(0.,0.,1.));
#8208=DIRECTION('',(0.,-1.,0.));
#8209=DIRECTION('',(0.,0.,-1.));
#8210=DIRECTION('',(0.,1.,0.));
#8211=DIRECTION('',(0.,0.,1.));
#8212=DIRECTION('',(0.,1.,0.));
#8213=DIRECTION('',(0.,0.,1.));
#8214=DIRECTION('',(0.,1.,0.));
#8215=DIRECTION('',(0.,0.,1.));
#8216=DIRECTION('',(0.,-1.,0.));
#8217=DIRECTION('',(0.,0.,-1.));
#8218=DIRECTION('',(0.,-1.,0.));
#8219=DIRECTION('',(0.,0.,-1.));
#8220=DIRECTION('',(0.,-1.,0.));
#8221=DIRECTION('',(0.,0.,-1.));
#8222=DIRECTION('',(0.,-1.,0.));
#8223=DIRECTION('',(0.,0.,-1.));
#8224=DIRECTION('',(0.,1.,0.));
#8225=DIRECTION('',(0.,0.,1.));
#8226=DIRECTION('',(0.,1.,0.));
#8227=DIRECTION('',(0.,0.,1.));
#8228=DIRECTION('',(0.696364240320019,0.707106781186547,0.122787803968973));
#8229=DIRECTION('',(-0.712498293208669,0.701673843159864,0.));
#8230=DIRECTION('',(-0.17364817766693,-6.12323399573677E-17,0.984807753012208));
#8231=DIRECTION('',(-0.696364240320019,0.707106781186548,-0.122787803968973));
#8232=DIRECTION('',(0.696364240320018,-0.707106781186549,0.122787803968972));
#8233=DIRECTION('',(0.712498293208671,0.701673843159862,0.));
#8234=DIRECTION('',(0.69636424032002,0.707106781186546,0.122787803968973));
#8235=DIRECTION('',(-0.17364817766693,-6.12323399573677E-17,0.984807753012208));
#8236=DIRECTION('',(0.984807753012208,-1.07969136263969E-17,0.17364817766693));
#8237=CARTESIAN_POINT('',(0.,0.,0.));
#8238=CARTESIAN_POINT('',(-0.13110382972863,0.1434,0.1106598492339));
#8239=CARTESIAN_POINT('',(-0.125578609810575,0.1434,0.0805303272963121));
#8240=CARTESIAN_POINT('',(-0.125839082077076,0.1434,0.0820075389258304));
#8241=CARTESIAN_POINT('',(-0.125318137544075,0.1434,0.0790531156667938));
#8242=CARTESIAN_POINT('',(-0.128301101459606,0.1434,0.0815734184816631));
#8243=CARTESIAN_POINT('',(-0.130763120842137,0.1434,0.0811392980374958));
#8244=CARTESIAN_POINT('',(-0.130502648575636,0.1434,0.0796620864079775));
#8245=CARTESIAN_POINT('',(-0.130242176309136,0.1434,0.0781848747784592));
#8246=CARTESIAN_POINT('',(-0.127780156926605,0.1434,0.0786189952226265));
#8247=CARTESIAN_POINT('',(-0.0955770933824757,0.1434,0.0656926910616653));
#8248=CARTESIAN_POINT('',(-0.094425076715891,0.1434,0.067065611062796));
#8249=CARTESIAN_POINT('',(-0.0961291100490604,0.1434,0.0650348232160911));
#8250=CARTESIAN_POINT('',(-0.094425076715891,0.1434,0.0783505589072394));
#8251=CARTESIAN_POINT('',(-0.094425076715891,0.1434,0.0783505589072394));
#8252=CARTESIAN_POINT('',(-0.101025076715891,0.1434,0.0783505589072394));
#8253=CARTESIAN_POINT('',(-0.107625076715891,0.1434,0.0783505589072394));
#8254=CARTESIAN_POINT('',(-0.107625076715891,0.1434,0.0650348232160911));
#8255=CARTESIAN_POINT('',(-0.107625076715891,0.1434,0.0650348232160911));
#8256=CARTESIAN_POINT('',(-0.101577093382476,0.1434,0.0650348232160911));
#8257=CARTESIAN_POINT('',(-0.187842045695574,0.1434,0.059518673422392));
#8258=CARTESIAN_POINT('',(-0.185679006063831,0.1434,0.0577036676651747));
#8259=CARTESIAN_POINT('',(-0.190005085327316,0.1434,0.0613336791796092));
#8260=CARTESIAN_POINT('',(-0.187755328693413,0.1434,0.0640148347305257));
#8261=CARTESIAN_POINT('',(-0.191202155828956,0.1434,0.0634070661086914));
#8262=CARTESIAN_POINT('',(-0.193927895244014,0.1434,0.0788655024983263));
#8263=CARTESIAN_POINT('',(-0.196683831351308,0.1434,0.0944951928396462));
#8264=CARTESIAN_POINT('',(-0.195600542822994,0.1434,0.0946862058350798));
#8265=CARTESIAN_POINT('',(-0.195791555818427,0.1434,0.0957694943633933));
#8266=CARTESIAN_POINT('',(-0.163425613500469,0.1434,0.101476483250103));
#8267=CARTESIAN_POINT('',(-0.132339921261426,0.1434,0.106957729505846));
#8268=CARTESIAN_POINT('',(-0.141516138211389,0.1434,0.158998641867036));
#8269=CARTESIAN_POINT('',(-0.124311903433711,0.1434,0.109033916083616));
#8270=CARTESIAN_POINT('',(-0.100650301079338,0.1434,0.117181259148906));
#8271=CARTESIAN_POINT('',(-0.0769886987249654,0.1434,0.125328602214197));
#8272=CARTESIAN_POINT('',(-0.0756134071028258,0.1434,0.1213344653252));
#8273=CARTESIAN_POINT('',(-0.0761282175493828,0.1434,0.125527259946701));
#8274=CARTESIAN_POINT('',(-0.0749371621674132,0.1434,0.125673503158787));
#8275=CARTESIAN_POINT('',(-0.0748379075522491,0.1434,0.125685690093128));
#8276=CARTESIAN_POINT('',(-0.0747038512745034,0.1434,0.124593889326322));
#8277=CARTESIAN_POINT('',(-0.0736120505076979,0.1434,0.124727945604068));
#8278=CARTESIAN_POINT('',(-0.0719154340461541,0.1434,0.11091011338585));
#8279=CARTESIAN_POINT('',(-0.0700847613068646,0.1434,0.0960004804008272));
#8280=CARTESIAN_POINT('',(-0.0774296028290103,0.1434,0.0950986472596291));
#8281=CARTESIAN_POINT('',(-0.0717608739499299,0.1434,0.0903420189479487));
#8282=CARTESIAN_POINT('',(-0.0833854228097091,0.1434,0.0764884210820199));
#8283=CARTESIAN_POINT('',(-0.0939608929221144,0.1434,0.0638850665821882));
#8284=CARTESIAN_POINT('',(-0.0966420484730309,0.1434,0.0661348232160911));
#8285=CARTESIAN_POINT('',(-0.0954449779713911,0.1434,0.0628458990433404));
#8286=CARTESIAN_POINT('',(0.228557952480531,0.1434,0.119976357510622));
#8287=CARTESIAN_POINT('',(-0.0966420484730308,0.1434,0.0626348232160911));
#8288=CARTESIAN_POINT('',(-0.136509834313178,0.1434,0.0626348232160911));
#8289=CARTESIAN_POINT('',(-0.178009696956867,0.1434,0.0626348232160911));
#8290=CARTESIAN_POINT('',(-0.179669578980788,0.1434,0.0597598232160911));
#8291=CARTESIAN_POINT('',(-0.180319098033626,0.1434,0.0586348232160911));
#8292=CARTESIAN_POINT('',(-0.183350186946871,0.1434,0.0603848232160911));
#8293=CARTESIAN_POINT('',(-0.183350186946871,0.1434,0.0568848232160911));
#8294=CARTESIAN_POINT('',(-0.183016303127284,0.1434,0.0568848232160911));
#8295=CARTESIAN_POINT('',(-0.183429249429927,0.1434,0.0568848232160911));
#8296=CARTESIAN_POINT('',(-0.183429249429927,0.1434,0.0603848232160911));
#8297=CARTESIAN_POINT('',(-0.144948839752282,0.1434,0.0718169820551855));
#8298=CARTESIAN_POINT('',(-0.144546433574688,0.1434,0.0695348232160911));
#8299=CARTESIAN_POINT('',(-0.145351245929877,0.1434,0.0740991408942799));
#8300=CARTESIAN_POINT('',(-0.136102907313572,0.1434,0.0757298725190625));
#8301=CARTESIAN_POINT('',(-0.171236777797149,0.1434,0.0695348232160911));
#8302=CARTESIAN_POINT('',(-0.172176497927022,0.1434,0.0677444426238624));
#8303=CARTESIAN_POINT('',(-0.173116218056895,0.1434,0.0659540620316336));
#8304=CARTESIAN_POINT('',(-0.172656598649124,0.1434,0.0654944426238624));
#8305=CARTESIAN_POINT('',(-0.172196979241353,0.1434,0.0650348232160911));
#8306=CARTESIAN_POINT('',(-0.144597565342936,0.1434,0.0650348232160911));
#8307=CARTESIAN_POINT('',(-0.149046433574688,0.1434,0.0650348232160911));
#8308=CARTESIAN_POINT('',(-0.146796433574688,0.1434,0.0672848232160911));
#8309=CARTESIAN_POINT('',(-0.130384879591609,0.1434,0.0933911115178096));
#8310=CARTESIAN_POINT('',(-0.13284689897414,0.1434,0.0929569910736423));
#8311=CARTESIAN_POINT('',(-0.127922860209079,0.1434,0.0938252319619769));
#8312=CARTESIAN_POINT('',(-0.128183332475579,0.1434,0.0953024435914952));
#8313=CARTESIAN_POINT('',(-0.12844380474208,0.1434,0.0967796552210135));
#8314=CARTESIAN_POINT('',(-0.13090582412461,0.1434,0.0963455347768462));
#8315=CARTESIAN_POINT('',(-0.133367843507141,0.1434,0.0959114143326789));
#8316=CARTESIAN_POINT('',(-0.13310737124064,0.1434,0.0944342027031606));
#8317=CARTESIAN_POINT('',(-0.13110382972863,0.141,0.1106598492339));
#8318=CARTESIAN_POINT('',(-0.136519662939973,0.141,0.0780934111262918));
#8319=CARTESIAN_POINT('',(-0.136521632555479,0.141,0.0780930638299364));
#8320=CARTESIAN_POINT('',(-0.189701251218138,0.141,0.0687160622359222));
#8321=CARTESIAN_POINT('',(-0.134218765118319,0.141,0.0650328536005851));
#8322=CARTESIAN_POINT('',(-0.134219112414675,0.141,0.0650348232160911));
#8323=CARTESIAN_POINT('',(-0.144597565342936,0.141,0.0650348232160911));
#8324=CARTESIAN_POINT('',(-0.108224191150399,0.141,0.0650348232160911));
#8325=CARTESIAN_POINT('',(-0.108150358592748,0.141,0.0646160979741845));
#8326=CARTESIAN_POINT('',(-0.110893798451965,0.141,0.0801749185709805));
#8327=CARTESIAN_POINT('',(-0.109712029148351,0.141,0.0803832963841808));
#8328=CARTESIAN_POINT('',(-0.108530259844736,0.141,0.0805916741973812));
#8329=CARTESIAN_POINT('',(-0.105786819985518,0.141,0.0650328536005851));
#8330=CARTESIAN_POINT('',(-0.107625076715891,0.141,0.075458125575337));
#8331=CARTESIAN_POINT('',(-0.107625076715891,0.141,0.1106598492339));
#8332=CARTESIAN_POINT('',(-0.107625076715891,0.141,0.0783505589072394));
#8333=CARTESIAN_POINT('',(-0.101025076715891,0.141,0.0783505589072394));
#8334=CARTESIAN_POINT('',(-0.094425076715891,0.141,0.0783505589072394));
#8335=CARTESIAN_POINT('',(-0.094425076715891,0.141,0.1106598492339));
#8336=CARTESIAN_POINT('',(-0.094425076715891,0.141,0.067065611062796));
#8337=CARTESIAN_POINT('',(-0.0848642453312379,0.141,0.0784597662136438));
#8338=CARTESIAN_POINT('',(-0.0735993806134155,0.141,0.0918847092111964));
#8339=CARTESIAN_POINT('',(-0.0774296028290103,0.141,0.0950986472596291));
#8340=CARTESIAN_POINT('',(-0.0724668720708037,0.141,0.0957079939766549));
#8341=CARTESIAN_POINT('',(-0.0742975448100932,0.141,0.110617626961678));
#8342=CARTESIAN_POINT('',(-0.0759941612716371,0.141,0.124435459179895));
#8343=CARTESIAN_POINT('',(-0.0749023605048316,0.141,0.124569515457641));
#8344=CARTESIAN_POINT('',(-0.0750364167825773,0.141,0.125661316224447));
#8345=CARTESIAN_POINT('',(-0.132085700503621,0.141,0.118656544972932));
#8346=CARTESIAN_POINT('',(-0.0761282175493828,0.141,0.125527259946701));
#8347=CARTESIAN_POINT('',(-0.0756134071028258,0.141,0.1213344653252));
#8348=CARTESIAN_POINT('',(-0.0769886987249654,0.141,0.125328602214197));
#8349=CARTESIAN_POINT('',(-0.100650301079338,0.141,0.117181259148906));
#8350=CARTESIAN_POINT('',(-0.124311903433711,0.141,0.109033916083616));
#8351=CARTESIAN_POINT('',(-0.141516138211389,0.141,0.158998641867036));
#8352=CARTESIAN_POINT('',(-0.132339921261426,0.141,0.106957729505846));
#8353=CARTESIAN_POINT('',(-0.163425613500469,0.141,0.101476483250103));
#8354=CARTESIAN_POINT('',(-0.195594594267825,0.141,0.0958042239989266));
#8355=CARTESIAN_POINT('',(-0.195403581272392,0.141,0.0947209354706132));
#8356=CARTESIAN_POINT('',(-0.194320292744078,0.141,0.0949119484660468));
#8357=CARTESIAN_POINT('',(-0.191488970454168,0.141,0.0954111869768393));
#8358=CARTESIAN_POINT('',(-0.188657648164258,0.141,0.0959104254876317));
#8359=CARTESIAN_POINT('',(-0.187615759098256,0.141,0.0900015789695584));
#8360=CARTESIAN_POINT('',(-0.187615759098256,0.141,0.0900015789695584));
#8361=CARTESIAN_POINT('',(-0.190447081388166,0.141,0.089502340458766));
#8362=CARTESIAN_POINT('',(-0.193278403678076,0.141,0.0890031019479736));
#8363=CARTESIAN_POINT('',(-0.191897900665625,0.141,0.0811738803115266));
#8364=CARTESIAN_POINT('',(-0.128301101459606,0.141,0.0815734184816631));
#8365=CARTESIAN_POINT('',(-0.125839082077076,0.141,0.0820075389258304));
#8366=CARTESIAN_POINT('',(-0.130763120842137,0.141,0.0811392980374958));
#8367=CARTESIAN_POINT('',(-0.125578609810575,0.141,0.0805303272963121));
#8368=CARTESIAN_POINT('',(-0.125318137544075,0.141,0.0790531156667938));
#8369=CARTESIAN_POINT('',(-0.127780156926605,0.141,0.0786189952226265));
#8370=CARTESIAN_POINT('',(-0.130242176309136,0.141,0.0781848747784592));
#8371=CARTESIAN_POINT('',(-0.130502648575636,0.141,0.0796620864079775));
#8372=CARTESIAN_POINT('',(-0.128183332475579,0.141,0.0953024435914952));
#8373=CARTESIAN_POINT('',(-0.12844380474208,0.141,0.0967796552210135));
#8374=CARTESIAN_POINT('',(-0.127922860209079,0.141,0.0938252319619769));
#8375=CARTESIAN_POINT('',(-0.130384879591609,0.141,0.0933911115178096));
#8376=CARTESIAN_POINT('',(-0.13284689897414,0.141,0.0929569910736423));
#8377=CARTESIAN_POINT('',(-0.13310737124064,0.141,0.0944342027031606));
#8378=CARTESIAN_POINT('',(-0.133367843507141,0.141,0.0959114143326789));
#8379=CARTESIAN_POINT('',(-0.13090582412461,0.141,0.0963455347768462));
#8380=CARTESIAN_POINT('',(-0.172656598649124,0.141,0.0654944426238624));
#8381=CARTESIAN_POINT('',(-0.162983624139979,0.0340183230638504,0.0558214681147176));
#8382=CARTESIAN_POINT('',(-0.172196979241353,0.0340183230638504,0.0650348232160911));
#8383=CARTESIAN_POINT('',(-0.172711311916237,0.0340183230638504,0.0655491558909755));
#8384=CARTESIAN_POINT('',(-0.172711311916237,0.141,0.0655491558909755));
#8385=CARTESIAN_POINT('',(-0.172711311916237,0.021,0.0655491558909755));
#8386=CARTESIAN_POINT('',(-0.172656598649124,0.021,0.0654944426238624));
#8387=CARTESIAN_POINT('',(-0.172196979241353,0.021,0.0650348232160911));
#8388=CARTESIAN_POINT('',(-0.172196979241353,0.141,0.0650348232160911));
#8389=CARTESIAN_POINT('',(-0.144597565342936,0.141,0.0650348232160911));
#8390=CARTESIAN_POINT('',(-0.16386044383814,0.122,0.0650348232160911));
#8391=CARTESIAN_POINT('',(-0.16386044383814,0.12868767250246,0.0650348232160911));
#8392=CARTESIAN_POINT('',(-0.16386044383814,0.122,0.0650348232160911));
#8393=CARTESIAN_POINT('',(-0.16349973649317,0.122,0.0650348232160911));
#8394=CARTESIAN_POINT('',(-0.168531406252815,0.122,0.0650348232160911));
#8395=CARTESIAN_POINT('',(-0.168531406252815,0.129187497343055,0.0650348232160911));
#8396=CARTESIAN_POINT('',(-0.168531406252815,0.127876568391201,0.0650348232160911));
#8397=CARTESIAN_POINT('',(-0.166297467706667,0.12826448774876,0.0650348232160911));
#8398=CARTESIAN_POINT('',(-0.166297467706667,0.131375757585981,0.0650348232160911));
#8399=CARTESIAN_POINT('',(-0.165980043921966,0.131430877647742,0.0650348232160911));
#8400=CARTESIAN_POINT('',(-0.166094382384289,0.131411022982123,0.0650348232160911));
#8401=CARTESIAN_POINT('',(-0.166094382384289,0.128299753144902,0.0650348232160911));
#8402=CARTESIAN_POINT('',(-0.151340723847112,0.0515,0.0650348232160911));
#8403=CARTESIAN_POINT('',(-0.15212598526624,0.0515,0.0650348232160911));
#8404=CARTESIAN_POINT('',(-0.153566767361851,0.0515,0.0650348232160911));
#8405=CARTESIAN_POINT('',(-0.153557331394084,0.0488627150916834,0.0650348232160911));
#8406=CARTESIAN_POINT('',(-0.151323392847936,0.049250634449242,0.0650348232160911));
#8407=CARTESIAN_POINT('',(-0.151323392847936,0.0340183230638504,0.0650348232160911));
#8408=CARTESIAN_POINT('',(-0.151323392847936,0.0340183230638504,0.0650348232160911));
#8409=CARTESIAN_POINT('',(-0.151340723847112,0.0340183230638504,0.0650348232160911));
#8410=CARTESIAN_POINT('',(-0.154683426310757,0.0340183230638504,0.0650348232160911));
#8411=CARTESIAN_POINT('',(-0.154683426310757,0.04775,0.0650348232160911));
#8412=CARTESIAN_POINT('',(-0.154683426310757,0.0497504592898367,0.0650348232160911));
#8413=CARTESIAN_POINT('',(-0.153566457037682,0.049944418968616,0.0650348232160911));
#8414=CARTESIAN_POINT('',(-0.172196979241353,0.141,0.0650348232160911));
#8415=CARTESIAN_POINT('',(-0.172196979241353,0.0818062545621228,0.0650348232160911));
#8416=CARTESIAN_POINT('',(-0.172196979241353,0.0487062246789522,0.0650348232160911));
#8417=CARTESIAN_POINT('',(-0.171882314072038,0.0456806152438787,0.0650348232160911));
#8418=CARTESIAN_POINT('',(-0.171882314072038,0.0487918850810995,0.0650348232160911));
#8419=CARTESIAN_POINT('',(-0.171564890287337,0.048847005142861,0.0650348232160911));
#8420=CARTESIAN_POINT('',(-0.171679228749661,0.0488271504772412,0.0650348232160911));
#8421=CARTESIAN_POINT('',(-0.171679228749661,0.0457158806400204,0.0650348232160911));
#8422=CARTESIAN_POINT('',(-0.169445290203512,0.046103799997579,0.0650348232160911));
#8423=CARTESIAN_POINT('',(-0.169445290203512,0.0340183230638504,0.0650348232160911));
#8424=CARTESIAN_POINT('',(-0.169445290203512,0.0340183230638504,0.0650348232160911));
#8425=CARTESIAN_POINT('',(-0.168916179134737,0.0340183230638504,0.0650348232160911));
#8426=CARTESIAN_POINT('',(-0.144597565342936,0.021,0.0650348232160911));
#8427=CARTESIAN_POINT('',(-0.143418714897957,0.021,0.0650348232160911));
#8428=CARTESIAN_POINT('',(-0.140546433574688,0.029,0.0650348232160911));
#8429=CARTESIAN_POINT('',(-0.1366561362832,0.0365574854934592,0.0650348232160911));
#8430=CARTESIAN_POINT('',(-0.1366561362832,0.0387062260797143,0.0650348232160911));
#8431=CARTESIAN_POINT('',(-0.1366561362832,0.0464365002700055,0.0650348232160911));
#8432=CARTESIAN_POINT('',(-0.1366561362832,0.051424476214717,0.0650348232160911));
#8433=CARTESIAN_POINT('',(-0.1366561362832,0.0564124521594286,0.0650348232160911));
#8434=CARTESIAN_POINT('',(-0.139093160151726,0.05896,0.0650348232160911));
#8435=CARTESIAN_POINT('',(-0.141606212802442,0.0614348737341529,0.0650348232160911));
#8436=CARTESIAN_POINT('',(-0.13905580617915,0.0639465339501046,0.0650348232160911));
#8437=CARTESIAN_POINT('',(-0.1366561362832,0.0663097474683058,0.0650348232160911));
#8438=CARTESIAN_POINT('',(-0.1366561362832,0.103654873734153,0.0650348232160911));
#8439=CARTESIAN_POINT('',(-0.1366561362832,0.0767462477383113,0.0650348232160911));
#8440=CARTESIAN_POINT('',(-0.1366561362832,0.103654873734153,0.0650348232160911));
#8441=CARTESIAN_POINT('',(-0.1366561362832,0.110563499729994,0.0650348232160911));
#8442=CARTESIAN_POINT('',(-0.1366561362832,0.103654873734153,0.0650348232160911));
#8443=CARTESIAN_POINT('',(-0.1366561362832,0.125442514506541,0.0650348232160911));
#8444=CARTESIAN_POINT('',(-0.140546433574688,0.133,0.0650348232160911));
#8445=CARTESIAN_POINT('',(-0.143418714897957,0.141,0.0650348232160911));
#8446=CARTESIAN_POINT('',(-0.144597565342936,0.141,0.0650348232160911));
#8447=CARTESIAN_POINT('',(-0.149046433574688,0.141,0.0650348232160911));
#8448=CARTESIAN_POINT('',(-0.149046433574688,0.143402,0.0650348232160911));
#8449=CARTESIAN_POINT('',(-0.172196979241353,0.141,0.0650348232160911));
#8450=CARTESIAN_POINT('',(-0.172196979241353,0.0904989319827014,0.0650348232160911));
#8451=CARTESIAN_POINT('',(-0.170527113675747,0.0887221978851908,0.0650348232160911));
#8452=CARTESIAN_POINT('',(-0.170527113675747,0.0918334677224116,0.0650348232160911));
#8453=CARTESIAN_POINT('',(-0.170209689891047,0.0918885877841731,0.0650348232160911));
#8454=CARTESIAN_POINT('',(-0.170324028353371,0.0918687331185533,0.0650348232160911));
#8455=CARTESIAN_POINT('',(-0.170324028353371,0.0887574632813325,0.0650348232160911));
#8456=CARTESIAN_POINT('',(-0.168090089807222,0.0891453826388911,0.0650348232160911));
#8457=CARTESIAN_POINT('',(-0.168090089807222,0.141,0.0650348232160911));
#8458=CARTESIAN_POINT('',(-0.168090089807222,0.0818062545621228,0.0650348232160911));
#8459=CARTESIAN_POINT('',(-0.167601843030552,0.0818062545621228,0.0650348232160911));
#8460=CARTESIAN_POINT('',(-0.143759550276092,0.141,0.0650348232160911));
#8461=CARTESIAN_POINT('',(-0.143759550276092,0.093870336490125,0.0650348232160911));
#8462=CARTESIAN_POINT('',(-0.143759550276092,0.0818062545621228,0.0650348232160911));
#8463=CARTESIAN_POINT('',(-0.144004959036416,0.0818062545621228,0.0650348232160911));
#8464=CARTESIAN_POINT('',(-0.148430512690767,0.0818062545621228,0.0650348232160911));
#8465=CARTESIAN_POINT('',(-0.148430512690767,0.0943701613307197,0.0650348232160911));
#8466=CARTESIAN_POINT('',(-0.148430512690767,0.0930592323788661,0.0650348232160911));
#8467=CARTESIAN_POINT('',(-0.146196574144618,0.0934471517364247,0.0650348232160911));
#8468=CARTESIAN_POINT('',(-0.146196574144618,0.0965584215736455,0.0650348232160911));
#8469=CARTESIAN_POINT('',(-0.145879150359917,0.0966135416354069,0.0650348232160911));
#8470=CARTESIAN_POINT('',(-0.145993488822241,0.0965936869697872,0.0650348232160911));
#8471=CARTESIAN_POINT('',(-0.145993488822241,0.0934824171325664,0.0650348232160911));
#8472=CARTESIAN_POINT('',(-0.153017290140004,0.141,0.0650348232160911));
#8473=CARTESIAN_POINT('',(-0.153017290140004,0.129456492271319,0.0650348232160911));
#8474=CARTESIAN_POINT('',(-0.153017290140004,0.122,0.0650348232160911));
#8475=CARTESIAN_POINT('',(-0.152983543886009,0.122,0.0650348232160911));
#8476=CARTESIAN_POINT('',(-0.157688252554678,0.122,0.0650348232160911));
#8477=CARTESIAN_POINT('',(-0.157688252554678,0.129956317111914,0.0650348232160911));
#8478=CARTESIAN_POINT('',(-0.157688252554678,0.12864538816006,0.0650348232160911));
#8479=CARTESIAN_POINT('',(-0.15545431400853,0.129033307517619,0.0650348232160911));
#8480=CARTESIAN_POINT('',(-0.15545431400853,0.13214457735484,0.0650348232160911));
#8481=CARTESIAN_POINT('',(-0.155136890223829,0.132199697416601,0.0650348232160911));
#8482=CARTESIAN_POINT('',(-0.155251228686153,0.132179842750982,0.0650348232160911));
#8483=CARTESIAN_POINT('',(-0.155251228686153,0.129068572913761,0.0650348232160911));
#8484=CARTESIAN_POINT('',(-0.184080201812605,0.141,0.0640208158794528));
#8485=CARTESIAN_POINT('',(-0.184080201812605,0.021,0.0640208158794528));
#8486=CARTESIAN_POINT('',(-0.173680142370976,0.021,0.0658546269599837));
#8487=CARTESIAN_POINT('',(-0.188728821423203,0.021,0.0632011388190538));
#8488=CARTESIAN_POINT('',(-0.173680142370976,0.141,0.0658546269599837));
#8489=CARTESIAN_POINT('',(-0.173680142370976,0.141,0.0658546269599837));
#8490=CARTESIAN_POINT('',(-0.184080201812605,0.141,0.0640208158794528));
#8491=CARTESIAN_POINT('',(-0.188728821423203,0.141,0.0632011388190538));
#8492=CARTESIAN_POINT('',(-0.188728821423203,0.141,0.0632011388190538));
#8493=CARTESIAN_POINT('',(-0.188728821423203,0.13245637920408,0.0632011388190538));
#8494=CARTESIAN_POINT('',(-0.185085032737058,0.1275,0.0638436370764215));
#8495=CARTESIAN_POINT('',(-0.188728821423203,0.12254362079592,0.0632011388190538));
#8496=CARTESIAN_POINT('',(-0.188728821423203,0.141,0.0632011388190538));
#8497=CARTESIAN_POINT('',(-0.188728821423203,0.122520616018514,0.0632011388190538));
#8498=CARTESIAN_POINT('',(-0.188726851807697,0.122520616018514,0.0632014861154091));
#8499=CARTESIAN_POINT('',(-0.18908824070746,0.122520616018514,0.0631377635018524));
#8500=CARTESIAN_POINT('',(-0.18908824070746,0.0979068057481508,0.0631377635018524));
#8501=CARTESIAN_POINT('',(-0.18908824070746,0.0979068057481508,0.0631377635018524));
#8502=CARTESIAN_POINT('',(-0.188726851807697,0.0979068057481508,0.0632014861154091));
#8503=CARTESIAN_POINT('',(-0.188728821423203,0.0979068057481508,0.0632011388190538));
#8504=CARTESIAN_POINT('',(-0.188728821423203,0.141,0.0632011388190538));
#8505=CARTESIAN_POINT('',(-0.188728821423203,0.0920931942518493,0.0632011388190538));
#8506=CARTESIAN_POINT('',(-0.188726851807697,0.0920931942518493,0.0632014861154091));
#8507=CARTESIAN_POINT('',(-0.18908824070746,0.0920931942518493,0.0631377635018524));
#8508=CARTESIAN_POINT('',(-0.18908824070746,0.0764068057481508,0.0631377635018524));
#8509=CARTESIAN_POINT('',(-0.18908824070746,0.0764068057481508,0.0631377635018524));
#8510=CARTESIAN_POINT('',(-0.188726851807697,0.0764068057481508,0.0632014861154091));
#8511=CARTESIAN_POINT('',(-0.188728821423203,0.0764068057481508,0.0632011388190538));
#8512=CARTESIAN_POINT('',(-0.188728821423203,0.141,0.0632011388190538));
#8513=CARTESIAN_POINT('',(-0.188728821423203,0.07045,0.0632011388190538));
#8514=CARTESIAN_POINT('',(-0.188726851807697,0.07045,0.0632014861154091));
#8515=CARTESIAN_POINT('',(-0.18908824070746,0.07045,0.0631377635018524));
#8516=CARTESIAN_POINT('',(-0.18908824070746,0.041028663651858,0.0631377635018524));
#8517=CARTESIAN_POINT('',(-0.18908824070746,0.041028663651858,0.0631377635018524));
#8518=CARTESIAN_POINT('',(-0.188726851807697,0.041028663651858,0.0632014861154091));
#8519=CARTESIAN_POINT('',(-0.188728821423203,0.041028663651858,0.0632011388190538));
#8520=CARTESIAN_POINT('',(-0.188728821423203,0.141,0.0632011388190538));
#8521=CARTESIAN_POINT('',(-0.188728821423203,0.0394563792040803,0.0632011388190538));
#8522=CARTESIAN_POINT('',(-0.185085032737058,0.0345,0.0638436370764215));
#8523=CARTESIAN_POINT('',(-0.188728821423203,0.0295436207959197,0.0632011388190538));
#8524=CARTESIAN_POINT('',(-0.188728821423203,0.141,0.0632011388190538));
#8525=CARTESIAN_POINT('',(-0.180850359399106,0.0412002903249154,0.0645903242403892));
#8526=CARTESIAN_POINT('',(-0.183115417231034,0.0412002903249154,0.0641909334317553));
#8527=CARTESIAN_POINT('',(-0.178585301567178,0.0412002903249154,0.0649897150490232));
#8528=CARTESIAN_POINT('',(-0.183115417231034,0.0516443650813896,0.0641909334317553));
#8529=CARTESIAN_POINT('',(-0.183115417231034,0.0505443650813896,0.0641909334317553));
#8530=CARTESIAN_POINT('',(-0.180948840174407,0.0505443650813896,0.0645729594226226));
#8531=CARTESIAN_POINT('',(-0.180948840174407,0.0536556349186104,0.0645729594226225));
#8532=CARTESIAN_POINT('',(-0.180751878623804,0.0536556349186104,0.0646076890581559));
#8533=CARTESIAN_POINT('',(-0.180751878623804,0.0536556349186104,0.0646076890581559));
#8534=CARTESIAN_POINT('',(-0.180751878623804,0.0505443650813896,0.0646076890581559));
#8535=CARTESIAN_POINT('',(-0.178585301567178,0.0505443650813896,0.0649897150490232));
#8536=CARTESIAN_POINT('',(-0.178585301567178,0.141,0.0649897150490232));
#8537=CARTESIAN_POINT('',(-0.172656598649124,0.141,0.0654944426238624));
#8538=CARTESIAN_POINT('',(-0.172711311916237,0.141,0.0655491558909755));
#8539=CARTESIAN_POINT('',(-0.172711311916237,0.141,0.0655491558909755));
#8540=CARTESIAN_POINT('',(-0.172711311916237,0.0470502952628954,0.0655491558909755));
#8541=CARTESIAN_POINT('',(-0.172711311916229,0.0470502952628908,0.0655491558909679));
#8542=CARTESIAN_POINT('',(-0.172616399162717,0.0473221999852143,0.0654542431374553));
#8543=CARTESIAN_POINT('',(-0.172401348773536,0.0478442434256815,0.0652391927482747));
#8544=CARTESIAN_POINT('',(-0.172196979241353,0.0483974647220438,0.0650348232160911));
#8545=CARTESIAN_POINT('',(-0.172196979241353,0.0487062246789522,0.0650348232160911));
#8546=CARTESIAN_POINT('',(-0.172656598649124,0.0818062545621228,0.0654944426238624));
#8547=CARTESIAN_POINT('',(-0.172298813323073,0.0818062545621228,0.0651366572978115));
#8548=CARTESIAN_POINT('',(-0.172298813323073,0.0818062545621228,0.0651366572978115));
#8549=CARTESIAN_POINT('',(-0.172298813323073,0.0883342785276322,0.0651366572978115));
#8550=CARTESIAN_POINT('',(-0.172298813323073,0.0883342785276322,0.0651366572978115));
#8551=CARTESIAN_POINT('',(-0.172298813323073,0.0886966509996108,0.0651366572978115));
#8552=CARTESIAN_POINT('',(-0.172266145211963,0.0894183222625697,0.0651039891867017));
#8553=CARTESIAN_POINT('',(-0.172196979241353,0.0901365595107228,0.0650348232160911));
#8554=CARTESIAN_POINT('',(-0.172196979241353,0.0904989319827014,0.0650348232160911));
#8555=CARTESIAN_POINT('',(-0.173116218056895,0.143402,0.0659540620316336));
#8556=CARTESIAN_POINT('',(-0.173116218056895,0.141,0.0659540620316336));
#8557=CARTESIAN_POINT('',(-0.174462917493896,0.141,0.0673007614686344));
#8558=CARTESIAN_POINT('',(-0.13110382972863,0.141,0.1106598492339));
#8559=CARTESIAN_POINT('',(-0.172176497927022,0.141,0.0677444426238624));
#8560=CARTESIAN_POINT('',(-0.171236777797149,0.141,0.0695348232160911));
#8561=CARTESIAN_POINT('',(-0.136102907313572,0.141,0.0757298725190625));
#8562=CARTESIAN_POINT('',(-0.189284495591737,0.141,0.0663525236286929));
#8563=CARTESIAN_POINT('',(-0.191897900665625,0.141,0.0811738803115266));
#8564=CARTESIAN_POINT('',(-0.173489129375542,0.141,0.0647713384316703));
#8565=CARTESIAN_POINT('',(-0.149695223920646,0.07,0.0733331803709034));
#8566=CARTESIAN_POINT('',(-0.136104876929078,0.081,0.0757295252227071));
#8567=CARTESIAN_POINT('',(-0.136104876929078,0.121,0.0757295252227071));
#8568=CARTESIAN_POINT('',(-0.136104876929078,0.132236899137497,0.0757295252227071));
#8569=CARTESIAN_POINT('',(-0.136102907313572,0.132236899137497,0.0757298725190625));
#8570=CARTESIAN_POINT('',(-0.138468415536307,0.132236899137497,0.0753127695963065));
#8571=CARTESIAN_POINT('',(-0.138468415536307,0.103654873734153,0.0753127695963065));
#8572=CARTESIAN_POINT('',(-0.138468415536307,0.121,0.0753127695963065));
#8573=CARTESIAN_POINT('',(-0.136102907313572,0.121,0.0757298725190625));
#8574=CARTESIAN_POINT('',(-0.191897900665625,0.141,0.0811738803115266));
#8575=CARTESIAN_POINT('',(-0.189284495591737,0.136618449568748,0.0663525236286929));
#8576=CARTESIAN_POINT('',(-0.189284495591737,0.132236899137497,0.0663525236286929));
#8577=CARTESIAN_POINT('',(-0.189492873404938,0.132236899137497,0.0675342929323075));
#8578=CARTESIAN_POINT('',(-0.189527603040471,0.132236899137497,0.06773125448291));
#8579=CARTESIAN_POINT('',(-0.189527603040471,0.132236899137497,0.06773125448291));
#8580=CARTESIAN_POINT('',(-0.189701251218138,0.133236899137497,0.0687160622359222));
#8581=CARTESIAN_POINT('',(-0.189701251218138,0.136618449568748,0.0687160622359222));
#8582=CARTESIAN_POINT('',(-0.193278403678076,0.138125,0.0890031019479736));
#8583=CARTESIAN_POINT('',(-0.193278403678076,0.13525,0.0890031019479736));
#8584=CARTESIAN_POINT('',(-0.193278403678076,0.13525,0.0890031019479736));
#8585=CARTESIAN_POINT('',(-0.194320292744078,0.13525,0.0949119484660468));
#8586=CARTESIAN_POINT('',(-0.194320292744078,0.141,0.0949119484660468));
#8587=CARTESIAN_POINT('',(-0.194320292744078,0.06095,0.0949119484660468));
#8588=CARTESIAN_POINT('',(-0.191897900665625,0.06095,0.0811738803115266));
#8589=CARTESIAN_POINT('',(-0.192722729509543,0.06095,0.0858517171383346));
#8590=CARTESIAN_POINT('',(-0.192722729509543,0.141,0.0858517171383346));
#8591=CARTESIAN_POINT('',(-0.192722729509543,0.0684441125496955,0.0858517171383346));
#8592=CARTESIAN_POINT('',(-0.192018687631229,0.0724985281374239,0.0818588972336062));
#8593=CARTESIAN_POINT('',(-0.191957655182792,0.07285,0.0815127650183755));
#8594=CARTESIAN_POINT('',(-0.189631791947071,0.07285,0.0683221391347173));
#8595=CARTESIAN_POINT('',(-0.189631791947071,0.07285,0.0683221391347173));
#8596=CARTESIAN_POINT('',(-0.189631791947071,0.07105,0.0683221391347173));
#8597=CARTESIAN_POINT('',(-0.189631791947071,0.07045,0.0683221391347173));
#8598=CARTESIAN_POINT('',(-0.190517397653172,0.07045,0.0733446586750795));
#8599=CARTESIAN_POINT('',(-0.188867739965336,0.0754534028740754,0.0639889850214636));
#8600=CARTESIAN_POINT('',(-0.18900665850747,0.0745,0.0647768312238733));
#8601=CARTESIAN_POINT('',(-0.189492873404938,0.0745,0.0675342929323075));
#8602=CARTESIAN_POINT('',(-0.189979088302405,0.0745,0.0702917546407417));
#8603=CARTESIAN_POINT('',(-0.189979088302405,0.08425,0.0702917546407417));
#8604=CARTESIAN_POINT('',(-0.189979088302405,0.094,0.0702917546407417));
#8605=CARTESIAN_POINT('',(-0.189492873404938,0.094,0.0675342929323075));
#8606=CARTESIAN_POINT('',(-0.18900665850747,0.094,0.0647768312238733));
#8607=CARTESIAN_POINT('',(-0.188867739965336,0.0930465971259246,0.0639889850214636));
#8608=CARTESIAN_POINT('',(-0.188867739965336,0.0969534028740754,0.0639889850214636));
#8609=CARTESIAN_POINT('',(-0.18900665850747,0.096,0.0647768312238733));
#8610=CARTESIAN_POINT('',(-0.189492873404938,0.096,0.0675342929323075));
#8611=CARTESIAN_POINT('',(-0.189979088302405,0.096,0.0702917546407417));
#8612=CARTESIAN_POINT('',(-0.190048547573472,0.0964767014370377,0.0706856777419466));
#8613=CARTESIAN_POINT('',(-0.190118006844539,0.0969534028740754,0.0710796008431515));
#8614=CARTESIAN_POINT('',(-0.190118006844539,0.104476701437038,0.0710796008431515));
#8615=CARTESIAN_POINT('',(-0.190118006844539,0.112,0.0710796008431515));
#8616=CARTESIAN_POINT('',(-0.190335067066622,0.113489691990743,0.0723106105344167));
#8617=CARTESIAN_POINT('',(-0.190552127288706,0.114979383981485,0.073541620225682));
#8618=CARTESIAN_POINT('',(-0.190552127288706,0.11875,0.073541620225682));
#8619=CARTESIAN_POINT('',(-0.190552127288706,0.122520616018514,0.073541620225682));
#8620=CARTESIAN_POINT('',(-0.190335067066622,0.124010308009257,0.0723106105344167));
#8621=CARTESIAN_POINT('',(-0.190118006844539,0.1255,0.0710796008431515));
#8622=CARTESIAN_POINT('',(-0.189640474355954,0.1255,0.0683713795223679));
#8623=CARTESIAN_POINT('',(-0.189162941867371,0.1255,0.0656631582015844));
#8624=CARTESIAN_POINT('',(-0.188945881645287,0.124010308009257,0.0644321485103191));
#8625=CARTESIAN_POINT('',(-0.189060740670836,0.124798589569012,0.065083546413734));
#8626=CARTESIAN_POINT('',(-0.188728821423203,0.13245637920408,0.0632011388190538));
#8627=CARTESIAN_POINT('',(-0.188817361011466,0.131922473796924,0.063703271776283));
#8628=CARTESIAN_POINT('',(-0.188946343385833,0.131105157441786,0.0644347671710872));
#8629=CARTESIAN_POINT('',(-0.189099026609046,0.129915045498858,0.0653006767590534));
#8630=CARTESIAN_POINT('',(-0.189194180022241,0.128949772678467,0.0658403185813796));
#8631=CARTESIAN_POINT('',(-0.189250765792863,0.127878474506741,0.0661612324335555));
#8632=CARTESIAN_POINT('',(-0.189238475852254,0.126756603701529,0.0660915327168208));
#8633=CARTESIAN_POINT('',(-0.189165653406138,0.125721301282592,0.0656785361021007));
#8634=CARTESIAN_POINT('',(-0.189097595390647,0.125100603808866,0.0652925599161649));
#8635=CARTESIAN_POINT('',(-0.189060740670836,0.124798589569012,0.0650835464137339));
#8636=CARTESIAN_POINT('',(-0.191897900665625,0.141,0.0811738803115266));
#8637=CARTESIAN_POINT('',(-0.189388684498338,0.141,0.0669434082805002));
#8638=CARTESIAN_POINT('',(-0.189388684498338,0.021,0.0669434082805002));
#8639=CARTESIAN_POINT('',(-0.189388684498338,0.0365,0.0669434082805002));
#8640=CARTESIAN_POINT('',(-0.191897900665625,0.021,0.0811738803115266));
#8641=CARTESIAN_POINT('',(-0.188728821423203,0.0394563792040803,0.0632011388190538));
#8642=CARTESIAN_POINT('',(-0.188787919843315,0.0391000079280066,0.0635363026146023));
#8643=CARTESIAN_POINT('',(-0.188903678400757,0.0383759080819177,0.0641928020168902));
#8644=CARTESIAN_POINT('',(-0.189064320543208,0.0372252175676054,0.0651038488788338));
#8645=CARTESIAN_POINT('',(-0.189199857823984,0.0359613775181394,0.0658725189951803));
#8646=CARTESIAN_POINT('',(-0.189264987592266,0.0344920258126179,0.0662418882659551));
#8647=CARTESIAN_POINT('',(-0.189198821704611,0.0330274514481317,0.0658666428702162));
#8648=CARTESIAN_POINT('',(-0.189018737399703,0.0313540744177842,0.0648453340257952));
#8649=CARTESIAN_POINT('',(-0.188846793343929,0.0302550070538025,0.0638701908282952));
#8650=CARTESIAN_POINT('',(-0.188728821423203,0.0295436207959197,0.0632011388190538));
#8651=CARTESIAN_POINT('',(-0.18905875296077,0.038764331825929,0.065072273549777));
#8652=CARTESIAN_POINT('',(-0.193927895244014,0.141,0.0788655024983263));
#8653=CARTESIAN_POINT('',(-0.191752223105566,0.040975,0.0665266526540996));
#8654=CARTESIAN_POINT('',(-0.191752223105566,0.0349442761731393,0.0665266526540996));
#8655=CARTESIAN_POINT('',(-0.191752223105566,0.021,0.0665266526540996));
#8656=CARTESIAN_POINT('',(-0.183582859957827,0.0910109047512972,0.0201958919564675));
#8657=CARTESIAN_POINT('',(-0.191202155828956,0.0387194073716169,0.0634070661086914));
#8658=CARTESIAN_POINT('',(-0.191202155828956,0.021,0.0634070661086914));
#8659=CARTESIAN_POINT('',(-0.191202155828956,0.021,0.0634070661086914));
#8660=CARTESIAN_POINT('',(-0.193927895244014,0.021,0.0788655024983263));
#8661=CARTESIAN_POINT('',(-0.191194576059196,0.081,0.07891275940274));
#8662=CARTESIAN_POINT('',(-0.192375192730339,0.0642,0.085608369265731));
#8663=CARTESIAN_POINT('',(-0.192375192730339,0.0683198484809836,0.085608369265731));
#8664=CARTESIAN_POINT('',(-0.192375192730339,0.06095,0.085608369265731));
#8665=CARTESIAN_POINT('',(-0.191732694472971,0.06095,0.0819645805795858));
#8666=CARTESIAN_POINT('',(-0.192010531557238,0.06095,0.0835402729844054));
#8667=CARTESIAN_POINT('',(-0.192010531557238,0.0642,0.0835402729844054));
#8668=CARTESIAN_POINT('',(-0.192010531557238,0.06745,0.0835402729844054));
#8669=CARTESIAN_POINT('',(-0.191489587024237,0.07045,0.0805858497253688));
#8670=CARTESIAN_POINT('',(-0.191489587024237,0.07045,0.0805858497253688));
#8671=CARTESIAN_POINT('',(-0.190221955327268,0.07045,0.0733967531283796));
#8672=CARTESIAN_POINT('',(-0.189336349621168,0.07045,0.0683742335880174));
#8673=CARTESIAN_POINT('',(-0.189336349621168,0.07105,0.0683742335880174));
#8674=CARTESIAN_POINT('',(-0.189336349621168,0.07255,0.0683742335880174));
#8675=CARTESIAN_POINT('',(-0.191602458339721,0.07255,0.0812259747648266));
#8676=CARTESIAN_POINT('',(-0.191640634627807,0.07255,0.0814424832533873));
#8677=CARTESIAN_POINT('',(-0.185678437603113,0.106884924240492,0.0476291836622642));
#8678=CARTESIAN_POINT('',(-0.187755328693413,0.141,0.0640148347305257));
#8679=CARTESIAN_POINT('',(-0.191202155828956,0.038719407371617,0.0634070661086915));
#8680=CARTESIAN_POINT('',(-0.191155180050607,0.0389496905361382,0.0631406532309748));
#8681=CARTESIAN_POINT('',(-0.191046877840009,0.0392515538378394,0.0627977231852165));
#8682=CARTESIAN_POINT('',(-0.190914767226376,0.0395181191673378,0.0625040988137529));
#8683=CARTESIAN_POINT('',(-0.190836194332955,0.0396566980561641,0.0623532742281917));
#8684=CARTESIAN_POINT('',(-0.190796201008025,0.0397242927360402,0.0622799082269089));
#8685=CARTESIAN_POINT('',(-0.190697507274897,0.0398760964182578,0.0621161012473268));
#8686=CARTESIAN_POINT('',(-0.190578959007215,0.0400391123936216,0.0619424197532652));
#8687=CARTESIAN_POINT('',(-0.190350190843582,0.0403183144440077,0.0616496796313452));
#8688=CARTESIAN_POINT('',(-0.190143614124477,0.040516881126671,0.0614499186422143));
#8689=CARTESIAN_POINT('',(-0.190005085327316,0.0406345184794144,0.0613336791796093));
#8690=CARTESIAN_POINT('',(-0.190005085327316,0.0406345184794144,0.0613336791796092));
#8691=CARTESIAN_POINT('',(-0.190005085327316,0.1434,0.0613336791796092));
#8692=CARTESIAN_POINT('',(-0.190005085327316,0.021,0.0613336791796092));
#8693=CARTESIAN_POINT('',(-0.187755328693413,0.021,0.0640148347305257));
#8694=CARTESIAN_POINT('',(-0.187755328693413,0.141,0.0640148347305257));
#8695=CARTESIAN_POINT('',(-0.190005085327316,0.1434,0.0613336791796092));
#8696=CARTESIAN_POINT('',(-0.190005085327316,0.07045,0.0613336791796092));
#8697=CARTESIAN_POINT('',(-0.190005085327316,0.0783344288456865,0.0613336791796093));
#8698=CARTESIAN_POINT('',(-0.187755328693413,0.07045,0.0640148347305257));
#8699=CARTESIAN_POINT('',(-0.191202155828956,0.07045,0.0634070661086914));
#8700=CARTESIAN_POINT('',(-0.191202155828956,0.021,0.0634070661086914));
#8701=CARTESIAN_POINT('',(-0.191202155828956,0.0756532732947701,0.0634070661086914));
#8702=CARTESIAN_POINT('',(-0.187755328693413,0.0756532732947701,0.0640148347305257));
#8703=CARTESIAN_POINT('',(-0.187755328693413,0.141,0.0640148347305257));
#8704=CARTESIAN_POINT('',(-0.191202155828956,0.021,0.0634070661086914));
#8705=CARTESIAN_POINT('',(-0.191202155828956,0.0955975494679097,0.0634070661086914));
#8706=CARTESIAN_POINT('',(-0.191202155828956,0.0928467267052299,0.0634070661086914));
#8707=CARTESIAN_POINT('',(-0.191202155828956,0.0955975494679097,0.0634070661086914));
#8708=CARTESIAN_POINT('',(-0.191155180050498,0.0958278326329646,0.0631406532303574));
#8709=CARTESIAN_POINT('',(-0.191046877839609,0.0961296959350851,0.0627977231841643));
#8710=CARTESIAN_POINT('',(-0.190914767226031,0.0963962612643055,0.0625040988130414));
#8711=CARTESIAN_POINT('',(-0.190836194332718,0.0965348401528683,0.0623532742277653));
#8712=CARTESIAN_POINT('',(-0.190796201008124,0.0966024348321797,0.0622799082270795));
#8713=CARTESIAN_POINT('',(-0.190697507274741,0.0967542385147524,0.0621161012470706));
#8714=CARTESIAN_POINT('',(-0.190578959006956,0.0969172544901955,0.0619424197529112));
#8715=CARTESIAN_POINT('',(-0.190350190843149,0.0971964565407255,0.0616496796308591));
#8716=CARTESIAN_POINT('',(-0.190143614124203,0.0973950232231963,0.0614499186419846));
#8717=CARTESIAN_POINT('',(-0.190005085327316,0.0975126605757072,0.0613336791796093));
#8718=CARTESIAN_POINT('',(-0.190005085327316,0.0975126605757074,0.0613336791796092));
#8719=CARTESIAN_POINT('',(-0.190005085327316,0.1434,0.0613336791796092));
#8720=CARTESIAN_POINT('',(-0.190005085327316,0.0901655711543135,0.0613336791796092));
#8721=CARTESIAN_POINT('',(-0.187755328693413,0.0928467267052299,0.0640148347305257));
#8722=CARTESIAN_POINT('',(-0.191897900665625,0.141,0.0811738803115266));
#8723=CARTESIAN_POINT('',(-0.188945881645287,0.124010308009257,0.0644321485103191));
#8724=CARTESIAN_POINT('',(-0.188757814879223,0.122719599133902,0.0633655688790678));
#8725=CARTESIAN_POINT('',(-0.188757814879223,0.122719599133902,0.0633655688790677));
#8726=CARTESIAN_POINT('',(-0.188748186458589,0.122660764700339,0.0633109633921745));
#8727=CARTESIAN_POINT('',(-0.188738520949638,0.122602110220954,0.0632561475669805));
#8728=CARTESIAN_POINT('',(-0.188728821423203,0.12254362079592,0.0632011388190537));
#8729=CARTESIAN_POINT('',(-0.187755328693413,0.141,0.0640148347305257));
#8730=CARTESIAN_POINT('',(-0.190005085327316,0.1434,0.0613336791796092));
#8731=CARTESIAN_POINT('',(-0.190005085327316,0.122914761190958,0.0613336791796092));
#8732=CARTESIAN_POINT('',(-0.190005085327316,0.122914761190958,0.0613336791796093));
#8733=CARTESIAN_POINT('',(-0.190143590789202,0.123032378727605,0.0614498990615931));
#8734=CARTESIAN_POINT('',(-0.190350154002324,0.123230929013544,0.0616496381975743));
#8735=CARTESIAN_POINT('',(-0.19057893694217,0.123510143314326,0.0619423895844146));
#8736=CARTESIAN_POINT('',(-0.190697493931226,0.123673166047695,0.062116079412213));
#8737=CARTESIAN_POINT('',(-0.190796209389521,0.123824999999054,0.0622799227692379));
#8738=CARTESIAN_POINT('',(-0.190836174150644,0.123892546559742,0.062353237893989));
#8739=CARTESIAN_POINT('',(-0.190914737804281,0.124031102983721,0.0625040381920536));
#8740=CARTESIAN_POINT('',(-0.191046843749913,0.124297644627404,0.0627976335238383));
#8741=CARTESIAN_POINT('',(-0.19115517077418,0.124599543659633,0.0631406006217467));
#8742=CARTESIAN_POINT('',(-0.191202155828956,0.124829872298756,0.0634070661086914));
#8743=CARTESIAN_POINT('',(-0.191202155828956,0.124829872298756,0.0634070661086914));
#8744=CARTESIAN_POINT('',(-0.191202155828956,0.021,0.0634070661086914));
#8745=CARTESIAN_POINT('',(-0.193927895244014,0.141,0.0788655024983263));
#8746=CARTESIAN_POINT('',(-0.194391675406104,0.06095,0.0814957304998851));
#8747=CARTESIAN_POINT('',(-0.196683831351308,0.06095,0.0944951928396462));
#8748=CARTESIAN_POINT('',(-0.194843160668038,0.06095,0.084056230657717));
#8749=CARTESIAN_POINT('',(-0.196683831351308,0.141,0.0944951928396462));
#8750=CARTESIAN_POINT('',(-0.193710993043869,0.142048110948177,0.0776353889940061));
#8751=CARTESIAN_POINT('',(-0.191445506999529,0.1265,0.0647871791781437));
#8752=CARTESIAN_POINT('',(-0.192481545451768,0.1265,0.0706628452167512));
#8753=CARTESIAN_POINT('',(-0.192562518926839,0.1265,0.0711220686137909));
#8754=CARTESIAN_POINT('',(-0.191886836511217,0.131137232345818,0.0672900832142427));
#8755=CARTESIAN_POINT('',(-0.193089314073602,0.122884586252781,0.0741096723522935));
#8756=CARTESIAN_POINT('',(-0.193089314073602,0.141,0.0741096723522935));
#8757=CARTESIAN_POINT('',(-0.193089314073602,0.114615413747219,0.0741096723522935));
#8758=CARTESIAN_POINT('',(-0.192614567673327,0.111357212390313,0.0714172517234863));
#8759=CARTESIAN_POINT('',(-0.192655193629435,0.111636029765734,0.0716476529697631));
#8760=CARTESIAN_POINT('',(-0.192655193629435,0.141,0.0716476529697631));
#8761=CARTESIAN_POINT('',(-0.192655193629435,0.0965894326398092,0.0716476529697631));
#8762=CARTESIAN_POINT('',(-0.192475649131193,0.0953572123903135,0.0706294055210765));
#8763=CARTESIAN_POINT('',(-0.192423600384705,0.095,0.0703342224113811));
#8764=CARTESIAN_POINT('',(-0.193927895244014,0.095,0.0788655024983263));
#8765=CARTESIAN_POINT('',(-0.191289223639628,0.095,0.0639008522004327));
#8766=CARTESIAN_POINT('',(-0.188446227535795,0.114511582937393,0.0477774200835155));
#8767=CARTESIAN_POINT('',(-0.191231278572566,0.0930465971259246,0.0635722293950629));
#8768=CARTESIAN_POINT('',(-0.191370197114699,0.094,0.0643600755974727));
#8769=CARTESIAN_POINT('',(-0.191856412012167,0.094,0.0671175373059069));
#8770=CARTESIAN_POINT('',(-0.192516275087301,0.094,0.0708598067673532));
#8771=CARTESIAN_POINT('',(-0.192516275087301,0.141,0.0708598067673533));
#8772=CARTESIAN_POINT('',(-0.192516275087301,0.0735,0.0708598067673532));
#8773=CARTESIAN_POINT('',(-0.193927895244014,0.0735,0.0788655024983263));
#8774=CARTESIAN_POINT('',(-0.191515905236535,0.0735,0.0651864274198058));
#8775=CARTESIAN_POINT('',(-0.191231278572566,0.0754534028740754,0.0635722293950629));
#8776=CARTESIAN_POINT('',(-0.192880936260401,0.07045,0.0729279030486789));
#8777=CARTESIAN_POINT('',(-0.194394143565309,0.07045,0.0815097281263082));
#8778=CARTESIAN_POINT('',(-0.19479230029434,0.0681571067811866,0.0837677871450247));
#8779=CARTESIAN_POINT('',(-0.194843160668038,0.0678642135623732,0.0840562306577169));
#8780=CARTESIAN_POINT('',(-0.194843160668038,0.141,0.0840562306577169));
#8781=CARTESIAN_POINT('',(-0.0742975448100932,0.141,0.110617626961678));
#8782=CARTESIAN_POINT('',(-0.0732590228029372,0.0436989568888695,0.102159543962323));
#8783=CARTESIAN_POINT('',(-0.0732590228029372,0.0523494784444347,0.102159543962323));
#8784=CARTESIAN_POINT('',(-0.0732590228029372,0.0436989568888695,0.102159543962323));
#8785=CARTESIAN_POINT('',(-0.0730762187878295,0.0436989568888695,0.100670724734861));
#8786=CARTESIAN_POINT('',(-0.0724668720708037,0.0436989568888695,0.0957079939766549));
#8787=CARTESIAN_POINT('',(-0.0724668720708037,0.141,0.0957079939766549));
#8788=CARTESIAN_POINT('',(-0.0724668720708037,0.021,0.0957079939766549));
#8789=CARTESIAN_POINT('',(-0.0742975448100932,0.021,0.110617626961678));
#8790=CARTESIAN_POINT('',(-0.0749974254553761,0.021,0.116317697395096));
#8791=CARTESIAN_POINT('',(-0.0749974254553761,0.141,0.116317697395096));
#8792=CARTESIAN_POINT('',(-0.0749974254553761,0.0237292541138077,0.116317697395096));
#8793=CARTESIAN_POINT('',(-0.0742356837719956,0.02425,0.110113809237017));
#8794=CARTESIAN_POINT('',(-0.0749974254553761,0.0247707458861923,0.116317697395096));
#8795=CARTESIAN_POINT('',(-0.0749974254553761,0.141,0.116317697395096));
#8796=CARTESIAN_POINT('',(-0.0749974254553761,0.0308548428470812,0.116317697395096));
#8797=CARTESIAN_POINT('',(-0.0774716628668077,0.0358853558754353,0.13646874401885));
#8798=CARTESIAN_POINT('',(-0.0759941612716371,0.032881363215079,0.124435459179895));
#8799=CARTESIAN_POINT('',(-0.0759941612716371,0.141,0.124435459179895));
#8800=CARTESIAN_POINT('',(-0.0724668720708037,0.141,0.0957079939766549));
#8801=CARTESIAN_POINT('',(-0.0724668720708037,0.11830104311113,0.0957079939766549));
#8802=CARTESIAN_POINT('',(-0.0730762187878295,0.11830104311113,0.100670724734861));
#8803=CARTESIAN_POINT('',(-0.0732590228029372,0.11830104311113,0.102159543962323));
#8804=CARTESIAN_POINT('',(-0.0732590228029372,0.109650521555565,0.102159543962323));
#8805=CARTESIAN_POINT('',(-0.0732590228029372,0.109650521555565,0.102159543962323));
#8806=CARTESIAN_POINT('',(-0.0730762187878295,0.109650521555565,0.100670724734861));
#8807=CARTESIAN_POINT('',(-0.0724668720708037,0.109650521555565,0.0957079939766549));
#8808=CARTESIAN_POINT('',(-0.0724668720708037,0.141,0.0957079939766549));
#8809=CARTESIAN_POINT('',(-0.0724668720708037,0.104650521555565,0.0957079939766549));
#8810=CARTESIAN_POINT('',(-0.0730762187878295,0.104650521555565,0.100670724734861));
#8811=CARTESIAN_POINT('',(-0.0732590228029372,0.104650521555565,0.102159543962323));
#8812=CARTESIAN_POINT('',(-0.0732590228029372,0.096,0.102159543962323));
#8813=CARTESIAN_POINT('',(-0.0732590228029372,0.096,0.102159543962323));
#8814=CARTESIAN_POINT('',(-0.0730762187878295,0.096,0.100670724734861));
#8815=CARTESIAN_POINT('',(-0.0724668720708037,0.096,0.0957079939766549));
#8816=CARTESIAN_POINT('',(-0.0724668720708037,0.141,0.0957079939766549));
#8817=CARTESIAN_POINT('',(-0.0724668720708037,0.066,0.0957079939766549));
#8818=CARTESIAN_POINT('',(-0.0730762187878295,0.066,0.100670724734861));
#8819=CARTESIAN_POINT('',(-0.0732590228029372,0.066,0.102159543962323));
#8820=CARTESIAN_POINT('',(-0.0732590228029372,0.0573494784444347,0.102159543962323));
#8821=CARTESIAN_POINT('',(-0.0732590228029372,0.0573494784444347,0.102159543962323));
#8822=CARTESIAN_POINT('',(-0.0730762187878295,0.0573494784444347,0.100670724734861));
#8823=CARTESIAN_POINT('',(-0.0724668720708037,0.0573494784444347,0.0957079939766549));
#8824=CARTESIAN_POINT('',(-0.0724668720708037,0.141,0.0957079939766549));
#8825=CARTESIAN_POINT('',(-0.0724668720708037,0.0523494784444347,0.0957079939766549));
#8826=CARTESIAN_POINT('',(-0.0730762187878295,0.0523494784444347,0.100670724734861));
#8827=CARTESIAN_POINT('',(-0.13110382972863,0.141,0.1106598492339));
#8828=CARTESIAN_POINT('',(-0.144948839752282,0.141,0.0718169820551855));
#8829=CARTESIAN_POINT('',(-0.144546433574688,0.141,0.0695348232160911));
#8830=CARTESIAN_POINT('',(-0.145351245929877,0.141,0.0740991408942799));
#8831=CARTESIAN_POINT('',(-0.146796433574688,0.141,0.0672848232160911));
#8832=CARTESIAN_POINT('',(-0.143418714897957,0.141,0.0650348232160912));
#8833=CARTESIAN_POINT('',(-0.14249548837421,0.141,0.0653467957221269));
#8834=CARTESIAN_POINT('',(-0.140550783516932,0.141,0.0657225327569383));
#8835=CARTESIAN_POINT('',(-0.138599255452793,0.141,0.0653474298804914));
#8836=CARTESIAN_POINT('',(-0.137674152251419,0.141,0.0650348232160911));
#8837=CARTESIAN_POINT('',(-0.137674152251419,0.141,0.0650348232160911));
#8838=CARTESIAN_POINT('',(-0.144597565342936,0.141,0.0650348232160911));
#8839=CARTESIAN_POINT('',(-0.1366561362832,0.141,0.0650348232160911));
#8840=CARTESIAN_POINT('',(-0.136582303725549,0.141,0.0646160979741845));
#8841=CARTESIAN_POINT('',(-0.138468415536307,0.141,0.0753127695963065));
#8842=CARTESIAN_POINT('',(-0.136102907313572,0.141,0.0757298725190625));
#8843=CARTESIAN_POINT('',(-0.13110382972863,0.021,0.1106598492339));
#8844=CARTESIAN_POINT('',(-0.173489129375542,0.021,0.0647713384316703));
#8845=CARTESIAN_POINT('',(-0.125385381447863,0.021,0.0782289174627593));
#8846=CARTESIAN_POINT('',(-0.187842045695574,0.021,0.059518673422392));
#8847=CARTESIAN_POINT('',(-0.185679006063831,0.021,0.0577036676651747));
#8848=CARTESIAN_POINT('',(-0.183429249429927,0.021,0.0603848232160911));
#8849=CARTESIAN_POINT('',(-0.183429249429927,0.021,0.0568848232160911));
#8850=CARTESIAN_POINT('',(-0.183016303127284,0.021,0.0568848232160911));
#8851=CARTESIAN_POINT('',(-0.183350186946871,0.021,0.0568848232160911));
#8852=CARTESIAN_POINT('',(-0.183350186946871,0.021,0.0603848232160911));
#8853=CARTESIAN_POINT('',(-0.180319098033626,0.021,0.0586348232160911));
#8854=CARTESIAN_POINT('',(-0.179669578980788,0.021,0.0597598232160911));
#8855=CARTESIAN_POINT('',(-0.178009696956867,0.021,0.0626348232160911));
#8856=CARTESIAN_POINT('',(-0.136509834313178,0.021,0.0626348232160911));
#8857=CARTESIAN_POINT('',(-0.0966420484730309,0.021,0.0626348232160911));
#8858=CARTESIAN_POINT('',(0.228557952480531,0.021,0.119976357510622));
#8859=CARTESIAN_POINT('',(-0.0954449779713908,0.021,0.0628458990433405));
#8860=CARTESIAN_POINT('',(-0.0966420484730309,0.021,0.0661348232160911));
#8861=CARTESIAN_POINT('',(-0.0939608929221144,0.021,0.0638850665821882));
#8862=CARTESIAN_POINT('',(-0.0833854228097091,0.021,0.0764884210820199));
#8863=CARTESIAN_POINT('',(-0.0717608739499299,0.021,0.0903420189479487));
#8864=CARTESIAN_POINT('',(-0.0774296028290103,0.021,0.0950986472596291));
#8865=CARTESIAN_POINT('',(-0.0700847613068646,0.021,0.0960004804008272));
#8866=CARTESIAN_POINT('',(-0.0719154340461541,0.021,0.11091011338585));
#8867=CARTESIAN_POINT('',(-0.0736120505076979,0.021,0.124727945604068));
#8868=CARTESIAN_POINT('',(-0.0747038512745034,0.021,0.124593889326322));
#8869=CARTESIAN_POINT('',(-0.0748379075522491,0.021,0.125685690093128));
#8870=CARTESIAN_POINT('',(-0.0749371621674132,0.021,0.125673503158787));
#8871=CARTESIAN_POINT('',(-0.0750364167825773,0.021,0.125661316224447));
#8872=CARTESIAN_POINT('',(-0.0749023605048316,0.021,0.124569515457641));
#8873=CARTESIAN_POINT('',(-0.0759941612716371,0.021,0.124435459179895));
#8874=CARTESIAN_POINT('',(-0.0774124391350361,0.021,0.12394710694821));
#8875=CARTESIAN_POINT('',(-0.078830716998435,0.021,0.123458754716524));
#8876=CARTESIAN_POINT('',(-0.0762261717627778,0.021,0.115894606111729));
#8877=CARTESIAN_POINT('',(-0.0762261717627778,0.021,0.115894606111729));
#8878=CARTESIAN_POINT('',(-0.0748078938993788,0.021,0.116382958343415));
#8879=CARTESIAN_POINT('',(-0.0774296028290103,0.021,0.0950986472596291));
#8880=CARTESIAN_POINT('',(-0.0735993806134155,0.021,0.0918847092111964));
#8881=CARTESIAN_POINT('',(-0.0848642453312379,0.021,0.0784597662136438));
#8882=CARTESIAN_POINT('',(-0.0961291100490604,0.021,0.0650348232160911));
#8883=CARTESIAN_POINT('',(-0.144597565342936,0.021,0.0650348232160911));
#8884=CARTESIAN_POINT('',(-0.105787167281874,0.021,0.0650348232160911));
#8885=CARTESIAN_POINT('',(-0.105786819985518,0.021,0.0650328536005851));
#8886=CARTESIAN_POINT('',(-0.108530259844736,0.021,0.0805916741973811));
#8887=CARTESIAN_POINT('',(-0.109712029148351,0.021,0.0803832963841808));
#8888=CARTESIAN_POINT('',(-0.110893798451965,0.021,0.0801749185709805));
#8889=CARTESIAN_POINT('',(-0.108150358592748,0.021,0.0646160979741845));
#8890=CARTESIAN_POINT('',(-0.1082241911504,0.021,0.0650348232160911));
#8891=CARTESIAN_POINT('',(-0.144597565342936,0.021,0.0650348232160911));
#8892=CARTESIAN_POINT('',(-0.134219112414675,0.021,0.0650348232160911));
#8893=CARTESIAN_POINT('',(-0.134218765118319,0.021,0.0650328536005851));
#8894=CARTESIAN_POINT('',(-0.136104876929078,0.021,0.0757295252227071));
#8895=CARTESIAN_POINT('',(-0.137286646232693,0.021,0.0755211474095068));
#8896=CARTESIAN_POINT('',(-0.138468415536307,0.021,0.0753127695963065));
#8897=CARTESIAN_POINT('',(-0.136582303725549,0.021,0.0646160979741844));
#8898=CARTESIAN_POINT('',(-0.1366561362832,0.021,0.0650348232160911));
#8899=CARTESIAN_POINT('',(-0.144597565342936,0.021,0.0650348232160911));
#8900=CARTESIAN_POINT('',(-0.137674152251419,0.021,0.0650348232160911));
#8901=CARTESIAN_POINT('',(-0.137674152251419,0.021,0.0650348232160911));
#8902=CARTESIAN_POINT('',(-0.138601624895439,0.021,0.065348230551769));
#8903=CARTESIAN_POINT('',(-0.140542783845581,0.021,0.0657213957808051));
#8904=CARTESIAN_POINT('',(-0.142491125834532,0.021,0.0653482698916845));
#8905=CARTESIAN_POINT('',(-0.143418714897957,0.021,0.0650348232160911));
#8906=CARTESIAN_POINT('',(-0.0966420484730309,0.141,0.0661348232160911));
#8907=CARTESIAN_POINT('',(-0.0954449779713911,0.141,0.0628458990433404));
#8908=CARTESIAN_POINT('',(-0.0939608929221144,0.141,0.0638850665821882));
#8909=CARTESIAN_POINT('',(-0.144597565342936,0.141,0.0650348232160911));
#8910=CARTESIAN_POINT('',(-0.108224191150399,0.081,0.0650348232160911));
#8911=CARTESIAN_POINT('',(-0.1082241911504,0.0423497474683058,0.0650348232160911));
#8912=CARTESIAN_POINT('',(-0.108224191150399,0.0725134372270718,0.0650348232160911));
#8913=CARTESIAN_POINT('',(-0.107746433574688,0.081,0.0650348232160911));
#8914=CARTESIAN_POINT('',(-0.108224191150399,0.0894865627729281,0.0650348232160911));
#8915=CARTESIAN_POINT('',(-0.108224191150399,0.081,0.0650348232160911));
#8916=CARTESIAN_POINT('',(-0.108224191150399,0.119650252531694,0.0650348232160911));
#8917=CARTESIAN_POINT('',(-0.110873831754169,0.122259639140983,0.0650348232160911));
#8918=CARTESIAN_POINT('',(-0.113681980975584,0.125025126265847,0.0650348232160911));
#8919=CARTESIAN_POINT('',(-0.111168928324868,0.1275,0.0650348232160911));
#8920=CARTESIAN_POINT('',(-0.113681980975584,0.129974873734153,0.0650348232160911));
#8921=CARTESIAN_POINT('',(-0.110873831754169,0.132740360859017,0.0650348232160911));
#8922=CARTESIAN_POINT('',(-0.1082241911504,0.135349747468306,0.0650348232160911));
#8923=CARTESIAN_POINT('',(-0.108224191150399,0.138174873734153,0.0650348232160911));
#8924=CARTESIAN_POINT('',(-0.134219112414675,0.081,0.0650348232160911));
#8925=CARTESIAN_POINT('',(-0.134219112414675,0.13867582654228,0.0650348232160911));
#8926=CARTESIAN_POINT('',(-0.140546433574688,0.133,0.0650348232160911));
#8927=CARTESIAN_POINT('',(-0.134219112414675,0.12732417345772,0.0650348232160911));
#8928=CARTESIAN_POINT('',(-0.134219112414675,0.081,0.0650348232160911));
#8929=CARTESIAN_POINT('',(-0.134219112414675,0.03467582654228,0.0650348232160911));
#8930=CARTESIAN_POINT('',(-0.140546433574688,0.029,0.0650348232160911));
#8931=CARTESIAN_POINT('',(-0.134219112414675,0.02332417345772,0.0650348232160911));
#8932=CARTESIAN_POINT('',(-0.134219112414675,0.081,0.0650348232160911));
#8933=CARTESIAN_POINT('',(-0.1082241911504,0.0238251262658471,0.0650348232160911));
#8934=CARTESIAN_POINT('',(-0.1082241911504,0.0266502525316941,0.0650348232160911));
#8935=CARTESIAN_POINT('',(-0.110873831754169,0.0292596391409827,0.0650348232160911));
#8936=CARTESIAN_POINT('',(-0.113681980975584,0.032025126265847,0.0650348232160911));
#8937=CARTESIAN_POINT('',(-0.111168928324868,0.0345,0.0650348232160911));
#8938=CARTESIAN_POINT('',(-0.113681980975584,0.0369748737341529,0.0650348232160911));
#8939=CARTESIAN_POINT('',(-0.110873831754169,0.0397403608590172,0.0650348232160911));
#8940=CARTESIAN_POINT('',(-0.144597565342936,0.141,0.0650348232160911));
#8941=CARTESIAN_POINT('',(-0.105787167281874,0.081,0.0650348232160911));
#8942=CARTESIAN_POINT('',(-0.105787167281874,0.0892711109044579,0.0650348232160911));
#8943=CARTESIAN_POINT('',(-0.105787167281874,0.141,0.0650348232160911));
#8944=CARTESIAN_POINT('',(-0.107746433574688,0.081,0.0650348232160911));
#8945=CARTESIAN_POINT('',(-0.105787167281874,0.0727288890955421,0.0650348232160911));
#8946=CARTESIAN_POINT('',(-0.105787167281874,0.081,0.0650348232160911));
#8947=CARTESIAN_POINT('',(-0.0961291100490604,0.141,0.0650348232160911));
#8948=CARTESIAN_POINT('',(-0.107025076715891,0.1428,0.0650348232160911));
#8949=CARTESIAN_POINT('',(-0.107025076715891,0.1428,0.0650348232160911));
#8950=CARTESIAN_POINT('',(-0.107025076715891,0.140998,0.0650348232160911));
#8951=CARTESIAN_POINT('',(-0.107025076715891,0.141,0.0650348232160911));
#8952=CARTESIAN_POINT('',(-0.101577093382476,0.141,0.0650348232160911));
#8953=CARTESIAN_POINT('',(-0.144597565342936,0.141,0.0650348232160911));
#8954=CARTESIAN_POINT('',(-0.1366561362832,0.0387062260797143,0.0650348232160911));
#8955=CARTESIAN_POINT('',(-0.1366561362832,0.0214425145065407,0.0650348232160911));
#8956=CARTESIAN_POINT('',(-0.140546433574688,0.029,0.0650348232160911));
#8957=CARTESIAN_POINT('',(-0.144597565342936,0.141,0.0650348232160911));
#8958=CARTESIAN_POINT('',(-0.140546433574688,0.133,0.0650348232160911));
#8959=CARTESIAN_POINT('',(-0.1366561362832,0.140557485493459,0.0650348232160911));
#8960=CARTESIAN_POINT('',(-0.1366561362832,0.103654873734153,0.0650348232160911));
#8961=CARTESIAN_POINT('',(-0.149695223920646,0.07,0.0733331803709034));
#8962=CARTESIAN_POINT('',(-0.140831954143537,0.05896,0.0748960139699058));
#8963=CARTESIAN_POINT('',(-0.13945322328932,0.05896,0.0751391214186395));
#8964=CARTESIAN_POINT('',(-0.136104876929078,0.081,0.0757295252227071));
#8965=CARTESIAN_POINT('',(-0.136104876929078,0.0564124521594286,0.0757295252227071));
#8966=CARTESIAN_POINT('',(-0.136104876929078,0.0663097474683058,0.0757295252227071));
#8967=CARTESIAN_POINT('',(-0.136102907313572,0.0663097474683058,0.0757298725190624));
#8968=CARTESIAN_POINT('',(-0.138468415536307,0.0663097474683058,0.0753127695963065));
#8969=CARTESIAN_POINT('',(-0.140868822260482,0.0638723106012294,0.0748895131261605));
#8970=CARTESIAN_POINT('',(-0.143269228984657,0.0614348737341529,0.0744662566560144));
#8971=CARTESIAN_POINT('',(-0.140831954143537,0.05896,0.0748960139699058));
#8972=CARTESIAN_POINT('',(-0.138468415536307,0.0564124521594286,0.0753127695963065));
#8973=CARTESIAN_POINT('',(-0.136102907313572,0.0564124521594286,0.0757298725190625));
#8974=CARTESIAN_POINT('',(-0.149695223920646,0.07,0.0733331803709034));
#8975=CARTESIAN_POINT('',(-0.136104876929078,0.081,0.0757295252227071));
#8976=CARTESIAN_POINT('',(-0.136104876929078,0.036,0.0757295252227072));
#8977=CARTESIAN_POINT('',(-0.136102907313572,0.036,0.0757298725190625));
#8978=CARTESIAN_POINT('',(-0.138468415536307,0.036,0.0753127695963065));
#8979=CARTESIAN_POINT('',(-0.138468415536307,0.0387062260797143,0.0753127695963065));
#8980=CARTESIAN_POINT('',(-0.136582303725549,0.103654873734153,0.0646160979741845));
#8981=CARTESIAN_POINT('',(-0.136582303725549,0.0663097474683058,0.0646160979741844));
#8982=CARTESIAN_POINT('',(-0.137562275909754,0.0715279976033086,0.0701737964061988));
#8983=CARTESIAN_POINT('',(-0.149695223920646,0.07,0.0733331803709034));
#8984=CARTESIAN_POINT('',(-0.113749740935701,0.1275,0.0796713388557464));
#8985=CARTESIAN_POINT('',(-0.112371010081484,0.1275,0.0799144463044801));
#8986=CARTESIAN_POINT('',(-0.113749740935701,0.0345,0.0796713388557464));
#8987=CARTESIAN_POINT('',(-0.112371010081484,0.0345,0.0799144463044801));
#8988=CARTESIAN_POINT('',(-0.120741875982088,0.1246,0.0784384367943112));
#8989=CARTESIAN_POINT('',(-0.115768348134206,0.1246,0.0793154039431977));
#8990=CARTESIAN_POINT('',(-0.110893798451965,0.1246,0.0801749185709805));
#8991=CARTESIAN_POINT('',(-0.110893798451965,0.081,0.0801749185709805));
#8992=CARTESIAN_POINT('',(-0.110893798451965,0.084,0.0801749185709805));
#8993=CARTESIAN_POINT('',(-0.112371010081484,0.0825,0.0799144463044801));
#8994=CARTESIAN_POINT('',(-0.113848221711002,0.081,0.0796539740379797));
#8995=CARTESIAN_POINT('',(-0.112371010081484,0.0795,0.0799144463044801));
#8996=CARTESIAN_POINT('',(-0.110893798451965,0.078,0.0801749185709805));
#8997=CARTESIAN_POINT('',(-0.110893798451965,0.081,0.0801749185709805));
#8998=CARTESIAN_POINT('',(-0.110893798451965,0.0374,0.0801749185709805));
#8999=CARTESIAN_POINT('',(-0.120741875982087,0.0374,0.0784384367943112));
#9000=CARTESIAN_POINT('',(-0.115768348134206,0.0374,0.0793154039431977));
#9001=CARTESIAN_POINT('',(-0.113540407114393,0.0396623106012294,0.0797082500564178));
#9002=CARTESIAN_POINT('',(-0.116187015776821,0.0369748737341529,0.079241581541855));
#9003=CARTESIAN_POINT('',(-0.113749740935701,0.0345,0.0796713388557464));
#9004=CARTESIAN_POINT('',(-0.116187015776821,0.032025126265847,0.079241581541855));
#9005=CARTESIAN_POINT('',(-0.113540407114393,0.0293376893987706,0.0797082500564178));
#9006=CARTESIAN_POINT('',(-0.110893798451965,0.0266502525316941,0.0801749185709805));
#9007=CARTESIAN_POINT('',(-0.110893798451965,0.0238251262658471,0.0801749185709805));
#9008=CARTESIAN_POINT('',(-0.108530259844736,0.081,0.0805916741973812));
#9009=CARTESIAN_POINT('',(-0.110893798451965,0.138174873734153,0.0801749185709805));
#9010=CARTESIAN_POINT('',(-0.110893798451965,0.135349747468306,0.0801749185709805));
#9011=CARTESIAN_POINT('',(-0.113540407114393,0.132662310601229,0.0797082500564178));
#9012=CARTESIAN_POINT('',(-0.116187015776821,0.129974873734153,0.079241581541855));
#9013=CARTESIAN_POINT('',(-0.113749740935701,0.1275,0.0796713388557464));
#9014=CARTESIAN_POINT('',(-0.116187015776821,0.125025126265847,0.079241581541855));
#9015=CARTESIAN_POINT('',(-0.113540407114393,0.122337689398771,0.0797082500564178));
#9016=CARTESIAN_POINT('',(-0.110796967255175,0.0396623106012294,0.0641494294596217));
#9017=CARTESIAN_POINT('',(-0.107631299448101,0.0442277945513821,0.0724876093918156));
#9018=CARTESIAN_POINT('',(-0.109869468806418,0.0423497474683058,0.0743656564748918));
#9019=CARTESIAN_POINT('',(-0.108150358592748,0.0423497474683058,0.0646160979741845));
#9020=CARTESIAN_POINT('',(-0.113443575917603,0.0369748737341529,0.063682760945059));
#9021=CARTESIAN_POINT('',(-0.0848642453312379,0.141,0.0784597662136438));
#9022=CARTESIAN_POINT('',(-0.0735993806134155,0.141,0.0918847092111964));
#9023=CARTESIAN_POINT('',(-0.0929344500389914,0.1395093733231,0.0688420707602078));
#9024=CARTESIAN_POINT('',(-0.095025076715891,0.1416,0.0663505589072394));
#9025=CARTESIAN_POINT('',(-0.095025076715891,0.140998,0.0663505589072394));
#9026=CARTESIAN_POINT('',(-0.095025076715891,0.1428,0.0663505589072394));
#9027=CARTESIAN_POINT('',(-0.0929344500389914,0.1448906266769,0.0688420707602078));
#9028=CARTESIAN_POINT('',(-0.0774296028290103,0.141,0.0950986472596291));
#9029=CARTESIAN_POINT('',(-0.0774296028290103,0.109650521555565,0.0950986472596291));
#9030=CARTESIAN_POINT('',(-0.0726845877759687,0.109650521555565,0.0935223122234113));
#9031=CARTESIAN_POINT('',(-0.0726845877759687,0.141,0.0935223122234113));
#9032=CARTESIAN_POINT('',(-0.0726845877759687,0.117726069094282,0.0935223122234113));
#9033=CARTESIAN_POINT('',(-0.0774296028290103,0.112342275148159,0.0950986472596291));
#9034=CARTESIAN_POINT('',(-0.0774296028290103,0.0496577248518405,0.0950986472596291));
#9035=CARTESIAN_POINT('',(-0.0726845877759687,0.0442739309057175,0.0935223122234113));
#9036=CARTESIAN_POINT('',(-0.0726845877759687,0.141,0.0935223122234113));
#9037=CARTESIAN_POINT('',(-0.0726845877759687,0.0523494784444347,0.0935223122234113));
#9038=CARTESIAN_POINT('',(-0.0774296028290103,0.0523494784444347,0.0950986472596291));
#9039=CARTESIAN_POINT('',(-0.0774296028290103,0.0573494784444347,0.0950986472596291));
#9040=CARTESIAN_POINT('',(-0.0726845877759687,0.0573494784444347,0.0935223122234113));
#9041=CARTESIAN_POINT('',(-0.0726845877759687,0.141,0.0935223122234113));
#9042=CARTESIAN_POINT('',(-0.0726845877759687,0.0654250259831519,0.0935223122234113));
#9043=CARTESIAN_POINT('',(-0.0774296028290103,0.060041232037029,0.0950986472596291));
#9044=CARTESIAN_POINT('',(-0.0774296028290103,0.101958767962971,0.0950986472596291));
#9045=CARTESIAN_POINT('',(-0.0726845877759687,0.096574974016848,0.0935223122234113));
#9046=CARTESIAN_POINT('',(-0.0726845877759687,0.141,0.0935223122234113));
#9047=CARTESIAN_POINT('',(-0.0726845877759687,0.104650521555565,0.0935223122234113));
#9048=CARTESIAN_POINT('',(-0.0774296028290103,0.104650521555565,0.0950986472596291));
#9049=CARTESIAN_POINT('',(-0.0749371621674132,0.141,0.125673503158787));
#9050=CARTESIAN_POINT('',(-0.0748379075522491,0.141,0.125685690093128));
#9051=CARTESIAN_POINT('',(-0.0761282175493828,0.1434,0.125527259946701));
#9052=CARTESIAN_POINT('',(-0.0750364167825773,0.141,0.125661316224447));
#9053=CARTESIAN_POINT('',(-0.0719154340461541,0.141,0.11091011338585));
#9054=CARTESIAN_POINT('',(-0.0736120505076979,0.141,0.124727945604068));
#9055=CARTESIAN_POINT('',(-0.0700847613068646,0.141,0.0960004804008272));
#9056=CARTESIAN_POINT('',(-0.0774296028290103,0.141,0.0950986472596291));
#9057=CARTESIAN_POINT('',(-0.0717608739499299,0.141,0.0903420189479487));
#9058=CARTESIAN_POINT('',(-0.0833854228097091,0.141,0.0764884210820199));
#9059=CARTESIAN_POINT('',(-0.136509834313178,0.141,0.0626348232160911));
#9060=CARTESIAN_POINT('',(-0.140546433574688,0.133,0.0626348232160911));
#9061=CARTESIAN_POINT('',(-0.141946433574688,0.133,0.0626348232160911));
#9062=CARTESIAN_POINT('',(-0.107746433574688,0.081,0.0626348232160911));
#9063=CARTESIAN_POINT('',(-0.109146433574688,0.081,0.0626348232160911));
#9064=CARTESIAN_POINT('',(-0.140546433574688,0.029,0.0626348232160911));
#9065=CARTESIAN_POINT('',(-0.141946433574688,0.029,0.0626348232160911));
#9066=CARTESIAN_POINT('',(-0.0966420484730309,0.141,0.0626348232160911));
#9067=CARTESIAN_POINT('',(-0.178009696956867,0.141,0.0626348232160911));
#9068=CARTESIAN_POINT('',(-0.179669578980788,0.141,0.0597598232160911));
#9069=CARTESIAN_POINT('',(-0.180319098033626,0.141,0.0586348232160911));
#9070=CARTESIAN_POINT('',(-0.183016303127284,0.141,0.0568848232160911));
#9071=CARTESIAN_POINT('',(-0.183429249429927,0.1434,0.0568848232160911));
#9072=CARTESIAN_POINT('',(-0.183350186946871,0.141,0.0568848232160911));
#9073=CARTESIAN_POINT('',(-0.187842045695574,0.141,0.059518673422392));
#9074=CARTESIAN_POINT('',(-0.188765595800863,0.0421116845755481,0.0602936239751142));
#9075=CARTESIAN_POINT('',(-0.189651208025883,0.0410562530247345,0.061036740866495));
#9076=CARTESIAN_POINT('',(-0.189651208025883,0.07045,0.061036740866495));
#9077=CARTESIAN_POINT('',(-0.189651208025883,0.07045,0.061036740866495));
#9078=CARTESIAN_POINT('',(-0.187842045695574,0.07045,0.059518673422392));
#9079=CARTESIAN_POINT('',(-0.191452584550025,0.0766093664467465,0.0625482752435132));
#9080=CARTESIAN_POINT('',(-0.189651208025883,0.0787561633910066,0.061036740866495));
#9081=CARTESIAN_POINT('',(-0.189651208025883,0.0920931942518493,0.061036740866495));
#9082=CARTESIAN_POINT('',(-0.189651208025883,0.0897438366089934,0.061036740866495));
#9083=CARTESIAN_POINT('',(-0.2082155396925,0.111867945566794,0.0766140647210053));
#9084=CARTESIAN_POINT('',(-0.188765595800863,0.0989898266718408,0.0602936239751142));
#9085=CARTESIAN_POINT('',(-0.189651208025883,0.0979343951210273,0.061036740866495));
#9086=CARTESIAN_POINT('',(-0.189651208025883,0.122520616018514,0.061036740866495));
#9087=CARTESIAN_POINT('',(-0.189651208025883,0.122493026645638,0.061036740866495));
#9088=CARTESIAN_POINT('',(-0.189119473102295,0.121859329640145,0.0605905622882284));
#9089=CARTESIAN_POINT('',(-0.185679006063831,0.021,0.0577036676651747));
#9090=CARTESIAN_POINT('',(-0.195693075043126,0.141,0.0957868591811599));
#9091=CARTESIAN_POINT('',(-0.195693075043126,0.06095,0.0957868591811599));
#9092=CARTESIAN_POINT('',(-0.195594594267825,0.06095,0.0958042239989266));
#9093=CARTESIAN_POINT('',(-0.195791555818427,0.06095,0.0957694943633932));
#9094=CARTESIAN_POINT('',(-0.195594594267825,0.141,0.0958042239989266));
#9095=CARTESIAN_POINT('',(-0.132339921261426,0.1434,0.106957729505846));
#9096=CARTESIAN_POINT('',(-0.195791555818427,0.141,0.0957694943633932));
#9097=CARTESIAN_POINT('',(-0.141516138211389,0.1434,0.158998641867036));
#9098=CARTESIAN_POINT('',(-0.124311903433711,0.1434,0.109033916083616));
#9099=CARTESIAN_POINT('',(-0.100650301079338,0.1434,0.117181259148906));
#9100=CARTESIAN_POINT('',(-0.0769886987249654,0.1434,0.125328602214197));
#9101=CARTESIAN_POINT('',(-0.0756134071028258,0.1434,0.1213344653252));
#9102=CARTESIAN_POINT('',(-0.195600542822994,0.141,0.0946862058350798));
#9103=CARTESIAN_POINT('',(-0.195600542822994,0.06095,0.0946862058350798));
#9104=CARTESIAN_POINT('',(-0.195403581272392,0.141,0.0947209354706132));
#9105=CARTESIAN_POINT('',(-0.195403581272392,0.06095,0.0947209354706132));
#9106=CARTESIAN_POINT('',(-0.194320292744078,0.141,0.0949119484660468));
#9107=CARTESIAN_POINT('',(-0.0747038512745034,0.141,0.124593889326322));
#9108=CARTESIAN_POINT('',(-0.0749023605048316,0.141,0.124569515457641));
#9109=CARTESIAN_POINT('',(-0.0759941612716371,0.141,0.124435459179895));
#9110=CARTESIAN_POINT('',(-0.183429249429927,0.141,0.0603848232160911));
#9111=CARTESIAN_POINT('',(-0.184478263077337,0.126227115372988,0.0570457259776824));
#9112=CARTESIAN_POINT('',(-0.184733138929361,0.126335690532645,0.0571257979935832));
#9113=CARTESIAN_POINT('',(-0.185168721257953,0.12666033917799,0.0573298521220916));
#9114=CARTESIAN_POINT('',(-0.185491942913355,0.127496473217078,0.0575577443163376));
#9115=CARTESIAN_POINT('',(-0.185173093549435,0.128335782484934,0.0573322799070948));
#9116=CARTESIAN_POINT('',(-0.184733384843584,0.128664204709781,0.057125875250206));
#9117=CARTESIAN_POINT('',(-0.184478263077338,0.128772884627012,0.0570457259776825));
#9118=CARTESIAN_POINT('',(-0.184478263077337,0.126227115372988,0.0570457259776824));
#9119=CARTESIAN_POINT('',(-0.184478263077337,0.128772884627012,0.0570457259776824));
#9120=CARTESIAN_POINT('',(-0.184478263077337,0.141,0.0570457259776824));
#9121=CARTESIAN_POINT('',(-0.184478263077337,0.0332271153729881,0.0570457259776824));
#9122=CARTESIAN_POINT('',(-0.184733138929361,0.0333356905326452,0.0571257979935832));
#9123=CARTESIAN_POINT('',(-0.185168721257953,0.0336603391779896,0.0573298521220916));
#9124=CARTESIAN_POINT('',(-0.185491942913355,0.0344964732170781,0.0575577443163375));
#9125=CARTESIAN_POINT('',(-0.185173093549435,0.0353357824849336,0.0573322799070948));
#9126=CARTESIAN_POINT('',(-0.184733384843584,0.0356642047097809,0.057125875250206));
#9127=CARTESIAN_POINT('',(-0.184478263077338,0.0357728846270122,0.0570457259776825));
#9128=CARTESIAN_POINT('',(-0.184478263077337,0.0332271153729881,0.0570457259776824));
#9129=CARTESIAN_POINT('',(-0.184478263077337,0.0357728846270119,0.0570457259776824));
#9130=CARTESIAN_POINT('',(-0.184478263077337,0.141,0.0570457259776824));
#9131=CARTESIAN_POINT('',(-0.183350186946871,0.141,0.0603848232160911));
#9132=CARTESIAN_POINT('',(-0.111061415022455,0.1275,0.0644250849787508));
#9133=CARTESIAN_POINT('',(-0.113443575917603,0.129974873734153,0.063682760945059));
#9134=CARTESIAN_POINT('',(-0.113443575917603,0.125025126265847,0.063682760945059));
#9135=CARTESIAN_POINT('',(-0.111061415022455,0.0345,0.0644250849787508));
#9136=CARTESIAN_POINT('',(-0.113443575917603,0.032025126265847,0.063682760945059));
#9137=CARTESIAN_POINT('',(-0.138985646849313,0.05896,0.0644250849787508));
#9138=CARTESIAN_POINT('',(-0.141383117173898,0.0614348737341529,0.0637695850338924));
#9139=CARTESIAN_POINT('',(-0.136582303725549,0.0564124521594286,0.0646160979741844));
#9140=CARTESIAN_POINT('',(-0.185640706905592,0.0345,0.0669950218860605));
#9141=CARTESIAN_POINT('',(-0.185640706905592,0.0345,0.0669950218860605));
#9142=CARTESIAN_POINT('',(-0.182193879770049,0.0345,0.0676027905078948));
#9143=CARTESIAN_POINT('',(-0.149695223920646,0.07,0.0733331803709035));
#9144=CARTESIAN_POINT('',(-0.185640706905592,0.0345,0.0669950218860605));
#9145=CARTESIAN_POINT('',(-0.184261976051375,0.0345,0.0672381293347942));
#9146=CARTESIAN_POINT('',(-0.149695223920646,0.07,0.0733331803709035));
#9147=CARTESIAN_POINT('',(-0.185640706905592,0.1275,0.0669950218860605));
#9148=CARTESIAN_POINT('',(-0.184261976051375,0.1275,0.0672381293347942));
#9149=CARTESIAN_POINT('',(-0.185640706905592,0.1275,0.0669950218860605));
#9150=CARTESIAN_POINT('',(-0.182193879770049,0.1275,0.0676027905078948));
#9151=CARTESIAN_POINT('',(-0.185640706905592,0.1275,0.0669950218860605));
#9152=CARTESIAN_POINT('',(-0.189060740670836,0.124798589569012,0.0650835464137339));
#9153=CARTESIAN_POINT('',(-0.188970071986823,0.124055584770144,0.0645693387544868));
#9154=CARTESIAN_POINT('',(-0.188865721727642,0.123378963586873,0.0639775390267181));
#9155=CARTESIAN_POINT('',(-0.188757814879223,0.122719599133902,0.0633655688790677));
#9156=CARTESIAN_POINT('',(-0.183904225128923,0.1275,0.0571469443559384));
#9157=CARTESIAN_POINT('',(-0.183904225128923,0.1275,0.0571469443559384));
#9158=CARTESIAN_POINT('',(-0.147958742143977,0.07,0.0634851028407814));
#9159=CARTESIAN_POINT('',(-0.183904225128923,0.0345,0.0571469443559384));
#9160=CARTESIAN_POINT('',(-0.183904225128923,0.0345,0.0571469443559384));
#9161=CARTESIAN_POINT('',(-0.147958742143977,0.07,0.0634851028407814));
#9162=CARTESIAN_POINT('',(-0.139095472366867,0.05896,0.0650479364397837));
#9163=CARTESIAN_POINT('',(-0.139095472366867,0.05896,0.0650479364397837));
#9164=CARTESIAN_POINT('',(-0.13771674151265,0.05896,0.0652910438885174));
#9165=CARTESIAN_POINT('',(-0.147958742143977,0.07,0.0634851028407814));
#9166=CARTESIAN_POINT('',(-0.112013259159032,0.0345,0.0698232613256243));
#9167=CARTESIAN_POINT('',(-0.112013259159032,0.0345,0.0698232613256243));
#9168=CARTESIAN_POINT('',(-0.110634528304815,0.0345,0.070066368774358));
#9169=CARTESIAN_POINT('',(-0.147958742143977,0.07,0.0634851028407814));
#9170=CARTESIAN_POINT('',(-0.112013259159032,0.1275,0.0698232613256243));
#9171=CARTESIAN_POINT('',(-0.112013259159032,0.1275,0.0698232613256243));
#9172=CARTESIAN_POINT('',(-0.110634528304815,0.1275,0.070066368774358));
#9173=CARTESIAN_POINT('',(-0.147958742143977,0.07,0.0634851028407814));
#9174=CARTESIAN_POINT('',(-0.136582303725549,0.0387062260797143,0.0646160979741844));
#9175=CARTESIAN_POINT('',(-0.137449607696389,0.0315317325055182,0.0695348232160913));
#9176=CARTESIAN_POINT('',(-0.137331823840053,0.0324430395543274,0.0688668377730102));
#9177=CARTESIAN_POINT('',(-0.1370672375467,0.034118121081904,0.0673662943377993));
#9178=CARTESIAN_POINT('',(-0.136793990702243,0.0357491344822309,0.0658166344765621));
#9179=CARTESIAN_POINT('',(-0.1366561362832,0.0365574854934593,0.0650348232160911));
#9180=CARTESIAN_POINT('',(-0.137449607696388,0.031531732505518,0.0695348232160911));
#9181=CARTESIAN_POINT('',(-0.137449607696388,0.0387062260797143,0.0695348232160911));
#9182=CARTESIAN_POINT('',(-0.137449607696388,0.026468267494482,0.0695348232160911));
#9183=CARTESIAN_POINT('',(-0.1366561362832,0.0214425145065407,0.0650348232160911));
#9184=CARTESIAN_POINT('',(-0.136793982203529,0.0222508156829951,0.0658165862779615));
#9185=CARTESIAN_POINT('',(-0.137067077755231,0.023881011804327,0.0673653881153467));
#9186=CARTESIAN_POINT('',(-0.137331666898251,0.0255557461691621,0.0688659477118241));
#9187=CARTESIAN_POINT('',(-0.137449607696389,0.0264682674944817,0.0695348232160914));
#9188=CARTESIAN_POINT('',(-0.137562275909754,0.0412182501350027,0.0701737964061988));
#9189=CARTESIAN_POINT('',(-0.138982710449723,0.0638723106012294,0.0641928415040384));
#9190=CARTESIAN_POINT('',(-0.136582303725549,0.103654873734153,0.0646160979741845));
#9191=CARTESIAN_POINT('',(-0.137449607696389,0.135531732505518,0.0695348232160912));
#9192=CARTESIAN_POINT('',(-0.137331823840053,0.136443039554327,0.0688668377730101));
#9193=CARTESIAN_POINT('',(-0.1370672375467,0.138118121081904,0.0673662943377992));
#9194=CARTESIAN_POINT('',(-0.136793990702243,0.139749134482231,0.0658166344765621));
#9195=CARTESIAN_POINT('',(-0.1366561362832,0.140557485493459,0.0650348232160911));
#9196=CARTESIAN_POINT('',(-0.137449607696388,0.135531732505518,0.0695348232160911));
#9197=CARTESIAN_POINT('',(-0.137449607696388,0.103654873734153,0.0695348232160911));
#9198=CARTESIAN_POINT('',(-0.137449607696388,0.130468267494482,0.0695348232160911));
#9199=CARTESIAN_POINT('',(-0.1366561362832,0.125442514506541,0.0650348232160911));
#9200=CARTESIAN_POINT('',(-0.136793982203529,0.126250815682995,0.0658165862779615));
#9201=CARTESIAN_POINT('',(-0.137067077755231,0.127881011804327,0.0673653881153467));
#9202=CARTESIAN_POINT('',(-0.137331666898251,0.129555746169162,0.068865947711824));
#9203=CARTESIAN_POINT('',(-0.137449607696389,0.130468267494482,0.0695348232160913));
#9204=CARTESIAN_POINT('',(-0.137562275909754,0.115781749864997,0.0701737964061988));
#9205=CARTESIAN_POINT('',(-0.138468415536307,0.103654873734153,0.0753127695963065));
#9206=CARTESIAN_POINT('',(-0.134218765118319,0.081,0.0650328536005851));
#9207=CARTESIAN_POINT('',(-0.136521632555479,0.136618449568748,0.0780930638299364));
#9208=CARTESIAN_POINT('',(-0.136521632555479,0.133236899137497,0.0780930638299364));
#9209=CARTESIAN_POINT('',(-0.1308347776658,0.100487607056896,0.0458413070832989));
#9210=CARTESIAN_POINT('',(-0.136347984377812,0.132236899137497,0.0771082560769242));
#9211=CARTESIAN_POINT('',(-0.136313254742278,0.132236899137497,0.0769112945263218));
#9212=CARTESIAN_POINT('',(-0.135198737302525,0.115781749864997,0.0705905520325995));
#9213=CARTESIAN_POINT('',(-0.134292597675971,0.110563499729994,0.0654515788424918));
#9214=CARTESIAN_POINT('',(-0.134292597675971,0.103654873734153,0.0654515788424918));
#9215=CARTESIAN_POINT('',(-0.134292597675971,0.0767462477383113,0.0654515788424918));
#9216=CARTESIAN_POINT('',(-0.135198737302524,0.0715279976033086,0.0705905520325994));
#9217=CARTESIAN_POINT('',(-0.135198737302524,0.0564124521594286,0.0705905520325994));
#9218=CARTESIAN_POINT('',(-0.134292597675971,0.0564124521594286,0.0654515788424918));
#9219=CARTESIAN_POINT('',(-0.134292597675971,0.051424476214717,0.0654515788424918));
#9220=CARTESIAN_POINT('',(-0.134292597675971,0.0464365002700055,0.0654515788424918));
#9221=CARTESIAN_POINT('',(-0.135198737302524,0.0412182501350027,0.0705905520325995));
#9222=CARTESIAN_POINT('',(-0.134219112414675,0.0346758265422801,0.0650348232160913));
#9223=CARTESIAN_POINT('',(-0.13433302601342,0.0338353253264519,0.0656808593376645));
#9224=CARTESIAN_POINT('',(-0.134494880634613,0.0325483185042053,0.0665987825082549));
#9225=CARTESIAN_POINT('',(-0.13465159070188,0.0305954166077377,0.0674875294636967));
#9226=CARTESIAN_POINT('',(-0.13470062061312,0.028994024797162,0.0677655919079301));
#9227=CARTESIAN_POINT('',(-0.134651283641629,0.0274026185671973,0.0674857880384802));
#9228=CARTESIAN_POINT('',(-0.134495396318551,0.0254563796241894,0.0666017070972001));
#9229=CARTESIAN_POINT('',(-0.13433303565385,0.024164745804592,0.0656809140112601));
#9230=CARTESIAN_POINT('',(-0.134219112414675,0.02332417345772,0.0650348232160911));
#9231=CARTESIAN_POINT('',(-0.134219112414675,0.13867582654228,0.0650348232160912));
#9232=CARTESIAN_POINT('',(-0.13433302601342,0.137835325326452,0.0656808593376644));
#9233=CARTESIAN_POINT('',(-0.134494880634613,0.136548318504205,0.0665987825082548));
#9234=CARTESIAN_POINT('',(-0.13465159070188,0.134595416607738,0.0674875294636965));
#9235=CARTESIAN_POINT('',(-0.13470062061312,0.132994024797162,0.0677655919079299));
#9236=CARTESIAN_POINT('',(-0.134651283641629,0.131402618567197,0.06748578803848));
#9237=CARTESIAN_POINT('',(-0.134495396318551,0.129456379624189,0.0666017070972));
#9238=CARTESIAN_POINT('',(-0.13433303565385,0.128164745804592,0.06568091401126));
#9239=CARTESIAN_POINT('',(-0.134219112414675,0.12732417345772,0.065034823216091));
#9240=CARTESIAN_POINT('',(-0.108150358592748,0.0238251262658471,0.0646160979741845));
#9241=CARTESIAN_POINT('',(-0.108150358592748,0.0266502525316941,0.0646160979741845));
#9242=CARTESIAN_POINT('',(-0.110796967255175,0.0293376893987706,0.0641494294596217));
#9243=CARTESIAN_POINT('',(-0.108150358592748,0.081,0.0646160979741845));
#9244=CARTESIAN_POINT('',(-0.110372853918965,0.078,0.0772204953119439));
#9245=CARTESIAN_POINT('',(-0.110372853918965,0.078,0.0772204953119439));
#9246=CARTESIAN_POINT('',(-0.110372853918965,0.081,0.0772204953119439));
#9247=CARTESIAN_POINT('',(-0.110372853918965,0.084,0.0772204953119439));
#9248=CARTESIAN_POINT('',(-0.110372853918965,0.084,0.0772204953119439));
#9249=CARTESIAN_POINT('',(-0.110381633629192,0.122125126265847,0.0772702875229362));
#9250=CARTESIAN_POINT('',(-0.109869468806418,0.119650252531694,0.0743656564748919));
#9251=CARTESIAN_POINT('',(-0.108150358592748,0.119650252531694,0.0646160979741845));
#9252=CARTESIAN_POINT('',(-0.109017662563588,0.0847926213702109,0.0695348232160912));
#9253=CARTESIAN_POINT('',(-0.108762104256817,0.0864068731624299,0.0680854800370534));
#9254=CARTESIAN_POINT('',(-0.108492858618167,0.0879453364679379,0.0665585121415634));
#9255=CARTESIAN_POINT('',(-0.108224191150399,0.0894865627729281,0.0650348232160912));
#9256=CARTESIAN_POINT('',(-0.109017662563588,0.0847926213702109,0.0695348232160911));
#9257=CARTESIAN_POINT('',(-0.109017662563588,0.081,0.0695348232160911));
#9258=CARTESIAN_POINT('',(-0.109017662563588,0.0815864954030345,0.0695348232160911));
#9259=CARTESIAN_POINT('',(-0.107746433574688,0.081,0.0623253253627724));
#9260=CARTESIAN_POINT('',(-0.109017662563588,0.0804135045969655,0.0695348232160911));
#9261=CARTESIAN_POINT('',(-0.109017662563588,0.081,0.0695348232160911));
#9262=CARTESIAN_POINT('',(-0.109017662563588,0.0772073786297891,0.0695348232160911));
#9263=CARTESIAN_POINT('',(-0.108224191150399,0.0725134372270718,0.0650348232160911));
#9264=CARTESIAN_POINT('',(-0.108492859025578,0.0740546658692014,0.0665585144521087));
#9265=CARTESIAN_POINT('',(-0.108762064921357,0.0755928783724034,0.0680852569545726));
#9266=CARTESIAN_POINT('',(-0.109017662563588,0.0772073786297891,0.0695348232160912));
#9267=CARTESIAN_POINT('',(-0.110381633629192,0.0398748737341529,0.0772702875229361));
#9268=CARTESIAN_POINT('',(-0.110796967255175,0.122337689398771,0.0641494294596217));
#9269=CARTESIAN_POINT('',(-0.107631299448101,0.117772205448618,0.0724876093918156));
#9270=CARTESIAN_POINT('',(-0.110796967255175,0.132662310601229,0.0641494294596217));
#9271=CARTESIAN_POINT('',(-0.108150358592748,0.135349747468306,0.0646160979741845));
#9272=CARTESIAN_POINT('',(-0.108150358592748,0.138174873734153,0.0646160979741845));
#9273=CARTESIAN_POINT('',(-0.105786819985518,0.081,0.0650328536005851));
#9274=CARTESIAN_POINT('',(-0.107197783127541,0.081,0.0730348232160911));
#9275=CARTESIAN_POINT('',(-0.107197783127541,0.0797119849819019,0.0730348232160911));
#9276=CARTESIAN_POINT('',(-0.107197783127541,0.0822880150180981,0.0730348232160911));
#9277=CARTESIAN_POINT('',(-0.107746433574688,0.081,0.076146374522317));
#9278=CARTESIAN_POINT('',(-0.106580638695062,0.0817751917818437,0.0695348232160911));
#9279=CARTESIAN_POINT('',(-0.106580638695062,0.081,0.0695348232160911));
#9280=CARTESIAN_POINT('',(-0.106580638695062,0.0848263458153489,0.0695348232160911));
#9281=CARTESIAN_POINT('',(-0.106580638695062,0.0848263458153489,0.0695348232160911));
#9282=CARTESIAN_POINT('',(-0.106316659743454,0.0863109609233604,0.0680377241870769));
#9283=CARTESIAN_POINT('',(-0.106051894996726,0.0877909270933287,0.0665361686924812));
#9284=CARTESIAN_POINT('',(-0.105787167281874,0.0892711109044579,0.0650348232160911));
#9285=CARTESIAN_POINT('',(-0.105786819985518,0.141,0.0650328536005851));
#9286=CARTESIAN_POINT('',(-0.107025076715891,0.141,0.0720553564835664));
#9287=CARTESIAN_POINT('',(-0.107025076715891,0.140998,0.0720553564835663));
#9288=CARTESIAN_POINT('',(-0.107025076715891,0.1416,0.0720553564835663));
#9289=CARTESIAN_POINT('',(-0.107596891257505,0.141028185458386,0.0752982778976134));
#9290=CARTESIAN_POINT('',(-0.105787167281874,0.0727288890955421,0.0650348232160911));
#9291=CARTESIAN_POINT('',(-0.106051894996999,0.0742090729081964,0.0665361686940282));
#9292=CARTESIAN_POINT('',(-0.106316659605594,0.0756890383013152,0.0680377234052329));
#9293=CARTESIAN_POINT('',(-0.106580638695062,0.0771736541846511,0.0695348232160911));
#9294=CARTESIAN_POINT('',(-0.106580638695062,0.0771736541846511,0.0695348232160911));
#9295=CARTESIAN_POINT('',(-0.106580638695062,0.081,0.0695348232160911));
#9296=CARTESIAN_POINT('',(-0.106580638695062,0.0802248082181563,0.0695348232160911));
#9297=CARTESIAN_POINT('',(-0.107746433574688,0.081,0.076146374522317));
#9298=CARTESIAN_POINT('',(-0.120229711159314,0.0398748737341529,0.0755338057462668));
#9299=CARTESIAN_POINT('',(-0.120229711159314,0.122125126265847,0.0755338057462669));
#9300=CARTESIAN_POINT('',(-0.135196767687018,0.0564124521594286,0.0705908993289548));
#9301=CARTESIAN_POINT('',(-0.134290628060465,0.0564124521594286,0.0654519261388471));
#9302=CARTESIAN_POINT('',(-0.134290628060465,0.051424476214717,0.0654519261388471));
#9303=CARTESIAN_POINT('',(-0.134290628060465,0.0464365002700055,0.0654519261388471));
#9304=CARTESIAN_POINT('',(-0.135196767687018,0.0412182501350027,0.0705908993289548));
#9305=CARTESIAN_POINT('',(-0.135196767687019,0.0715279976033086,0.0705908993289548));
#9306=CARTESIAN_POINT('',(-0.134290628060465,0.0767462477383113,0.0654519261388471));
#9307=CARTESIAN_POINT('',(-0.135196767687019,0.115781749864997,0.0705908993289548));
#9308=CARTESIAN_POINT('',(-0.134290628060465,0.110563499729994,0.0654519261388471));
#9309=CARTESIAN_POINT('',(-0.134290628060465,0.103654873734153,0.0654519261388471));
#9310=CARTESIAN_POINT('',(-0.124246433574688,0.081,0.0695348232160911));
#9311=CARTESIAN_POINT('',(-0.140546433574688,0.133,0.0695348232160911));
#9312=CARTESIAN_POINT('',(-0.139146433574688,0.133,0.0695348232160911));
#9313=CARTESIAN_POINT('',(-0.140546433574688,0.133,0.0695348232160911));
#9314=CARTESIAN_POINT('',(-0.140546433574688,0.133,0.0695348232160911));
#9315=CARTESIAN_POINT('',(-0.140546433574688,0.133,0.0695348232160911));
#9316=CARTESIAN_POINT('',(-0.124246433574688,0.081,0.0695348232160911));
#9317=CARTESIAN_POINT('',(-0.140546433574688,0.029,0.0695348232160911));
#9318=CARTESIAN_POINT('',(-0.139146433574688,0.029,0.0695348232160911));
#9319=CARTESIAN_POINT('',(-0.140546433574688,0.029,0.0695348232160911));
#9320=CARTESIAN_POINT('',(-0.140546433574688,0.029,0.0695348232160911));
#9321=CARTESIAN_POINT('',(-0.140546433574688,0.029,0.0695348232160911));
#9322=CARTESIAN_POINT('',(-0.124246433574688,0.081,0.0695348232160911));
#9323=CARTESIAN_POINT('',(-0.107746433574688,0.081,0.0695348232160911));
#9324=CARTESIAN_POINT('',(-0.107746433574688,0.081,0.0695348232160911));
#9325=CARTESIAN_POINT('',(-0.107746433574688,0.081,0.0695348232160911));
#9326=CARTESIAN_POINT('',(-0.107746433574688,0.081,0.0695348232160911));
#9327=CARTESIAN_POINT('',(-0.107746433574688,0.081,0.0695348232160911));
#9328=CARTESIAN_POINT('',(-0.124246433574688,0.081,0.0695348232160911));
#9329=CARTESIAN_POINT('',(-0.107746433574688,0.081,0.0695348232160911));
#9330=CARTESIAN_POINT('',(0.228557952480531,0.0822,0.119976357510622));
#9331=CARTESIAN_POINT('',(-0.124246433574688,0.081,0.0730348232160911));
#9332=CARTESIAN_POINT('',(-0.107746433574688,0.081,0.0730348232160911));
#9333=CARTESIAN_POINT('',(-0.107746433574688,0.081,-0.358171340216191));
#9334=CARTESIAN_POINT('',(-0.140546433574688,0.029,-0.358171340216191));
#9335=CARTESIAN_POINT('',(-0.140546433574688,0.133,-0.358171340216191));
#9336=CARTESIAN_POINT('',(-0.13110382972863,0.141,0.1106598492339));
#9337=CARTESIAN_POINT('',(-0.107025076715891,0.141,0.0716926910616653));
#9338=CARTESIAN_POINT('',(-0.101025076715891,0.140998,0.0783505589072394));
#9339=CARTESIAN_POINT('',(-0.107025076715891,0.140998,0.0783505589072394));
#9340=CARTESIAN_POINT('',(-0.107025076715891,0.1416,0.0783505589072394));
#9341=CARTESIAN_POINT('',(-0.107025076715891,0.1428,0.0783505589072394));
#9342=CARTESIAN_POINT('',(-0.101025076715891,0.1428,0.0783505589072394));
#9343=CARTESIAN_POINT('',(-0.095025076715891,0.1428,0.0783505589072394));
#9344=CARTESIAN_POINT('',(-0.095025076715891,0.140998,0.0783505589072394));
#9345=CARTESIAN_POINT('',(-0.095025076715891,0.1416,0.0783505589072394));
#9346=CARTESIAN_POINT('',(-0.101025076715891,0.1416,0.0783505589072394));
#9347=CARTESIAN_POINT('',(-0.107025076715891,0.140998,0.0716926910616653));
#9348=CARTESIAN_POINT('',(-0.107025076715891,0.1428,0.0783505589072394));
#9349=CARTESIAN_POINT('',(-0.107025076715891,0.1416,0.0716926910616653));
#9350=CARTESIAN_POINT('',(-0.095025076715891,0.140998,0.0723505589072394));
#9351=CARTESIAN_POINT('',(-0.095025076715891,0.1428,0.0663505589072394));
#9352=CARTESIAN_POINT('',(-0.095025076715891,0.1416,0.0723505589072394));
#9353=CARTESIAN_POINT('',(-0.107025076715891,0.1428,0.0716926910616653));
#9354=CARTESIAN_POINT('',(-0.107025076715891,0.1428,0.0783505589072394));
#9355=CARTESIAN_POINT('',(-0.101025076715891,0.1428,0.0783505589072394));
#9356=CARTESIAN_POINT('',(-0.095025076715891,0.1428,0.0783505589072394));
#9357=CARTESIAN_POINT('',(-0.095025076715891,0.1428,0.0723505589072394));
#9358=CARTESIAN_POINT('',(-0.095025076715891,0.1416,0.0723505589072394));
#9359=CARTESIAN_POINT('',(-0.095025076715891,0.1416,0.0783505589072394));
#9360=CARTESIAN_POINT('',(-0.101025076715891,0.1416,0.0783505589072394));
#9361=CARTESIAN_POINT('',(-0.107025076715891,0.1416,0.0783505589072394));
#9362=CARTESIAN_POINT('',(-0.107025076715891,0.1416,0.0716926910616653));
#9363=CARTESIAN_POINT('',(-0.190816384295546,0.1385,0.0894372223921409));
#9364=CARTESIAN_POINT('',(-0.191858273361547,0.1385,0.0953460689102142));
#9365=CARTESIAN_POINT('',(-0.191858273361547,0.13525,0.0953460689102142));
#9366=CARTESIAN_POINT('',(-0.188657648164258,0.1385,0.0959104254876317));
#9367=CARTESIAN_POINT('',(-0.190816384295546,0.13525,0.0894372223921409));
#9368=CARTESIAN_POINT('',(-0.190816384295546,0.13525,0.0894372223921409));
#9369=CARTESIAN_POINT('',(-0.190816384295546,0.1385,0.0894372223921409));
#9370=CARTESIAN_POINT('',(-0.187615759098256,0.1385,0.0900015789695584));
#9371=CARTESIAN_POINT('',(-0.187615759098256,0.1385,0.0900015789695584));
#9372=CARTESIAN_POINT('',(-0.187615759098256,0.13975,0.0900015789695584));
#9373=CARTESIAN_POINT('',(-0.188657648164258,0.13975,0.0959104254876317));
#9374=CARTESIAN_POINT('',(-0.187615759098256,0.13975,0.0900015789695584));
#9375=CARTESIAN_POINT('',(-0.192047393986812,0.13525,0.0892201621700573));
#9376=CARTESIAN_POINT('',(-0.193089283052813,0.13525,0.0951290086881305));
#9377=CARTESIAN_POINT('',(-0.192047393986812,0.13525,0.0892201621700573));
#9378=CARTESIAN_POINT('',(-0.190816384295546,0.1385,0.0894372223921409));
#9379=CARTESIAN_POINT('',(-0.190816384295546,0.1385,0.0894372223921409));
#9380=CARTESIAN_POINT('',(-0.189437653441329,0.1385,0.0896803298408746));
#9381=CARTESIAN_POINT('',(-0.191858273361547,0.1385,0.0953460689102142));
#9382=CARTESIAN_POINT('',(-0.19047954250733,0.1385,0.0955891763589479));
#9383=CARTESIAN_POINT('',(-0.162734355703191,0.081,0.0943888417059998));
#9384=CARTESIAN_POINT('',(-0.163776244769192,0.081,0.100297688224073));
#9385=CARTESIAN_POINT('',(-0.0759848964317722,0.0296102114732801,0.1159776838706));
#9386=CARTESIAN_POINT('',(-0.0785894416674295,0.0296102114732801,0.123541832475395));
#9387=CARTESIAN_POINT('',(-0.0811847220632218,0.0263390597314813,0.122648205770894));
#9388=CARTESIAN_POINT('',(-0.0759848964317722,0.0296102114732801,0.1159776838706));
#9389=CARTESIAN_POINT('',(-0.0785801768275646,0.0263390597314813,0.1150840571661));
#9390=CARTESIAN_POINT('',(-0.0785801768275646,0.0263390597314813,0.1150840571661));
#9391=CARTESIAN_POINT('',(-0.0762261717627778,0.02425,0.115894606111729));
#9392=CARTESIAN_POINT('',(-0.078830716998435,0.02425,0.123458754716524));
#9393=CARTESIAN_POINT('',(-0.0762261717627778,0.02425,0.115894606111729));
#9394=CARTESIAN_POINT('',(-0.0762261717627778,0.02425,0.115894606111729));
#9395=CARTESIAN_POINT('',(-0.0762261717627778,0.02425,0.115894606111729));
#9396=CARTESIAN_POINT('',(-0.078830716998435,0.02425,0.123458754716524));
#9397=CARTESIAN_POINT('',(-0.0775069909925959,0.02425,0.123914550132764));
#9398=CARTESIAN_POINT('',(-0.0773292033307939,0.081,0.115514801884531));
#9399=CARTESIAN_POINT('',(-0.0799337485664511,0.081,0.123078950489326));
#9400=CARTESIAN_POINT('',(-0.189977118686899,0.08425,0.070292101937097));
#9401=CARTESIAN_POINT('',(-0.189977118686899,0.0745,0.070292101937097));
#9402=CARTESIAN_POINT('',(-0.191357819156622,0.0745,0.0700486471920079));
#9403=CARTESIAN_POINT('',(-0.191357819156622,0.08425,0.0700486471920079));
#9404=CARTESIAN_POINT('',(-0.191357819156622,0.094,0.070048647192008));
#9405=CARTESIAN_POINT('',(-0.189977118686899,0.094,0.070292101937097));
#9406=CARTESIAN_POINT('',(-0.189490903789431,0.094,0.0675346402286629));
#9407=CARTESIAN_POINT('',(-0.188923903246265,0.094,0.0683444009242075));
#9408=CARTESIAN_POINT('',(-0.189004688891964,0.094,0.0647771785202287));
#9409=CARTESIAN_POINT('',(-0.188865770349831,0.0930465971259246,0.0639893323178189));
#9410=CARTESIAN_POINT('',(-0.188879862894259,0.0906630899407362,0.0619559941982377));
#9411=CARTESIAN_POINT('',(-0.188865770349831,0.0754534028740754,0.0639893323178189));
#9412=CARTESIAN_POINT('',(-0.196388660710287,0.0691897947369273,0.0679997141042726));
#9413=CARTESIAN_POINT('',(-0.190385389361687,0.0745,0.0645337237751396));
#9414=CARTESIAN_POINT('',(-0.189004688891964,0.0745,0.0647771785202287));
#9415=CARTESIAN_POINT('',(-0.188879862894259,0.0778369100592638,0.0619559941982377));
#9416=CARTESIAN_POINT('',(-0.189490903789431,0.0745,0.0675346402286628));
#9417=CARTESIAN_POINT('',(-0.190871604259154,0.0745,0.0672911854835738));
#9418=CARTESIAN_POINT('',(-0.190515428037666,0.07045,0.0733450059714349));
#9419=CARTESIAN_POINT('',(-0.189336349621168,0.07045,0.0683742335880174));
#9420=CARTESIAN_POINT('',(-0.191783059734635,0.07045,0.080534102568424));
#9421=CARTESIAN_POINT('',(-0.193163760204358,0.07045,0.080290647823335));
#9422=CARTESIAN_POINT('',(-0.188354700612805,0.07045,0.0755257672097349));
#9423=CARTESIAN_POINT('',(-0.188879862894259,0.07045,0.0619559941982377));
#9424=CARTESIAN_POINT('',(-0.189056783345264,0.038764331825929,0.0650726208461323));
#9425=CARTESIAN_POINT('',(-0.189581449876235,0.0411709866762727,0.0629295319256552));
#9426=CARTESIAN_POINT('',(-0.189982322332154,0.0406559971303912,0.0632976410976772));
#9427=CARTESIAN_POINT('',(-0.190257506726731,0.0400101286451355,0.0637994270935885));
#9428=CARTESIAN_POINT('',(-0.190350370297503,0.0393621949813034,0.0643351207930938));
#9429=CARTESIAN_POINT('',(-0.189581449876242,0.0411709866762667,0.0629295319256591));
#9430=CARTESIAN_POINT('',(-0.190350370297504,0.0393621949813034,0.0643351207930938));
#9431=CARTESIAN_POINT('',(-0.190437483814987,0.038764331825929,0.0648291661010433));
#9432=CARTESIAN_POINT('',(-0.190767415352554,0.0365,0.0667003008317665));
#9433=CARTESIAN_POINT('',(-0.189386714882831,0.0365,0.0669437555768555));
#9434=CARTESIAN_POINT('',(-0.188879862894259,0.042458767962971,0.0619559941982377));
#9435=CARTESIAN_POINT('',(-0.192304004267635,0.0642,0.0834885258274606));
#9436=CARTESIAN_POINT('',(-0.194669512490371,0.06095,0.0830714229047047));
#9437=CARTESIAN_POINT('',(-0.193684704737359,0.06095,0.0832450710823716));
#9438=CARTESIAN_POINT('',(-0.193684704737359,0.0642,0.0832450710823716));
#9439=CARTESIAN_POINT('',(-0.193684704737359,0.06745,0.0832450710823716));
#9440=CARTESIAN_POINT('',(-0.192304004267635,0.06745,0.0834885258274606));
#9441=CARTESIAN_POINT('',(-0.191897900665625,0.141,0.0811738803115266));
#9442=CARTESIAN_POINT('',(-0.188945881645287,0.124010308009257,0.0644321485103191));
#9443=CARTESIAN_POINT('',(-0.189490903789431,0.096,0.0675346402286629));
#9444=CARTESIAN_POINT('',(-0.189004688891964,0.096,0.0647771785202287));
#9445=CARTESIAN_POINT('',(-0.190385389361687,0.096,0.0645337237751396));
#9446=CARTESIAN_POINT('',(-0.190871604259154,0.096,0.0672911854835738));
#9447=CARTESIAN_POINT('',(-0.191357819156622,0.096,0.070048647192008));
#9448=CARTESIAN_POINT('',(-0.189977118686899,0.096,0.070292101937097));
#9449=CARTESIAN_POINT('',(-0.190046577957966,0.0964767014370377,0.0706860250383019));
#9450=CARTESIAN_POINT('',(-0.191496737698755,0.0969534028740754,0.0708364933944178));
#9451=CARTESIAN_POINT('',(-0.191496737698755,0.0969534028740754,0.0708364933944178));
#9452=CARTESIAN_POINT('',(-0.190116037229033,0.0969534028740754,0.0710799481395068));
#9453=CARTESIAN_POINT('',(-0.190116037229033,0.104476701437038,0.0710799481395068));
#9454=CARTESIAN_POINT('',(-0.191496737698755,0.104476701437038,0.0708364933944178));
#9455=CARTESIAN_POINT('',(-0.191496737698755,0.112,0.0708364933944178));
#9456=CARTESIAN_POINT('',(-0.190116037229033,0.112,0.0710799481395068));
#9457=CARTESIAN_POINT('',(-0.190333097451116,0.113489691990743,0.0723109578307721));
#9458=CARTESIAN_POINT('',(-0.191930858142923,0.114979383981485,0.0732985127769483));
#9459=CARTESIAN_POINT('',(-0.191930858142923,0.114979383981485,0.0732985127769483));
#9460=CARTESIAN_POINT('',(-0.1905501576732,0.114979383981485,0.0735419675220373));
#9461=CARTESIAN_POINT('',(-0.1905501576732,0.11875,0.0735419675220373));
#9462=CARTESIAN_POINT('',(-0.191930858142923,0.11875,0.0732985127769483));
#9463=CARTESIAN_POINT('',(-0.191930858142923,0.122520616018514,0.0732985127769483));
#9464=CARTESIAN_POINT('',(-0.1905501576732,0.122520616018514,0.0735419675220373));
#9465=CARTESIAN_POINT('',(-0.190333097451116,0.124010308009257,0.0723109578307721));
#9466=CARTESIAN_POINT('',(-0.19171379792084,0.124010308009257,0.072067503085683));
#9467=CARTESIAN_POINT('',(-0.191496737698755,0.1255,0.0708364933944178));
#9468=CARTESIAN_POINT('',(-0.190116037229033,0.1255,0.0710799481395068));
#9469=CARTESIAN_POINT('',(-0.189638504740448,0.1255,0.0683717268187232));
#9470=CARTESIAN_POINT('',(-0.190541672721588,0.1255,0.0654200507528506));
#9471=CARTESIAN_POINT('',(-0.190541672721588,0.1255,0.0654200507528506));
#9472=CARTESIAN_POINT('',(-0.189160972251865,0.1255,0.0656635054979396));
#9473=CARTESIAN_POINT('',(-0.188943912029781,0.124010308009257,0.0644324958066744));
#9474=CARTESIAN_POINT('',(-0.190324612499504,0.124010308009257,0.0641890410615853));
#9475=CARTESIAN_POINT('',(-0.190350370297504,0.124187084689069,0.0643351207930938));
#9476=CARTESIAN_POINT('',(-0.190350370297503,0.124187084689069,0.0643351207930938));
#9477=CARTESIAN_POINT('',(-0.190257587485679,0.123539714501753,0.0637998929604458));
#9478=CARTESIAN_POINT('',(-0.189982672177023,0.122893731975819,0.0632979623497398));
#9479=CARTESIAN_POINT('',(-0.189581449876225,0.122378292994087,0.0629295319256461));
#9480=CARTESIAN_POINT('',(-0.189581449876245,0.122378292994104,0.0629295319256573));
#9481=CARTESIAN_POINT('',(-0.188879862894259,0.121090511707401,0.0619559941982377));
#9482=CARTESIAN_POINT('',(-0.188865770349831,0.0969534028740754,0.0639893323178189));
#9483=CARTESIAN_POINT('',(-0.188879862894259,0.0993369100592638,0.0619559941982377));
#9484=CARTESIAN_POINT('',(-0.189581449876242,0.0980491287725595,0.0629295319256592));
#9485=CARTESIAN_POINT('',(-0.189581449876235,0.0980491287725654,0.0629295319256553));
#9486=CARTESIAN_POINT('',(-0.189982322332199,0.0975341392266266,0.0632976410977182));
#9487=CARTESIAN_POINT('',(-0.190257506726741,0.0968882707413566,0.0637994270936478));
#9488=CARTESIAN_POINT('',(-0.190350370297503,0.0962403370775962,0.0643351207930939));
#9489=CARTESIAN_POINT('',(-0.190350370297504,0.0962403370775962,0.0643351207930938));
#9490=CARTESIAN_POINT('',(-0.190246470819554,0.0969534028740754,0.0637458775727298));
#9491=CARTESIAN_POINT('',(-0.191783059734635,0.07045,0.080534102568424));
#9492=CARTESIAN_POINT('',(-0.193163760204358,0.07045,0.080290647823335));
#9493=CARTESIAN_POINT('',(-0.188879862894259,0.141,0.0619559941982377));
#9494=CARTESIAN_POINT('',(-0.188879862894259,0.0420038682852242,0.0619559941982377));
#9495=CARTESIAN_POINT('',(-0.189966872688275,0.0406827026274215,0.0614476540486178));
#9496=CARTESIAN_POINT('',(-0.189581449876238,0.041170986676268,0.0629295319256578));
#9497=CARTESIAN_POINT('',(-0.189757789349566,0.0409526323634521,0.0628024516128859));
#9498=CARTESIAN_POINT('',(-0.190114928446186,0.0405477264531128,0.062402795049243));
#9499=CARTESIAN_POINT('',(-0.190091791953066,0.0405914338976854,0.0617147753145471));
#9500=CARTESIAN_POINT('',(-0.189966872688274,0.0406827026274213,0.0614476540486179));
#9501=CARTESIAN_POINT('',(-0.188879862894259,0.141,0.0619559941982377));
#9502=CARTESIAN_POINT('',(-0.188879862894259,0.141,0.0619559941982377));
#9503=CARTESIAN_POINT('',(-0.189581449876234,0.1223782929941,0.0629295319256527));
#9504=CARTESIAN_POINT('',(-0.189757789349562,0.122596647306916,0.0628024516128806));
#9505=CARTESIAN_POINT('',(-0.190114928446191,0.123001553217263,0.0624027950492453));
#9506=CARTESIAN_POINT('',(-0.190091791953064,0.122957845772687,0.0617147753145397));
#9507=CARTESIAN_POINT('',(-0.189966872688271,0.122866577042948,0.0614476540486103));
#9508=CARTESIAN_POINT('',(-0.189966872688271,0.122866577042948,0.0614476540486101));
#9509=CARTESIAN_POINT('',(-0.188879862894259,0.121545411385148,0.0619559941982377));
#9510=CARTESIAN_POINT('',(-0.188879862894259,0.098882010381517,0.0619559941982377));
#9511=CARTESIAN_POINT('',(-0.189966872688275,0.097560844723713,0.0614476540486173));
#9512=CARTESIAN_POINT('',(-0.189581449876238,0.0980491287725607,0.0629295319256578));
#9513=CARTESIAN_POINT('',(-0.189757789349566,0.0978307744597449,0.0628024516128858));
#9514=CARTESIAN_POINT('',(-0.190114928446186,0.0974258685494055,0.0624027950492429));
#9515=CARTESIAN_POINT('',(-0.190091791953066,0.0974695759939782,0.0617147753145469));
#9516=CARTESIAN_POINT('',(-0.189966872688274,0.0975608447237142,0.0614476540486177));
#9517=CARTESIAN_POINT('',(-0.188035579937461,0.107067508535242,0.0454485218248116));
#9518=CARTESIAN_POINT('',(-0.211003830567028,0.073642567724946,0.0953720535435098));
#9519=CARTESIAN_POINT('',(-0.194843160668038,0.141,0.0840562306577169));
#9520=CARTESIAN_POINT('',(-0.194843160668038,0.06095,0.0840562306577169));
#9521=CARTESIAN_POINT('',(-0.150542045410673,0.0876647380747621,0.02822025694042));
#9522=CARTESIAN_POINT('',(-0.190005085327316,0.0406345184794144,0.0613336791796093));
#9523=CARTESIAN_POINT('',(-0.189992347780967,0.0406505798620849,0.0613716708026109));
#9524=CARTESIAN_POINT('',(-0.189979610234618,0.0406666412447554,0.0614096624256126));
#9525=CARTESIAN_POINT('',(-0.18996687268827,0.0406827026274259,0.0614476540486143));
#9526=CARTESIAN_POINT('',(-0.189495319939189,0.0412773060891009,0.0628541301294637));
#9527=CARTESIAN_POINT('',(-0.189942457207413,0.0407470039512599,0.0632271285703851));
#9528=CARTESIAN_POINT('',(-0.190250912806205,0.0400561361704731,0.0637613893393725));
#9529=CARTESIAN_POINT('',(-0.190350370297504,0.0393621949813035,0.0643351207930938));
#9530=CARTESIAN_POINT('',(-0.190005085327316,0.0406345184794144,0.0613336791796093));
#9531=CARTESIAN_POINT('',(-0.190631077502829,0.0401042163415733,0.0618558769968993));
#9532=CARTESIAN_POINT('',(-0.191062915341139,0.0394133485607865,0.0626038420734816));
#9533=CARTESIAN_POINT('',(-0.191202155828956,0.0387194073716169,0.0634070661086914));
#9534=CARTESIAN_POINT('',(-0.190350370297504,0.0393621949813034,0.0643351207930939));
#9535=CARTESIAN_POINT('',(-0.190634298807988,0.0391479324447412,0.0640257692316264));
#9536=CARTESIAN_POINT('',(-0.190918227318472,0.038933669908179,0.0637164176701589));
#9537=CARTESIAN_POINT('',(-0.191202155828956,0.0387194073716168,0.0634070661086914));
#9538=CARTESIAN_POINT('',(-0.183582859957827,0.0910109047512972,0.0201958919564676));
#9539=CARTESIAN_POINT('',(-0.166637570713425,0.0746184796004244,0.0709550434819485));
#9540=CARTESIAN_POINT('',(-0.19572373186181,0.129729978743218,0.0661321933775367));
#9541=CARTESIAN_POINT('',(-0.189966872688271,0.122866577042948,0.0614476540486101));
#9542=CARTESIAN_POINT('',(-0.189979610234619,0.122882638425618,0.0614096624256098));
#9543=CARTESIAN_POINT('',(-0.189992347780968,0.122898699808288,0.0613716708026095));
#9544=CARTESIAN_POINT('',(-0.190005085327316,0.122914761190958,0.0613336791796092));
#9545=CARTESIAN_POINT('',(-0.190350370297504,0.124187084689069,0.0643351207930938));
#9546=CARTESIAN_POINT('',(-0.190250912806205,0.123493143499899,0.0637613893393725));
#9547=CARTESIAN_POINT('',(-0.189942457207413,0.122802275719112,0.0632271285703851));
#9548=CARTESIAN_POINT('',(-0.189495319939189,0.122271973581272,0.0628541301294637));
#9549=CARTESIAN_POINT('',(-0.191202155828956,0.124829872298756,0.0634070661086914));
#9550=CARTESIAN_POINT('',(-0.191062915341139,0.124135931109586,0.0626038420734816));
#9551=CARTESIAN_POINT('',(-0.190631077502829,0.123445063328799,0.0618558769968993));
#9552=CARTESIAN_POINT('',(-0.190005085327316,0.122914761190958,0.0613336791796092));
#9553=CARTESIAN_POINT('',(-0.191202155828956,0.124829872298756,0.0634070661086914));
#9554=CARTESIAN_POINT('',(-0.190918227318472,0.124615609762193,0.0637164176701589));
#9555=CARTESIAN_POINT('',(-0.190634298807988,0.124401347225631,0.0640257692316264));
#9556=CARTESIAN_POINT('',(-0.190350370297504,0.124187084689069,0.0643351207930938));
#9557=CARTESIAN_POINT('',(-0.193710993043869,0.142048110948177,0.0776353889940061));
#9558=CARTESIAN_POINT('',(-0.190018985819184,0.124921700509529,0.0657860400620374));
#9559=CARTESIAN_POINT('',(-0.191019205210171,0.1255,0.0681282720736342));
#9560=CARTESIAN_POINT('',(-0.193919247815256,0.127772990040234,0.0714856030237904));
#9561=CARTESIAN_POINT('',(-0.191886836511217,0.131137232345818,0.0672900832142427));
#9562=CARTESIAN_POINT('',(-0.196671184165824,0.12400995845042,0.076617724791755));
#9563=CARTESIAN_POINT('',(-0.193089314073602,0.141,0.0741096723522935));
#9564=CARTESIAN_POINT('',(-0.191546351285603,0.115100190519938,0.0730292781769599));
#9565=CARTESIAN_POINT('',(-0.19171379792084,0.113489691990743,0.072067503085683));
#9566=CARTESIAN_POINT('',(-0.191881244556075,0.111879193461547,0.0711057279944062));
#9567=CARTESIAN_POINT('',(-0.192655193629435,0.141,0.0716476529697631));
#9568=CARTESIAN_POINT('',(-0.191373695504413,0.0969920609663803,0.0707503383224215));
#9569=CARTESIAN_POINT('',(-0.191427278427689,0.0964767014370377,0.0704425702932129));
#9570=CARTESIAN_POINT('',(-0.194365160866277,0.0931782748368875,0.0708544619744744));
#9571=CARTESIAN_POINT('',(-0.193927895244014,0.095,0.0788655024983263));
#9572=CARTESIAN_POINT('',(-0.18644808565266,0.100356223043449,0.0672906535124218));
#9573=CARTESIAN_POINT('',(-0.188446227535795,0.114511582937393,0.0477774200835155));
#9574=CARTESIAN_POINT('',(-0.190350370297503,0.0962403370775962,0.0643351207930939));
#9575=CARTESIAN_POINT('',(-0.190634298807987,0.096026074541034,0.0640257692316264));
#9576=CARTESIAN_POINT('',(-0.190918227318472,0.0958118120044718,0.0637164176701589));
#9577=CARTESIAN_POINT('',(-0.191202155828956,0.0955975494679097,0.0634070661086914));
#9578=CARTESIAN_POINT('',(-0.189495319939189,0.0981554481853937,0.0628541301294636));
#9579=CARTESIAN_POINT('',(-0.189942457207413,0.0976251460475526,0.0632271285703851));
#9580=CARTESIAN_POINT('',(-0.190250912806205,0.0969342782667658,0.0637613893393725));
#9581=CARTESIAN_POINT('',(-0.190350370297504,0.0962403370775962,0.0643351207930938));
#9582=CARTESIAN_POINT('',(-0.190005085327316,0.0975126605757072,0.0613336791796092));
#9583=CARTESIAN_POINT('',(-0.190631077502829,0.0969823584378661,0.0618558769968993));
#9584=CARTESIAN_POINT('',(-0.191062915341139,0.0962914906570792,0.0626038420734816));
#9585=CARTESIAN_POINT('',(-0.191202155828956,0.0955975494679097,0.0634070661086914));
#9586=CARTESIAN_POINT('',(-0.190005085327316,0.0975126605757072,0.0613336791796092));
#9587=CARTESIAN_POINT('',(-0.189992347780967,0.0975287219583777,0.0613716708026109));
#9588=CARTESIAN_POINT('',(-0.189979610234618,0.0975447833410482,0.0614096624256125));
#9589=CARTESIAN_POINT('',(-0.189966872688269,0.0975608447237187,0.0614476540486142));
#9590=CARTESIAN_POINT('',(-0.17223756887365,0.11868716214084,0.0464249626764018));
#9591=CARTESIAN_POINT('',(-0.192516275087301,0.141,0.0708598067673533));
#9592=CARTESIAN_POINT('',(-0.195655380383196,0.0707902678360365,0.0730578319587732));
#9593=CARTESIAN_POINT('',(-0.193927895244014,0.0735,0.0788655024983263));
#9594=CARTESIAN_POINT('',(-0.189336349621168,0.07105,0.0683742335880174));
#9595=CARTESIAN_POINT('',(-0.189631791947071,0.07285,0.0683221391347173));
#9596=CARTESIAN_POINT('',(-0.191332582392727,0.0642,0.0848783256479203));
#9597=CARTESIAN_POINT('',(-0.191332582392727,0.06095,0.0848783256479203));
#9598=CARTESIAN_POINT('',(-0.180643840354298,0.0641252260266919,0.0773939878986329));
#9599=CARTESIAN_POINT('',(-0.186010716270208,0.107097056274848,0.0477859984810601));
#9600=CARTESIAN_POINT('',(-0.191888293984881,0.0727843627438476,0.0814973880110043));
#9601=CARTESIAN_POINT('',(-0.191897900665625,0.07285,0.0811738803115266));
#9602=CARTESIAN_POINT('',(-0.191730724857465,0.06095,0.0819649278759411));
#9603=CARTESIAN_POINT('',(-0.189091272556927,0.040975,0.0669958500301556));
#9604=CARTESIAN_POINT('',(-0.136519662939973,0.136618449568748,0.0780934111262918));
#9605=CARTESIAN_POINT('',(-0.136519662939973,0.133236899137497,0.0780934111262918));
#9606=CARTESIAN_POINT('',(-0.136311285126772,0.132236899137497,0.0769116418226771));
#9607=CARTESIAN_POINT('',(-0.136346014762306,0.132236899137497,0.0771086033732795));
#9608=CARTESIAN_POINT('',(-0.136102907313572,0.132236899137497,0.0757298725190625));
#9609=CARTESIAN_POINT('',(-0.136102907313572,0.136618449568748,0.0757298725190625));
#9610=CARTESIAN_POINT('',(-0.171236777797149,0.143402,0.0695348232160911));
#9611=CARTESIAN_POINT('',(-0.145351245929877,0.143402,0.0740991408942799));
#9612=CARTESIAN_POINT('',(-0.172176497927022,0.143402,0.0677444426238624));
#9613=CARTESIAN_POINT('',(-0.144948839752282,0.143402,0.0718169820551855));
#9614=CARTESIAN_POINT('',(-0.144546433574688,0.143402,0.0695348232160911));
#9615=CARTESIAN_POINT('',(-0.146796433574688,0.143402,0.0672848232160911));
#9616=CARTESIAN_POINT('',(-0.136346014762306,0.132236899137497,0.0771086033732795));
#9617=CARTESIAN_POINT('',(-0.158740447616851,0.0875091615319252,0.0717382633867191));
#9618=CARTESIAN_POINT('',(-0.158740447616851,0.05,0.0717382633867191));
#9619=CARTESIAN_POINT('',(-0.181307552792339,0.05,0.067759073867795));
#9620=CARTESIAN_POINT('',(-0.181504514342941,0.05,0.0677243442322616));
#9621=CARTESIAN_POINT('',(-0.181504514342941,0.0875091615319252,0.0677243442322616));
#9622=CARTESIAN_POINT('',(-0.181504514342941,0.0412002903249154,0.0677243442322616));
#9623=CARTESIAN_POINT('',(-0.18140603356764,0.0412002903249154,0.0677417090500283));
#9624=CARTESIAN_POINT('',(-0.181307552792339,0.0412002903249154,0.067759073867795));
#9625=CARTESIAN_POINT('',(-0.181307552792339,0.05,0.067759073867795));
#9626=CARTESIAN_POINT('',(-0.177976410462449,0.0412002903249154,0.0482913498854238));
#9627=CARTESIAN_POINT('',(-0.181313501347507,0.0412002903249154,0.0666410557039482));
#9628=CARTESIAN_POINT('',(-0.18239678987582,0.0412002903249154,0.0664500427085146));
#9629=CARTESIAN_POINT('',(-0.179158179766064,0.0412002903249154,0.0480829720722235));
#9630=CARTESIAN_POINT('',(-0.182223141698154,0.0412002903249154,0.0654652349555023));
#9631=CARTESIAN_POINT('',(-0.183306430226467,0.0412002903249154,0.0652742219600687));
#9632=CARTESIAN_POINT('',(-0.178776314562611,0.0412002903249154,0.0660730035773366));
#9633=CARTESIAN_POINT('',(-0.179859603090924,0.0412002903249154,0.065881990581903));
#9634=CARTESIAN_POINT('',(-0.176794641158835,0.0412002903249154,0.0484997276986241));
#9635=CARTESIAN_POINT('',(-0.180033251268591,0.0412002903249154,0.0668667983349152));
#9636=CARTESIAN_POINT('',(-0.181116539796905,0.0412002903249154,0.0666757853394816));
#9637=CARTESIAN_POINT('',(-0.179158179766064,0.0476001451624577,0.0480829720722235));
#9638=CARTESIAN_POINT('',(-0.180946289943895,0.0578974612751613,0.0582238488152314));
#9639=CARTESIAN_POINT('',(-0.18239678987582,0.0495443650813896,0.0664500427085146));
#9640=CARTESIAN_POINT('',(-0.182223141698154,0.0505443650813896,0.0654652349555024));
#9641=CARTESIAN_POINT('',(-0.182223141698154,0.0412002903249154,0.0654652349555023));
#9642=CARTESIAN_POINT('',(-0.18239678987582,0.0476001451624577,0.0664500427085146));
#9643=CARTESIAN_POINT('',(-0.176794641158835,0.0476001451624577,0.0484997276986241));
#9644=CARTESIAN_POINT('',(-0.179859603090924,0.0476001451624577,0.065881990581903));
#9645=CARTESIAN_POINT('',(-0.179859603090924,0.0505443650813896,0.065881990581903));
#9646=CARTESIAN_POINT('',(-0.180089197679659,0.0492221825406948,0.0671840861988766));
#9647=CARTESIAN_POINT('',(-0.180033251268591,0.0495443650813896,0.0668667983349152));
#9648=CARTESIAN_POINT('',(-0.180033251268591,0.0412002903249154,0.0668667983349152));
#9649=CARTESIAN_POINT('',(-0.158740447616851,0.0875091615319252,0.0717382633867191));
#9650=CARTESIAN_POINT('',(-0.172247321464626,0.0875091615319252,0.0693566371023308));
#9651=CARTESIAN_POINT('',(-0.172247321464626,0.0340183230638504,0.0693566371023308));
#9652=CARTESIAN_POINT('',(-0.172247321464626,0.0435443650813895,0.0693566371023308));
#9653=CARTESIAN_POINT('',(-0.158740447616851,0.0435443650813895,0.0717382633867191));
#9654=CARTESIAN_POINT('',(-0.172444283015229,0.0435443650813895,0.0693219074667974));
#9655=CARTESIAN_POINT('',(-0.172444283015229,0.0875091615319252,0.0693219074667974));
#9656=CARTESIAN_POINT('',(-0.172444283015229,0.0340183230638504,0.0693219074667974));
#9657=CARTESIAN_POINT('',(-0.172345802239927,0.0340183230638504,0.0693392722845641));
#9658=CARTESIAN_POINT('',(-0.170097948438352,0.0390091615319252,0.0496805353067593));
#9659=CARTESIAN_POINT('',(-0.172111018409087,0.050601969459895,0.0610972224334053));
#9660=CARTESIAN_POINT('',(-0.173336558548108,0.0435443650813895,0.0680476059430503));
#9661=CARTESIAN_POINT('',(-0.173032964089873,0.04529269588632,0.0663258362115247));
#9662=CARTESIAN_POINT('',(-0.172935554392817,0.0443836577990115,0.0657733983675552));
#9663=CARTESIAN_POINT('',(-0.172968946406576,0.0446833630205802,0.0659627738881069));
#9664=CARTESIAN_POINT('',(-0.17300202648554,0.0449844071483534,0.0661503803385285));
#9665=CARTESIAN_POINT('',(-0.173032964089873,0.04529269588632,0.0663258362115247));
#9666=CARTESIAN_POINT('',(-0.172935554392817,0.0443836577990116,0.0657733983675551));
#9667=CARTESIAN_POINT('',(-0.17292541906479,0.0442926904953805,0.0657159180659792));
#9668=CARTESIAN_POINT('',(-0.17292879628403,0.0443230173345069,0.0657350712280575));
#9669=CARTESIAN_POINT('',(-0.172932175973382,0.0443533352807981,0.0657542383988331));
#9670=CARTESIAN_POINT('',(-0.172935554392817,0.0443836577990116,0.0657733983675552));
#9671=CARTESIAN_POINT('',(-0.17292541906479,0.0442926904953805,0.0657159180659792));
#9672=CARTESIAN_POINT('',(-0.17292541906479,0.045912023002379,0.0657159180659792));
#9673=CARTESIAN_POINT('',(-0.17292541906479,0.0340183230638504,0.0657159180659792));
#9674=CARTESIAN_POINT('',(-0.170097948438352,0.0340183230638504,0.0496805353067593));
#9675=CARTESIAN_POINT('',(-0.173336558548108,0.0340183230638504,0.0680476059430503));
#9676=CARTESIAN_POINT('',(-0.173336558548108,0.0390091615319252,0.0680476059430503));
#9677=CARTESIAN_POINT('',(-0.167734409831123,0.0390091615319252,0.0500972909331599));
#9678=CARTESIAN_POINT('',(-0.167734409831123,0.0340183230638504,0.0500972909331599));
#9679=CARTESIAN_POINT('',(-0.170528578731825,0.0340183230638504,0.0659438102206575));
#9680=CARTESIAN_POINT('',(-0.170973019940879,0.0340183230638504,0.068464361569451));
#9681=CARTESIAN_POINT('',(-0.170528578731825,0.047026809591874,0.0659438102206575));
#9682=CARTESIAN_POINT('',(-0.170528578731825,0.046103799997579,0.0659438102206575));
#9683=CARTESIAN_POINT('',(-0.169747479801857,0.050601969459895,0.0615139780598059));
#9684=CARTESIAN_POINT('',(-0.170973019940879,0.0435443650813895,0.068464361569451));
#9685=CARTESIAN_POINT('',(-0.170973019940879,0.0390091615319252,0.068464361569451));
#9686=CARTESIAN_POINT('',(-0.168916179134737,0.0340183230638504,0.0498889131199596));
#9687=CARTESIAN_POINT('',(-0.172056308469193,0.0340183230638504,0.0682733485740174));
#9688=CARTESIAN_POINT('',(-0.172253270019795,0.0340183230638504,0.068238618938484));
#9689=CARTESIAN_POINT('',(-0.173489129375542,0.0340183230638504,0.0647713384316703));
#9690=CARTESIAN_POINT('',(-0.169445290203512,0.0340183230638504,0.0661348232160911));
#9691=CARTESIAN_POINT('',(-0.158740447616851,0.0875091615319252,0.0717382633867191));
#9692=CARTESIAN_POINT('',(-0.154671866177,0.0875091615319252,0.0724556640677744));
#9693=CARTESIAN_POINT('',(-0.154671866177,0.0340183230638504,0.0724556640677744));
#9694=CARTESIAN_POINT('',(-0.154671866177,0.0435443650813895,0.0724556640677744));
#9695=CARTESIAN_POINT('',(-0.158740447616851,0.0435443650813895,0.0717382633867191));
#9696=CARTESIAN_POINT('',(-0.154868827727603,0.0435443650813895,0.072420934432241));
#9697=CARTESIAN_POINT('',(-0.154868827727603,0.0340183230638504,0.072420934432241));
#9698=CARTESIAN_POINT('',(-0.154868827727603,0.0340183230638504,0.072420934432241));
#9699=CARTESIAN_POINT('',(-0.154770346952301,0.0340183230638504,0.0724382992500077));
#9700=CARTESIAN_POINT('',(-0.151340723847112,0.0515,0.0529879400854032));
#9701=CARTESIAN_POINT('',(-0.152286216316185,0.0515,0.0652606189156165));
#9702=CARTESIAN_POINT('',(-0.153566466395101,0.0515,0.0650348762846495));
#9703=CARTESIAN_POINT('',(-0.152995485700378,0.0515,0.0651355555865927));
#9704=CARTESIAN_POINT('',(-0.152995485700378,0.0515,0.0651355555865927));
#9705=CARTESIAN_POINT('',(-0.152705839812244,0.0515,0.065100358893475));
#9706=CARTESIAN_POINT('',(-0.152419708721438,0.0515,0.0650348232160911));
#9707=CARTESIAN_POINT('',(-0.15212598526624,0.0515,0.0650348232160911));
#9708=CARTESIAN_POINT('',(-0.152286216316185,0.0515,0.0652606189156165));
#9709=CARTESIAN_POINT('',(-0.150158954543497,0.04775,0.0531963178986035));
#9710=CARTESIAN_POINT('',(-0.150158954543497,0.0340183230638504,0.0531963178986035));
#9711=CARTESIAN_POINT('',(-0.15240668137625,0.0340183230638504,0.0659438102206575));
#9712=CARTESIAN_POINT('',(-0.153397564653254,0.0340183230638504,0.0715633885348946));
#9713=CARTESIAN_POINT('',(-0.15240668137625,0.050173644043537,0.0659438102206575));
#9714=CARTESIAN_POINT('',(-0.152406681376249,0.049250634449242,0.0659438102206575));
#9715=CARTESIAN_POINT('',(-0.1514131091786,0.0549723886939324,0.0603089822796559));
#9716=CARTESIAN_POINT('',(-0.153397564653254,0.0435443650813895,0.0715633885348946));
#9717=CARTESIAN_POINT('',(-0.153397564653254,0.04775,0.0715633885348946));
#9718=CARTESIAN_POINT('',(-0.151340723847112,0.0340183230638504,0.0529879400854032));
#9719=CARTESIAN_POINT('',(-0.154480853181567,0.0340183230638504,0.071372375539461));
#9720=CARTESIAN_POINT('',(-0.154677814732169,0.0340183230638504,0.0713376459039276));
#9721=CARTESIAN_POINT('',(-0.155761103260483,0.0340183230638504,0.071146632908494));
#9722=CARTESIAN_POINT('',(-0.152522493150726,0.0340183230638504,0.0527795622722029));
#9723=CARTESIAN_POINT('',(-0.151323392847936,0.0340183230638504,0.0661348232160911));
#9724=CARTESIAN_POINT('',(-0.152522493150726,0.04775,0.0527795622722029));
#9725=CARTESIAN_POINT('',(-0.155761103260483,0.044,0.071146632908494));
#9726=CARTESIAN_POINT('',(-0.155761103260483,0.0435443650813895,0.071146632908494));
#9727=CARTESIAN_POINT('',(-0.154548359726391,0.0505282767491419,0.0642688225517391));
#9728=CARTESIAN_POINT('',(-0.158740447616851,0.0875091615319252,0.0717382633867191));
#9729=CARTESIAN_POINT('',(-0.171031466135742,0.0818062545621228,0.0695710252014512));
#9730=CARTESIAN_POINT('',(-0.170932985360441,0.0818062545621228,0.0695883900192179));
#9731=CARTESIAN_POINT('',(-0.171129946911043,0.0818062545621228,0.0695536603836845));
#9732=CARTESIAN_POINT('',(-0.170932985360441,0.0868062545621228,0.0695883900192179));
#9733=CARTESIAN_POINT('',(-0.170932985360441,0.0868062545621228,0.0695883900192179));
#9734=CARTESIAN_POINT('',(-0.158740447616851,0.0868062545621228,0.0717382633867191));
#9735=CARTESIAN_POINT('',(-0.171129946911043,0.0868062545621228,0.0695536603836845));
#9736=CARTESIAN_POINT('',(-0.171129946911043,0.0875091615319252,0.0695536603836845));
#9737=CARTESIAN_POINT('',(-0.167601843030552,0.0818062545621228,0.0501206660368467));
#9738=CARTESIAN_POINT('',(-0.168090089807222,0.0818062545621228,0.0661348232160911));
#9739=CARTESIAN_POINT('',(-0.169173378335535,0.0818062545621228,0.0659438102206575));
#9740=CARTESIAN_POINT('',(-0.166420073726937,0.0818062545621228,0.050329043850047));
#9741=CARTESIAN_POINT('',(-0.169658683836693,0.0818062545621228,0.0686961144863381));
#9742=CARTESIAN_POINT('',(-0.170741972365007,0.0818062545621228,0.0685051014909045));
#9743=CARTESIAN_POINT('',(-0.17093893391561,0.0818062545621228,0.0684703718553711));
#9744=CARTESIAN_POINT('',(-0.172022222443923,0.0818062545621228,0.0682793588599375));
#9745=CARTESIAN_POINT('',(-0.168783612334166,0.0818062545621228,0.0499122882236464));
#9746=CARTESIAN_POINT('',(-0.171677763693583,0.0818062545621228,0.0663258362115247));
#9747=CARTESIAN_POINT('',(-0.172761052221896,0.0818062545621228,0.0661348232160911));
#9748=CARTESIAN_POINT('',(-0.168783612334166,0.0868062545621228,0.0499122882236464));
#9749=CARTESIAN_POINT('',(-0.170363357302395,0.0959036432560552,0.0588714671415966));
#9750=CARTESIAN_POINT('',(-0.172022222443923,0.0863506196435123,0.0682793588599375));
#9751=CARTESIAN_POINT('',(-0.171677763693583,0.0883342785276322,0.0663258362115247));
#9752=CARTESIAN_POINT('',(-0.171677763693583,0.0818062545621228,0.0663258362115247));
#9753=CARTESIAN_POINT('',(-0.172022222443923,0.0868062545621228,0.0682793588599375));
#9754=CARTESIAN_POINT('',(-0.166420073726937,0.0868062545621228,0.050329043850047));
#9755=CARTESIAN_POINT('',(-0.169173378335535,0.0868062545621228,0.0659438102206575));
#9756=CARTESIAN_POINT('',(-0.169173378335535,0.0891453826388911,0.0659438102206575));
#9757=CARTESIAN_POINT('',(-0.169714630247761,0.0860284371028176,0.0690134023502995));
#9758=CARTESIAN_POINT('',(-0.169658683836693,0.0863506196435123,0.0686961144863381));
#9759=CARTESIAN_POINT('',(-0.169658683836693,0.0818062545621228,0.0686961144863381));
#9760=CARTESIAN_POINT('',(-0.158740447616851,0.0875091615319252,0.0717382633867191));
#9761=CARTESIAN_POINT('',(-0.147434582141606,0.0818062545621228,0.0737317925102651));
#9762=CARTESIAN_POINT('',(-0.147336101366305,0.0818062545621228,0.0737491573280318));
#9763=CARTESIAN_POINT('',(-0.147533062916907,0.0818062545621228,0.0737144276924984));
#9764=CARTESIAN_POINT('',(-0.147336101366305,0.0873062545621228,0.0737491573280318));
#9765=CARTESIAN_POINT('',(-0.147336101366305,0.0873062545621228,0.0737491573280318));
#9766=CARTESIAN_POINT('',(-0.158740447616851,0.0873062545621228,0.0717382633867191));
#9767=CARTESIAN_POINT('',(-0.147533062916907,0.0873062545621228,0.0737144276924984));
#9768=CARTESIAN_POINT('',(-0.147533062916907,0.0875091615319252,0.0737144276924984));
#9769=CARTESIAN_POINT('',(-0.144004959036416,0.0818062545621228,0.0542814333456606));
#9770=CARTESIAN_POINT('',(-0.143759550276092,0.0818062545621228,0.0661348232160911));
#9771=CARTESIAN_POINT('',(-0.144842838804405,0.0818062545621228,0.0659438102206575));
#9772=CARTESIAN_POINT('',(-0.142823189732801,0.0818062545621228,0.0544898111588609));
#9773=CARTESIAN_POINT('',(-0.146061799842558,0.0818062545621228,0.072856881795152));
#9774=CARTESIAN_POINT('',(-0.147145088370871,0.0818062545621228,0.0726658687997184));
#9775=CARTESIAN_POINT('',(-0.147342049921474,0.0818062545621228,0.072631139164185));
#9776=CARTESIAN_POINT('',(-0.148425338449787,0.0818062545621228,0.0724401261687514));
#9777=CARTESIAN_POINT('',(-0.145186728340031,0.0818062545621228,0.0540730555324603));
#9778=CARTESIAN_POINT('',(-0.147347224162453,0.0818062545621228,0.0663258362115247));
#9779=CARTESIAN_POINT('',(-0.148430512690767,0.0818062545621228,0.0661348232160911));
#9780=CARTESIAN_POINT('',(-0.145186728340031,0.0893062545621228,0.0540730555324603));
#9781=CARTESIAN_POINT('',(-0.146592825130593,0.0974036432560552,0.0620474266973983));
#9782=CARTESIAN_POINT('',(-0.148425338449787,0.0868506196435124,0.0724401261687514));
#9783=CARTESIAN_POINT('',(-0.147347224162453,0.093059232378866,0.0663258362115247));
#9784=CARTESIAN_POINT('',(-0.147347224162453,0.0818062545621228,0.0663258362115247));
#9785=CARTESIAN_POINT('',(-0.148425338449787,0.0893062545621228,0.0724401261687514));
#9786=CARTESIAN_POINT('',(-0.142823189732801,0.0893062545621228,0.0544898111588609));
#9787=CARTESIAN_POINT('',(-0.144842838804405,0.0893062545621228,0.0659438102206575));
#9788=CARTESIAN_POINT('',(-0.144842838804405,0.093870336490125,0.0659438102206575));
#9789=CARTESIAN_POINT('',(-0.146117746253625,0.0865284371028176,0.0731741696591134));
#9790=CARTESIAN_POINT('',(-0.146061799842558,0.0868506196435124,0.072856881795152));
#9791=CARTESIAN_POINT('',(-0.146061799842558,0.0818062545621228,0.072856881795152));
#9792=CARTESIAN_POINT('',(-0.158740447616851,0.0875091615319252,0.0717382633867191));
#9793=CARTESIAN_POINT('',(-0.156413166991199,0.122,0.0721486257527017));
#9794=CARTESIAN_POINT('',(-0.156314686215898,0.122,0.0721659905704684));
#9795=CARTESIAN_POINT('',(-0.1565116477665,0.122,0.072131260934935));
#9796=CARTESIAN_POINT('',(-0.156314686215898,0.1245,0.0721659905704684));
#9797=CARTESIAN_POINT('',(-0.156314686215898,0.1245,0.0721659905704684));
#9798=CARTESIAN_POINT('',(-0.158740447616851,0.1245,0.0717382633867191));
#9799=CARTESIAN_POINT('',(-0.1565116477665,0.1245,0.072131260934935));
#9800=CARTESIAN_POINT('',(-0.1565116477665,0.0875091615319252,0.072131260934935));
#9801=CARTESIAN_POINT('',(-0.152983543886009,0.122,0.0526982665880972));
#9802=CARTESIAN_POINT('',(-0.153017290140004,0.122,0.0661348232160911));
#9803=CARTESIAN_POINT('',(-0.154100578668318,0.122,0.0659438102206575));
#9804=CARTESIAN_POINT('',(-0.151801774582394,0.122,0.0529066444012975));
#9805=CARTESIAN_POINT('',(-0.155040384692151,0.122,0.0712737150375886));
#9806=CARTESIAN_POINT('',(-0.156123673220464,0.122,0.0710827020421549));
#9807=CARTESIAN_POINT('',(-0.156320634771066,0.122,0.0710479724066216));
#9808=CARTESIAN_POINT('',(-0.157403923299379,0.122,0.0708569594111879));
#9809=CARTESIAN_POINT('',(-0.154165313189624,0.122,0.0524898887748968));
#9810=CARTESIAN_POINT('',(-0.156604964026365,0.122,0.0663258362115247));
#9811=CARTESIAN_POINT('',(-0.157688252554678,0.122,0.0661348232160911));
#9812=CARTESIAN_POINT('',(-0.154165313189624,0.127,0.0524898887748968));
#9813=CARTESIAN_POINT('',(-0.155527997935769,0.134847388693932,0.0602180580015818));
#9814=CARTESIAN_POINT('',(-0.157403923299379,0.12404436508139,0.0708569594111879));
#9815=CARTESIAN_POINT('',(-0.156604964026365,0.12864538816006,0.0663258362115247));
#9816=CARTESIAN_POINT('',(-0.156604964026365,0.122,0.0663258362115247));
#9817=CARTESIAN_POINT('',(-0.157403923299379,0.127,0.0708569594111879));
#9818=CARTESIAN_POINT('',(-0.151801774582394,0.127,0.0529066444012975));
#9819=CARTESIAN_POINT('',(-0.154100578668318,0.127,0.0659438102206575));
#9820=CARTESIAN_POINT('',(-0.154100578668318,0.129456492271319,0.0659438102206575));
#9821=CARTESIAN_POINT('',(-0.155096331103218,0.123722182540695,0.07159100290155));
#9822=CARTESIAN_POINT('',(-0.155040384692151,0.12404436508139,0.0712737150375886));
#9823=CARTESIAN_POINT('',(-0.155040384692151,0.122,0.0712737150375886));
#9824=CARTESIAN_POINT('',(-0.158740447616851,0.0875091615319252,0.0717382633867191));
#9825=CARTESIAN_POINT('',(-0.158740447616851,0.125614074110985,0.0717382633867191));
#9826=CARTESIAN_POINT('',(-0.166830878823059,0.125614074110985,0.0703117020794989));
#9827=CARTESIAN_POINT('',(-0.167027840373662,0.125614074110985,0.0702769724439655));
#9828=CARTESIAN_POINT('',(-0.167027840373662,0.0875091615319252,0.0702769724439655));
#9829=CARTESIAN_POINT('',(-0.167027840373662,0.122,0.0702769724439655));
#9830=CARTESIAN_POINT('',(-0.16692935959836,0.122,0.0702943372617322));
#9831=CARTESIAN_POINT('',(-0.166830878823059,0.122,0.0703117020794989));
#9832=CARTESIAN_POINT('',(-0.166830878823059,0.0875091615319252,0.0703117020794989));
#9833=CARTESIAN_POINT('',(-0.162317967189555,0.126807037055492,0.051052355910328));
#9834=CARTESIAN_POINT('',(-0.162317967189555,0.122,0.051052355910328));
#9835=CARTESIAN_POINT('',(-0.164943732366454,0.122,0.0659438102206575));
#9836=CARTESIAN_POINT('',(-0.165556577299312,0.122,0.0694194265466191));
#9837=CARTESIAN_POINT('',(-0.164943732366454,0.129610682096755,0.0659438102206575));
#9838=CARTESIAN_POINT('',(-0.164943732366454,0.12868767250246,0.0659438102206575));
#9839=CARTESIAN_POINT('',(-0.163794134237116,0.135307944277171,0.0594241152498746));
#9840=CARTESIAN_POINT('',(-0.165556577299312,0.125158439192374,0.0694194265466191));
#9841=CARTESIAN_POINT('',(-0.165556577299312,0.126807037055492,0.0694194265466191));
#9842=CARTESIAN_POINT('',(-0.16349973649317,0.122,0.0508439780971277));
#9843=CARTESIAN_POINT('',(-0.166836827378227,0.122,0.0691936839156521));
#9844=CARTESIAN_POINT('',(-0.167920115906541,0.122,0.0690026709202185));
#9845=CARTESIAN_POINT('',(-0.164681505796785,0.122,0.0506356002839274));
#9846=CARTESIAN_POINT('',(-0.167448117724502,0.122,0.0663258362115247));
#9847=CARTESIAN_POINT('',(-0.168531406252815,0.122,0.0661348232160911));
#9848=CARTESIAN_POINT('',(-0.16386044383814,0.122,0.0661348232160911));
#9849=CARTESIAN_POINT('',(-0.166639865827626,0.122,0.0692284135511855));
#9850=CARTESIAN_POINT('',(-0.164681505796785,0.126807037055492,0.0506356002839274));
#9851=CARTESIAN_POINT('',(-0.166157672844345,0.135307944277171,0.0590073596234739));
#9852=CARTESIAN_POINT('',(-0.167920115906541,0.125158439192374,0.0690026709202185));
#9853=CARTESIAN_POINT('',(-0.167448117724502,0.127876568391201,0.0663258362115247));
#9854=CARTESIAN_POINT('',(-0.167448117724502,0.122,0.0663258362115247));
#9855=CARTESIAN_POINT('',(-0.167920115906541,0.126807037055492,0.0690026709202185));
#9856=CARTESIAN_POINT('',(-0.158740447616851,0.05,0.0717382633867191));
#9857=CARTESIAN_POINT('',(-0.180751878623804,0.0532,0.0646076890581559));
#9858=CARTESIAN_POINT('',(-0.180807825034872,0.0528778174593052,0.0649249769221173));
#9859=CARTESIAN_POINT('',(-0.181004786585474,0.0528778174593052,0.064890247286584));
#9860=CARTESIAN_POINT('',(-0.181004786585474,0.0528778174593052,0.064890247286584));
#9861=CARTESIAN_POINT('',(-0.181504514342941,0.05,0.0677243442322616));
#9862=CARTESIAN_POINT('',(-0.158740447616851,0.0868062545621228,0.0717382633867191));
#9863=CARTESIAN_POINT('',(-0.17009638792983,0.0916240271517965,0.0648438102206575));
#9864=CARTESIAN_POINT('',(-0.170188961769004,0.0910909156592481,0.0653688225517391));
#9865=CARTESIAN_POINT('',(-0.170277708629058,0.0910755049287262,0.0653688225517391));
#9866=CARTESIAN_POINT('',(-0.170392047091382,0.0910556502631064,0.0653688225517391));
#9867=CARTESIAN_POINT('',(-0.171129946911043,0.0868062545621228,0.0695536603836845));
#9868=CARTESIAN_POINT('',(-0.171303913173926,0.05,0.0634304257664908));
#9869=CARTESIAN_POINT('',(-0.171205432398624,0.05,0.0634477905842575));
#9870=CARTESIAN_POINT('',(-0.172191375053558,0.0443221825406948,0.0690393492383694));
#9871=CARTESIAN_POINT('',(-0.171544162165295,0.048049333017936,0.0653688225517391));
#9872=CARTESIAN_POINT('',(-0.171632909025348,0.0480339222874141,0.0653688225517391));
#9873=CARTESIAN_POINT('',(-0.171747247487672,0.0480140676217943,0.0653688225517391));
#9874=CARTESIAN_POINT('',(-0.171402393949227,0.05,0.0634130609487242));
#9875=CARTESIAN_POINT('',(-0.172388336604161,0.0443221825406948,0.069004619602836));
#9876=CARTESIAN_POINT('',(-0.17228985582886,0.0443221825406948,0.0690219844206027));
#9877=CARTESIAN_POINT('',(-0.1534679856198,0.0515,0.0650522411024162));
#9878=CARTESIAN_POINT('',(-0.154868827727603,0.044,0.072420934432241));
#9879=CARTESIAN_POINT('',(-0.154812881316535,0.0443221825406948,0.0721036465682796));
#9880=CARTESIAN_POINT('',(-0.154714400541234,0.0443221825406948,0.0721210113860463));
#9881=CARTESIAN_POINT('',(-0.154615919765933,0.0443221825406948,0.072138376203813));
#9882=CARTESIAN_POINT('',(-0.153369504844498,0.0515,0.0650696059201829));
#9883=CARTESIAN_POINT('',(-0.153422264809719,0.051196167469599,0.0653688225517391));
#9884=CARTESIAN_POINT('',(-0.152995485700378,0.0515,0.0651355555865927));
#9885=CARTESIAN_POINT('',(-0.153159707916761,0.0514144244406635,0.0651934944792901));
#9886=CARTESIAN_POINT('',(-0.153300630372082,0.0513098471449803,0.0652748366172649));
#9887=CARTESIAN_POINT('',(-0.153422264809719,0.051196167469599,0.0653688225517391));
#9888=CARTESIAN_POINT('',(-0.158740447616851,0.0873062545621228,0.0717382633867191));
#9889=CARTESIAN_POINT('',(-0.145765848398701,0.0963489810030304,0.0648438102206575));
#9890=CARTESIAN_POINT('',(-0.145858422237875,0.095815869510482,0.0653688225517391));
#9891=CARTESIAN_POINT('',(-0.145947169097928,0.09580045877996,0.0653688225517391));
#9892=CARTESIAN_POINT('',(-0.146061507560252,0.0957806041143403,0.0653688225517391));
#9893=CARTESIAN_POINT('',(-0.147533062916907,0.0873062545621228,0.0737144276924984));
#9894=CARTESIAN_POINT('',(-0.158740447616851,0.125614074110985,0.0717382633867191));
#9895=CARTESIAN_POINT('',(-0.166830878823059,0.125614074110985,0.0703117020794989));
#9896=CARTESIAN_POINT('',(-0.165959315799923,0.130633205522817,0.0653688225517391));
#9897=CARTESIAN_POINT('',(-0.166048062659976,0.130617794792295,0.0653688225517391));
#9898=CARTESIAN_POINT('',(-0.1661624011223,0.130597940126676,0.0653688225517391));
#9899=CARTESIAN_POINT('',(-0.167027840373662,0.125614074110985,0.0702769724439655));
#9900=CARTESIAN_POINT('',(-0.158740447616851,0.1245,0.0717382633867191));
#9901=CARTESIAN_POINT('',(-0.155023588262613,0.131935136784225,0.0648438102206575));
#9902=CARTESIAN_POINT('',(-0.155116162101786,0.131402025291676,0.0653688225517391));
#9903=CARTESIAN_POINT('',(-0.15520490896184,0.131386614561154,0.0653688225517391));
#9904=CARTESIAN_POINT('',(-0.155319247424164,0.131366759895535,0.0653688225517391));
#9905=CARTESIAN_POINT('',(-0.1565116477665,0.1245,0.072131260934935));
#9906=CARTESIAN_POINT('',(-0.154247747856853,0.134847388693932,0.0604438006325488));
#9907=CARTESIAN_POINT('',(-0.155251228686153,0.129068572913761,0.0661348232160911));
#9908=CARTESIAN_POINT('',(-0.156123673220464,0.12404436508139,0.0710827020421549));
#9909=CARTESIAN_POINT('',(-0.156123673220464,0.127,0.0710827020421549));
#9910=CARTESIAN_POINT('',(-0.179863001415582,0.0578974612751613,0.0584148618106651));
#9911=CARTESIAN_POINT('',(-0.18113985316984,0.0505443650813896,0.065656247950936));
#9912=CARTESIAN_POINT('',(-0.181313501347507,0.0495443650813896,0.0666410557039482));
#9913=CARTESIAN_POINT('',(-0.181313501347507,0.0875091615319252,0.0666410557039482));
#9914=CARTESIAN_POINT('',(-0.17966603986498,0.0578974612751613,0.0584495914461985));
#9915=CARTESIAN_POINT('',(-0.180942891619238,0.0505443650813896,0.0656909775864694));
#9916=CARTESIAN_POINT('',(-0.181116539796905,0.0495443650813896,0.0666757853394816));
#9917=CARTESIAN_POINT('',(-0.181116539796905,0.0476001451624577,0.0666757853394816));
#9918=CARTESIAN_POINT('',(-0.152496397706914,0.0549723886939324,0.0601179692842222));
#9919=CARTESIAN_POINT('',(-0.153557331394084,0.0488627150916834,0.0661348232160911));
#9920=CARTESIAN_POINT('',(-0.154480853181567,0.0435443650813895,0.071372375539461));
#9921=CARTESIAN_POINT('',(-0.170830768330171,0.050601969459895,0.0613229650643723));
#9922=CARTESIAN_POINT('',(-0.171679228749661,0.0457158806400204,0.0661348232160911));
#9923=CARTESIAN_POINT('',(-0.172056308469193,0.0435443650813895,0.0682733485740174));
#9924=CARTESIAN_POINT('',(-0.152693359257516,0.0549723886939324,0.0600832396486888));
#9925=CARTESIAN_POINT('',(-0.154677814732169,0.0435443650813895,0.0713376459039276));
#9926=CARTESIAN_POINT('',(-0.154677814732169,0.04775,0.0713376459039276));
#9927=CARTESIAN_POINT('',(-0.154677814732169,0.0435443650813895,0.0713376459039276));
#9928=CARTESIAN_POINT('',(-0.171027729880773,0.050601969459895,0.0612882354288389));
#9929=CARTESIAN_POINT('',(-0.171882314072038,0.0456806152438787,0.0661348232160911));
#9930=CARTESIAN_POINT('',(-0.172253270019795,0.0435443650813896,0.068238618938484));
#9931=CARTESIAN_POINT('',(-0.172253270019795,0.0875091615319252,0.068238618938484));
#9932=CARTESIAN_POINT('',(-0.172253270019795,0.0435443650813896,0.068238618938484));
#9933=CARTESIAN_POINT('',(-0.170741972365007,0.0868062545621228,0.0685051014909045));
#9934=CARTESIAN_POINT('',(-0.170741972365007,0.0863506196435123,0.0685051014909045));
#9935=CARTESIAN_POINT('',(-0.16908310722348,0.0959036432560552,0.0590972097725637));
#9936=CARTESIAN_POINT('',(-0.170324028353371,0.0887574632813325,0.0661348232160911));
#9937=CARTESIAN_POINT('',(-0.169280068774082,0.0959036432560552,0.0590624801370303));
#9938=CARTESIAN_POINT('',(-0.170527113675747,0.0887221978851908,0.0661348232160911));
#9939=CARTESIAN_POINT('',(-0.17093893391561,0.0863506196435123,0.0684703718553711));
#9940=CARTESIAN_POINT('',(-0.17093893391561,0.0875091615319252,0.0684703718553711));
#9941=CARTESIAN_POINT('',(-0.147145088370871,0.0893062545621228,0.0726658687997184));
#9942=CARTESIAN_POINT('',(-0.147145088370871,0.0868506196435124,0.0726658687997184));
#9943=CARTESIAN_POINT('',(-0.145312575051677,0.0974036432560552,0.0622731693283653));
#9944=CARTESIAN_POINT('',(-0.145993488822241,0.0934824171325664,0.0661348232160911));
#9945=CARTESIAN_POINT('',(-0.147342049921474,0.0875091615319252,0.072631139164185));
#9946=CARTESIAN_POINT('',(-0.147342049921474,0.0868506196435124,0.072631139164185));
#9947=CARTESIAN_POINT('',(-0.145509536602279,0.0974036432560552,0.0622384396928319));
#9948=CARTESIAN_POINT('',(-0.146196574144618,0.0934471517364247,0.0661348232160911));
#9949=CARTESIAN_POINT('',(-0.165074384316031,0.135307944277171,0.0591983726189076));
#9950=CARTESIAN_POINT('',(-0.166297467706667,0.12826448774876,0.0661348232160911));
#9951=CARTESIAN_POINT('',(-0.166836827378227,0.125158439192374,0.0691936839156521));
#9952=CARTESIAN_POINT('',(-0.166836827378227,0.0875091615319252,0.0691936839156521));
#9953=CARTESIAN_POINT('',(-0.164877422765429,0.135307944277171,0.0592331022544409));
#9954=CARTESIAN_POINT('',(-0.166094382384289,0.128299753144902,0.0661348232160911));
#9955=CARTESIAN_POINT('',(-0.166639865827626,0.125158439192374,0.0692284135511855));
#9956=CARTESIAN_POINT('',(-0.166639865827626,0.0875091615319252,0.0692284135511855));
#9957=CARTESIAN_POINT('',(-0.156320634771066,0.0875091615319252,0.0710479724066216));
#9958=CARTESIAN_POINT('',(-0.156320634771066,0.12404436508139,0.0710479724066216));
#9959=CARTESIAN_POINT('',(-0.154444709407455,0.134847388693932,0.0604090709970154));
#9960=CARTESIAN_POINT('',(-0.15545431400853,0.129033307517619,0.0661348232160911));
#9961=CARTESIAN_POINT('',(-0.169445290203512,0.141,0.0661348232160911));
#9962=CARTESIAN_POINT('',(-0.169445290203512,0.046103799997579,0.0661348232160911));
#9963=CARTESIAN_POINT('',(-0.170528578731826,0.046103799997579,0.0659438102206575));
#9964=CARTESIAN_POINT('',(-0.170368299797807,0.046103799997579,0.0650348232160911));
#9965=CARTESIAN_POINT('',(-0.169445290203512,0.046103799997579,0.0650348232160911));
#9966=CARTESIAN_POINT('',(-0.170493218381509,0.04671469642261,0.0657432717087725));
#9967=CARTESIAN_POINT('',(-0.170207300561716,0.0466986265603225,0.0650348232160844));
#9968=CARTESIAN_POINT('',(-0.169445290203524,0.0469183285642898,0.0650348232160911));
#9969=CARTESIAN_POINT('',(-0.170672109114601,0.0478475688478824,0.0653851811491335));
#9970=CARTESIAN_POINT('',(-0.17030985829294,0.048046322249141,0.0650348232160918));
#9971=CARTESIAN_POINT('',(-0.169929353724102,0.0484568440473936,0.0650348232160911));
#9972=CARTESIAN_POINT('',(-0.171242922675531,0.0481508900748397,0.0653188154632346));
#9973=CARTESIAN_POINT('',(-0.171189575343558,0.0484809698550658,0.0650348232160956));
#9974=CARTESIAN_POINT('',(-0.171094384967974,0.0489287075341374,0.0650348232160911));
#9975=CARTESIAN_POINT('',(-0.171544162165295,0.048049333017936,0.0653688225517391));
#9976=CARTESIAN_POINT('',(-0.171599607533205,0.0483686301660853,0.0650348232160911));
#9977=CARTESIAN_POINT('',(-0.171679228749661,0.0488271504772412,0.0650348232160911));
#9978=CARTESIAN_POINT('',(-0.171679228749661,0.0488271504772412,0.0661348232160911));
#9979=CARTESIAN_POINT('',(-0.173489129375542,0.141,0.0647713384316703));
#9980=CARTESIAN_POINT('',(-0.17292541906479,0.0442926904953805,0.0657159180659792));
#9981=CARTESIAN_POINT('',(-0.173064787794947,0.0447436360934588,0.0657990911382459));
#9982=CARTESIAN_POINT('',(-0.173138738475934,0.045709195500844,0.0658116028587174));
#9983=CARTESIAN_POINT('',(-0.172860677336924,0.0466223953049183,0.0656985213116659));
#9984=CARTESIAN_POINT('',(-0.172711311916229,0.0470502952628919,0.0655491558909677));
#9985=CARTESIAN_POINT('',(-0.12985312921576,0.0560901764402187,0.0661348232160911));
#9986=CARTESIAN_POINT('',(-0.171882314072038,0.0487918850810995,0.0661348232160911));
#9987=CARTESIAN_POINT('',(-0.171747247487672,0.0480140676217943,0.0653688225517391));
#9988=CARTESIAN_POINT('',(-0.171802692855582,0.0483333647699437,0.0650348232160911));
#9989=CARTESIAN_POINT('',(-0.171882314072038,0.0487918850810995,0.0650348232160911));
#9990=CARTESIAN_POINT('',(-0.171944222988724,0.0479476611483683,0.0654015213566832));
#9991=CARTESIAN_POINT('',(-0.172076800346863,0.0482582654213584,0.0650348232160945));
#9992=CARTESIAN_POINT('',(-0.172264733711058,0.0487254786076669,0.0650348232160911));
#9993=CARTESIAN_POINT('',(-0.172350038307621,0.0476052444222575,0.0655357103104557));
#9994=CARTESIAN_POINT('',(-0.172629748222392,0.0478276471059291,0.0650348232160896));
#9995=CARTESIAN_POINT('',(-0.173029042082707,0.0483131632248299,0.0650348232160911));
#9996=CARTESIAN_POINT('',(-0.172838305225238,0.0465950271497162,0.0658915894087679));
#9997=CARTESIAN_POINT('',(-0.173080650245028,0.046588295445705,0.0650348232160912));
#9998=CARTESIAN_POINT('',(-0.173880073744139,0.0470154668938205,0.0650348232160911));
#9999=CARTESIAN_POINT('',(-0.173079852845044,0.0453488212293798,0.0663102415491949));
#10000=CARTESIAN_POINT('',(-0.172906307276148,0.0451890547972741,0.0650348232160928));
#10001=CARTESIAN_POINT('',(-0.174215529647986,0.0453732761021687,0.0650348232160911));
#10002=CARTESIAN_POINT('',(-0.173034971683939,0.0445753103095179,0.0665591016723318));
#10003=CARTESIAN_POINT('',(-0.1723974903318,0.0446689199954828,0.0650348232160864));
#10004=CARTESIAN_POINT('',(-0.174038005817479,0.044331652645802,0.0650348232160911));
#10005=CARTESIAN_POINT('',(-0.172963884054777,0.0442524996717916,0.0666600040520676));
#10006=CARTESIAN_POINT('',(-0.172144926308815,0.044582828480915,0.0650348232160911));
#10007=CARTESIAN_POINT('',(-0.173860246935249,0.0438909492935107,0.0650348232160911));
#10008=CARTESIAN_POINT('',(-0.172056308469193,0.0875091615319252,0.0682733485740174));
#10009=CARTESIAN_POINT('',(-0.172056308469193,0.0435443650813895,0.0682733485740174));
#10010=CARTESIAN_POINT('',(-0.172056308469193,0.0435443650813895,0.0682733485740174));
#10011=CARTESIAN_POINT('',(-0.172056308469193,0.0435443650813895,0.0682733485740174));
#10012=CARTESIAN_POINT('',(-0.158549434621418,0.0435443650813895,0.0706549748584056));
#10013=CARTESIAN_POINT('',(-0.172253270019795,0.0435443650813895,0.068238618938484));
#10014=CARTESIAN_POINT('',(-0.172253270019795,0.0435443650813896,0.068238618938484));
#10015=CARTESIAN_POINT('',(-0.178776314562611,0.0476001451624577,0.0660730035773366));
#10016=CARTESIAN_POINT('',(-0.178776314562611,0.0505443650813896,0.0660730035773366));
#10017=CARTESIAN_POINT('',(-0.179859603090925,0.0505443650813896,0.065881990581903));
#10018=CARTESIAN_POINT('',(-0.179668590095491,0.0505443650813896,0.0647987020535896));
#10019=CARTESIAN_POINT('',(-0.178585301567178,0.0505443650813896,0.0649897150490232));
#10020=CARTESIAN_POINT('',(-0.179824242740609,0.0511552615064234,0.0656814520700232));
#10021=CARTESIAN_POINT('',(-0.179485040886631,0.0511035072869504,0.0648310667314392));
#10022=CARTESIAN_POINT('',(-0.178585301567155,0.0513588936481061,0.0649897150490273));
#10023=CARTESIAN_POINT('',(-0.179988537173118,0.0523721906799188,0.0652405817729286));
#10024=CARTESIAN_POINT('',(-0.179513660879082,0.052504802329404,0.0648260202545155));
#10025=CARTESIAN_POINT('',(-0.179054768787775,0.05298146587943,0.0649069353114737));
#10026=CARTESIAN_POINT('',(-0.180524220741831,0.0528778174592972,0.0649749840108335));
#10027=CARTESIAN_POINT('',(-0.180350801554862,0.053199999999956,0.0646784097667723));
#10028=CARTESIAN_POINT('',(-0.180184670037697,0.0536556349185924,0.0647077032355762));
#10029=CARTESIAN_POINT('',(-0.180807825034872,0.0528778174593052,0.0649249769221174));
#10030=CARTESIAN_POINT('',(-0.180751878623804,0.0532,0.064607689058156));
#10031=CARTESIAN_POINT('',(-0.180751878623804,0.0536556349186104,0.064607689058156));
#10032=CARTESIAN_POINT('',(-0.180942891619238,0.0536556349186104,0.0656909775864694));
#10033=CARTESIAN_POINT('',(-0.184271214808038,0.0536556349186104,0.0651041044077662));
#10034=CARTESIAN_POINT('',(-0.18113985316984,0.0536556349186104,0.065656247950936));
#10035=CARTESIAN_POINT('',(-0.181004786585474,0.0528778174593052,0.064890247286584));
#10036=CARTESIAN_POINT('',(-0.180948840174406,0.0532,0.0645729594226226));
#10037=CARTESIAN_POINT('',(-0.180948840174406,0.0536556349186104,0.0645729594226226));
#10038=CARTESIAN_POINT('',(-0.181288390878541,0.0528778174593012,0.0648402401978757));
#10039=CARTESIAN_POINT('',(-0.181349917243381,0.0531999999999576,0.0645022387140205));
#10040=CARTESIAN_POINT('',(-0.181516048760514,0.0536556349185924,0.0644729452452023));
#10041=CARTESIAN_POINT('',(-0.181882608559762,0.0523721906799154,0.0649066058840827));
#10042=CARTESIAN_POINT('',(-0.182187057919103,0.0525048023294087,0.0643546282262169));
#10043=CARTESIAN_POINT('',(-0.182645950010436,0.05298146587943,0.0642737131693049));
#10044=CARTESIAN_POINT('',(-0.182187781347836,0.0511552615064262,0.0652646964436126));
#10045=CARTESIAN_POINT('',(-0.182215677911599,0.0511035072869498,0.064349581749428));
#10046=CARTESIAN_POINT('',(-0.183115417231056,0.051358893648106,0.0641909334317513));
#10047=CARTESIAN_POINT('',(-0.182223141698153,0.0505443650813896,0.0654652349555024));
#10048=CARTESIAN_POINT('',(-0.18203212870272,0.0505443650813896,0.064381946427189));
#10049=CARTESIAN_POINT('',(-0.183115417231033,0.0505443650813896,0.0641909334317553));
#10050=CARTESIAN_POINT('',(-0.183306430226467,0.0505443650813896,0.0652742219600687));
#10051=CARTESIAN_POINT('',(-0.183306430226467,0.141,0.0652742219600687));
#10052=CARTESIAN_POINT('',(-0.151323392847936,0.141,0.0661348232160911));
#10053=CARTESIAN_POINT('',(-0.151323392847936,0.049250634449242,0.0661348232160911));
#10054=CARTESIAN_POINT('',(-0.152406681376249,0.049250634449242,0.0659438102206575));
#10055=CARTESIAN_POINT('',(-0.152246402442231,0.049250634449242,0.0650348232160911));
#10056=CARTESIAN_POINT('',(-0.151323392847936,0.049250634449242,0.0650348232160911));
#10057=CARTESIAN_POINT('',(-0.152371108863832,0.0498651962528317,0.0657420684777067));
#10058=CARTESIAN_POINT('',(-0.152084507217199,0.0498487713262037,0.0650348232160883));
#10059=CARTESIAN_POINT('',(-0.151323392847947,0.0500700501873531,0.0650348232160911));
#10060=CARTESIAN_POINT('',(-0.152552745569682,0.0510041748970007,0.0653821483531929));
#10061=CARTESIAN_POINT('',(-0.152190770075629,0.0512052920422592,0.0650348232160918));
#10062=CARTESIAN_POINT('',(-0.151813593517323,0.0516170625305717,0.0650348232160911));
#10063=CARTESIAN_POINT('',(-0.153129746543278,0.0513003617192254,0.0653184505606863));
#10064=CARTESIAN_POINT('',(-0.153080654953901,0.0516311588006073,0.0650348232160921));
#10065=CARTESIAN_POINT('',(-0.152990058743416,0.0520800753077231,0.0650348232160911));
#10066=CARTESIAN_POINT('',(-0.153433115268797,0.0511924078345466,0.0653706568004611));
#10067=CARTESIAN_POINT('',(-0.153492664994729,0.0515112396602281,0.0650348232160911));
#10068=CARTESIAN_POINT('',(-0.153578385457164,0.0519701907487297,0.0650348232160911));
#10069=CARTESIAN_POINT('',(-0.172761052221896,0.141,0.0661348232160911));
#10070=CARTESIAN_POINT('',(-0.172761052221896,0.0883342785276322,0.0661348232160911));
#10071=CARTESIAN_POINT('',(-0.170392047091381,0.0910556502631064,0.0653688225517391));
#10072=CARTESIAN_POINT('',(-0.170447492459292,0.0913749474112558,0.0650348232160911));
#10073=CARTESIAN_POINT('',(-0.170527113675747,0.0918334677224116,0.0650348232160911));
#10074=CARTESIAN_POINT('',(-0.170693286581145,0.0909540932061967,0.0654188296402498));
#10075=CARTESIAN_POINT('',(-0.170868662371479,0.0912595562342615,0.0650348232160887));
#10076=CARTESIAN_POINT('',(-0.171111957457435,0.0917319106654886,0.0650348232160911));
#10077=CARTESIAN_POINT('',(-0.171322634254623,0.0902461608743869,0.0656844274026583));
#10078=CARTESIAN_POINT('',(-0.171723452137541,0.0902930087201514,0.0650348232161107));
#10079=CARTESIAN_POINT('',(-0.172276988701306,0.0908554360738953,0.0650348232160911));
#10080=CARTESIAN_POINT('',(-0.171642403343265,0.0889451749526604,0.0661252976996346));
#10081=CARTESIAN_POINT('',(-0.171672064311625,0.0888459429662514,0.0650348232160478));
#10082=CARTESIAN_POINT('',(-0.172761052221885,0.0891488070943515,0.0650348232160911));
#10083=CARTESIAN_POINT('',(-0.171677763693583,0.0883342785276322,0.0663258362115247));
#10084=CARTESIAN_POINT('',(-0.171450123270042,0.0883342785276322,0.0650348232160911));
#10085=CARTESIAN_POINT('',(-0.172761052221896,0.0883342785276322,0.0650348232160911));
#10086=CARTESIAN_POINT('',(-0.170527113675747,0.0918334677224116,0.0661348232160911));
#10087=CARTESIAN_POINT('',(-0.137068778853723,0.0976434465920262,0.0661348232160911));
#10088=CARTESIAN_POINT('',(-0.170324028353371,0.0918687331185533,0.0661348232160911));
#10089=CARTESIAN_POINT('',(-0.169173378335535,0.0891453826388911,0.0659438102206575));
#10090=CARTESIAN_POINT('',(-0.169013099401517,0.0891453826388911,0.0650348232160911));
#10091=CARTESIAN_POINT('',(-0.168090089807222,0.0891453826388911,0.0650348232160911));
#10092=CARTESIAN_POINT('',(-0.169138017985221,0.0897562790639306,0.0657432717087858));
#10093=CARTESIAN_POINT('',(-0.168852100165493,0.0897402092016343,0.0650348232160708));
#10094=CARTESIAN_POINT('',(-0.168090089807233,0.0899599112056047,0.0650348232160911));
#10095=CARTESIAN_POINT('',(-0.169316908718326,0.0908891514891879,0.0653851811491265));
#10096=CARTESIAN_POINT('',(-0.168954657896606,0.0910879048904359,0.0650348232160984));
#10097=CARTESIAN_POINT('',(-0.168574153327811,0.0914984266887074,0.0650348232160911));
#10098=CARTESIAN_POINT('',(-0.169887722279208,0.0911924727161567,0.0653188154632354));
#10099=CARTESIAN_POINT('',(-0.169834374947293,0.0915225524964025,0.0650348232160947));
#10100=CARTESIAN_POINT('',(-0.169739184571683,0.0919702901754434,0.0650348232160911));
#10101=CARTESIAN_POINT('',(-0.170188961769005,0.0910909156592481,0.0653688225517391));
#10102=CARTESIAN_POINT('',(-0.170244407136915,0.0914102128073975,0.0650348232160911));
#10103=CARTESIAN_POINT('',(-0.170324028353371,0.0918687331185533,0.0650348232160911));
#10104=CARTESIAN_POINT('',(-0.168090089807222,0.0891453826388911,0.0661348232160911));
#10105=CARTESIAN_POINT('',(-0.168090089807222,0.0868062545621228,0.0661348232160911));
#10106=CARTESIAN_POINT('',(-0.168531406252815,0.141,0.0661348232160911));
#10107=CARTESIAN_POINT('',(-0.168531406252815,0.127876568391201,0.0661348232160911));
#10108=CARTESIAN_POINT('',(-0.1661624011223,0.130597940126676,0.0653688225517391));
#10109=CARTESIAN_POINT('',(-0.166217846490211,0.130917237274825,0.0650348232160911));
#10110=CARTESIAN_POINT('',(-0.166297467706666,0.131375757585981,0.0650348232160911));
#10111=CARTESIAN_POINT('',(-0.1664636406121,0.130496383069747,0.0654188296402633));
#10112=CARTESIAN_POINT('',(-0.166639016402388,0.130801846097785,0.0650348232160887));
#10113=CARTESIAN_POINT('',(-0.166882311488354,0.131274200529058,0.0650348232160911));
#10114=CARTESIAN_POINT('',(-0.167092988285523,0.129788450737955,0.0656844274026407));
#10115=CARTESIAN_POINT('',(-0.167493806168462,0.129835298583736,0.0650348232160928));
#10116=CARTESIAN_POINT('',(-0.168047342732226,0.130397725937476,0.0650348232160911));
#10117=CARTESIAN_POINT('',(-0.167412757374188,0.128487464816252,0.0661252976996566));
#10118=CARTESIAN_POINT('',(-0.16744241834255,0.128388232829859,0.06503482321609));
#10119=CARTESIAN_POINT('',(-0.168531406252804,0.128691096957898,0.0650348232160911));
#10120=CARTESIAN_POINT('',(-0.167448117724502,0.127876568391201,0.0663258362115247));
#10121=CARTESIAN_POINT('',(-0.167220477300962,0.127876568391201,0.0650348232160911));
#10122=CARTESIAN_POINT('',(-0.168531406252815,0.127876568391201,0.0650348232160911));
#10123=CARTESIAN_POINT('',(-0.166297467706667,0.131375757585981,0.0661348232160911));
#10124=CARTESIAN_POINT('',(-0.143610431047831,0.13531532015845,0.0661348232160911));
#10125=CARTESIAN_POINT('',(-0.166094382384289,0.131411022982123,0.0661348232160911));
#10126=CARTESIAN_POINT('',(-0.164943732366454,0.12868767250246,0.0659438102206575));
#10127=CARTESIAN_POINT('',(-0.164783453432435,0.12868767250246,0.0650348232160911));
#10128=CARTESIAN_POINT('',(-0.16386044383814,0.12868767250246,0.0650348232160911));
#10129=CARTESIAN_POINT('',(-0.164908372016138,0.129298568927477,0.065743271708778));
#10130=CARTESIAN_POINT('',(-0.164622454196417,0.129282499065165,0.0650348232160986));
#10131=CARTESIAN_POINT('',(-0.163860443838152,0.129502201069168,0.0650348232160911));
#10132=CARTESIAN_POINT('',(-0.165087262749243,0.130431441352777,0.0653851811491221));
#10133=CARTESIAN_POINT('',(-0.164725011927529,0.130630194754061,0.0650348232160864));
#10134=CARTESIAN_POINT('',(-0.16434450735873,0.13104071655228,0.0650348232160911));
#10135=CARTESIAN_POINT('',(-0.16565807631013,0.130734762579709,0.0653188154632517));
#10136=CARTESIAN_POINT('',(-0.165604728978203,0.131064842359916,0.0650348232160936));
#10137=CARTESIAN_POINT('',(-0.165509538602603,0.131512580039012,0.0650348232160911));
#10138=CARTESIAN_POINT('',(-0.165959315799923,0.130633205522817,0.0653688225517391));
#10139=CARTESIAN_POINT('',(-0.166014761167834,0.130952502670966,0.0650348232160911));
#10140=CARTESIAN_POINT('',(-0.16609438238429,0.131411022982122,0.0650348232160911));
#10141=CARTESIAN_POINT('',(-0.16386044383814,0.12868767250246,0.0661348232160911));
#10142=CARTESIAN_POINT('',(-0.16386044383814,0.141,0.0661348232160911));
#10143=CARTESIAN_POINT('',(-0.157688252554678,0.141,0.0661348232160911));
#10144=CARTESIAN_POINT('',(-0.157688252554678,0.12864538816006,0.0661348232160911));
#10145=CARTESIAN_POINT('',(-0.155319247424164,0.131366759895535,0.0653688225517391));
#10146=CARTESIAN_POINT('',(-0.155374692792074,0.131686057043684,0.0650348232160911));
#10147=CARTESIAN_POINT('',(-0.15545431400853,0.13214457735484,0.0650348232160911));
#10148=CARTESIAN_POINT('',(-0.155620486913963,0.131265202838606,0.0654188296402632));
#10149=CARTESIAN_POINT('',(-0.155795862704256,0.131570665866635,0.0650348232160891));
#10150=CARTESIAN_POINT('',(-0.156039157790217,0.132043020297917,0.0650348232160911));
#10151=CARTESIAN_POINT('',(-0.156249834587386,0.130557270506813,0.0656844274026406));
#10152=CARTESIAN_POINT('',(-0.156650652470323,0.130604118352591,0.0650348232160926));
#10153=CARTESIAN_POINT('',(-0.157204189034089,0.131166545706335,0.0650348232160911));
#10154=CARTESIAN_POINT('',(-0.156569603676052,0.129256284585111,0.0661252976996565));
#10155=CARTESIAN_POINT('',(-0.156599264644414,0.129157052598739,0.0650348232160901));
#10156=CARTESIAN_POINT('',(-0.157688252554667,0.129459916726757,0.0650348232160911));
#10157=CARTESIAN_POINT('',(-0.156604964026365,0.12864538816006,0.0663258362115247));
#10158=CARTESIAN_POINT('',(-0.156377323602825,0.12864538816006,0.0650348232160911));
#10159=CARTESIAN_POINT('',(-0.157688252554679,0.12864538816006,0.0650348232160911));
#10160=CARTESIAN_POINT('',(-0.15545431400853,0.13214457735484,0.0661348232160911));
#10161=CARTESIAN_POINT('',(-0.143422636798187,0.134233856176693,0.0661348232160911));
#10162=CARTESIAN_POINT('',(-0.155251228686153,0.132179842750982,0.0661348232160911));
#10163=CARTESIAN_POINT('',(-0.154100578668317,0.129456492271319,0.0659438102206575));
#10164=CARTESIAN_POINT('',(-0.153940299734299,0.129456492271319,0.0650348232160911));
#10165=CARTESIAN_POINT('',(-0.153017290140004,0.129456492271319,0.0650348232160911));
#10166=CARTESIAN_POINT('',(-0.154065218317998,0.130067388696336,0.0657432717087561));
#10167=CARTESIAN_POINT('',(-0.153779300498237,0.130051318834049,0.0650348232160924));
#10168=CARTESIAN_POINT('',(-0.153017290140015,0.130271020838027,0.0650348232160911));
#10169=CARTESIAN_POINT('',(-0.154244109051093,0.131200261121637,0.0653851811491346));
#10170=CARTESIAN_POINT('',(-0.153881858229417,0.131399014522902,0.06503482321609));
#10171=CARTESIAN_POINT('',(-0.153501353660593,0.131809536321139,0.0650348232160911));
#10172=CARTESIAN_POINT('',(-0.154814922612025,0.131503582348566,0.0653188154632488));
#10173=CARTESIAN_POINT('',(-0.154761575280055,0.131833662128799,0.0650348232160921));
#10174=CARTESIAN_POINT('',(-0.154666384904465,0.132281399807872,0.0650348232160911));
#10175=CARTESIAN_POINT('',(-0.155116162101787,0.131402025291676,0.0653688225517391));
#10176=CARTESIAN_POINT('',(-0.155171607469697,0.131721322439826,0.0650348232160911));
#10177=CARTESIAN_POINT('',(-0.155251228686153,0.132179842750982,0.0650348232160911));
#10178=CARTESIAN_POINT('',(-0.153017290140004,0.129456492271319,0.0661348232160911));
#10179=CARTESIAN_POINT('',(-0.153017290140004,0.127,0.0661348232160911));
#10180=CARTESIAN_POINT('',(-0.148430512690767,0.141,0.0661348232160911));
#10181=CARTESIAN_POINT('',(-0.148430512690767,0.0930592323788661,0.0661348232160911));
#10182=CARTESIAN_POINT('',(-0.146061507560252,0.0957806041143403,0.0653688225517391));
#10183=CARTESIAN_POINT('',(-0.146116952928162,0.0960999012624897,0.0650348232160911));
#10184=CARTESIAN_POINT('',(-0.146196574144618,0.0965584215736456,0.0650348232160911));
#10185=CARTESIAN_POINT('',(-0.146362747050018,0.0956790470574162,0.065418829640264));
#10186=CARTESIAN_POINT('',(-0.146538122840329,0.0959845100854515,0.0650348232161061));
#10187=CARTESIAN_POINT('',(-0.146781417926305,0.0964568645167102,0.0650348232160911));
#10188=CARTESIAN_POINT('',(-0.146992094723493,0.0949711147256251,0.0656844274026512));
#10189=CARTESIAN_POINT('',(-0.147392912606406,0.0950179625714119,0.0650348232160818));
#10190=CARTESIAN_POINT('',(-0.147946449170177,0.0955803899251439,0.0650348232160911));
#10191=CARTESIAN_POINT('',(-0.147311863812136,0.0936701288038999,0.0661252976996346));
#10192=CARTESIAN_POINT('',(-0.147341524780535,0.0935708968175075,0.0650348232160941));
#10193=CARTESIAN_POINT('',(-0.148430512690755,0.0938737609455684,0.0650348232160911));
#10194=CARTESIAN_POINT('',(-0.147347224162453,0.093059232378866,0.0663258362115247));
#10195=CARTESIAN_POINT('',(-0.147119583738913,0.093059232378866,0.0650348232160911));
#10196=CARTESIAN_POINT('',(-0.148430512690767,0.093059232378866,0.0650348232160911));
#10197=CARTESIAN_POINT('',(-0.146196574144618,0.0965584215736455,0.0661348232160911));
#10198=CARTESIAN_POINT('',(-0.137153061509514,0.0981288110624391,0.0661348232160911));
#10199=CARTESIAN_POINT('',(-0.145993488822241,0.0965936869697872,0.0661348232160911));
#10200=CARTESIAN_POINT('',(-0.144842838804405,0.093870336490125,0.0659438102206575));
#10201=CARTESIAN_POINT('',(-0.144682559870387,0.093870336490125,0.0650348232160911));
#10202=CARTESIAN_POINT('',(-0.143759550276092,0.093870336490125,0.0650348232160911));
#10203=CARTESIAN_POINT('',(-0.14480747845409,0.0944812329151646,0.065743271708778));
#10204=CARTESIAN_POINT('',(-0.144521560634337,0.0944651630528711,0.0650348232160883));
#10205=CARTESIAN_POINT('',(-0.143759550276103,0.0946848650568387,0.0650348232160911));
#10206=CARTESIAN_POINT('',(-0.14498636918718,0.0956141053404246,0.0653851811491307));
#10207=CARTESIAN_POINT('',(-0.144624118365475,0.0958128587416827,0.0650348232160944));
#10208=CARTESIAN_POINT('',(-0.144243613796682,0.0962233805399356,0.0650348232160911));
#10209=CARTESIAN_POINT('',(-0.145557182748111,0.0959174265673856,0.0653188154632346));
#10210=CARTESIAN_POINT('',(-0.145503835416191,0.0962475063476287,0.0650348232160871));
#10211=CARTESIAN_POINT('',(-0.145408645040554,0.0966952440266895,0.0650348232160911));
#10212=CARTESIAN_POINT('',(-0.145858422237875,0.0958158695104819,0.0653688225517391));
#10213=CARTESIAN_POINT('',(-0.145913867605786,0.0961351666586312,0.0650348232160911));
#10214=CARTESIAN_POINT('',(-0.145993488822241,0.0965936869697871,0.0650348232160911));
#10215=CARTESIAN_POINT('',(-0.143759550276092,0.093870336490125,0.0661348232160911));
#10216=CARTESIAN_POINT('',(-0.143759550276092,0.0893062545621228,0.0661348232160911));
#10217=CARTESIAN_POINT('',(-0.154480853181567,0.0875091615319252,0.071372375539461));
#10218=CARTESIAN_POINT('',(-0.154480853181567,0.0435443650813895,0.071372375539461));
#10219=CARTESIAN_POINT('',(-0.154480853181567,0.0435443650813895,0.071372375539461));
#10220=CARTESIAN_POINT('',(-0.154480853181567,0.0435443650813895,0.071372375539461));
#10221=CARTESIAN_POINT('',(-0.158549434621418,0.0435443650813895,0.0706549748584056));
#10222=CARTESIAN_POINT('',(-0.154677814732169,0.0435443650813895,0.0713376459039276));
#10223=CARTESIAN_POINT('',(-0.154677814732169,0.0435443650813895,0.0713376459039276));
#10224=CARTESIAN_POINT('',(-0.128301101459606,0.140998,0.0815734184816631));
#10225=CARTESIAN_POINT('',(-0.130763120842137,0.140998,0.0811392980374958));
#10226=CARTESIAN_POINT('',(-0.125839082077076,0.140998,0.0820075389258304));
#10227=CARTESIAN_POINT('',(-0.130502648575636,0.140998,0.0796620864079775));
#10228=CARTESIAN_POINT('',(-0.130242176309136,0.140998,0.0781848747784592));
#10229=CARTESIAN_POINT('',(-0.127780156926605,0.140998,0.0786189952226265));
#10230=CARTESIAN_POINT('',(-0.125318137544075,0.140998,0.0790531156667938));
#10231=CARTESIAN_POINT('',(-0.125578609810575,0.140998,0.0805303272963121));
#10232=CARTESIAN_POINT('',(-0.13310737124064,0.140998,0.0944342027031606));
#10233=CARTESIAN_POINT('',(-0.13284689897414,0.140998,0.0929569910736423));
#10234=CARTESIAN_POINT('',(-0.133367843507141,0.140998,0.0959114143326789));
#10235=CARTESIAN_POINT('',(-0.130384879591609,0.140998,0.0933911115178096));
#10236=CARTESIAN_POINT('',(-0.127922860209079,0.140998,0.0938252319619769));
#10237=CARTESIAN_POINT('',(-0.13090582412461,0.140998,0.0963455347768462));
#10238=CARTESIAN_POINT('',(-0.12844380474208,0.140998,0.0967796552210135));
#10239=CARTESIAN_POINT('',(-0.128183332475579,0.140998,0.0953024435914952));
#10240=CARTESIAN_POINT('',(-0.0745650380152915,0.104650521555565,0.100487920719754));
#10241=CARTESIAN_POINT('',(-0.0739556912982657,0.104650521555565,0.0955251899615472));
#10242=CARTESIAN_POINT('',(-0.0754445105257277,0.104650521555565,0.0953423859464394));
#10243=CARTESIAN_POINT('',(-0.0742908963069889,0.104650521555565,0.0954840319617386));
#10244=CARTESIAN_POINT('',(-0.0760538572427534,0.104650521555565,0.100305116704646));
#10245=CARTESIAN_POINT('',(-0.0760538572427534,0.104650521555565,0.100305116704646));
#10246=CARTESIAN_POINT('',(-0.0745650380152915,0.104650521555565,0.100487920719754));
#10247=CARTESIAN_POINT('',(-0.0745650380152915,0.104650521555565,0.100487920719754));
#10248=CARTESIAN_POINT('',(-0.0747478420303992,0.104650521555565,0.101976739947216));
#10249=CARTESIAN_POINT('',(-0.0741080922918812,0.104650521555565,0.0939952127342766));
#10250=CARTESIAN_POINT('',(-0.0760538572427535,0.107150521555565,0.100305116704646));
#10251=CARTESIAN_POINT('',(-0.0754445105257277,0.107150521555565,0.0953423859464394));
#10252=CARTESIAN_POINT('',(-0.0754445105257277,0.109650521555565,0.0953423859464394));
#10253=CARTESIAN_POINT('',(-0.0760538572427535,0.109650521555565,0.100305116704646));
#10254=CARTESIAN_POINT('',(-0.0760538572427535,0.109650521555565,0.100305116704646));
#10255=CARTESIAN_POINT('',(-0.0760538572427535,0.107150521555565,0.100305116704646));
#10256=CARTESIAN_POINT('',(-0.0745650380152915,0.109650521555565,0.100487920719754));
#10257=CARTESIAN_POINT('',(-0.0739556912982657,0.109650521555565,0.0955251899615472));
#10258=CARTESIAN_POINT('',(-0.0742908963069889,0.109650521555565,0.0954840319617386));
#10259=CARTESIAN_POINT('',(-0.0741080922918812,0.109650521555565,0.0939952127342766));
#10260=CARTESIAN_POINT('',(-0.0747478420303992,0.109650521555565,0.101976739947216));
#10261=CARTESIAN_POINT('',(-0.0745650380152915,0.109650521555565,0.100487920719754));
#10262=CARTESIAN_POINT('',(-0.0745650380152915,0.109650521555565,0.100487920719754));
#10263=CARTESIAN_POINT('',(-0.0760538572427534,0.114725782333348,0.100305116704646));
#10264=CARTESIAN_POINT('',(-0.0754445105257277,0.114725782333348,0.0953423859464394));
#10265=CARTESIAN_POINT('',(-0.0769333297531897,0.112938151944456,0.0951595819313317));
#10266=CARTESIAN_POINT('',(-0.0742908963069889,0.116110930910446,0.0954840319617386));
#10267=CARTESIAN_POINT('',(-0.0771161337682974,0.112938151944457,0.0966484011587937));
#10268=CARTESIAN_POINT('',(-0.0786049529957594,0.111150521555565,0.096465597143686));
#10269=CARTESIAN_POINT('',(-0.0790314956976774,0.111150521555565,0.0999395086744306));
#10270=CARTESIAN_POINT('',(-0.0788486916825697,0.111150521555565,0.0984506894469686));
#10271=CARTESIAN_POINT('',(-0.0773598724551077,0.112938151944456,0.0986334934620763));
#10272=CARTESIAN_POINT('',(-0.0775426764702154,0.112938151944457,0.100122312689538));
#10273=CARTESIAN_POINT('',(-0.0760538572427534,0.114725782333348,0.100305116704646));
#10274=CARTESIAN_POINT('',(-0.0745650380152915,0.116513412722239,0.100487920719754));
#10275=CARTESIAN_POINT('',(-0.0747478420303992,0.116513412722239,0.101976739947216));
#10276=CARTESIAN_POINT('',(-0.0741080922918812,0.116110930910446,0.0939952127342766));
#10277=CARTESIAN_POINT('',(-0.0790314956976774,0.107150521555565,0.0999395086744306));
#10278=CARTESIAN_POINT('',(-0.0786049529957594,0.107150521555565,0.096465597143686));
#10279=CARTESIAN_POINT('',(-0.0786049529957594,0.103150521555565,0.096465597143686));
#10280=CARTESIAN_POINT('',(-0.0790314956976774,0.103150521555565,0.0999395086744306));
#10281=CARTESIAN_POINT('',(-0.0788486916825697,0.103150521555565,0.0984506894469686));
#10282=CARTESIAN_POINT('',(-0.0788486916825697,0.111150521555565,0.0984506894469686));
#10283=CARTESIAN_POINT('',(-0.0760538572427534,0.0995752607777826,0.100305116704646));
#10284=CARTESIAN_POINT('',(-0.0771161337682974,0.101362891166674,0.0966484011587937));
#10285=CARTESIAN_POINT('',(-0.0769333297531897,0.101362891166674,0.0951595819313317));
#10286=CARTESIAN_POINT('',(-0.0754445105257277,0.0995752607777826,0.0953423859464394));
#10287=CARTESIAN_POINT('',(-0.0742908963069889,0.0981901122006849,0.0954840319617386));
#10288=CARTESIAN_POINT('',(-0.0741080922918812,0.0981901122006849,0.0939952127342766));
#10289=CARTESIAN_POINT('',(-0.0747478420303992,0.0977876303888913,0.101976739947216));
#10290=CARTESIAN_POINT('',(-0.0745650380152915,0.0977876303888913,0.100487920719754));
#10291=CARTESIAN_POINT('',(-0.0760538572427534,0.0995752607777826,0.100305116704646));
#10292=CARTESIAN_POINT('',(-0.0775426764702154,0.101362891166674,0.100122312689538));
#10293=CARTESIAN_POINT('',(-0.0773598724551077,0.101362891166674,0.0986334934620763));
#10294=CARTESIAN_POINT('',(-0.0767464081005117,0.081,0.100220082151673));
#10295=CARTESIAN_POINT('',(-0.0775426764702154,0.103150521555565,0.100122312689538));
#10296=CARTESIAN_POINT('',(-0.0745650380152915,0.104650521555565,0.100487920719754));
#10297=CARTESIAN_POINT('',(-0.0745650380152915,0.11830104311113,0.100487920719754));
#10298=CARTESIAN_POINT('',(-0.076137061383486,0.081,0.0952573513934667));
#10299=CARTESIAN_POINT('',(-0.0769333297531897,0.081,0.0951595819313317));
#10300=CARTESIAN_POINT('',(-0.0742908963069889,0.081,0.0954840319617386));
#10301=CARTESIAN_POINT('',(-0.0742908963069889,0.081,0.0954840319617386));
#10302=CARTESIAN_POINT('',(-0.0760538572427534,0.0624247392222174,0.100305116704646));
#10303=CARTESIAN_POINT('',(-0.0754445105257277,0.0624247392222174,0.0953423859464394));
#10304=CARTESIAN_POINT('',(-0.0769333297531897,0.060637108833326,0.0951595819313317));
#10305=CARTESIAN_POINT('',(-0.0742908963069889,0.063809887799315,0.0954840319617386));
#10306=CARTESIAN_POINT('',(-0.0771161337682974,0.060637108833326,0.0966484011587937));
#10307=CARTESIAN_POINT('',(-0.0786049529957594,0.0588494784444347,0.096465597143686));
#10308=CARTESIAN_POINT('',(-0.0790314956976774,0.0588494784444347,0.0999395086744306));
#10309=CARTESIAN_POINT('',(-0.0788486916825697,0.0588494784444347,0.0984506894469686));
#10310=CARTESIAN_POINT('',(-0.0773598724551077,0.060637108833326,0.0986334934620763));
#10311=CARTESIAN_POINT('',(-0.0775426764702154,0.060637108833326,0.100122312689538));
#10312=CARTESIAN_POINT('',(-0.0760538572427534,0.0624247392222174,0.100305116704646));
#10313=CARTESIAN_POINT('',(-0.0745650380152915,0.0642123696111087,0.100487920719754));
#10314=CARTESIAN_POINT('',(-0.0747478420303992,0.0642123696111087,0.101976739947216));
#10315=CARTESIAN_POINT('',(-0.0741080922918812,0.0638098877993151,0.0939952127342766));
#10316=CARTESIAN_POINT('',(-0.0790314956976774,0.0548494784444347,0.0999395086744306));
#10317=CARTESIAN_POINT('',(-0.0786049529957594,0.0508494784444347,0.096465597143686));
#10318=CARTESIAN_POINT('',(-0.0786049529957594,0.0508494784444347,0.096465597143686));
#10319=CARTESIAN_POINT('',(-0.0790314956976774,0.0508494784444347,0.0999395086744306));
#10320=CARTESIAN_POINT('',(-0.0788486916825697,0.0508494784444347,0.0984506894469686));
#10321=CARTESIAN_POINT('',(-0.0788486916825697,0.0548494784444347,0.0984506894469686));
#10322=CARTESIAN_POINT('',(-0.0760538572427534,0.0472742176666521,0.100305116704646));
#10323=CARTESIAN_POINT('',(-0.0771161337682974,0.0490618480555434,0.0966484011587937));
#10324=CARTESIAN_POINT('',(-0.0769333297531897,0.0490618480555435,0.0951595819313317));
#10325=CARTESIAN_POINT('',(-0.0754445105257277,0.0472742176666521,0.0953423859464394));
#10326=CARTESIAN_POINT('',(-0.0742908963069889,0.0458890690895544,0.0954840319617386));
#10327=CARTESIAN_POINT('',(-0.0741080922918812,0.0458890690895544,0.0939952127342766));
#10328=CARTESIAN_POINT('',(-0.0747478420303992,0.0454865872777608,0.101976739947216));
#10329=CARTESIAN_POINT('',(-0.0745650380152915,0.0454865872777608,0.100487920719754));
#10330=CARTESIAN_POINT('',(-0.0760538572427534,0.0472742176666521,0.100305116704646));
#10331=CARTESIAN_POINT('',(-0.0775426764702154,0.0490618480555434,0.100122312689538));
#10332=CARTESIAN_POINT('',(-0.0773598724551077,0.0490618480555434,0.0986334934620763));
#10333=CARTESIAN_POINT('',(-0.0745650380152915,0.0523494784444347,0.100487920719754));
#10334=CARTESIAN_POINT('',(-0.0741080922918812,0.0523494784444347,0.0939952127342766));
#10335=CARTESIAN_POINT('',(-0.0742908963069889,0.0523494784444347,0.0954840319617386));
#10336=CARTESIAN_POINT('',(-0.0739556912982657,0.0523494784444347,0.0955251899615472));
#10337=CARTESIAN_POINT('',(-0.0754445105257277,0.0523494784444347,0.0953423859464394));
#10338=CARTESIAN_POINT('',(-0.0760538572427534,0.0523494784444347,0.100305116704646));
#10339=CARTESIAN_POINT('',(-0.0760538572427534,0.0523494784444347,0.100305116704646));
#10340=CARTESIAN_POINT('',(-0.0745650380152915,0.0523494784444347,0.100487920719754));
#10341=CARTESIAN_POINT('',(-0.0745650380152915,0.0523494784444347,0.100487920719754));
#10342=CARTESIAN_POINT('',(-0.0747478420303992,0.0523494784444347,0.101976739947216));
#10343=CARTESIAN_POINT('',(-0.0760538572427535,0.0548494784444347,0.100305116704646));
#10344=CARTESIAN_POINT('',(-0.0754445105257277,0.0548494784444347,0.0953423859464394));
#10345=CARTESIAN_POINT('',(-0.0754445105257277,0.0573494784444347,0.0953423859464394));
#10346=CARTESIAN_POINT('',(-0.0760538572427535,0.0573494784444347,0.100305116704646));
#10347=CARTESIAN_POINT('',(-0.0760538572427535,0.0573494784444347,0.100305116704646));
#10348=CARTESIAN_POINT('',(-0.0760538572427535,0.0548494784444347,0.100305116704646));
#10349=CARTESIAN_POINT('',(-0.0745650380152915,0.0573494784444347,0.100487920719754));
#10350=CARTESIAN_POINT('',(-0.0739556912982657,0.0573494784444347,0.0955251899615472));
#10351=CARTESIAN_POINT('',(-0.0742908963069889,0.0573494784444347,0.0954840319617386));
#10352=CARTESIAN_POINT('',(-0.0741080922918812,0.0573494784444347,0.0939952127342766));
#10353=CARTESIAN_POINT('',(-0.0747478420303992,0.0573494784444347,0.101976739947216));
#10354=CARTESIAN_POINT('',(-0.0745650380152915,0.0573494784444347,0.100487920719754));
#10355=CARTESIAN_POINT('',(-0.0745650380152915,0.0573494784444347,0.100487920719754));
#10356=CARTESIAN_POINT('',(-0.0767464081005117,0.081,0.100220082151673));
#10357=CARTESIAN_POINT('',(-0.0775426764702154,0.081,0.100122312689538));
#10358=CARTESIAN_POINT('',(-0.0745650380152915,0.0523494784444347,0.100487920719754));
#10359=CARTESIAN_POINT('',(-0.0745650380152915,0.066,0.100487920719754));
#10360=CARTESIAN_POINT('',(-0.076137061383486,0.081,0.0952573513934667));
#10361=CARTESIAN_POINT('',(-0.0769333297531897,0.0588494784444347,0.0951595819313317));
#10362=CARTESIAN_POINT('',(-0.0742908963069889,0.081,0.0954840319617386));
#10363=CARTESIAN_POINT('',(-0.0742908963069889,0.081,0.0954840319617386));
#10364=CARTESIAN_POINT('',(-0.0771161337682974,0.081,0.0966484011587937));
#10365=CARTESIAN_POINT('',(-0.0773598724551077,0.0548494784444347,0.0986334934620763));
#10366=CARTESIAN_POINT('',(-0.0771161337682974,0.107150521555565,0.0966484011587937));
#10367=CARTESIAN_POINT('',(-0.0773598724551077,0.081,0.0986334934620763));
#10368=CARTESIAN_POINT('',(-0.0747478420303992,0.141,0.101976739947216));
#10369=CARTESIAN_POINT('',(-0.0747478420303992,0.141,0.101976739947216));
#10370=CARTESIAN_POINT('',(-0.0741080922918812,0.141,0.0939952127342766));
#10371=CARTESIAN_POINT('',(-0.0741080922918812,0.141,0.0939952127342766));
#10372=CARTESIAN_POINT('',(-0.0741080922918812,0.141,0.0939952127342766));
#10373=CARTESIAN_POINT('',(-0.0741080922918812,0.141,0.0939952127342766));
#10374=CARTESIAN_POINT('',(-0.0747478420303992,0.141,0.101976739947216));
#10375=CARTESIAN_POINT('',(-0.0747478420303992,0.141,0.101976739947216));
#10376=CARTESIAN_POINT('',(-0.111850065548483,0.0795,0.0769600230454435));
#10377=CARTESIAN_POINT('',(-0.113327277178001,0.081,0.0766995507789431));
#10378=CARTESIAN_POINT('',(-0.113327277178001,0.081,0.0766995507789431));
#10379=CARTESIAN_POINT('',(-0.111850065548483,0.0795,0.0769600230454435));
#10380=CARTESIAN_POINT('',(-0.111850065548483,0.0825,0.0769600230454435));
#10381=CARTESIAN_POINT('',(-0.111850065548483,0.0825,0.0769600230454435));
#10382=CARTESIAN_POINT('',(-0.148287952409935,0.081,0.0705350404717671));
#10383=MECHANICAL_DESIGN_GEOMETRIC_PRESENTATION_REPRESENTATION('',(#6029),
#10384);
#10384=(
GEOMETRIC_REPRESENTATION_CONTEXT(3)
GLOBAL_UNCERTAINTY_ASSIGNED_CONTEXT((#10385))
GLOBAL_UNIT_ASSIGNED_CONTEXT((#10388,#10387,#10386))
REPRESENTATION_CONTEXT('Jackpot3 Box','TOP_LEVEL_ASSEMBLY_PART')
);
#10385=UNCERTAINTY_MEASURE_WITH_UNIT(LENGTH_MEASURE(2.E-5),#10388,
'DISTANCE_ACCURACY_VALUE','Maximum Tolerance applied to model');
#10386=(
NAMED_UNIT(*)
SI_UNIT($,.STERADIAN.)
SOLID_ANGLE_UNIT()
);
#10387=(
NAMED_UNIT(*)
PLANE_ANGLE_UNIT()
SI_UNIT($,.RADIAN.)
);
#10388=(
LENGTH_UNIT()
NAMED_UNIT(*)
SI_UNIT($,.METRE.)
);
#10389=PRODUCT_DEFINITION_SHAPE('','',#10390);
#10390=PRODUCT_DEFINITION('','',#10392,#10391);
#10391=PRODUCT_DEFINITION_CONTEXT('',#10398,'design');
#10392=PRODUCT_DEFINITION_FORMATION_WITH_SPECIFIED_SOURCE('','',#10394,
 .NOT_KNOWN.);
#10393=PRODUCT_RELATED_PRODUCT_CATEGORY('','',(#10394));
#10394=PRODUCT('Jackpot3 Box','Jackpot3 Box','Jackpot3 Box',(#10396));
#10395=PRODUCT_CATEGORY('','');
#10396=PRODUCT_CONTEXT('',#10398,'mechanical');
#10397=APPLICATION_PROTOCOL_DEFINITION('international standard',
'ap242_managed_model_based_3d_engineering',2011,#10398);
#10398=APPLICATION_CONTEXT('managed model based 3d engineering');
ENDSEC;
END-ISO-10303-21;
