ISO-10303-21;
HEADER;
/* Generated by software containing ST-Developer
 * from STEP Tools, Inc. (www.steptools.com) 
 */
/* OPTION: using custom renumber hook */

FILE_DESCRIPTION(
/* description */ ('STEP AP242',
'CAx-IF Rec.Pracs.---Representation and Presentation of Product Manufa
cturing Information (PMI)---4.0---2014-10-13',
'CAx-IF Rec.Pracs.---3D Tessellated Geometry---0.4---2014-09-14','2;1'),

/* implementation_level */ '2;1');

FILE_NAME(
/* name */ '68e184cd73f9dd32bc247d99',
/* time_stamp */ '2025-10-04T20:34:22Z',
/* author */ (''),
/* organization */ (''),
/* preprocessor_version */ 'ST-DEVELOPER v20',
/* originating_system */ 'ONSHAPE BY PTC INC, 1.204',
/* authorisation */ '  ');

FILE_SCHEMA (('AP242_MANAGED_MODEL_BASED_3D_ENGINEERING_MIM_LF { 1 0 10303 442 1 1 4 }'));
ENDSEC;

DATA;
#10=SHAPE_REPRESENTATION_RELATIONSHIP('','',#2663,#11);
#11=ADVANCED_BREP_SHAPE_REPRESENTATION('',(#2661),#4494);
#12=B_SPLINE_SURFACE_WITH_KNOTS('',1,3,((#4419,#4420,#4421,#4422,#4423,
#4424,#4425,#4426,#4427,#4428),(#4429,#4430,#4431,#4432,#4433,#4434,#4435,
#4436,#4437,#4438)),.RULED_SURF.,.F.,.F.,.F.,(2,2),(4,3,3,4),(2.5775454482026E-5,
0.859246298347383),(-0.00600059793961011,0.,1.,1.0060767560345),
 .PIECEWISE_BEZIER_KNOTS.);
#13=B_SPLINE_CURVE_WITH_KNOTS('',3,(#4133,#4134,#4135,#4136),
 .UNSPECIFIED.,.F.,.F.,(4,4),(1603.3711597843,1603.37301268659),
 .UNSPECIFIED.);
#14=B_SPLINE_CURVE_WITH_KNOTS('',3,(#4138,#4139,#4140,#4141),
 .UNSPECIFIED.,.F.,.F.,(4,4),(1350.2070912414,1350.20894414383),
 .UNSPECIFIED.);
#15=B_SPLINE_CURVE_WITH_KNOTS('',3,(#4145,#4146,#4147,#4148),
 .UNSPECIFIED.,.F.,.F.,(4,4),(1543.56282282968,1543.56498073574),
 .UNSPECIFIED.);
#16=B_SPLINE_CURVE_WITH_KNOTS('',3,(#4150,#4151,#4152,#4153),
 .UNSPECIFIED.,.F.,.F.,(4,4),(1543.56282282968,1543.56498073574),
 .UNSPECIFIED.);
#17=B_SPLINE_CURVE_WITH_KNOTS('',3,(#4439,#4440,#4441,#4442),
 .UNSPECIFIED.,.F.,.F.,(4,4),(0.00166099307521505,0.00207913504132924),
 .UNSPECIFIED.);
#18=B_SPLINE_CURVE_WITH_KNOTS('',3,(#4446,#4447,#4448,#4449),
 .UNSPECIFIED.,.F.,.F.,(4,4),(0.,0.000616865393776684),.UNSPECIFIED.);
#19=CONICAL_SURFACE('',#2765,0.0525437273183616,0.698131700797725);
#20=CONICAL_SURFACE('',#2795,0.00362741699796953,0.698131700797732);
#21=CONICAL_SURFACE('',#2796,0.00362741699796952,0.698131700797732);
#22=CONICAL_SURFACE('',#2797,0.00362741699796958,0.698131700797732);
#23=CONICAL_SURFACE('',#2798,0.00362741699796951,0.698131700797732);
#24=CONICAL_SURFACE('',#2799,0.00362741699796951,0.698131700797732);
#25=CONICAL_SURFACE('',#2800,0.00362741699796948,0.698131700797732);
#26=CONICAL_SURFACE('',#2807,0.0066,0.785398163397451);
#27=CONICAL_SURFACE('',#2810,0.0066,0.785398163397451);
#28=CONICAL_SURFACE('',#2839,0.000374121496343698,0.785418902386566);
#29=CONICAL_SURFACE('',#2842,0.000374133447732462,0.785419111274355);
#30=CONICAL_SURFACE('',#2844,0.0344192791168543,0.785398297363313);
#31=CONICAL_SURFACE('',#2846,0.000373994132637183,0.785413871995485);
#32=CONICAL_SURFACE('',#2849,0.000374121168042662,0.785418451441692);
#33=CONICAL_SURFACE('',#2851,0.0344256139545507,0.785398611672076);
#34=CONICAL_SURFACE('',#2853,0.000374135460613461,0.78541882592657);
#35=CONICAL_SURFACE('',#2856,0.000372483806460917,0.785372199563091);
#36=CONICAL_SURFACE('',#2858,0.000372101552493622,0.785356503353473);
#37=CONICAL_SURFACE('',#2860,0.000839436209406661,0.785445596435846);
#38=CONICAL_SURFACE('',#2864,0.000839416491380438,0.78545050540051);
#39=CONICAL_SURFACE('',#2868,0.000374275466364844,0.785409098034441);
#40=CONICAL_SURFACE('',#2871,0.00356830418017023,0.78540558093301);
#41=CONICAL_SURFACE('',#2874,0.00037379090249466,0.785399764213922);
#42=CONICAL_SURFACE('',#2878,0.000839622508873975,0.785457991433991);
#43=CONICAL_SURFACE('',#2882,0.000839478848008282,0.785452256045892);
#44=CONICAL_SURFACE('',#2886,0.000373899535688162,0.785401282214563);
#45=CONICAL_SURFACE('',#2889,0.00356777717027782,0.785405017695626);
#46=CONICAL_SURFACE('',#2892,0.000374122635934205,0.785405522599517);
#47=CONICAL_SURFACE('',#2896,0.000839279818689905,0.785384275237879);
#48=CONICAL_SURFACE('',#2900,0.00083923376369588,0.785443038782727);
#49=CONICAL_SURFACE('',#2904,0.000374553577090382,0.785412606088963);
#50=CONICAL_SURFACE('',#2907,0.00356768426282783,0.785404827818305);
#51=CONICAL_SURFACE('',#2910,0.000373742068402959,0.78540223037751);
#52=CONICAL_SURFACE('',#2914,0.0344193714697935,0.78539828755011);
#53=ELLIPSE('',#2709,0.00494974746830582,0.0035);
#54=ELLIPSE('',#2710,0.00494974746830582,0.0035);
#55=CYLINDRICAL_SURFACE('',#2704,0.0011);
#56=CYLINDRICAL_SURFACE('',#2708,0.0035);
#57=CYLINDRICAL_SURFACE('',#2738,0.00499999999999845);
#58=CYLINDRICAL_SURFACE('',#2740,0.0525437273183608);
#59=CYLINDRICAL_SURFACE('',#2744,0.0501437273183672);
#60=CYLINDRICAL_SURFACE('',#2746,0.00739999999999966);
#61=CYLINDRICAL_SURFACE('',#2756,0.0074);
#62=CYLINDRICAL_SURFACE('',#2771,0.0011);
#63=CYLINDRICAL_SURFACE('',#2772,0.0011);
#64=CYLINDRICAL_SURFACE('',#2773,0.0011);
#65=CYLINDRICAL_SURFACE('',#2774,0.0035);
#66=CYLINDRICAL_SURFACE('',#2775,0.0035);
#67=CYLINDRICAL_SURFACE('',#2776,0.0035);
#68=CYLINDRICAL_SURFACE('',#2777,0.0035);
#69=CYLINDRICAL_SURFACE('',#2778,0.0035);
#70=CYLINDRICAL_SURFACE('',#2781,0.019);
#71=CYLINDRICAL_SURFACE('',#2783,0.0014);
#72=CYLINDRICAL_SURFACE('',#2785,0.0014);
#73=CYLINDRICAL_SURFACE('',#2787,0.0014);
#74=CYLINDRICAL_SURFACE('',#2789,0.0014);
#75=CYLINDRICAL_SURFACE('',#2791,0.0014);
#76=CYLINDRICAL_SURFACE('',#2793,0.0014);
#77=CYLINDRICAL_SURFACE('',#2803,0.006);
#78=CYLINDRICAL_SURFACE('',#2812,0.00155);
#79=CYLINDRICAL_SURFACE('',#2813,0.00155);
#80=CIRCLE('',#2666,0.00155);
#81=CIRCLE('',#2667,0.00083966703483219);
#82=CIRCLE('',#2668,0.0344193834733116);
#83=CIRCLE('',#2669,0.000837588995423719);
#84=CIRCLE('',#2670,0.000837985862367451);
#85=CIRCLE('',#2671,0.00083968092791102);
#86=CIRCLE('',#2672,0.0344256259501713);
#87=CIRCLE('',#2673,0.000839666286657669);
#88=CIRCLE('',#2674,0.00083953498737542);
#89=CIRCLE('',#2675,0.0344192911181253);
#90=CIRCLE('',#2676,0.000839679180748301);
#91=CIRCLE('',#2678,0.0035);
#92=CIRCLE('',#2679,0.0035);
#93=CIRCLE('',#2680,0.0035);
#94=CIRCLE('',#2681,0.0066);
#95=CIRCLE('',#2682,0.0035);
#96=CIRCLE('',#2683,0.0074);
#97=CIRCLE('',#2684,0.0011);
#98=CIRCLE('',#2685,0.0035);
#99=CIRCLE('',#2686,0.00739999999999966);
#100=CIRCLE('',#2687,0.0501437273183672);
#101=CIRCLE('',#2688,0.0035);
#102=CIRCLE('',#2689,0.0011);
#103=CIRCLE('',#2691,0.0525437273183608);
#104=CIRCLE('',#2692,0.00499999999999845);
#105=CIRCLE('',#2693,0.0011);
#106=CIRCLE('',#2694,0.0074);
#107=CIRCLE('',#2695,0.0035);
#108=CIRCLE('',#2696,0.0066);
#109=CIRCLE('',#2697,0.0035);
#110=CIRCLE('',#2698,0.0035);
#111=CIRCLE('',#2699,0.0035);
#112=CIRCLE('',#2703,0.00155);
#113=CIRCLE('',#2705,0.00110000000000001);
#114=CIRCLE('',#2706,0.0011);
#115=CIRCLE('',#2712,0.00155);
#116=CIRCLE('',#2713,0.019);
#117=CIRCLE('',#2714,0.00362741699796949);
#118=CIRCLE('',#2715,0.019);
#119=CIRCLE('',#2716,0.00362741699796954);
#120=CIRCLE('',#2717,0.00362741699796953);
#121=CIRCLE('',#2718,0.00362741699796954);
#122=CIRCLE('',#2719,0.019);
#123=CIRCLE('',#2720,0.019);
#124=CIRCLE('',#2721,0.00362741699796958);
#125=CIRCLE('',#2722,0.019);
#126=CIRCLE('',#2723,0.00362741699796951);
#127=CIRCLE('',#2724,0.00362741699796951);
#128=CIRCLE('',#2725,0.00362741699796951);
#129=CIRCLE('',#2727,0.00155);
#130=CIRCLE('',#2728,0.0014);
#131=CIRCLE('',#2729,0.0014);
#132=CIRCLE('',#2730,0.0014);
#133=CIRCLE('',#2731,0.0014);
#134=CIRCLE('',#2732,0.0014);
#135=CIRCLE('',#2733,0.0014);
#136=CIRCLE('',#2734,0.019);
#137=CIRCLE('',#2739,0.00499999999999593);
#138=CIRCLE('',#2741,0.0525437273183616);
#139=CIRCLE('',#2745,0.0501437273183672);
#140=CIRCLE('',#2747,0.00739999999999966);
#141=CIRCLE('',#2759,0.0035);
#142=CIRCLE('',#2760,0.0011);
#143=CIRCLE('',#2761,0.053676511820451);
#144=CIRCLE('',#2762,0.0011);
#145=CIRCLE('',#2763,0.0035);
#146=CIRCLE('',#2767,0.0011);
#147=CIRCLE('',#2784,0.0014);
#148=CIRCLE('',#2786,0.0014);
#149=CIRCLE('',#2788,0.0014);
#150=CIRCLE('',#2790,0.0014);
#151=CIRCLE('',#2792,0.0014);
#152=CIRCLE('',#2794,0.0014);
#153=CIRCLE('',#2804,0.006);
#154=CIRCLE('',#2805,0.006);
#155=CIRCLE('',#2840,0.0004396504432968);
#156=CIRCLE('',#2843,0.000439662422095714);
#157=CIRCLE('',#2845,0.0348192912252981);
#158=CIRCLE('',#2847,0.000439522420299578);
#159=CIRCLE('',#2850,0.00043965005589298);
#160=CIRCLE('',#2852,0.0348256263087912);
#161=CIRCLE('',#2854,0.00043966439754616);
#162=CIRCLE('',#2857,0.000438006632895659);
#163=CIRCLE('',#2859,0.000437622322070529);
#164=CIRCLE('',#2861,0.000839448210543996);
#165=CIRCLE('',#2862,0.00123948615877474);
#166=CIRCLE('',#2865,0.00083942849262489);
#167=CIRCLE('',#2866,0.00123947036841924);
#168=CIRCLE('',#2869,0.000839811876181879);
#169=CIRCLE('',#2870,0.000439803128376629);
#170=CIRCLE('',#2872,0.00356831618039011);
#171=CIRCLE('',#2873,0.00396832211446257);
#172=CIRCLE('',#2875,0.000839318621929736);
#173=CIRCLE('',#2876,0.000439317341274506);
#174=CIRCLE('',#2879,0.00083963451030643);
#175=CIRCLE('',#2880,0.00123968237559941);
#176=CIRCLE('',#2883,0.000839490849309304);
#177=CIRCLE('',#2884,0.00123953412576904);
#178=CIRCLE('',#2887,0.000839428668499092);
#179=CIRCLE('',#2888,0.000439426173437618);
#180=CIRCLE('',#2890,0.00356778917023403);
#181=CIRCLE('',#2891,0.00396779465371016);
#182=CIRCLE('',#2893,0.00083965571677381);
#183=CIRCLE('',#2894,0.000439649829368827);
#184=CIRCLE('',#2897,0.000839291818358109);
#185=CIRCLE('',#2898,0.00123928070798476);
#186=CIRCLE('',#2901,0.000839245764769447);
#187=CIRCLE('',#2902,0.00123928166668881);
#188=CIRCLE('',#2905,0.000840093253189296);
#189=CIRCLE('',#2906,0.000440081698869207);
#190=CIRCLE('',#2908,0.00356769626294281);
#191=CIRCLE('',#2909,0.00396770159451503);
#192=CIRCLE('',#2911,0.000839272083964762);
#193=CIRCLE('',#2912,0.000439268830367479);
#194=CIRCLE('',#2915,0.0348193835726338);
#195=ORIENTED_EDGE('',*,*,#955,.F.);
#196=ORIENTED_EDGE('',*,*,#956,.T.);
#197=ORIENTED_EDGE('',*,*,#957,.T.);
#198=ORIENTED_EDGE('',*,*,#958,.F.);
#199=ORIENTED_EDGE('',*,*,#959,.F.);
#200=ORIENTED_EDGE('',*,*,#960,.F.);
#201=ORIENTED_EDGE('',*,*,#961,.F.);
#202=ORIENTED_EDGE('',*,*,#962,.F.);
#203=ORIENTED_EDGE('',*,*,#963,.F.);
#204=ORIENTED_EDGE('',*,*,#964,.F.);
#205=ORIENTED_EDGE('',*,*,#965,.F.);
#206=ORIENTED_EDGE('',*,*,#966,.F.);
#207=ORIENTED_EDGE('',*,*,#967,.F.);
#208=ORIENTED_EDGE('',*,*,#968,.F.);
#209=ORIENTED_EDGE('',*,*,#969,.F.);
#210=ORIENTED_EDGE('',*,*,#970,.F.);
#211=ORIENTED_EDGE('',*,*,#971,.F.);
#212=ORIENTED_EDGE('',*,*,#972,.F.);
#213=ORIENTED_EDGE('',*,*,#973,.T.);
#214=ORIENTED_EDGE('',*,*,#974,.T.);
#215=ORIENTED_EDGE('',*,*,#975,.T.);
#216=ORIENTED_EDGE('',*,*,#976,.F.);
#217=ORIENTED_EDGE('',*,*,#977,.T.);
#218=ORIENTED_EDGE('',*,*,#978,.T.);
#219=ORIENTED_EDGE('',*,*,#979,.T.);
#220=ORIENTED_EDGE('',*,*,#980,.T.);
#221=ORIENTED_EDGE('',*,*,#981,.T.);
#222=ORIENTED_EDGE('',*,*,#982,.T.);
#223=ORIENTED_EDGE('',*,*,#983,.T.);
#224=ORIENTED_EDGE('',*,*,#984,.T.);
#225=ORIENTED_EDGE('',*,*,#985,.T.);
#226=ORIENTED_EDGE('',*,*,#986,.T.);
#227=ORIENTED_EDGE('',*,*,#987,.T.);
#228=ORIENTED_EDGE('',*,*,#988,.T.);
#229=ORIENTED_EDGE('',*,*,#989,.F.);
#230=ORIENTED_EDGE('',*,*,#990,.T.);
#231=ORIENTED_EDGE('',*,*,#991,.T.);
#232=ORIENTED_EDGE('',*,*,#992,.T.);
#233=ORIENTED_EDGE('',*,*,#993,.F.);
#234=ORIENTED_EDGE('',*,*,#994,.F.);
#235=ORIENTED_EDGE('',*,*,#995,.T.);
#236=ORIENTED_EDGE('',*,*,#996,.T.);
#237=ORIENTED_EDGE('',*,*,#957,.F.);
#238=ORIENTED_EDGE('',*,*,#997,.T.);
#239=ORIENTED_EDGE('',*,*,#998,.F.);
#240=ORIENTED_EDGE('',*,*,#999,.T.);
#241=ORIENTED_EDGE('',*,*,#1000,.F.);
#242=ORIENTED_EDGE('',*,*,#1001,.F.);
#243=ORIENTED_EDGE('',*,*,#1002,.T.);
#244=ORIENTED_EDGE('',*,*,#1003,.T.);
#245=ORIENTED_EDGE('',*,*,#1004,.T.);
#246=ORIENTED_EDGE('',*,*,#1005,.F.);
#247=ORIENTED_EDGE('',*,*,#1006,.T.);
#248=ORIENTED_EDGE('',*,*,#1007,.T.);
#249=ORIENTED_EDGE('',*,*,#1008,.T.);
#250=ORIENTED_EDGE('',*,*,#1009,.F.);
#251=ORIENTED_EDGE('',*,*,#1010,.T.);
#252=ORIENTED_EDGE('',*,*,#1011,.F.);
#253=ORIENTED_EDGE('',*,*,#1012,.F.);
#254=ORIENTED_EDGE('',*,*,#1013,.F.);
#255=ORIENTED_EDGE('',*,*,#1014,.T.);
#256=ORIENTED_EDGE('',*,*,#1015,.F.);
#257=ORIENTED_EDGE('',*,*,#1016,.T.);
#258=ORIENTED_EDGE('',*,*,#1017,.F.);
#259=ORIENTED_EDGE('',*,*,#1018,.F.);
#260=ORIENTED_EDGE('',*,*,#1019,.F.);
#261=ORIENTED_EDGE('',*,*,#1020,.T.);
#262=ORIENTED_EDGE('',*,*,#1021,.T.);
#263=ORIENTED_EDGE('',*,*,#1022,.T.);
#264=ORIENTED_EDGE('',*,*,#1023,.T.);
#265=ORIENTED_EDGE('',*,*,#1024,.F.);
#266=ORIENTED_EDGE('',*,*,#1025,.F.);
#267=ORIENTED_EDGE('',*,*,#1026,.T.);
#268=ORIENTED_EDGE('',*,*,#1027,.F.);
#269=ORIENTED_EDGE('',*,*,#1028,.T.);
#270=ORIENTED_EDGE('',*,*,#1029,.T.);
#271=ORIENTED_EDGE('',*,*,#1030,.T.);
#272=ORIENTED_EDGE('',*,*,#1031,.F.);
#273=ORIENTED_EDGE('',*,*,#1032,.T.);
#274=ORIENTED_EDGE('',*,*,#1033,.F.);
#275=ORIENTED_EDGE('',*,*,#1034,.F.);
#276=ORIENTED_EDGE('',*,*,#1035,.T.);
#277=ORIENTED_EDGE('',*,*,#1036,.T.);
#278=ORIENTED_EDGE('',*,*,#1037,.T.);
#279=ORIENTED_EDGE('',*,*,#1038,.F.);
#280=ORIENTED_EDGE('',*,*,#1039,.F.);
#281=ORIENTED_EDGE('',*,*,#1040,.F.);
#282=ORIENTED_EDGE('',*,*,#1008,.F.);
#283=ORIENTED_EDGE('',*,*,#1041,.T.);
#284=ORIENTED_EDGE('',*,*,#1042,.T.);
#285=ORIENTED_EDGE('',*,*,#1043,.T.);
#286=ORIENTED_EDGE('',*,*,#1044,.T.);
#287=ORIENTED_EDGE('',*,*,#1045,.F.);
#288=ORIENTED_EDGE('',*,*,#1046,.F.);
#289=ORIENTED_EDGE('',*,*,#1047,.T.);
#290=ORIENTED_EDGE('',*,*,#1048,.T.);
#291=ORIENTED_EDGE('',*,*,#1049,.T.);
#292=ORIENTED_EDGE('',*,*,#1050,.T.);
#293=ORIENTED_EDGE('',*,*,#1051,.F.);
#294=ORIENTED_EDGE('',*,*,#1052,.F.);
#295=ORIENTED_EDGE('',*,*,#1053,.F.);
#296=ORIENTED_EDGE('',*,*,#1054,.T.);
#297=ORIENTED_EDGE('',*,*,#1055,.T.);
#298=ORIENTED_EDGE('',*,*,#1056,.T.);
#299=ORIENTED_EDGE('',*,*,#1009,.T.);
#300=ORIENTED_EDGE('',*,*,#1051,.T.);
#301=ORIENTED_EDGE('',*,*,#1057,.T.);
#302=ORIENTED_EDGE('',*,*,#1058,.T.);
#303=ORIENTED_EDGE('',*,*,#1059,.F.);
#304=ORIENTED_EDGE('',*,*,#1060,.T.);
#305=ORIENTED_EDGE('',*,*,#1061,.T.);
#306=ORIENTED_EDGE('',*,*,#1062,.T.);
#307=ORIENTED_EDGE('',*,*,#1063,.F.);
#308=ORIENTED_EDGE('',*,*,#1055,.F.);
#309=ORIENTED_EDGE('',*,*,#1064,.F.);
#310=ORIENTED_EDGE('',*,*,#1058,.F.);
#311=ORIENTED_EDGE('',*,*,#1024,.T.);
#312=ORIENTED_EDGE('',*,*,#1065,.T.);
#313=ORIENTED_EDGE('',*,*,#1066,.F.);
#314=ORIENTED_EDGE('',*,*,#1067,.T.);
#315=ORIENTED_EDGE('',*,*,#981,.F.);
#316=ORIENTED_EDGE('',*,*,#1068,.T.);
#317=ORIENTED_EDGE('',*,*,#1069,.T.);
#318=ORIENTED_EDGE('',*,*,#1070,.T.);
#319=ORIENTED_EDGE('',*,*,#1020,.F.);
#320=ORIENTED_EDGE('',*,*,#1071,.F.);
#321=ORIENTED_EDGE('',*,*,#985,.F.);
#322=ORIENTED_EDGE('',*,*,#1072,.T.);
#323=ORIENTED_EDGE('',*,*,#1073,.T.);
#324=ORIENTED_EDGE('',*,*,#1074,.F.);
#325=ORIENTED_EDGE('',*,*,#1075,.T.);
#326=ORIENTED_EDGE('',*,*,#1011,.T.);
#327=ORIENTED_EDGE('',*,*,#1076,.F.);
#328=ORIENTED_EDGE('',*,*,#1077,.T.);
#329=ORIENTED_EDGE('',*,*,#1078,.F.);
#330=ORIENTED_EDGE('',*,*,#1079,.T.);
#331=ORIENTED_EDGE('',*,*,#1080,.F.);
#332=ORIENTED_EDGE('',*,*,#1081,.T.);
#333=ORIENTED_EDGE('',*,*,#1082,.F.);
#334=ORIENTED_EDGE('',*,*,#1083,.F.);
#335=ORIENTED_EDGE('',*,*,#1084,.F.);
#336=ORIENTED_EDGE('',*,*,#1085,.T.);
#337=ORIENTED_EDGE('',*,*,#1086,.F.);
#338=ORIENTED_EDGE('',*,*,#1087,.T.);
#339=ORIENTED_EDGE('',*,*,#1088,.F.);
#340=ORIENTED_EDGE('',*,*,#1089,.T.);
#341=ORIENTED_EDGE('',*,*,#1090,.F.);
#342=ORIENTED_EDGE('',*,*,#1091,.T.);
#343=ORIENTED_EDGE('',*,*,#1092,.F.);
#344=ORIENTED_EDGE('',*,*,#1093,.F.);
#345=ORIENTED_EDGE('',*,*,#1094,.F.);
#346=ORIENTED_EDGE('',*,*,#1095,.F.);
#347=ORIENTED_EDGE('',*,*,#1096,.F.);
#348=ORIENTED_EDGE('',*,*,#1097,.F.);
#349=ORIENTED_EDGE('',*,*,#1098,.F.);
#350=ORIENTED_EDGE('',*,*,#1099,.F.);
#351=ORIENTED_EDGE('',*,*,#1100,.F.);
#352=ORIENTED_EDGE('',*,*,#1101,.F.);
#353=ORIENTED_EDGE('',*,*,#1102,.T.);
#354=ORIENTED_EDGE('',*,*,#995,.F.);
#355=ORIENTED_EDGE('',*,*,#1103,.F.);
#356=ORIENTED_EDGE('',*,*,#1104,.T.);
#357=ORIENTED_EDGE('',*,*,#1105,.F.);
#358=ORIENTED_EDGE('',*,*,#1106,.T.);
#359=ORIENTED_EDGE('',*,*,#1107,.F.);
#360=ORIENTED_EDGE('',*,*,#1108,.T.);
#361=ORIENTED_EDGE('',*,*,#1061,.F.);
#362=ORIENTED_EDGE('',*,*,#1109,.T.);
#363=ORIENTED_EDGE('',*,*,#1110,.T.);
#364=ORIENTED_EDGE('',*,*,#1111,.F.);
#365=ORIENTED_EDGE('',*,*,#1015,.T.);
#366=ORIENTED_EDGE('',*,*,#1112,.T.);
#367=ORIENTED_EDGE('',*,*,#1113,.F.);
#368=ORIENTED_EDGE('',*,*,#1114,.T.);
#369=ORIENTED_EDGE('',*,*,#1115,.F.);
#370=ORIENTED_EDGE('',*,*,#1116,.T.);
#371=ORIENTED_EDGE('',*,*,#1013,.T.);
#372=ORIENTED_EDGE('',*,*,#1117,.F.);
#373=ORIENTED_EDGE('',*,*,#1118,.F.);
#374=ORIENTED_EDGE('',*,*,#1117,.T.);
#375=ORIENTED_EDGE('',*,*,#1012,.T.);
#376=ORIENTED_EDGE('',*,*,#1075,.F.);
#377=ORIENTED_EDGE('',*,*,#1062,.F.);
#378=ORIENTED_EDGE('',*,*,#1119,.T.);
#379=ORIENTED_EDGE('',*,*,#1076,.T.);
#380=ORIENTED_EDGE('',*,*,#1010,.F.);
#381=ORIENTED_EDGE('',*,*,#1053,.T.);
#382=ORIENTED_EDGE('',*,*,#1120,.T.);
#383=ORIENTED_EDGE('',*,*,#1121,.F.);
#384=ORIENTED_EDGE('',*,*,#973,.F.);
#385=ORIENTED_EDGE('',*,*,#1122,.T.);
#386=ORIENTED_EDGE('',*,*,#1123,.F.);
#387=ORIENTED_EDGE('',*,*,#1124,.T.);
#388=ORIENTED_EDGE('',*,*,#998,.T.);
#389=ORIENTED_EDGE('',*,*,#1125,.T.);
#390=ORIENTED_EDGE('',*,*,#1126,.F.);
#391=ORIENTED_EDGE('',*,*,#1127,.T.);
#392=ORIENTED_EDGE('',*,*,#958,.T.);
#393=ORIENTED_EDGE('',*,*,#996,.F.);
#394=ORIENTED_EDGE('',*,*,#1102,.F.);
#395=ORIENTED_EDGE('',*,*,#1128,.T.);
#396=ORIENTED_EDGE('',*,*,#1103,.T.);
#397=ORIENTED_EDGE('',*,*,#994,.T.);
#398=ORIENTED_EDGE('',*,*,#1129,.F.);
#399=ORIENTED_EDGE('',*,*,#1130,.F.);
#400=ORIENTED_EDGE('',*,*,#993,.T.);
#401=ORIENTED_EDGE('',*,*,#1131,.T.);
#402=ORIENTED_EDGE('',*,*,#1132,.F.);
#403=ORIENTED_EDGE('',*,*,#1129,.T.);
#404=ORIENTED_EDGE('',*,*,#1133,.T.);
#405=ORIENTED_EDGE('',*,*,#1134,.T.);
#406=ORIENTED_EDGE('',*,*,#991,.F.);
#407=ORIENTED_EDGE('',*,*,#1135,.T.);
#408=ORIENTED_EDGE('',*,*,#1136,.T.);
#409=ORIENTED_EDGE('',*,*,#1137,.T.);
#410=ORIENTED_EDGE('',*,*,#989,.T.);
#411=ORIENTED_EDGE('',*,*,#1138,.T.);
#412=ORIENTED_EDGE('',*,*,#1016,.F.);
#413=ORIENTED_EDGE('',*,*,#1114,.F.);
#414=ORIENTED_EDGE('',*,*,#1139,.F.);
#415=ORIENTED_EDGE('',*,*,#1121,.T.);
#416=ORIENTED_EDGE('',*,*,#1140,.T.);
#417=ORIENTED_EDGE('',*,*,#1141,.T.);
#418=ORIENTED_EDGE('',*,*,#1142,.T.);
#419=ORIENTED_EDGE('',*,*,#1143,.T.);
#420=ORIENTED_EDGE('',*,*,#1144,.T.);
#421=ORIENTED_EDGE('',*,*,#1145,.T.);
#422=ORIENTED_EDGE('',*,*,#1146,.T.);
#423=ORIENTED_EDGE('',*,*,#1031,.T.);
#424=ORIENTED_EDGE('',*,*,#1147,.T.);
#425=ORIENTED_EDGE('',*,*,#974,.F.);
#426=ORIENTED_EDGE('',*,*,#976,.T.);
#427=ORIENTED_EDGE('',*,*,#1148,.T.);
#428=ORIENTED_EDGE('',*,*,#1029,.F.);
#429=ORIENTED_EDGE('',*,*,#1149,.T.);
#430=ORIENTED_EDGE('',*,*,#978,.F.);
#431=ORIENTED_EDGE('',*,*,#1150,.T.);
#432=ORIENTED_EDGE('',*,*,#1027,.T.);
#433=ORIENTED_EDGE('',*,*,#1151,.T.);
#434=ORIENTED_EDGE('',*,*,#980,.F.);
#435=ORIENTED_EDGE('',*,*,#1152,.T.);
#436=ORIENTED_EDGE('',*,*,#1025,.T.);
#437=ORIENTED_EDGE('',*,*,#1068,.F.);
#438=ORIENTED_EDGE('',*,*,#986,.F.);
#439=ORIENTED_EDGE('',*,*,#1071,.T.);
#440=ORIENTED_EDGE('',*,*,#1019,.T.);
#441=ORIENTED_EDGE('',*,*,#1153,.F.);
#442=ORIENTED_EDGE('',*,*,#1018,.T.);
#443=ORIENTED_EDGE('',*,*,#1154,.F.);
#444=ORIENTED_EDGE('',*,*,#987,.F.);
#445=ORIENTED_EDGE('',*,*,#1153,.T.);
#446=ORIENTED_EDGE('',*,*,#1017,.T.);
#447=ORIENTED_EDGE('',*,*,#1138,.F.);
#448=ORIENTED_EDGE('',*,*,#988,.F.);
#449=ORIENTED_EDGE('',*,*,#1154,.T.);
#450=ORIENTED_EDGE('',*,*,#1132,.T.);
#451=ORIENTED_EDGE('',*,*,#1155,.T.);
#452=ORIENTED_EDGE('',*,*,#1133,.F.);
#453=ORIENTED_EDGE('',*,*,#1156,.T.);
#454=ORIENTED_EDGE('',*,*,#1136,.F.);
#455=ORIENTED_EDGE('',*,*,#1157,.T.);
#456=ORIENTED_EDGE('',*,*,#1158,.F.);
#457=ORIENTED_EDGE('',*,*,#1159,.F.);
#458=ORIENTED_EDGE('',*,*,#1110,.F.);
#459=ORIENTED_EDGE('',*,*,#1160,.F.);
#460=ORIENTED_EDGE('',*,*,#1123,.T.);
#461=ORIENTED_EDGE('',*,*,#1161,.T.);
#462=ORIENTED_EDGE('',*,*,#1126,.T.);
#463=ORIENTED_EDGE('',*,*,#1162,.T.);
#464=ORIENTED_EDGE('',*,*,#955,.T.);
#465=ORIENTED_EDGE('',*,*,#1128,.F.);
#466=ORIENTED_EDGE('',*,*,#1104,.F.);
#467=ORIENTED_EDGE('',*,*,#1130,.T.);
#468=ORIENTED_EDGE('',*,*,#1163,.F.);
#469=ORIENTED_EDGE('',*,*,#1077,.F.);
#470=ORIENTED_EDGE('',*,*,#1164,.T.);
#471=ORIENTED_EDGE('',*,*,#1158,.T.);
#472=ORIENTED_EDGE('',*,*,#1164,.F.);
#473=ORIENTED_EDGE('',*,*,#1119,.F.);
#474=ORIENTED_EDGE('',*,*,#1111,.T.);
#475=ORIENTED_EDGE('',*,*,#1159,.T.);
#476=ORIENTED_EDGE('',*,*,#1113,.T.);
#477=ORIENTED_EDGE('',*,*,#1165,.T.);
#478=ORIENTED_EDGE('',*,*,#1115,.T.);
#479=ORIENTED_EDGE('',*,*,#1118,.T.);
#480=ORIENTED_EDGE('',*,*,#1074,.T.);
#481=ORIENTED_EDGE('',*,*,#1166,.T.);
#482=ORIENTED_EDGE('',*,*,#1078,.T.);
#483=ORIENTED_EDGE('',*,*,#1163,.T.);
#484=ORIENTED_EDGE('',*,*,#1157,.F.);
#485=ORIENTED_EDGE('',*,*,#1139,.T.);
#486=ORIENTED_EDGE('',*,*,#1166,.F.);
#487=ORIENTED_EDGE('',*,*,#1059,.T.);
#488=ORIENTED_EDGE('',*,*,#1064,.T.);
#489=ORIENTED_EDGE('',*,*,#1054,.F.);
#490=ORIENTED_EDGE('',*,*,#1167,.F.);
#491=ORIENTED_EDGE('',*,*,#1109,.F.);
#492=ORIENTED_EDGE('',*,*,#1060,.F.);
#493=ORIENTED_EDGE('',*,*,#1167,.T.);
#494=ORIENTED_EDGE('',*,*,#1124,.F.);
#495=ORIENTED_EDGE('',*,*,#1160,.T.);
#496=ORIENTED_EDGE('',*,*,#1156,.F.);
#497=ORIENTED_EDGE('',*,*,#1135,.F.);
#498=ORIENTED_EDGE('',*,*,#990,.F.);
#499=ORIENTED_EDGE('',*,*,#1137,.F.);
#500=ORIENTED_EDGE('',*,*,#1161,.F.);
#501=ORIENTED_EDGE('',*,*,#1122,.F.);
#502=ORIENTED_EDGE('',*,*,#999,.F.);
#503=ORIENTED_EDGE('',*,*,#1127,.F.);
#504=ORIENTED_EDGE('',*,*,#1165,.F.);
#505=ORIENTED_EDGE('',*,*,#1112,.F.);
#506=ORIENTED_EDGE('',*,*,#1014,.F.);
#507=ORIENTED_EDGE('',*,*,#1116,.F.);
#508=ORIENTED_EDGE('',*,*,#975,.F.);
#509=ORIENTED_EDGE('',*,*,#1147,.F.);
#510=ORIENTED_EDGE('',*,*,#1030,.F.);
#511=ORIENTED_EDGE('',*,*,#1148,.F.);
#512=ORIENTED_EDGE('',*,*,#977,.F.);
#513=ORIENTED_EDGE('',*,*,#1149,.F.);
#514=ORIENTED_EDGE('',*,*,#1028,.F.);
#515=ORIENTED_EDGE('',*,*,#1150,.F.);
#516=ORIENTED_EDGE('',*,*,#979,.F.);
#517=ORIENTED_EDGE('',*,*,#1151,.F.);
#518=ORIENTED_EDGE('',*,*,#1026,.F.);
#519=ORIENTED_EDGE('',*,*,#1152,.F.);
#520=ORIENTED_EDGE('',*,*,#1155,.F.);
#521=ORIENTED_EDGE('',*,*,#1131,.F.);
#522=ORIENTED_EDGE('',*,*,#992,.F.);
#523=ORIENTED_EDGE('',*,*,#1134,.F.);
#524=ORIENTED_EDGE('',*,*,#1162,.F.);
#525=ORIENTED_EDGE('',*,*,#1125,.F.);
#526=ORIENTED_EDGE('',*,*,#997,.F.);
#527=ORIENTED_EDGE('',*,*,#956,.F.);
#528=ORIENTED_EDGE('',*,*,#1086,.T.);
#529=ORIENTED_EDGE('',*,*,#1168,.T.);
#530=ORIENTED_EDGE('',*,*,#1106,.F.);
#531=ORIENTED_EDGE('',*,*,#1169,.F.);
#532=ORIENTED_EDGE('',*,*,#1169,.T.);
#533=ORIENTED_EDGE('',*,*,#1105,.T.);
#534=ORIENTED_EDGE('',*,*,#1170,.F.);
#535=ORIENTED_EDGE('',*,*,#1087,.F.);
#536=ORIENTED_EDGE('',*,*,#1171,.T.);
#537=ORIENTED_EDGE('',*,*,#1107,.T.);
#538=ORIENTED_EDGE('',*,*,#1168,.F.);
#539=ORIENTED_EDGE('',*,*,#1085,.F.);
#540=ORIENTED_EDGE('',*,*,#1081,.F.);
#541=ORIENTED_EDGE('',*,*,#1079,.F.);
#542=ORIENTED_EDGE('',*,*,#1091,.F.);
#543=ORIENTED_EDGE('',*,*,#1089,.F.);
#544=ORIENTED_EDGE('',*,*,#1088,.T.);
#545=ORIENTED_EDGE('',*,*,#1170,.T.);
#546=ORIENTED_EDGE('',*,*,#1108,.F.);
#547=ORIENTED_EDGE('',*,*,#1171,.F.);
#548=ORIENTED_EDGE('',*,*,#1101,.T.);
#549=ORIENTED_EDGE('',*,*,#1172,.F.);
#550=ORIENTED_EDGE('',*,*,#1100,.T.);
#551=ORIENTED_EDGE('',*,*,#1173,.F.);
#552=ORIENTED_EDGE('',*,*,#1099,.T.);
#553=ORIENTED_EDGE('',*,*,#1174,.F.);
#554=ORIENTED_EDGE('',*,*,#1098,.T.);
#555=ORIENTED_EDGE('',*,*,#1175,.F.);
#556=ORIENTED_EDGE('',*,*,#1097,.T.);
#557=ORIENTED_EDGE('',*,*,#1176,.F.);
#558=ORIENTED_EDGE('',*,*,#1096,.T.);
#559=ORIENTED_EDGE('',*,*,#1177,.F.);
#560=ORIENTED_EDGE('',*,*,#1173,.T.);
#561=ORIENTED_EDGE('',*,*,#1178,.F.);
#562=ORIENTED_EDGE('',*,*,#1179,.T.);
#563=ORIENTED_EDGE('',*,*,#1082,.T.);
#564=ORIENTED_EDGE('',*,*,#1084,.T.);
#565=ORIENTED_EDGE('',*,*,#1177,.T.);
#566=ORIENTED_EDGE('',*,*,#1179,.F.);
#567=ORIENTED_EDGE('',*,*,#1178,.T.);
#568=ORIENTED_EDGE('',*,*,#1083,.T.);
#569=ORIENTED_EDGE('',*,*,#1172,.T.);
#570=ORIENTED_EDGE('',*,*,#1090,.T.);
#571=ORIENTED_EDGE('',*,*,#1175,.T.);
#572=ORIENTED_EDGE('',*,*,#1180,.F.);
#573=ORIENTED_EDGE('',*,*,#1181,.T.);
#574=ORIENTED_EDGE('',*,*,#1092,.T.);
#575=ORIENTED_EDGE('',*,*,#1094,.T.);
#576=ORIENTED_EDGE('',*,*,#1176,.T.);
#577=ORIENTED_EDGE('',*,*,#1181,.F.);
#578=ORIENTED_EDGE('',*,*,#1180,.T.);
#579=ORIENTED_EDGE('',*,*,#1093,.T.);
#580=ORIENTED_EDGE('',*,*,#1174,.T.);
#581=ORIENTED_EDGE('',*,*,#1080,.T.);
#582=ORIENTED_EDGE('',*,*,#1182,.T.);
#583=ORIENTED_EDGE('',*,*,#1183,.T.);
#584=ORIENTED_EDGE('',*,*,#1069,.F.);
#585=ORIENTED_EDGE('',*,*,#1184,.T.);
#586=ORIENTED_EDGE('',*,*,#1066,.T.);
#587=ORIENTED_EDGE('',*,*,#1185,.T.);
#588=ORIENTED_EDGE('',*,*,#1186,.F.);
#589=ORIENTED_EDGE('',*,*,#1187,.T.);
#590=ORIENTED_EDGE('',*,*,#1186,.T.);
#591=ORIENTED_EDGE('',*,*,#1188,.T.);
#592=ORIENTED_EDGE('',*,*,#1182,.F.);
#593=ORIENTED_EDGE('',*,*,#1189,.T.);
#594=ORIENTED_EDGE('',*,*,#1070,.F.);
#595=ORIENTED_EDGE('',*,*,#1183,.F.);
#596=ORIENTED_EDGE('',*,*,#1190,.F.);
#597=ORIENTED_EDGE('',*,*,#1021,.F.);
#598=ORIENTED_EDGE('',*,*,#1190,.T.);
#599=ORIENTED_EDGE('',*,*,#1188,.F.);
#600=ORIENTED_EDGE('',*,*,#1191,.F.);
#601=ORIENTED_EDGE('',*,*,#1022,.F.);
#602=ORIENTED_EDGE('',*,*,#1191,.T.);
#603=ORIENTED_EDGE('',*,*,#1185,.F.);
#604=ORIENTED_EDGE('',*,*,#1065,.F.);
#605=ORIENTED_EDGE('',*,*,#1023,.F.);
#606=ORIENTED_EDGE('',*,*,#1067,.F.);
#607=ORIENTED_EDGE('',*,*,#1187,.F.);
#608=ORIENTED_EDGE('',*,*,#1192,.F.);
#609=ORIENTED_EDGE('',*,*,#982,.F.);
#610=ORIENTED_EDGE('',*,*,#1192,.T.);
#611=ORIENTED_EDGE('',*,*,#1189,.F.);
#612=ORIENTED_EDGE('',*,*,#1193,.F.);
#613=ORIENTED_EDGE('',*,*,#983,.F.);
#614=ORIENTED_EDGE('',*,*,#1193,.T.);
#615=ORIENTED_EDGE('',*,*,#1184,.F.);
#616=ORIENTED_EDGE('',*,*,#1072,.F.);
#617=ORIENTED_EDGE('',*,*,#984,.F.);
#618=ORIENTED_EDGE('',*,*,#959,.T.);
#619=ORIENTED_EDGE('',*,*,#1056,.F.);
#620=ORIENTED_EDGE('',*,*,#1095,.T.);
#621=ORIENTED_EDGE('',*,*,#1073,.F.);
#622=ORIENTED_EDGE('',*,*,#1032,.F.);
#623=ORIENTED_EDGE('',*,*,#1146,.F.);
#624=ORIENTED_EDGE('',*,*,#1194,.F.);
#625=ORIENTED_EDGE('',*,*,#1195,.F.);
#626=ORIENTED_EDGE('',*,*,#1196,.F.);
#627=ORIENTED_EDGE('',*,*,#1044,.F.);
#628=ORIENTED_EDGE('',*,*,#1197,.F.);
#629=ORIENTED_EDGE('',*,*,#1198,.F.);
#630=ORIENTED_EDGE('',*,*,#1199,.F.);
#631=ORIENTED_EDGE('',*,*,#1200,.F.);
#632=ORIENTED_EDGE('',*,*,#1047,.F.);
#633=ORIENTED_EDGE('',*,*,#1046,.T.);
#634=ORIENTED_EDGE('',*,*,#1201,.F.);
#635=ORIENTED_EDGE('',*,*,#1202,.F.);
#636=ORIENTED_EDGE('',*,*,#1198,.T.);
#637=ORIENTED_EDGE('',*,*,#1200,.T.);
#638=ORIENTED_EDGE('',*,*,#1203,.F.);
#639=ORIENTED_EDGE('',*,*,#1204,.F.);
#640=ORIENTED_EDGE('',*,*,#1048,.F.);
#641=ORIENTED_EDGE('',*,*,#1205,.T.);
#642=ORIENTED_EDGE('',*,*,#1206,.T.);
#643=ORIENTED_EDGE('',*,*,#1207,.F.);
#644=ORIENTED_EDGE('',*,*,#1208,.F.);
#645=ORIENTED_EDGE('',*,*,#1142,.F.);
#646=ORIENTED_EDGE('',*,*,#1141,.F.);
#647=ORIENTED_EDGE('',*,*,#1209,.T.);
#648=ORIENTED_EDGE('',*,*,#1205,.F.);
#649=ORIENTED_EDGE('',*,*,#1210,.F.);
#650=ORIENTED_EDGE('',*,*,#1211,.F.);
#651=ORIENTED_EDGE('',*,*,#1212,.F.);
#652=ORIENTED_EDGE('',*,*,#1207,.T.);
#653=ORIENTED_EDGE('',*,*,#1213,.F.);
#654=ORIENTED_EDGE('',*,*,#1195,.T.);
#655=ORIENTED_EDGE('',*,*,#1214,.T.);
#656=ORIENTED_EDGE('',*,*,#1144,.F.);
#657=ORIENTED_EDGE('',*,*,#1214,.F.);
#658=ORIENTED_EDGE('',*,*,#1194,.T.);
#659=ORIENTED_EDGE('',*,*,#1145,.F.);
#660=ORIENTED_EDGE('',*,*,#1045,.T.);
#661=ORIENTED_EDGE('',*,*,#1196,.T.);
#662=ORIENTED_EDGE('',*,*,#1213,.T.);
#663=ORIENTED_EDGE('',*,*,#1143,.F.);
#664=ORIENTED_EDGE('',*,*,#1208,.T.);
#665=ORIENTED_EDGE('',*,*,#1212,.T.);
#666=ORIENTED_EDGE('',*,*,#1215,.T.);
#667=ORIENTED_EDGE('',*,*,#1201,.T.);
#668=ORIENTED_EDGE('',*,*,#1216,.F.);
#669=ORIENTED_EDGE('',*,*,#1049,.F.);
#670=ORIENTED_EDGE('',*,*,#1204,.T.);
#671=ORIENTED_EDGE('',*,*,#1217,.F.);
#672=ORIENTED_EDGE('',*,*,#1218,.F.);
#673=ORIENTED_EDGE('',*,*,#1217,.T.);
#674=ORIENTED_EDGE('',*,*,#1203,.T.);
#675=ORIENTED_EDGE('',*,*,#1199,.T.);
#676=ORIENTED_EDGE('',*,*,#1202,.T.);
#677=ORIENTED_EDGE('',*,*,#1215,.F.);
#678=ORIENTED_EDGE('',*,*,#1211,.T.);
#679=ORIENTED_EDGE('',*,*,#1140,.F.);
#680=ORIENTED_EDGE('',*,*,#1120,.F.);
#681=ORIENTED_EDGE('',*,*,#1052,.T.);
#682=ORIENTED_EDGE('',*,*,#1063,.T.);
#683=ORIENTED_EDGE('',*,*,#1057,.F.);
#684=ORIENTED_EDGE('',*,*,#1050,.F.);
#685=ORIENTED_EDGE('',*,*,#1216,.T.);
#686=ORIENTED_EDGE('',*,*,#1218,.T.);
#687=ORIENTED_EDGE('',*,*,#1210,.T.);
#688=ORIENTED_EDGE('',*,*,#1206,.F.);
#689=ORIENTED_EDGE('',*,*,#1209,.F.);
#690=ORIENTED_EDGE('',*,*,#1033,.T.);
#691=ORIENTED_EDGE('',*,*,#1197,.T.);
#692=ORIENTED_EDGE('',*,*,#1219,.T.);
#693=ORIENTED_EDGE('',*,*,#1220,.F.);
#694=ORIENTED_EDGE('',*,*,#1221,.F.);
#695=ORIENTED_EDGE('',*,*,#1034,.T.);
#696=ORIENTED_EDGE('',*,*,#1220,.T.);
#697=ORIENTED_EDGE('',*,*,#1222,.F.);
#698=ORIENTED_EDGE('',*,*,#1223,.T.);
#699=ORIENTED_EDGE('',*,*,#1224,.T.);
#700=ORIENTED_EDGE('',*,*,#1041,.F.);
#701=ORIENTED_EDGE('',*,*,#1007,.F.);
#702=ORIENTED_EDGE('',*,*,#1043,.F.);
#703=ORIENTED_EDGE('',*,*,#1225,.T.);
#704=ORIENTED_EDGE('',*,*,#1226,.T.);
#705=ORIENTED_EDGE('',*,*,#1222,.T.);
#706=ORIENTED_EDGE('',*,*,#1219,.F.);
#707=ORIENTED_EDGE('',*,*,#1226,.F.);
#708=ORIENTED_EDGE('',*,*,#1227,.T.);
#709=ORIENTED_EDGE('',*,*,#1223,.F.);
#710=ORIENTED_EDGE('',*,*,#1006,.F.);
#711=ORIENTED_EDGE('',*,*,#1221,.T.);
#712=ORIENTED_EDGE('',*,*,#1001,.T.);
#713=ORIENTED_EDGE('',*,*,#1228,.T.);
#714=ORIENTED_EDGE('',*,*,#1035,.F.);
#715=ORIENTED_EDGE('',*,*,#1229,.F.);
#716=ORIENTED_EDGE('',*,*,#1000,.T.);
#717=ORIENTED_EDGE('',*,*,#1230,.T.);
#718=ORIENTED_EDGE('',*,*,#1036,.F.);
#719=ORIENTED_EDGE('',*,*,#1228,.F.);
#720=ORIENTED_EDGE('',*,*,#1005,.T.);
#721=ORIENTED_EDGE('',*,*,#1231,.T.);
#722=ORIENTED_EDGE('',*,*,#1037,.F.);
#723=ORIENTED_EDGE('',*,*,#1230,.F.);
#724=ORIENTED_EDGE('',*,*,#1232,.T.);
#725=ORIENTED_EDGE('',*,*,#1038,.T.);
#726=ORIENTED_EDGE('',*,*,#1231,.F.);
#727=ORIENTED_EDGE('',*,*,#1004,.F.);
#728=ORIENTED_EDGE('',*,*,#1229,.T.);
#729=ORIENTED_EDGE('',*,*,#1040,.T.);
#730=ORIENTED_EDGE('',*,*,#1233,.F.);
#731=ORIENTED_EDGE('',*,*,#1002,.F.);
#732=ORIENTED_EDGE('',*,*,#1233,.T.);
#733=ORIENTED_EDGE('',*,*,#1039,.T.);
#734=ORIENTED_EDGE('',*,*,#1232,.F.);
#735=ORIENTED_EDGE('',*,*,#1003,.F.);
#736=ORIENTED_EDGE('',*,*,#1227,.F.);
#737=ORIENTED_EDGE('',*,*,#1225,.F.);
#738=ORIENTED_EDGE('',*,*,#1042,.F.);
#739=ORIENTED_EDGE('',*,*,#1224,.F.);
#740=ORIENTED_EDGE('',*,*,#960,.T.);
#741=ORIENTED_EDGE('',*,*,#1234,.F.);
#742=ORIENTED_EDGE('',*,*,#1235,.F.);
#743=ORIENTED_EDGE('',*,*,#1236,.T.);
#744=ORIENTED_EDGE('',*,*,#972,.T.);
#745=ORIENTED_EDGE('',*,*,#1237,.F.);
#746=ORIENTED_EDGE('',*,*,#1238,.F.);
#747=ORIENTED_EDGE('',*,*,#1234,.T.);
#748=ORIENTED_EDGE('',*,*,#971,.T.);
#749=ORIENTED_EDGE('',*,*,#1239,.F.);
#750=ORIENTED_EDGE('',*,*,#1240,.F.);
#751=ORIENTED_EDGE('',*,*,#1237,.T.);
#752=ORIENTED_EDGE('',*,*,#970,.T.);
#753=ORIENTED_EDGE('',*,*,#1241,.F.);
#754=ORIENTED_EDGE('',*,*,#1242,.F.);
#755=ORIENTED_EDGE('',*,*,#1239,.T.);
#756=ORIENTED_EDGE('',*,*,#969,.T.);
#757=ORIENTED_EDGE('',*,*,#1243,.F.);
#758=ORIENTED_EDGE('',*,*,#1244,.F.);
#759=ORIENTED_EDGE('',*,*,#1241,.T.);
#760=ORIENTED_EDGE('',*,*,#968,.T.);
#761=ORIENTED_EDGE('',*,*,#1245,.F.);
#762=ORIENTED_EDGE('',*,*,#1246,.F.);
#763=ORIENTED_EDGE('',*,*,#1243,.T.);
#764=ORIENTED_EDGE('',*,*,#967,.T.);
#765=ORIENTED_EDGE('',*,*,#1247,.F.);
#766=ORIENTED_EDGE('',*,*,#1248,.F.);
#767=ORIENTED_EDGE('',*,*,#1245,.T.);
#768=ORIENTED_EDGE('',*,*,#966,.T.);
#769=ORIENTED_EDGE('',*,*,#1249,.F.);
#770=ORIENTED_EDGE('',*,*,#1250,.F.);
#771=ORIENTED_EDGE('',*,*,#1247,.T.);
#772=ORIENTED_EDGE('',*,*,#965,.T.);
#773=ORIENTED_EDGE('',*,*,#1251,.F.);
#774=ORIENTED_EDGE('',*,*,#1252,.F.);
#775=ORIENTED_EDGE('',*,*,#1249,.T.);
#776=ORIENTED_EDGE('',*,*,#964,.T.);
#777=ORIENTED_EDGE('',*,*,#1253,.F.);
#778=ORIENTED_EDGE('',*,*,#1254,.F.);
#779=ORIENTED_EDGE('',*,*,#1251,.T.);
#780=ORIENTED_EDGE('',*,*,#963,.T.);
#781=ORIENTED_EDGE('',*,*,#1255,.F.);
#782=ORIENTED_EDGE('',*,*,#1256,.F.);
#783=ORIENTED_EDGE('',*,*,#1253,.T.);
#784=ORIENTED_EDGE('',*,*,#962,.T.);
#785=ORIENTED_EDGE('',*,*,#1257,.F.);
#786=ORIENTED_EDGE('',*,*,#1258,.F.);
#787=ORIENTED_EDGE('',*,*,#1255,.T.);
#788=ORIENTED_EDGE('',*,*,#1259,.T.);
#789=ORIENTED_EDGE('',*,*,#1260,.F.);
#790=ORIENTED_EDGE('',*,*,#1261,.F.);
#791=ORIENTED_EDGE('',*,*,#1262,.T.);
#792=ORIENTED_EDGE('',*,*,#1263,.T.);
#793=ORIENTED_EDGE('',*,*,#1264,.F.);
#794=ORIENTED_EDGE('',*,*,#1265,.F.);
#795=ORIENTED_EDGE('',*,*,#1260,.T.);
#796=ORIENTED_EDGE('',*,*,#1266,.T.);
#797=ORIENTED_EDGE('',*,*,#1267,.F.);
#798=ORIENTED_EDGE('',*,*,#1268,.F.);
#799=ORIENTED_EDGE('',*,*,#1264,.T.);
#800=ORIENTED_EDGE('',*,*,#1269,.T.);
#801=ORIENTED_EDGE('',*,*,#1270,.F.);
#802=ORIENTED_EDGE('',*,*,#1271,.F.);
#803=ORIENTED_EDGE('',*,*,#1267,.T.);
#804=ORIENTED_EDGE('',*,*,#1272,.T.);
#805=ORIENTED_EDGE('',*,*,#1273,.F.);
#806=ORIENTED_EDGE('',*,*,#1274,.F.);
#807=ORIENTED_EDGE('',*,*,#1270,.T.);
#808=ORIENTED_EDGE('',*,*,#1275,.T.);
#809=ORIENTED_EDGE('',*,*,#1276,.F.);
#810=ORIENTED_EDGE('',*,*,#1277,.F.);
#811=ORIENTED_EDGE('',*,*,#1273,.T.);
#812=ORIENTED_EDGE('',*,*,#1278,.T.);
#813=ORIENTED_EDGE('',*,*,#1279,.F.);
#814=ORIENTED_EDGE('',*,*,#1280,.F.);
#815=ORIENTED_EDGE('',*,*,#1276,.T.);
#816=ORIENTED_EDGE('',*,*,#1281,.T.);
#817=ORIENTED_EDGE('',*,*,#1282,.F.);
#818=ORIENTED_EDGE('',*,*,#1283,.F.);
#819=ORIENTED_EDGE('',*,*,#1279,.T.);
#820=ORIENTED_EDGE('',*,*,#1284,.T.);
#821=ORIENTED_EDGE('',*,*,#1285,.F.);
#822=ORIENTED_EDGE('',*,*,#1286,.F.);
#823=ORIENTED_EDGE('',*,*,#1282,.T.);
#824=ORIENTED_EDGE('',*,*,#1287,.T.);
#825=ORIENTED_EDGE('',*,*,#1288,.F.);
#826=ORIENTED_EDGE('',*,*,#1289,.F.);
#827=ORIENTED_EDGE('',*,*,#1285,.T.);
#828=ORIENTED_EDGE('',*,*,#1290,.T.);
#829=ORIENTED_EDGE('',*,*,#1291,.F.);
#830=ORIENTED_EDGE('',*,*,#1292,.F.);
#831=ORIENTED_EDGE('',*,*,#1288,.T.);
#832=ORIENTED_EDGE('',*,*,#1293,.T.);
#833=ORIENTED_EDGE('',*,*,#1294,.F.);
#834=ORIENTED_EDGE('',*,*,#1295,.F.);
#835=ORIENTED_EDGE('',*,*,#1291,.T.);
#836=ORIENTED_EDGE('',*,*,#1296,.T.);
#837=ORIENTED_EDGE('',*,*,#1297,.F.);
#838=ORIENTED_EDGE('',*,*,#1298,.F.);
#839=ORIENTED_EDGE('',*,*,#1294,.T.);
#840=ORIENTED_EDGE('',*,*,#1299,.T.);
#841=ORIENTED_EDGE('',*,*,#1300,.F.);
#842=ORIENTED_EDGE('',*,*,#1301,.F.);
#843=ORIENTED_EDGE('',*,*,#1297,.T.);
#844=ORIENTED_EDGE('',*,*,#1302,.T.);
#845=ORIENTED_EDGE('',*,*,#1303,.F.);
#846=ORIENTED_EDGE('',*,*,#1304,.F.);
#847=ORIENTED_EDGE('',*,*,#1300,.T.);
#848=ORIENTED_EDGE('',*,*,#1305,.T.);
#849=ORIENTED_EDGE('',*,*,#1306,.F.);
#850=ORIENTED_EDGE('',*,*,#1307,.F.);
#851=ORIENTED_EDGE('',*,*,#1303,.T.);
#852=ORIENTED_EDGE('',*,*,#1308,.T.);
#853=ORIENTED_EDGE('',*,*,#1309,.F.);
#854=ORIENTED_EDGE('',*,*,#1310,.F.);
#855=ORIENTED_EDGE('',*,*,#1306,.T.);
#856=ORIENTED_EDGE('',*,*,#1311,.T.);
#857=ORIENTED_EDGE('',*,*,#1312,.F.);
#858=ORIENTED_EDGE('',*,*,#1313,.F.);
#859=ORIENTED_EDGE('',*,*,#1309,.T.);
#860=ORIENTED_EDGE('',*,*,#1314,.T.);
#861=ORIENTED_EDGE('',*,*,#1315,.F.);
#862=ORIENTED_EDGE('',*,*,#1316,.F.);
#863=ORIENTED_EDGE('',*,*,#1312,.T.);
#864=ORIENTED_EDGE('',*,*,#1317,.T.);
#865=ORIENTED_EDGE('',*,*,#1318,.F.);
#866=ORIENTED_EDGE('',*,*,#1319,.F.);
#867=ORIENTED_EDGE('',*,*,#1315,.T.);
#868=ORIENTED_EDGE('',*,*,#1320,.T.);
#869=ORIENTED_EDGE('',*,*,#1321,.F.);
#870=ORIENTED_EDGE('',*,*,#1322,.F.);
#871=ORIENTED_EDGE('',*,*,#1318,.T.);
#872=ORIENTED_EDGE('',*,*,#1323,.T.);
#873=ORIENTED_EDGE('',*,*,#1324,.F.);
#874=ORIENTED_EDGE('',*,*,#1325,.F.);
#875=ORIENTED_EDGE('',*,*,#1321,.T.);
#876=ORIENTED_EDGE('',*,*,#1326,.T.);
#877=ORIENTED_EDGE('',*,*,#1327,.F.);
#878=ORIENTED_EDGE('',*,*,#1328,.F.);
#879=ORIENTED_EDGE('',*,*,#1324,.T.);
#880=ORIENTED_EDGE('',*,*,#1329,.T.);
#881=ORIENTED_EDGE('',*,*,#1330,.F.);
#882=ORIENTED_EDGE('',*,*,#1331,.F.);
#883=ORIENTED_EDGE('',*,*,#1327,.T.);
#884=ORIENTED_EDGE('',*,*,#1332,.T.);
#885=ORIENTED_EDGE('',*,*,#1262,.F.);
#886=ORIENTED_EDGE('',*,*,#1333,.F.);
#887=ORIENTED_EDGE('',*,*,#1330,.T.);
#888=ORIENTED_EDGE('',*,*,#961,.T.);
#889=ORIENTED_EDGE('',*,*,#1236,.F.);
#890=ORIENTED_EDGE('',*,*,#1334,.F.);
#891=ORIENTED_EDGE('',*,*,#1257,.T.);
#892=ORIENTED_EDGE('',*,*,#1261,.T.);
#893=ORIENTED_EDGE('',*,*,#1265,.T.);
#894=ORIENTED_EDGE('',*,*,#1268,.T.);
#895=ORIENTED_EDGE('',*,*,#1271,.T.);
#896=ORIENTED_EDGE('',*,*,#1274,.T.);
#897=ORIENTED_EDGE('',*,*,#1277,.T.);
#898=ORIENTED_EDGE('',*,*,#1280,.T.);
#899=ORIENTED_EDGE('',*,*,#1283,.T.);
#900=ORIENTED_EDGE('',*,*,#1286,.T.);
#901=ORIENTED_EDGE('',*,*,#1289,.T.);
#902=ORIENTED_EDGE('',*,*,#1292,.T.);
#903=ORIENTED_EDGE('',*,*,#1295,.T.);
#904=ORIENTED_EDGE('',*,*,#1298,.T.);
#905=ORIENTED_EDGE('',*,*,#1301,.T.);
#906=ORIENTED_EDGE('',*,*,#1304,.T.);
#907=ORIENTED_EDGE('',*,*,#1307,.T.);
#908=ORIENTED_EDGE('',*,*,#1310,.T.);
#909=ORIENTED_EDGE('',*,*,#1313,.T.);
#910=ORIENTED_EDGE('',*,*,#1316,.T.);
#911=ORIENTED_EDGE('',*,*,#1319,.T.);
#912=ORIENTED_EDGE('',*,*,#1322,.T.);
#913=ORIENTED_EDGE('',*,*,#1325,.T.);
#914=ORIENTED_EDGE('',*,*,#1328,.T.);
#915=ORIENTED_EDGE('',*,*,#1331,.T.);
#916=ORIENTED_EDGE('',*,*,#1333,.T.);
#917=ORIENTED_EDGE('',*,*,#1235,.T.);
#918=ORIENTED_EDGE('',*,*,#1238,.T.);
#919=ORIENTED_EDGE('',*,*,#1240,.T.);
#920=ORIENTED_EDGE('',*,*,#1242,.T.);
#921=ORIENTED_EDGE('',*,*,#1244,.T.);
#922=ORIENTED_EDGE('',*,*,#1246,.T.);
#923=ORIENTED_EDGE('',*,*,#1248,.T.);
#924=ORIENTED_EDGE('',*,*,#1250,.T.);
#925=ORIENTED_EDGE('',*,*,#1252,.T.);
#926=ORIENTED_EDGE('',*,*,#1254,.T.);
#927=ORIENTED_EDGE('',*,*,#1256,.T.);
#928=ORIENTED_EDGE('',*,*,#1258,.T.);
#929=ORIENTED_EDGE('',*,*,#1334,.T.);
#930=ORIENTED_EDGE('',*,*,#1259,.F.);
#931=ORIENTED_EDGE('',*,*,#1332,.F.);
#932=ORIENTED_EDGE('',*,*,#1329,.F.);
#933=ORIENTED_EDGE('',*,*,#1326,.F.);
#934=ORIENTED_EDGE('',*,*,#1323,.F.);
#935=ORIENTED_EDGE('',*,*,#1320,.F.);
#936=ORIENTED_EDGE('',*,*,#1317,.F.);
#937=ORIENTED_EDGE('',*,*,#1314,.F.);
#938=ORIENTED_EDGE('',*,*,#1311,.F.);
#939=ORIENTED_EDGE('',*,*,#1308,.F.);
#940=ORIENTED_EDGE('',*,*,#1305,.F.);
#941=ORIENTED_EDGE('',*,*,#1302,.F.);
#942=ORIENTED_EDGE('',*,*,#1299,.F.);
#943=ORIENTED_EDGE('',*,*,#1296,.F.);
#944=ORIENTED_EDGE('',*,*,#1293,.F.);
#945=ORIENTED_EDGE('',*,*,#1290,.F.);
#946=ORIENTED_EDGE('',*,*,#1287,.F.);
#947=ORIENTED_EDGE('',*,*,#1284,.F.);
#948=ORIENTED_EDGE('',*,*,#1281,.F.);
#949=ORIENTED_EDGE('',*,*,#1278,.F.);
#950=ORIENTED_EDGE('',*,*,#1275,.F.);
#951=ORIENTED_EDGE('',*,*,#1272,.F.);
#952=ORIENTED_EDGE('',*,*,#1269,.F.);
#953=ORIENTED_EDGE('',*,*,#1266,.F.);
#954=ORIENTED_EDGE('',*,*,#1263,.F.);
#955=EDGE_CURVE('',#1335,#1336,#1590,.T.);
#956=EDGE_CURVE('',#1335,#1337,#1591,.T.);
#957=EDGE_CURVE('',#1337,#1338,#1592,.T.);
#958=EDGE_CURVE('',#1336,#1338,#1593,.T.);
#959=EDGE_CURVE('',#1339,#1339,#80,.T.);
#960=EDGE_CURVE('',#1340,#1341,#81,.F.);
#961=EDGE_CURVE('',#1342,#1340,#82,.T.);
#962=EDGE_CURVE('',#1343,#1342,#83,.F.);
#963=EDGE_CURVE('',#1344,#1343,#84,.F.);
#964=EDGE_CURVE('',#1345,#1344,#1594,.F.);
#965=EDGE_CURVE('',#1346,#1345,#85,.F.);
#966=EDGE_CURVE('',#1347,#1346,#86,.T.);
#967=EDGE_CURVE('',#1348,#1347,#87,.F.);
#968=EDGE_CURVE('',#1349,#1348,#1595,.F.);
#969=EDGE_CURVE('',#1350,#1349,#88,.F.);
#970=EDGE_CURVE('',#1351,#1350,#89,.T.);
#971=EDGE_CURVE('',#1352,#1351,#90,.F.);
#972=EDGE_CURVE('',#1341,#1352,#1596,.F.);
#973=EDGE_CURVE('',#1353,#1354,#1597,.T.);
#974=EDGE_CURVE('',#1354,#1355,#1598,.T.);
#975=EDGE_CURVE('',#1355,#1356,#91,.T.);
#976=EDGE_CURVE('',#1357,#1356,#1599,.T.);
#977=EDGE_CURVE('',#1357,#1358,#92,.T.);
#978=EDGE_CURVE('',#1358,#1359,#1600,.T.);
#979=EDGE_CURVE('',#1359,#1360,#93,.T.);
#980=EDGE_CURVE('',#1360,#1361,#1601,.T.);
#981=EDGE_CURVE('',#1361,#1362,#1602,.T.);
#982=EDGE_CURVE('',#1362,#1363,#1603,.T.);
#983=EDGE_CURVE('',#1363,#1364,#94,.F.);
#984=EDGE_CURVE('',#1364,#1365,#1604,.T.);
#985=EDGE_CURVE('',#1365,#1366,#95,.T.);
#986=EDGE_CURVE('',#1366,#1367,#1605,.T.);
#987=EDGE_CURVE('',#1367,#1368,#96,.T.);
#988=EDGE_CURVE('',#1368,#1369,#1606,.T.);
#989=EDGE_CURVE('',#1370,#1369,#1607,.T.);
#990=EDGE_CURVE('',#1370,#1371,#97,.T.);
#991=EDGE_CURVE('',#1371,#1372,#1608,.T.);
#992=EDGE_CURVE('',#1372,#1373,#98,.T.);
#993=EDGE_CURVE('',#1374,#1373,#1609,.T.);
#994=EDGE_CURVE('',#1375,#1374,#99,.T.);
#995=EDGE_CURVE('',#1375,#1376,#1610,.T.);
#996=EDGE_CURVE('',#1376,#1338,#100,.T.);
#997=EDGE_CURVE('',#1337,#1377,#101,.T.);
#998=EDGE_CURVE('',#1378,#1377,#1611,.T.);
#999=EDGE_CURVE('',#1378,#1353,#102,.T.);
#1000=EDGE_CURVE('',#1379,#1380,#1612,.T.);
#1001=EDGE_CURVE('',#1381,#1379,#1613,.T.);
#1002=EDGE_CURVE('',#1381,#1382,#1614,.T.);
#1003=EDGE_CURVE('',#1382,#1383,#1615,.T.);
#1004=EDGE_CURVE('',#1383,#1384,#1616,.T.);
#1005=EDGE_CURVE('',#1380,#1384,#1617,.T.);
#1006=EDGE_CURVE('',#1385,#1386,#1618,.T.);
#1007=EDGE_CURVE('',#1386,#1387,#1619,.T.);
#1008=EDGE_CURVE('',#1387,#1388,#1620,.T.);
#1009=EDGE_CURVE('',#1389,#1388,#1621,.T.);
#1010=EDGE_CURVE('',#1389,#1390,#103,.T.);
#1011=EDGE_CURVE('',#1391,#1390,#1622,.T.);
#1012=EDGE_CURVE('',#1392,#1391,#104,.T.);
#1013=EDGE_CURVE('',#1393,#1392,#1623,.T.);
#1014=EDGE_CURVE('',#1393,#1394,#105,.F.);
#1015=EDGE_CURVE('',#1395,#1394,#1624,.T.);
#1016=EDGE_CURVE('',#1395,#1396,#1625,.T.);
#1017=EDGE_CURVE('',#1397,#1396,#1626,.T.);
#1018=EDGE_CURVE('',#1398,#1397,#106,.T.);
#1019=EDGE_CURVE('',#1399,#1398,#1627,.T.);
#1020=EDGE_CURVE('',#1399,#1400,#107,.F.);
#1021=EDGE_CURVE('',#1400,#1401,#1628,.T.);
#1022=EDGE_CURVE('',#1401,#1402,#108,.T.);
#1023=EDGE_CURVE('',#1402,#1403,#1629,.T.);
#1024=EDGE_CURVE('',#1404,#1403,#1630,.T.);
#1025=EDGE_CURVE('',#1405,#1404,#1631,.T.);
#1026=EDGE_CURVE('',#1405,#1406,#109,.F.);
#1027=EDGE_CURVE('',#1407,#1406,#1632,.T.);
#1028=EDGE_CURVE('',#1407,#1408,#110,.F.);
#1029=EDGE_CURVE('',#1408,#1409,#1633,.T.);
#1030=EDGE_CURVE('',#1409,#1410,#111,.F.);
#1031=EDGE_CURVE('',#1411,#1410,#1634,.T.);
#1032=EDGE_CURVE('',#1411,#1412,#1635,.T.);
#1033=EDGE_CURVE('',#1413,#1412,#1636,.T.);
#1034=EDGE_CURVE('',#1385,#1413,#1637,.T.);
#1035=EDGE_CURVE('',#1414,#1415,#1638,.T.);
#1036=EDGE_CURVE('',#1415,#1416,#1639,.T.);
#1037=EDGE_CURVE('',#1416,#1417,#1640,.T.);
#1038=EDGE_CURVE('',#1418,#1417,#1641,.T.);
#1039=EDGE_CURVE('',#1419,#1418,#1642,.T.);
#1040=EDGE_CURVE('',#1414,#1419,#1643,.T.);
#1041=EDGE_CURVE('',#1387,#1420,#1644,.T.);
#1042=EDGE_CURVE('',#1420,#1421,#1645,.F.);
#1043=EDGE_CURVE('',#1421,#1422,#1646,.T.);
#1044=EDGE_CURVE('',#1422,#1423,#1647,.T.);
#1045=EDGE_CURVE('',#1424,#1423,#1648,.T.);
#1046=EDGE_CURVE('',#1425,#1424,#1649,.T.);
#1047=EDGE_CURVE('',#1425,#1426,#1650,.T.);
#1048=EDGE_CURVE('',#1426,#1427,#1651,.T.);
#1049=EDGE_CURVE('',#1427,#1428,#1652,.T.);
#1050=EDGE_CURVE('',#1428,#1429,#1653,.T.);
#1051=EDGE_CURVE('',#1388,#1429,#1654,.T.);
#1052=EDGE_CURVE('',#1430,#1431,#1655,.T.);
#1053=EDGE_CURVE('',#1432,#1430,#1656,.T.);
#1054=EDGE_CURVE('',#1432,#1433,#1657,.T.);
#1055=EDGE_CURVE('',#1433,#1431,#1658,.T.);
#1056=EDGE_CURVE('',#1434,#1434,#112,.F.);
#1057=EDGE_CURVE('',#1429,#1435,#1659,.T.);
#1058=EDGE_CURVE('',#1435,#1436,#1660,.F.);
#1059=EDGE_CURVE('',#1437,#1436,#1661,.T.);
#1060=EDGE_CURVE('',#1437,#1438,#1662,.T.);
#1061=EDGE_CURVE('',#1438,#1439,#1663,.T.);
#1062=EDGE_CURVE('',#1439,#1389,#1664,.T.);
#1063=EDGE_CURVE('',#1431,#1435,#113,.T.);
#1064=EDGE_CURVE('',#1436,#1433,#114,.F.);
#1065=EDGE_CURVE('',#1403,#1440,#1665,.F.);
#1066=EDGE_CURVE('',#1441,#1440,#1666,.T.);
#1067=EDGE_CURVE('',#1441,#1362,#1667,.T.);
#1068=EDGE_CURVE('',#1361,#1404,#1668,.T.);
#1069=EDGE_CURVE('',#1442,#1443,#1669,.T.);
#1070=EDGE_CURVE('',#1443,#1400,#53,.T.);
#1071=EDGE_CURVE('',#1366,#1399,#1670,.T.);
#1072=EDGE_CURVE('',#1365,#1442,#54,.F.);
#1073=EDGE_CURVE('',#1444,#1444,#115,.F.);
#1074=EDGE_CURVE('',#1445,#1446,#1671,.T.);
#1075=EDGE_CURVE('',#1445,#1391,#1672,.T.);
#1076=EDGE_CURVE('',#1447,#1390,#1673,.T.);
#1077=EDGE_CURVE('',#1447,#1448,#1674,.T.);
#1078=EDGE_CURVE('',#1446,#1448,#1675,.T.);
#1079=EDGE_CURVE('',#1449,#1450,#116,.F.);
#1080=EDGE_CURVE('',#1450,#1450,#117,.T.);
#1081=EDGE_CURVE('',#1450,#1451,#118,.F.);
#1082=EDGE_CURVE('',#1452,#1451,#119,.T.);
#1083=EDGE_CURVE('',#1453,#1452,#120,.T.);
#1084=EDGE_CURVE('',#1451,#1453,#121,.T.);
#1085=EDGE_CURVE('',#1451,#1454,#122,.F.);
#1086=EDGE_CURVE('',#1455,#1454,#1676,.T.);
#1087=EDGE_CURVE('',#1455,#1456,#1677,.T.);
#1088=EDGE_CURVE('',#1457,#1456,#1678,.T.);
#1089=EDGE_CURVE('',#1457,#1458,#123,.F.);
#1090=EDGE_CURVE('',#1458,#1458,#124,.T.);
#1091=EDGE_CURVE('',#1458,#1449,#125,.F.);
#1092=EDGE_CURVE('',#1459,#1449,#126,.T.);
#1093=EDGE_CURVE('',#1460,#1459,#127,.T.);
#1094=EDGE_CURVE('',#1449,#1460,#128,.T.);
#1095=EDGE_CURVE('',#1461,#1461,#129,.T.);
#1096=EDGE_CURVE('',#1462,#1462,#130,.T.);
#1097=EDGE_CURVE('',#1463,#1463,#131,.T.);
#1098=EDGE_CURVE('',#1464,#1464,#132,.T.);
#1099=EDGE_CURVE('',#1465,#1465,#133,.T.);
#1100=EDGE_CURVE('',#1466,#1466,#134,.T.);
#1101=EDGE_CURVE('',#1467,#1467,#135,.T.);
#1102=EDGE_CURVE('',#1468,#1376,#1679,.T.);
#1103=EDGE_CURVE('',#1469,#1375,#1680,.T.);
#1104=EDGE_CURVE('',#1469,#1468,#1681,.T.);
#1105=EDGE_CURVE('',#1470,#1471,#1682,.T.);
#1106=EDGE_CURVE('',#1470,#1472,#1683,.T.);
#1107=EDGE_CURVE('',#1473,#1472,#136,.T.);
#1108=EDGE_CURVE('',#1473,#1471,#1684,.T.);
#1109=EDGE_CURVE('',#1438,#1474,#1685,.T.);
#1110=EDGE_CURVE('',#1474,#1475,#1686,.T.);
#1111=EDGE_CURVE('',#1439,#1475,#1687,.T.);
#1112=EDGE_CURVE('',#1394,#1476,#1688,.F.);
#1113=EDGE_CURVE('',#1477,#1476,#1689,.T.);
#1114=EDGE_CURVE('',#1477,#1395,#1690,.T.);
#1115=EDGE_CURVE('',#1478,#1479,#1691,.T.);
#1116=EDGE_CURVE('',#1478,#1393,#1692,.T.);
#1117=EDGE_CURVE('',#1479,#1392,#1693,.T.);
#1118=EDGE_CURVE('',#1479,#1445,#137,.F.);
#1119=EDGE_CURVE('',#1439,#1447,#138,.T.);
#1120=EDGE_CURVE('',#1430,#1480,#1694,.T.);
#1121=EDGE_CURVE('',#1354,#1480,#1695,.T.);
#1122=EDGE_CURVE('',#1353,#1481,#1696,.F.);
#1123=EDGE_CURVE('',#1482,#1481,#1697,.T.);
#1124=EDGE_CURVE('',#1482,#1432,#1698,.T.);
#1125=EDGE_CURVE('',#1377,#1483,#1699,.F.);
#1126=EDGE_CURVE('',#1484,#1483,#1700,.T.);
#1127=EDGE_CURVE('',#1484,#1378,#1701,.T.);
#1128=EDGE_CURVE('',#1468,#1336,#139,.T.);
#1129=EDGE_CURVE('',#1485,#1374,#1702,.T.);
#1130=EDGE_CURVE('',#1469,#1485,#140,.T.);
#1131=EDGE_CURVE('',#1373,#1486,#1703,.F.);
#1132=EDGE_CURVE('',#1485,#1486,#1704,.T.);
#1133=EDGE_CURVE('',#1487,#1488,#1705,.T.);
#1134=EDGE_CURVE('',#1488,#1372,#1706,.T.);
#1135=EDGE_CURVE('',#1371,#1487,#1707,.F.);
#1136=EDGE_CURVE('',#1489,#1490,#1708,.T.);
#1137=EDGE_CURVE('',#1490,#1370,#1709,.T.);
#1138=EDGE_CURVE('',#1369,#1396,#1710,.T.);
#1139=EDGE_CURVE('',#1489,#1477,#1711,.T.);
#1140=EDGE_CURVE('',#1480,#1491,#1712,.T.);
#1141=EDGE_CURVE('',#1491,#1492,#1713,.T.);
#1142=EDGE_CURVE('',#1492,#1493,#1714,.T.);
#1143=EDGE_CURVE('',#1493,#1494,#1715,.T.);
#1144=EDGE_CURVE('',#1494,#1495,#1716,.T.);
#1145=EDGE_CURVE('',#1495,#1496,#1717,.T.);
#1146=EDGE_CURVE('',#1496,#1411,#1718,.T.);
#1147=EDGE_CURVE('',#1410,#1355,#1719,.F.);
#1148=EDGE_CURVE('',#1356,#1409,#1720,.T.);
#1149=EDGE_CURVE('',#1408,#1357,#1721,.F.);
#1150=EDGE_CURVE('',#1358,#1407,#1722,.T.);
#1151=EDGE_CURVE('',#1406,#1359,#1723,.F.);
#1152=EDGE_CURVE('',#1360,#1405,#1724,.T.);
#1153=EDGE_CURVE('',#1367,#1398,#1725,.T.);
#1154=EDGE_CURVE('',#1368,#1397,#1726,.T.);
#1155=EDGE_CURVE('',#1486,#1488,#141,.T.);
#1156=EDGE_CURVE('',#1487,#1490,#142,.T.);
#1157=EDGE_CURVE('',#1489,#1497,#1727,.T.);
#1158=EDGE_CURVE('',#1498,#1497,#1728,.T.);
#1159=EDGE_CURVE('',#1475,#1498,#143,.T.);
#1160=EDGE_CURVE('',#1482,#1474,#1729,.T.);
#1161=EDGE_CURVE('',#1481,#1484,#144,.T.);
#1162=EDGE_CURVE('',#1483,#1335,#145,.T.);
#1163=EDGE_CURVE('',#1448,#1497,#1730,.T.);
#1164=EDGE_CURVE('',#1447,#1498,#1731,.T.);
#1165=EDGE_CURVE('',#1476,#1478,#146,.F.);
#1166=EDGE_CURVE('',#1446,#1477,#1732,.T.);
#1167=EDGE_CURVE('',#1437,#1432,#1733,.T.);
#1168=EDGE_CURVE('',#1454,#1472,#1734,.T.);
#1169=EDGE_CURVE('',#1455,#1470,#1735,.T.);
#1170=EDGE_CURVE('',#1456,#1471,#1736,.T.);
#1171=EDGE_CURVE('',#1457,#1473,#1737,.T.);
#1172=EDGE_CURVE('',#1499,#1499,#147,.T.);
#1173=EDGE_CURVE('',#1500,#1500,#148,.T.);
#1174=EDGE_CURVE('',#1501,#1501,#149,.T.);
#1175=EDGE_CURVE('',#1502,#1502,#150,.T.);
#1176=EDGE_CURVE('',#1503,#1503,#151,.T.);
#1177=EDGE_CURVE('',#1504,#1504,#152,.T.);
#1178=EDGE_CURVE('',#1505,#1453,#13,.F.);
#1179=EDGE_CURVE('',#1505,#1452,#14,.F.);
#1180=EDGE_CURVE('',#1506,#1460,#15,.F.);
#1181=EDGE_CURVE('',#1506,#1459,#16,.F.);
#1182=EDGE_CURVE('',#1507,#1508,#1738,.T.);
#1183=EDGE_CURVE('',#1508,#1443,#1739,.T.);
#1184=EDGE_CURVE('',#1442,#1507,#1740,.T.);
#1185=EDGE_CURVE('',#1440,#1509,#1741,.T.);
#1186=EDGE_CURVE('',#1510,#1509,#1742,.T.);
#1187=EDGE_CURVE('',#1510,#1441,#1743,.T.);
#1188=EDGE_CURVE('',#1509,#1508,#153,.F.);
#1189=EDGE_CURVE('',#1507,#1510,#154,.T.);
#1190=EDGE_CURVE('',#1401,#1508,#1744,.T.);
#1191=EDGE_CURVE('',#1402,#1509,#1745,.T.);
#1192=EDGE_CURVE('',#1363,#1510,#1746,.T.);
#1193=EDGE_CURVE('',#1364,#1507,#1747,.T.);
#1194=EDGE_CURVE('',#1511,#1496,#1748,.F.);
#1195=EDGE_CURVE('',#1512,#1511,#1749,.T.);
#1196=EDGE_CURVE('',#1423,#1512,#1750,.T.);
#1197=EDGE_CURVE('',#1412,#1422,#1751,.T.);
#1198=EDGE_CURVE('',#1513,#1425,#1752,.T.);
#1199=EDGE_CURVE('',#1514,#1513,#1753,.T.);
#1200=EDGE_CURVE('',#1426,#1514,#1754,.F.);
#1201=EDGE_CURVE('',#1515,#1424,#1755,.T.);
#1202=EDGE_CURVE('',#1513,#1515,#1756,.T.);
#1203=EDGE_CURVE('',#1516,#1514,#1757,.F.);
#1204=EDGE_CURVE('',#1427,#1516,#1758,.F.);
#1205=EDGE_CURVE('',#1492,#1517,#1759,.F.);
#1206=EDGE_CURVE('',#1517,#1518,#1760,.F.);
#1207=EDGE_CURVE('',#1519,#1518,#1761,.F.);
#1208=EDGE_CURVE('',#1493,#1519,#1762,.F.);
#1209=EDGE_CURVE('',#1491,#1517,#1763,.F.);
#1210=EDGE_CURVE('',#1520,#1518,#1764,.F.);
#1211=EDGE_CURVE('',#1521,#1520,#1765,.F.);
#1212=EDGE_CURVE('',#1519,#1521,#1766,.T.);
#1213=EDGE_CURVE('',#1512,#1494,#1767,.T.);
#1214=EDGE_CURVE('',#1511,#1495,#1768,.T.);
#1215=EDGE_CURVE('',#1521,#1515,#1769,.T.);
#1216=EDGE_CURVE('',#1428,#1522,#1770,.T.);
#1217=EDGE_CURVE('',#1522,#1516,#1771,.T.);
#1218=EDGE_CURVE('',#1522,#1520,#1772,.T.);
#1219=EDGE_CURVE('',#1422,#1523,#1773,.T.);
#1220=EDGE_CURVE('',#1413,#1523,#1774,.T.);
#1221=EDGE_CURVE('',#1385,#1524,#1775,.T.);
#1222=EDGE_CURVE('',#1524,#1523,#1776,.T.);
#1223=EDGE_CURVE('',#1386,#1525,#1777,.T.);
#1224=EDGE_CURVE('',#1525,#1420,#1778,.T.);
#1225=EDGE_CURVE('',#1421,#1526,#1779,.T.);
#1226=EDGE_CURVE('',#1526,#1524,#1780,.T.);
#1227=EDGE_CURVE('',#1526,#1525,#1781,.F.);
#1228=EDGE_CURVE('',#1379,#1415,#1782,.T.);
#1229=EDGE_CURVE('',#1381,#1414,#1783,.T.);
#1230=EDGE_CURVE('',#1380,#1416,#1784,.T.);
#1231=EDGE_CURVE('',#1384,#1417,#1785,.T.);
#1232=EDGE_CURVE('',#1383,#1418,#1786,.T.);
#1233=EDGE_CURVE('',#1382,#1419,#1787,.T.);
#1234=EDGE_CURVE('',#1527,#1341,#1788,.T.);
#1235=EDGE_CURVE('',#1528,#1527,#155,.T.);
#1236=EDGE_CURVE('',#1528,#1340,#1789,.T.);
#1237=EDGE_CURVE('',#1529,#1352,#1790,.T.);
#1238=EDGE_CURVE('',#1527,#1529,#1791,.F.);
#1239=EDGE_CURVE('',#1530,#1351,#1792,.T.);
#1240=EDGE_CURVE('',#1529,#1530,#156,.T.);
#1241=EDGE_CURVE('',#1531,#1350,#1793,.T.);
#1242=EDGE_CURVE('',#1530,#1531,#157,.F.);
#1243=EDGE_CURVE('',#1532,#1349,#1794,.T.);
#1244=EDGE_CURVE('',#1531,#1532,#158,.T.);
#1245=EDGE_CURVE('',#1533,#1348,#1795,.T.);
#1246=EDGE_CURVE('',#1532,#1533,#1796,.F.);
#1247=EDGE_CURVE('',#1534,#1347,#1797,.T.);
#1248=EDGE_CURVE('',#1533,#1534,#159,.T.);
#1249=EDGE_CURVE('',#1535,#1346,#1798,.T.);
#1250=EDGE_CURVE('',#1534,#1535,#160,.F.);
#1251=EDGE_CURVE('',#1536,#1345,#1799,.T.);
#1252=EDGE_CURVE('',#1535,#1536,#161,.T.);
#1253=EDGE_CURVE('',#1537,#1344,#1800,.T.);
#1254=EDGE_CURVE('',#1536,#1537,#1801,.F.);
#1255=EDGE_CURVE('',#1538,#1343,#1802,.T.);
#1256=EDGE_CURVE('',#1537,#1538,#162,.T.);
#1257=EDGE_CURVE('',#1539,#1342,#1803,.T.);
#1258=EDGE_CURVE('',#1538,#1539,#163,.T.);
#1259=EDGE_CURVE('',#1540,#1541,#164,.T.);
#1260=EDGE_CURVE('',#1542,#1541,#1804,.T.);
#1261=EDGE_CURVE('',#1543,#1542,#165,.F.);
#1262=EDGE_CURVE('',#1543,#1540,#1805,.T.);
#1263=EDGE_CURVE('',#1541,#1544,#1806,.F.);
#1264=EDGE_CURVE('',#1545,#1544,#1807,.T.);
#1265=EDGE_CURVE('',#1542,#1545,#1808,.F.);
#1266=EDGE_CURVE('',#1544,#1546,#166,.T.);
#1267=EDGE_CURVE('',#1547,#1546,#1809,.T.);
#1268=EDGE_CURVE('',#1545,#1547,#167,.F.);
#1269=EDGE_CURVE('',#1546,#1548,#1810,.F.);
#1270=EDGE_CURVE('',#1549,#1548,#1811,.T.);
#1271=EDGE_CURVE('',#1547,#1549,#1812,.F.);
#1272=EDGE_CURVE('',#1548,#1550,#168,.F.);
#1273=EDGE_CURVE('',#1551,#1550,#1813,.T.);
#1274=EDGE_CURVE('',#1549,#1551,#169,.T.);
#1275=EDGE_CURVE('',#1550,#1552,#170,.T.);
#1276=EDGE_CURVE('',#1553,#1552,#1814,.T.);
#1277=EDGE_CURVE('',#1551,#1553,#171,.F.);
#1278=EDGE_CURVE('',#1552,#1554,#172,.F.);
#1279=EDGE_CURVE('',#1555,#1554,#1815,.T.);
#1280=EDGE_CURVE('',#1553,#1555,#173,.T.);
#1281=EDGE_CURVE('',#1554,#1556,#1816,.F.);
#1282=EDGE_CURVE('',#1557,#1556,#1817,.T.);
#1283=EDGE_CURVE('',#1555,#1557,#1818,.F.);
#1284=EDGE_CURVE('',#1556,#1558,#174,.T.);
#1285=EDGE_CURVE('',#1559,#1558,#1819,.T.);
#1286=EDGE_CURVE('',#1557,#1559,#175,.F.);
#1287=EDGE_CURVE('',#1558,#1560,#1820,.F.);
#1288=EDGE_CURVE('',#1561,#1560,#1821,.T.);
#1289=EDGE_CURVE('',#1559,#1561,#1822,.F.);
#1290=EDGE_CURVE('',#1560,#1562,#176,.T.);
#1291=EDGE_CURVE('',#1563,#1562,#1823,.T.);
#1292=EDGE_CURVE('',#1561,#1563,#177,.F.);
#1293=EDGE_CURVE('',#1562,#1564,#1824,.F.);
#1294=EDGE_CURVE('',#1565,#1564,#1825,.T.);
#1295=EDGE_CURVE('',#1563,#1565,#1826,.F.);
#1296=EDGE_CURVE('',#1564,#1566,#178,.F.);
#1297=EDGE_CURVE('',#1567,#1566,#1827,.T.);
#1298=EDGE_CURVE('',#1565,#1567,#179,.T.);
#1299=EDGE_CURVE('',#1566,#1568,#180,.T.);
#1300=EDGE_CURVE('',#1569,#1568,#1828,.T.);
#1301=EDGE_CURVE('',#1567,#1569,#181,.F.);
#1302=EDGE_CURVE('',#1568,#1570,#182,.F.);
#1303=EDGE_CURVE('',#1571,#1570,#1829,.T.);
#1304=EDGE_CURVE('',#1569,#1571,#183,.T.);
#1305=EDGE_CURVE('',#1570,#1572,#1830,.F.);
#1306=EDGE_CURVE('',#1573,#1572,#1831,.T.);
#1307=EDGE_CURVE('',#1571,#1573,#1832,.F.);
#1308=EDGE_CURVE('',#1572,#1574,#184,.T.);
#1309=EDGE_CURVE('',#1575,#1574,#1833,.T.);
#1310=EDGE_CURVE('',#1573,#1575,#185,.F.);
#1311=EDGE_CURVE('',#1574,#1576,#17,.T.);
#1312=EDGE_CURVE('',#1577,#1576,#1834,.T.);
#1313=EDGE_CURVE('',#1575,#1577,#18,.T.);
#1314=EDGE_CURVE('',#1576,#1578,#1835,.F.);
#1315=EDGE_CURVE('',#1579,#1578,#1836,.T.);
#1316=EDGE_CURVE('',#1577,#1579,#1837,.F.);
#1317=EDGE_CURVE('',#1578,#1580,#186,.T.);
#1318=EDGE_CURVE('',#1581,#1580,#1838,.T.);
#1319=EDGE_CURVE('',#1579,#1581,#187,.F.);
#1320=EDGE_CURVE('',#1580,#1582,#1839,.F.);
#1321=EDGE_CURVE('',#1583,#1582,#1840,.T.);
#1322=EDGE_CURVE('',#1581,#1583,#1841,.F.);
#1323=EDGE_CURVE('',#1582,#1584,#188,.F.);
#1324=EDGE_CURVE('',#1585,#1584,#1842,.T.);
#1325=EDGE_CURVE('',#1583,#1585,#189,.T.);
#1326=EDGE_CURVE('',#1584,#1586,#190,.T.);
#1327=EDGE_CURVE('',#1587,#1586,#1843,.T.);
#1328=EDGE_CURVE('',#1585,#1587,#191,.F.);
#1329=EDGE_CURVE('',#1586,#1588,#192,.F.);
#1330=EDGE_CURVE('',#1589,#1588,#1844,.T.);
#1331=EDGE_CURVE('',#1587,#1589,#193,.T.);
#1332=EDGE_CURVE('',#1588,#1540,#1845,.F.);
#1333=EDGE_CURVE('',#1589,#1543,#1846,.F.);
#1334=EDGE_CURVE('',#1539,#1528,#194,.F.);
#1335=VERTEX_POINT('',#3686);
#1336=VERTEX_POINT('',#3687);
#1337=VERTEX_POINT('',#3689);
#1338=VERTEX_POINT('',#3691);
#1339=VERTEX_POINT('',#3694);
#1340=VERTEX_POINT('',#3696);
#1341=VERTEX_POINT('',#3697);
#1342=VERTEX_POINT('',#3699);
#1343=VERTEX_POINT('',#3701);
#1344=VERTEX_POINT('',#3703);
#1345=VERTEX_POINT('',#3705);
#1346=VERTEX_POINT('',#3707);
#1347=VERTEX_POINT('',#3709);
#1348=VERTEX_POINT('',#3711);
#1349=VERTEX_POINT('',#3713);
#1350=VERTEX_POINT('',#3715);
#1351=VERTEX_POINT('',#3717);
#1352=VERTEX_POINT('',#3719);
#1353=VERTEX_POINT('',#3723);
#1354=VERTEX_POINT('',#3724);
#1355=VERTEX_POINT('',#3726);
#1356=VERTEX_POINT('',#3728);
#1357=VERTEX_POINT('',#3730);
#1358=VERTEX_POINT('',#3732);
#1359=VERTEX_POINT('',#3734);
#1360=VERTEX_POINT('',#3736);
#1361=VERTEX_POINT('',#3738);
#1362=VERTEX_POINT('',#3740);
#1363=VERTEX_POINT('',#3742);
#1364=VERTEX_POINT('',#3744);
#1365=VERTEX_POINT('',#3746);
#1366=VERTEX_POINT('',#3748);
#1367=VERTEX_POINT('',#3750);
#1368=VERTEX_POINT('',#3752);
#1369=VERTEX_POINT('',#3754);
#1370=VERTEX_POINT('',#3756);
#1371=VERTEX_POINT('',#3758);
#1372=VERTEX_POINT('',#3760);
#1373=VERTEX_POINT('',#3762);
#1374=VERTEX_POINT('',#3764);
#1375=VERTEX_POINT('',#3766);
#1376=VERTEX_POINT('',#3768);
#1377=VERTEX_POINT('',#3771);
#1378=VERTEX_POINT('',#3773);
#1379=VERTEX_POINT('',#3776);
#1380=VERTEX_POINT('',#3777);
#1381=VERTEX_POINT('',#3779);
#1382=VERTEX_POINT('',#3781);
#1383=VERTEX_POINT('',#3783);
#1384=VERTEX_POINT('',#3785);
#1385=VERTEX_POINT('',#3789);
#1386=VERTEX_POINT('',#3790);
#1387=VERTEX_POINT('',#3792);
#1388=VERTEX_POINT('',#3794);
#1389=VERTEX_POINT('',#3796);
#1390=VERTEX_POINT('',#3798);
#1391=VERTEX_POINT('',#3800);
#1392=VERTEX_POINT('',#3802);
#1393=VERTEX_POINT('',#3804);
#1394=VERTEX_POINT('',#3806);
#1395=VERTEX_POINT('',#3808);
#1396=VERTEX_POINT('',#3810);
#1397=VERTEX_POINT('',#3812);
#1398=VERTEX_POINT('',#3814);
#1399=VERTEX_POINT('',#3816);
#1400=VERTEX_POINT('',#3818);
#1401=VERTEX_POINT('',#3820);
#1402=VERTEX_POINT('',#3822);
#1403=VERTEX_POINT('',#3824);
#1404=VERTEX_POINT('',#3826);
#1405=VERTEX_POINT('',#3828);
#1406=VERTEX_POINT('',#3830);
#1407=VERTEX_POINT('',#3832);
#1408=VERTEX_POINT('',#3834);
#1409=VERTEX_POINT('',#3836);
#1410=VERTEX_POINT('',#3838);
#1411=VERTEX_POINT('',#3840);
#1412=VERTEX_POINT('',#3842);
#1413=VERTEX_POINT('',#3844);
#1414=VERTEX_POINT('',#3847);
#1415=VERTEX_POINT('',#3848);
#1416=VERTEX_POINT('',#3850);
#1417=VERTEX_POINT('',#3852);
#1418=VERTEX_POINT('',#3854);
#1419=VERTEX_POINT('',#3856);
#1420=VERTEX_POINT('',#3860);
#1421=VERTEX_POINT('',#3862);
#1422=VERTEX_POINT('',#3864);
#1423=VERTEX_POINT('',#3866);
#1424=VERTEX_POINT('',#3868);
#1425=VERTEX_POINT('',#3870);
#1426=VERTEX_POINT('',#3872);
#1427=VERTEX_POINT('',#3874);
#1428=VERTEX_POINT('',#3876);
#1429=VERTEX_POINT('',#3878);
#1430=VERTEX_POINT('',#3882);
#1431=VERTEX_POINT('',#3883);
#1432=VERTEX_POINT('',#3885);
#1433=VERTEX_POINT('',#3887);
#1434=VERTEX_POINT('',#3891);
#1435=VERTEX_POINT('',#3893);
#1436=VERTEX_POINT('',#3895);
#1437=VERTEX_POINT('',#3897);
#1438=VERTEX_POINT('',#3899);
#1439=VERTEX_POINT('',#3901);
#1440=VERTEX_POINT('',#3908);
#1441=VERTEX_POINT('',#3910);
#1442=VERTEX_POINT('',#3915);
#1443=VERTEX_POINT('',#3916);
#1444=VERTEX_POINT('',#3922);
#1445=VERTEX_POINT('',#3924);
#1446=VERTEX_POINT('',#3925);
#1447=VERTEX_POINT('',#3928);
#1448=VERTEX_POINT('',#3930);
#1449=VERTEX_POINT('',#3933);
#1450=VERTEX_POINT('',#3934);
#1451=VERTEX_POINT('',#3937);
#1452=VERTEX_POINT('',#3939);
#1453=VERTEX_POINT('',#3941);
#1454=VERTEX_POINT('',#3944);
#1455=VERTEX_POINT('',#3946);
#1456=VERTEX_POINT('',#3948);
#1457=VERTEX_POINT('',#3950);
#1458=VERTEX_POINT('',#3952);
#1459=VERTEX_POINT('',#3956);
#1460=VERTEX_POINT('',#3958);
#1461=VERTEX_POINT('',#3962);
#1462=VERTEX_POINT('',#3964);
#1463=VERTEX_POINT('',#3966);
#1464=VERTEX_POINT('',#3968);
#1465=VERTEX_POINT('',#3970);
#1466=VERTEX_POINT('',#3972);
#1467=VERTEX_POINT('',#3974);
#1468=VERTEX_POINT('',#3976);
#1469=VERTEX_POINT('',#3978);
#1470=VERTEX_POINT('',#3981);
#1471=VERTEX_POINT('',#3982);
#1472=VERTEX_POINT('',#3984);
#1473=VERTEX_POINT('',#3986);
#1474=VERTEX_POINT('',#3990);
#1475=VERTEX_POINT('',#3992);
#1476=VERTEX_POINT('',#3996);
#1477=VERTEX_POINT('',#3998);
#1478=VERTEX_POINT('',#4002);
#1479=VERTEX_POINT('',#4003);
#1480=VERTEX_POINT('',#4012);
#1481=VERTEX_POINT('',#4015);
#1482=VERTEX_POINT('',#4017);
#1483=VERTEX_POINT('',#4021);
#1484=VERTEX_POINT('',#4023);
#1485=VERTEX_POINT('',#4029);
#1486=VERTEX_POINT('',#4033);
#1487=VERTEX_POINT('',#4037);
#1488=VERTEX_POINT('',#4038);
#1489=VERTEX_POINT('',#4043);
#1490=VERTEX_POINT('',#4044);
#1491=VERTEX_POINT('',#4050);
#1492=VERTEX_POINT('',#4052);
#1493=VERTEX_POINT('',#4054);
#1494=VERTEX_POINT('',#4056);
#1495=VERTEX_POINT('',#4058);
#1496=VERTEX_POINT('',#4060);
#1497=VERTEX_POINT('',#4080);
#1498=VERTEX_POINT('',#4082);
#1499=VERTEX_POINT('',#4116);
#1500=VERTEX_POINT('',#4119);
#1501=VERTEX_POINT('',#4122);
#1502=VERTEX_POINT('',#4125);
#1503=VERTEX_POINT('',#4128);
#1504=VERTEX_POINT('',#4131);
#1505=VERTEX_POINT('',#4137);
#1506=VERTEX_POINT('',#4149);
#1507=VERTEX_POINT('',#4158);
#1508=VERTEX_POINT('',#4159);
#1509=VERTEX_POINT('',#4164);
#1510=VERTEX_POINT('',#4166);
#1511=VERTEX_POINT('',#4185);
#1512=VERTEX_POINT('',#4187);
#1513=VERTEX_POINT('',#4192);
#1514=VERTEX_POINT('',#4194);
#1515=VERTEX_POINT('',#4198);
#1516=VERTEX_POINT('',#4202);
#1517=VERTEX_POINT('',#4206);
#1518=VERTEX_POINT('',#4208);
#1519=VERTEX_POINT('',#4210);
#1520=VERTEX_POINT('',#4216);
#1521=VERTEX_POINT('',#4218);
#1522=VERTEX_POINT('',#4228);
#1523=VERTEX_POINT('',#4235);
#1524=VERTEX_POINT('',#4239);
#1525=VERTEX_POINT('',#4243);
#1526=VERTEX_POINT('',#4247);
#1527=VERTEX_POINT('',#4266);
#1528=VERTEX_POINT('',#4268);
#1529=VERTEX_POINT('',#4272);
#1530=VERTEX_POINT('',#4276);
#1531=VERTEX_POINT('',#4280);
#1532=VERTEX_POINT('',#4284);
#1533=VERTEX_POINT('',#4288);
#1534=VERTEX_POINT('',#4292);
#1535=VERTEX_POINT('',#4296);
#1536=VERTEX_POINT('',#4300);
#1537=VERTEX_POINT('',#4304);
#1538=VERTEX_POINT('',#4308);
#1539=VERTEX_POINT('',#4312);
#1540=VERTEX_POINT('',#4316);
#1541=VERTEX_POINT('',#4317);
#1542=VERTEX_POINT('',#4319);
#1543=VERTEX_POINT('',#4321);
#1544=VERTEX_POINT('',#4325);
#1545=VERTEX_POINT('',#4327);
#1546=VERTEX_POINT('',#4331);
#1547=VERTEX_POINT('',#4333);
#1548=VERTEX_POINT('',#4337);
#1549=VERTEX_POINT('',#4339);
#1550=VERTEX_POINT('',#4343);
#1551=VERTEX_POINT('',#4345);
#1552=VERTEX_POINT('',#4349);
#1553=VERTEX_POINT('',#4351);
#1554=VERTEX_POINT('',#4355);
#1555=VERTEX_POINT('',#4357);
#1556=VERTEX_POINT('',#4361);
#1557=VERTEX_POINT('',#4363);
#1558=VERTEX_POINT('',#4367);
#1559=VERTEX_POINT('',#4369);
#1560=VERTEX_POINT('',#4373);
#1561=VERTEX_POINT('',#4375);
#1562=VERTEX_POINT('',#4379);
#1563=VERTEX_POINT('',#4381);
#1564=VERTEX_POINT('',#4385);
#1565=VERTEX_POINT('',#4387);
#1566=VERTEX_POINT('',#4391);
#1567=VERTEX_POINT('',#4393);
#1568=VERTEX_POINT('',#4397);
#1569=VERTEX_POINT('',#4399);
#1570=VERTEX_POINT('',#4403);
#1571=VERTEX_POINT('',#4405);
#1572=VERTEX_POINT('',#4409);
#1573=VERTEX_POINT('',#4411);
#1574=VERTEX_POINT('',#4415);
#1575=VERTEX_POINT('',#4417);
#1576=VERTEX_POINT('',#4443);
#1577=VERTEX_POINT('',#4445);
#1578=VERTEX_POINT('',#4452);
#1579=VERTEX_POINT('',#4454);
#1580=VERTEX_POINT('',#4458);
#1581=VERTEX_POINT('',#4460);
#1582=VERTEX_POINT('',#4464);
#1583=VERTEX_POINT('',#4466);
#1584=VERTEX_POINT('',#4470);
#1585=VERTEX_POINT('',#4472);
#1586=VERTEX_POINT('',#4476);
#1587=VERTEX_POINT('',#4478);
#1588=VERTEX_POINT('',#4482);
#1589=VERTEX_POINT('',#4484);
#1590=LINE('',#3685,#1847);
#1591=LINE('',#3688,#1848);
#1592=LINE('',#3690,#1849);
#1593=LINE('',#3692,#1850);
#1594=LINE('',#3704,#1851);
#1595=LINE('',#3712,#1852);
#1596=LINE('',#3720,#1853);
#1597=LINE('',#3722,#1854);
#1598=LINE('',#3725,#1855);
#1599=LINE('',#3729,#1856);
#1600=LINE('',#3733,#1857);
#1601=LINE('',#3737,#1858);
#1602=LINE('',#3739,#1859);
#1603=LINE('',#3741,#1860);
#1604=LINE('',#3745,#1861);
#1605=LINE('',#3749,#1862);
#1606=LINE('',#3753,#1863);
#1607=LINE('',#3755,#1864);
#1608=LINE('',#3759,#1865);
#1609=LINE('',#3763,#1866);
#1610=LINE('',#3767,#1867);
#1611=LINE('',#3772,#1868);
#1612=LINE('',#3775,#1869);
#1613=LINE('',#3778,#1870);
#1614=LINE('',#3780,#1871);
#1615=LINE('',#3782,#1872);
#1616=LINE('',#3784,#1873);
#1617=LINE('',#3786,#1874);
#1618=LINE('',#3788,#1875);
#1619=LINE('',#3791,#1876);
#1620=LINE('',#3793,#1877);
#1621=LINE('',#3795,#1878);
#1622=LINE('',#3799,#1879);
#1623=LINE('',#3803,#1880);
#1624=LINE('',#3807,#1881);
#1625=LINE('',#3809,#1882);
#1626=LINE('',#3811,#1883);
#1627=LINE('',#3815,#1884);
#1628=LINE('',#3819,#1885);
#1629=LINE('',#3823,#1886);
#1630=LINE('',#3825,#1887);
#1631=LINE('',#3827,#1888);
#1632=LINE('',#3831,#1889);
#1633=LINE('',#3835,#1890);
#1634=LINE('',#3839,#1891);
#1635=LINE('',#3841,#1892);
#1636=LINE('',#3843,#1893);
#1637=LINE('',#3845,#1894);
#1638=LINE('',#3846,#1895);
#1639=LINE('',#3849,#1896);
#1640=LINE('',#3851,#1897);
#1641=LINE('',#3853,#1898);
#1642=LINE('',#3855,#1899);
#1643=LINE('',#3857,#1900);
#1644=LINE('',#3859,#1901);
#1645=LINE('',#3861,#1902);
#1646=LINE('',#3863,#1903);
#1647=LINE('',#3865,#1904);
#1648=LINE('',#3867,#1905);
#1649=LINE('',#3869,#1906);
#1650=LINE('',#3871,#1907);
#1651=LINE('',#3873,#1908);
#1652=LINE('',#3875,#1909);
#1653=LINE('',#3877,#1910);
#1654=LINE('',#3879,#1911);
#1655=LINE('',#3881,#1912);
#1656=LINE('',#3884,#1913);
#1657=LINE('',#3886,#1914);
#1658=LINE('',#3888,#1915);
#1659=LINE('',#3892,#1916);
#1660=LINE('',#3894,#1917);
#1661=LINE('',#3896,#1918);
#1662=LINE('',#3898,#1919);
#1663=LINE('',#3900,#1920);
#1664=LINE('',#3902,#1921);
#1665=LINE('',#3907,#1922);
#1666=LINE('',#3909,#1923);
#1667=LINE('',#3911,#1924);
#1668=LINE('',#3912,#1925);
#1669=LINE('',#3914,#1926);
#1670=LINE('',#3918,#1927);
#1671=LINE('',#3923,#1928);
#1672=LINE('',#3926,#1929);
#1673=LINE('',#3927,#1930);
#1674=LINE('',#3929,#1931);
#1675=LINE('',#3931,#1932);
#1676=LINE('',#3945,#1933);
#1677=LINE('',#3947,#1934);
#1678=LINE('',#3949,#1935);
#1679=LINE('',#3975,#1936);
#1680=LINE('',#3977,#1937);
#1681=LINE('',#3979,#1938);
#1682=LINE('',#3980,#1939);
#1683=LINE('',#3983,#1940);
#1684=LINE('',#3987,#1941);
#1685=LINE('',#3989,#1942);
#1686=LINE('',#3991,#1943);
#1687=LINE('',#3993,#1944);
#1688=LINE('',#3995,#1945);
#1689=LINE('',#3997,#1946);
#1690=LINE('',#3999,#1947);
#1691=LINE('',#4001,#1948);
#1692=LINE('',#4004,#1949);
#1693=LINE('',#4005,#1950);
#1694=LINE('',#4011,#1951);
#1695=LINE('',#4013,#1952);
#1696=LINE('',#4014,#1953);
#1697=LINE('',#4016,#1954);
#1698=LINE('',#4018,#1955);
#1699=LINE('',#4020,#1956);
#1700=LINE('',#4022,#1957);
#1701=LINE('',#4024,#1958);
#1702=LINE('',#4028,#1959);
#1703=LINE('',#4032,#1960);
#1704=LINE('',#4034,#1961);
#1705=LINE('',#4036,#1962);
#1706=LINE('',#4039,#1963);
#1707=LINE('',#4040,#1964);
#1708=LINE('',#4042,#1965);
#1709=LINE('',#4045,#1966);
#1710=LINE('',#4046,#1967);
#1711=LINE('',#4047,#1968);
#1712=LINE('',#4049,#1969);
#1713=LINE('',#4051,#1970);
#1714=LINE('',#4053,#1971);
#1715=LINE('',#4055,#1972);
#1716=LINE('',#4057,#1973);
#1717=LINE('',#4059,#1974);
#1718=LINE('',#4061,#1975);
#1719=LINE('',#4062,#1976);
#1720=LINE('',#4064,#1977);
#1721=LINE('',#4065,#1978);
#1722=LINE('',#4067,#1979);
#1723=LINE('',#4068,#1980);
#1724=LINE('',#4070,#1981);
#1725=LINE('',#4072,#1982);
#1726=LINE('',#4074,#1983);
#1727=LINE('',#4079,#1984);
#1728=LINE('',#4081,#1985);
#1729=LINE('',#4084,#1986);
#1730=LINE('',#4088,#1987);
#1731=LINE('',#4089,#1988);
#1732=LINE('',#4093,#1989);
#1733=LINE('',#4096,#1990);
#1734=LINE('',#4107,#1991);
#1735=LINE('',#4108,#1992);
#1736=LINE('',#4110,#1993);
#1737=LINE('',#4112,#1994);
#1738=LINE('',#4157,#1995);
#1739=LINE('',#4160,#1996);
#1740=LINE('',#4161,#1997);
#1741=LINE('',#4163,#1998);
#1742=LINE('',#4165,#1999);
#1743=LINE('',#4167,#2000);
#1744=LINE('',#4172,#2001);
#1745=LINE('',#4174,#2002);
#1746=LINE('',#4177,#2003);
#1747=LINE('',#4179,#2004);
#1748=LINE('',#4184,#2005);
#1749=LINE('',#4186,#2006);
#1750=LINE('',#4188,#2007);
#1751=LINE('',#4189,#2008);
#1752=LINE('',#4191,#2009);
#1753=LINE('',#4193,#2010);
#1754=LINE('',#4195,#2011);
#1755=LINE('',#4197,#2012);
#1756=LINE('',#4199,#2013);
#1757=LINE('',#4201,#2014);
#1758=LINE('',#4203,#2015);
#1759=LINE('',#4205,#2016);
#1760=LINE('',#4207,#2017);
#1761=LINE('',#4209,#2018);
#1762=LINE('',#4211,#2019);
#1763=LINE('',#4213,#2020);
#1764=LINE('',#4215,#2021);
#1765=LINE('',#4217,#2022);
#1766=LINE('',#4219,#2023);
#1767=LINE('',#4221,#2024);
#1768=LINE('',#4222,#2025);
#1769=LINE('',#4225,#2026);
#1770=LINE('',#4227,#2027);
#1771=LINE('',#4229,#2028);
#1772=LINE('',#4231,#2029);
#1773=LINE('',#4234,#2030);
#1774=LINE('',#4236,#2031);
#1775=LINE('',#4238,#2032);
#1776=LINE('',#4240,#2033);
#1777=LINE('',#4242,#2034);
#1778=LINE('',#4244,#2035);
#1779=LINE('',#4246,#2036);
#1780=LINE('',#4248,#2037);
#1781=LINE('',#4250,#2038);
#1782=LINE('',#4252,#2039);
#1783=LINE('',#4253,#2040);
#1784=LINE('',#4255,#2041);
#1785=LINE('',#4257,#2042);
#1786=LINE('',#4259,#2043);
#1787=LINE('',#4261,#2044);
#1788=LINE('',#4265,#2045);
#1789=LINE('',#4269,#2046);
#1790=LINE('',#4271,#2047);
#1791=LINE('',#4273,#2048);
#1792=LINE('',#4275,#2049);
#1793=LINE('',#4279,#2050);
#1794=LINE('',#4283,#2051);
#1795=LINE('',#4287,#2052);
#1796=LINE('',#4289,#2053);
#1797=LINE('',#4291,#2054);
#1798=LINE('',#4295,#2055);
#1799=LINE('',#4299,#2056);
#1800=LINE('',#4303,#2057);
#1801=LINE('',#4305,#2058);
#1802=LINE('',#4307,#2059);
#1803=LINE('',#4311,#2060);
#1804=LINE('',#4318,#2061);
#1805=LINE('',#4322,#2062);
#1806=LINE('',#4324,#2063);
#1807=LINE('',#4326,#2064);
#1808=LINE('',#4328,#2065);
#1809=LINE('',#4332,#2066);
#1810=LINE('',#4336,#2067);
#1811=LINE('',#4338,#2068);
#1812=LINE('',#4340,#2069);
#1813=LINE('',#4344,#2070);
#1814=LINE('',#4350,#2071);
#1815=LINE('',#4356,#2072);
#1816=LINE('',#4360,#2073);
#1817=LINE('',#4362,#2074);
#1818=LINE('',#4364,#2075);
#1819=LINE('',#4368,#2076);
#1820=LINE('',#4372,#2077);
#1821=LINE('',#4374,#2078);
#1822=LINE('',#4376,#2079);
#1823=LINE('',#4380,#2080);
#1824=LINE('',#4384,#2081);
#1825=LINE('',#4386,#2082);
#1826=LINE('',#4388,#2083);
#1827=LINE('',#4392,#2084);
#1828=LINE('',#4398,#2085);
#1829=LINE('',#4404,#2086);
#1830=LINE('',#4408,#2087);
#1831=LINE('',#4410,#2088);
#1832=LINE('',#4412,#2089);
#1833=LINE('',#4416,#2090);
#1834=LINE('',#4444,#2091);
#1835=LINE('',#4451,#2092);
#1836=LINE('',#4453,#2093);
#1837=LINE('',#4455,#2094);
#1838=LINE('',#4459,#2095);
#1839=LINE('',#4463,#2096);
#1840=LINE('',#4465,#2097);
#1841=LINE('',#4467,#2098);
#1842=LINE('',#4471,#2099);
#1843=LINE('',#4477,#2100);
#1844=LINE('',#4483,#2101);
#1845=LINE('',#4487,#2102);
#1846=LINE('',#4488,#2103);
#1847=VECTOR('',#2922,1.);
#1848=VECTOR('',#2923,1.);
#1849=VECTOR('',#2924,1.);
#1850=VECTOR('',#2925,1.);
#1851=VECTOR('',#2936,1.);
#1852=VECTOR('',#2943,1.);
#1853=VECTOR('',#2950,1.);
#1854=VECTOR('',#2953,1.);
#1855=VECTOR('',#2954,1.);
#1856=VECTOR('',#2957,1.);
#1857=VECTOR('',#2960,1.);
#1858=VECTOR('',#2963,1.);
#1859=VECTOR('',#2964,1.);
#1860=VECTOR('',#2965,1.);
#1861=VECTOR('',#2968,1.);
#1862=VECTOR('',#2971,1.);
#1863=VECTOR('',#2974,1.);
#1864=VECTOR('',#2975,1.);
#1865=VECTOR('',#2978,1.);
#1866=VECTOR('',#2981,1.);
#1867=VECTOR('',#2984,1.);
#1868=VECTOR('',#2989,1.);
#1869=VECTOR('',#2992,1.);
#1870=VECTOR('',#2993,1.);
#1871=VECTOR('',#2994,1.);
#1872=VECTOR('',#2995,1.);
#1873=VECTOR('',#2996,1.);
#1874=VECTOR('',#2997,1.);
#1875=VECTOR('',#3000,1.);
#1876=VECTOR('',#3001,1.);
#1877=VECTOR('',#3002,1.);
#1878=VECTOR('',#3003,1.);
#1879=VECTOR('',#3006,1.);
#1880=VECTOR('',#3009,1.);
#1881=VECTOR('',#3012,1.);
#1882=VECTOR('',#3013,1.);
#1883=VECTOR('',#3014,1.);
#1884=VECTOR('',#3017,1.);
#1885=VECTOR('',#3020,1.);
#1886=VECTOR('',#3023,1.);
#1887=VECTOR('',#3024,1.);
#1888=VECTOR('',#3025,1.);
#1889=VECTOR('',#3028,1.);
#1890=VECTOR('',#3031,1.);
#1891=VECTOR('',#3034,1.);
#1892=VECTOR('',#3035,1.);
#1893=VECTOR('',#3036,1.);
#1894=VECTOR('',#3037,1.);
#1895=VECTOR('',#3038,1.);
#1896=VECTOR('',#3039,1.);
#1897=VECTOR('',#3040,1.);
#1898=VECTOR('',#3041,1.);
#1899=VECTOR('',#3042,1.);
#1900=VECTOR('',#3043,1.);
#1901=VECTOR('',#3046,1.);
#1902=VECTOR('',#3047,1.);
#1903=VECTOR('',#3048,1.);
#1904=VECTOR('',#3049,1.);
#1905=VECTOR('',#3050,1.);
#1906=VECTOR('',#3051,1.);
#1907=VECTOR('',#3052,1.);
#1908=VECTOR('',#3053,1.);
#1909=VECTOR('',#3054,1.);
#1910=VECTOR('',#3055,1.);
#1911=VECTOR('',#3056,1.);
#1912=VECTOR('',#3059,1.);
#1913=VECTOR('',#3060,1.);
#1914=VECTOR('',#3061,1.);
#1915=VECTOR('',#3062,1.);
#1916=VECTOR('',#3067,1.);
#1917=VECTOR('',#3068,1.);
#1918=VECTOR('',#3069,1.);
#1919=VECTOR('',#3070,1.);
#1920=VECTOR('',#3071,1.);
#1921=VECTOR('',#3072,1.);
#1922=VECTOR('',#3081,1.);
#1923=VECTOR('',#3082,1.);
#1924=VECTOR('',#3083,1.);
#1925=VECTOR('',#3084,1.);
#1926=VECTOR('',#3087,1.);
#1927=VECTOR('',#3090,1.);
#1928=VECTOR('',#3097,1.);
#1929=VECTOR('',#3098,1.);
#1930=VECTOR('',#3099,1.);
#1931=VECTOR('',#3100,1.);
#1932=VECTOR('',#3101,1.);
#1933=VECTOR('',#3116,1.);
#1934=VECTOR('',#3117,1.);
#1935=VECTOR('',#3118,1.);
#1936=VECTOR('',#3147,1.);
#1937=VECTOR('',#3148,1.);
#1938=VECTOR('',#3149,1.);
#1939=VECTOR('',#3150,1.);
#1940=VECTOR('',#3151,1.);
#1941=VECTOR('',#3154,1.);
#1942=VECTOR('',#3157,1.);
#1943=VECTOR('',#3158,1.);
#1944=VECTOR('',#3159,1.);
#1945=VECTOR('',#3162,1.);
#1946=VECTOR('',#3163,1.);
#1947=VECTOR('',#3164,1.);
#1948=VECTOR('',#3167,1.);
#1949=VECTOR('',#3168,1.);
#1950=VECTOR('',#3169,1.);
#1951=VECTOR('',#3180,1.);
#1952=VECTOR('',#3181,1.);
#1953=VECTOR('',#3182,1.);
#1954=VECTOR('',#3183,1.);
#1955=VECTOR('',#3184,1.);
#1956=VECTOR('',#3187,1.);
#1957=VECTOR('',#3188,1.);
#1958=VECTOR('',#3189,1.);
#1959=VECTOR('',#3196,1.);
#1960=VECTOR('',#3201,1.);
#1961=VECTOR('',#3202,1.);
#1962=VECTOR('',#3205,1.);
#1963=VECTOR('',#3206,1.);
#1964=VECTOR('',#3207,1.);
#1965=VECTOR('',#3210,1.);
#1966=VECTOR('',#3211,1.);
#1967=VECTOR('',#3212,1.);
#1968=VECTOR('',#3213,1.);
#1969=VECTOR('',#3216,1.);
#1970=VECTOR('',#3217,1.);
#1971=VECTOR('',#3218,1.);
#1972=VECTOR('',#3219,1.);
#1973=VECTOR('',#3220,1.);
#1974=VECTOR('',#3221,1.);
#1975=VECTOR('',#3222,1.);
#1976=VECTOR('',#3223,1.);
#1977=VECTOR('',#3226,1.);
#1978=VECTOR('',#3227,1.);
#1979=VECTOR('',#3230,1.);
#1980=VECTOR('',#3231,1.);
#1981=VECTOR('',#3234,1.);
#1982=VECTOR('',#3237,1.);
#1983=VECTOR('',#3240,1.);
#1984=VECTOR('',#3249,1.);
#1985=VECTOR('',#3250,1.);
#1986=VECTOR('',#3253,1.);
#1987=VECTOR('',#3260,1.);
#1988=VECTOR('',#3261,1.);
#1989=VECTOR('',#3268,1.);
#1990=VECTOR('',#3273,1.);
#1991=VECTOR('',#3294,1.);
#1992=VECTOR('',#3295,1.);
#1993=VECTOR('',#3298,1.);
#1994=VECTOR('',#3301,1.);
#1995=VECTOR('',#3342,1.);
#1996=VECTOR('',#3343,1.);
#1997=VECTOR('',#3344,1.);
#1998=VECTOR('',#3347,1.);
#1999=VECTOR('',#3348,1.);
#2000=VECTOR('',#3349,1.);
#2001=VECTOR('',#3358,1.);
#2002=VECTOR('',#3361,1.);
#2003=VECTOR('',#3366,1.);
#2004=VECTOR('',#3369,1.);
#2005=VECTOR('',#3378,1.);
#2006=VECTOR('',#3379,1.);
#2007=VECTOR('',#3380,1.);
#2008=VECTOR('',#3381,1.);
#2009=VECTOR('',#3384,1.);
#2010=VECTOR('',#3385,1.);
#2011=VECTOR('',#3386,1.);
#2012=VECTOR('',#3389,1.);
#2013=VECTOR('',#3390,1.);
#2014=VECTOR('',#3393,1.);
#2015=VECTOR('',#3394,1.);
#2016=VECTOR('',#3397,1.);
#2017=VECTOR('',#3398,1.);
#2018=VECTOR('',#3399,1.);
#2019=VECTOR('',#3400,1.);
#2020=VECTOR('',#3403,1.);
#2021=VECTOR('',#3406,1.);
#2022=VECTOR('',#3407,1.);
#2023=VECTOR('',#3408,1.);
#2024=VECTOR('',#3411,1.);
#2025=VECTOR('',#3412,1.);
#2026=VECTOR('',#3417,1.);
#2027=VECTOR('',#3420,1.);
#2028=VECTOR('',#3421,1.);
#2029=VECTOR('',#3424,1.);
#2030=VECTOR('',#3429,1.);
#2031=VECTOR('',#3430,1.);
#2032=VECTOR('',#3433,1.);
#2033=VECTOR('',#3434,1.);
#2034=VECTOR('',#3437,1.);
#2035=VECTOR('',#3438,1.);
#2036=VECTOR('',#3441,1.);
#2037=VECTOR('',#3442,1.);
#2038=VECTOR('',#3445,1.);
#2039=VECTOR('',#3448,1.);
#2040=VECTOR('',#3449,1.);
#2041=VECTOR('',#3452,1.);
#2042=VECTOR('',#3455,1.);
#2043=VECTOR('',#3458,1.);
#2044=VECTOR('',#3461,1.);
#2045=VECTOR('',#3468,1.);
#2046=VECTOR('',#3471,1.);
#2047=VECTOR('',#3474,1.);
#2048=VECTOR('',#3475,1.);
#2049=VECTOR('',#3478,1.);
#2050=VECTOR('',#3483,1.);
#2051=VECTOR('',#3488,1.);
#2052=VECTOR('',#3493,1.);
#2053=VECTOR('',#3494,1.);
#2054=VECTOR('',#3497,1.);
#2055=VECTOR('',#3502,1.);
#2056=VECTOR('',#3507,1.);
#2057=VECTOR('',#3512,1.);
#2058=VECTOR('',#3513,1.);
#2059=VECTOR('',#3516,1.);
#2060=VECTOR('',#3521,1.);
#2061=VECTOR('',#3528,1.);
#2062=VECTOR('',#3531,1.);
#2063=VECTOR('',#3534,1.);
#2064=VECTOR('',#3535,1.);
#2065=VECTOR('',#3536,1.);
#2066=VECTOR('',#3541,1.);
#2067=VECTOR('',#3546,1.);
#2068=VECTOR('',#3547,1.);
#2069=VECTOR('',#3548,1.);
#2070=VECTOR('',#3553,1.);
#2071=VECTOR('',#3560,1.);
#2072=VECTOR('',#3567,1.);
#2073=VECTOR('',#3572,1.);
#2074=VECTOR('',#3573,1.);
#2075=VECTOR('',#3574,1.);
#2076=VECTOR('',#3579,1.);
#2077=VECTOR('',#3584,1.);
#2078=VECTOR('',#3585,1.);
#2079=VECTOR('',#3586,1.);
#2080=VECTOR('',#3591,1.);
#2081=VECTOR('',#3596,1.);
#2082=VECTOR('',#3597,1.);
#2083=VECTOR('',#3598,1.);
#2084=VECTOR('',#3603,1.);
#2085=VECTOR('',#3610,1.);
#2086=VECTOR('',#3617,1.);
#2087=VECTOR('',#3622,1.);
#2088=VECTOR('',#3623,1.);
#2089=VECTOR('',#3624,1.);
#2090=VECTOR('',#3629,1.);
#2091=VECTOR('',#3632,1.);
#2092=VECTOR('',#3635,1.);
#2093=VECTOR('',#3636,1.);
#2094=VECTOR('',#3637,1.);
#2095=VECTOR('',#3642,1.);
#2096=VECTOR('',#3647,1.);
#2097=VECTOR('',#3648,1.);
#2098=VECTOR('',#3649,1.);
#2099=VECTOR('',#3654,1.);
#2100=VECTOR('',#3661,1.);
#2101=VECTOR('',#3668,1.);
#2102=VECTOR('',#3673,1.);
#2103=VECTOR('',#3674,1.);
#2104=EDGE_LOOP('',(#195,#196,#197,#198));
#2105=EDGE_LOOP('',(#199));
#2106=EDGE_LOOP('',(#200,#201,#202,#203,#204,#205,#206,#207,#208,#209,#210,
#211,#212));
#2107=EDGE_LOOP('',(#213,#214,#215,#216,#217,#218,#219,#220,#221,#222,#223,
#224,#225,#226,#227,#228,#229,#230,#231,#232,#233,#234,#235,#236,#237,#238,
#239,#240));
#2108=EDGE_LOOP('',(#241,#242,#243,#244,#245,#246));
#2109=EDGE_LOOP('',(#247,#248,#249,#250,#251,#252,#253,#254,#255,#256,#257,
#258,#259,#260,#261,#262,#263,#264,#265,#266,#267,#268,#269,#270,#271,#272,
#273,#274,#275));
#2110=EDGE_LOOP('',(#276,#277,#278,#279,#280,#281));
#2111=EDGE_LOOP('',(#282,#283,#284,#285,#286,#287,#288,#289,#290,#291,#292,
#293));
#2112=EDGE_LOOP('',(#294,#295,#296,#297));
#2113=EDGE_LOOP('',(#298));
#2114=EDGE_LOOP('',(#299,#300,#301,#302,#303,#304,#305,#306));
#2115=EDGE_LOOP('',(#307,#308,#309,#310));
#2116=EDGE_LOOP('',(#311,#312,#313,#314,#315,#316));
#2117=EDGE_LOOP('',(#317,#318,#319,#320,#321,#322));
#2118=EDGE_LOOP('',(#323));
#2119=EDGE_LOOP('',(#324,#325,#326,#327,#328,#329));
#2120=EDGE_LOOP('',(#330,#331,#332,#333,#334,#335,#336,#337,#338,#339,#340,
#341,#342,#343,#344,#345));
#2121=EDGE_LOOP('',(#346));
#2122=EDGE_LOOP('',(#347));
#2123=EDGE_LOOP('',(#348));
#2124=EDGE_LOOP('',(#349));
#2125=EDGE_LOOP('',(#350));
#2126=EDGE_LOOP('',(#351));
#2127=EDGE_LOOP('',(#352));
#2128=EDGE_LOOP('',(#353,#354,#355,#356));
#2129=EDGE_LOOP('',(#357,#358,#359,#360));
#2130=EDGE_LOOP('',(#361,#362,#363,#364));
#2131=EDGE_LOOP('',(#365,#366,#367,#368));
#2132=EDGE_LOOP('',(#369,#370,#371,#372));
#2133=EDGE_LOOP('',(#373,#374,#375,#376));
#2134=EDGE_LOOP('',(#377,#378,#379,#380));
#2135=EDGE_LOOP('',(#381,#382,#383,#384,#385,#386,#387));
#2136=EDGE_LOOP('',(#388,#389,#390,#391));
#2137=EDGE_LOOP('',(#392,#393,#394,#395));
#2138=EDGE_LOOP('',(#396,#397,#398,#399));
#2139=EDGE_LOOP('',(#400,#401,#402,#403));
#2140=EDGE_LOOP('',(#404,#405,#406,#407));
#2141=EDGE_LOOP('',(#408,#409,#410,#411,#412,#413,#414));
#2142=EDGE_LOOP('',(#415,#416,#417,#418,#419,#420,#421,#422,#423,#424,#425));
#2143=EDGE_LOOP('',(#426,#427,#428,#429));
#2144=EDGE_LOOP('',(#430,#431,#432,#433));
#2145=EDGE_LOOP('',(#434,#435,#436,#437));
#2146=EDGE_LOOP('',(#438,#439,#440,#441));
#2147=EDGE_LOOP('',(#442,#443,#444,#445));
#2148=EDGE_LOOP('',(#446,#447,#448,#449));
#2149=EDGE_LOOP('',(#450,#451,#452,#453,#454,#455,#456,#457,#458,#459,#460,
#461,#462,#463,#464,#465,#466,#467));
#2150=EDGE_LOOP('',(#468,#469,#470,#471));
#2151=EDGE_LOOP('',(#472,#473,#474,#475));
#2152=EDGE_LOOP('',(#476,#477,#478,#479,#480,#481));
#2153=EDGE_LOOP('',(#482,#483,#484,#485,#486));
#2154=EDGE_LOOP('',(#487,#488,#489,#490));
#2155=EDGE_LOOP('',(#491,#492,#493,#494,#495));
#2156=EDGE_LOOP('',(#496,#497,#498,#499));
#2157=EDGE_LOOP('',(#500,#501,#502,#503));
#2158=EDGE_LOOP('',(#504,#505,#506,#507));
#2159=EDGE_LOOP('',(#508,#509,#510,#511));
#2160=EDGE_LOOP('',(#512,#513,#514,#515));
#2161=EDGE_LOOP('',(#516,#517,#518,#519));
#2162=EDGE_LOOP('',(#520,#521,#522,#523));
#2163=EDGE_LOOP('',(#524,#525,#526,#527));
#2164=EDGE_LOOP('',(#528,#529,#530,#531));
#2165=EDGE_LOOP('',(#532,#533,#534,#535));
#2166=EDGE_LOOP('',(#536,#537,#538,#539,#540,#541,#542,#543));
#2167=EDGE_LOOP('',(#544,#545,#546,#547));
#2168=EDGE_LOOP('',(#548));
#2169=EDGE_LOOP('',(#549));
#2170=EDGE_LOOP('',(#550));
#2171=EDGE_LOOP('',(#551));
#2172=EDGE_LOOP('',(#552));
#2173=EDGE_LOOP('',(#553));
#2174=EDGE_LOOP('',(#554));
#2175=EDGE_LOOP('',(#555));
#2176=EDGE_LOOP('',(#556));
#2177=EDGE_LOOP('',(#557));
#2178=EDGE_LOOP('',(#558));
#2179=EDGE_LOOP('',(#559));
#2180=EDGE_LOOP('',(#560));
#2181=EDGE_LOOP('',(#561,#562,#563,#564));
#2182=EDGE_LOOP('',(#565));
#2183=EDGE_LOOP('',(#566,#567,#568));
#2184=EDGE_LOOP('',(#569));
#2185=EDGE_LOOP('',(#570));
#2186=EDGE_LOOP('',(#571));
#2187=EDGE_LOOP('',(#572,#573,#574,#575));
#2188=EDGE_LOOP('',(#576));
#2189=EDGE_LOOP('',(#577,#578,#579));
#2190=EDGE_LOOP('',(#580));
#2191=EDGE_LOOP('',(#581));
#2192=EDGE_LOOP('',(#582,#583,#584,#585));
#2193=EDGE_LOOP('',(#586,#587,#588,#589));
#2194=EDGE_LOOP('',(#590,#591,#592,#593));
#2195=EDGE_LOOP('',(#594,#595,#596,#597));
#2196=EDGE_LOOP('',(#598,#599,#600,#601));
#2197=EDGE_LOOP('',(#602,#603,#604,#605));
#2198=EDGE_LOOP('',(#606,#607,#608,#609));
#2199=EDGE_LOOP('',(#610,#611,#612,#613));
#2200=EDGE_LOOP('',(#614,#615,#616,#617));
#2201=EDGE_LOOP('',(#618));
#2202=EDGE_LOOP('',(#619));
#2203=EDGE_LOOP('',(#620));
#2204=EDGE_LOOP('',(#621));
#2205=EDGE_LOOP('',(#622,#623,#624,#625,#626,#627,#628));
#2206=EDGE_LOOP('',(#629,#630,#631,#632));
#2207=EDGE_LOOP('',(#633,#634,#635,#636));
#2208=EDGE_LOOP('',(#637,#638,#639,#640));
#2209=EDGE_LOOP('',(#641,#642,#643,#644,#645));
#2210=EDGE_LOOP('',(#646,#647,#648));
#2211=EDGE_LOOP('',(#649,#650,#651,#652));
#2212=EDGE_LOOP('',(#653,#654,#655,#656));
#2213=EDGE_LOOP('',(#657,#658,#659));
#2214=EDGE_LOOP('',(#660,#661,#662,#663,#664,#665,#666,#667));
#2215=EDGE_LOOP('',(#668,#669,#670,#671));
#2216=EDGE_LOOP('',(#672,#673,#674,#675,#676,#677,#678));
#2217=EDGE_LOOP('',(#679,#680,#681,#682,#683,#684,#685,#686,#687,#688,#689));
#2218=EDGE_LOOP('',(#690,#691,#692,#693));
#2219=EDGE_LOOP('',(#694,#695,#696,#697));
#2220=EDGE_LOOP('',(#698,#699,#700,#701));
#2221=EDGE_LOOP('',(#702,#703,#704,#705,#706));
#2222=EDGE_LOOP('',(#707,#708,#709,#710,#711));
#2223=EDGE_LOOP('',(#712,#713,#714,#715));
#2224=EDGE_LOOP('',(#716,#717,#718,#719));
#2225=EDGE_LOOP('',(#720,#721,#722,#723));
#2226=EDGE_LOOP('',(#724,#725,#726,#727));
#2227=EDGE_LOOP('',(#728,#729,#730,#731));
#2228=EDGE_LOOP('',(#732,#733,#734,#735));
#2229=EDGE_LOOP('',(#736,#737,#738,#739));
#2230=EDGE_LOOP('',(#740,#741,#742,#743));
#2231=EDGE_LOOP('',(#744,#745,#746,#747));
#2232=EDGE_LOOP('',(#748,#749,#750,#751));
#2233=EDGE_LOOP('',(#752,#753,#754,#755));
#2234=EDGE_LOOP('',(#756,#757,#758,#759));
#2235=EDGE_LOOP('',(#760,#761,#762,#763));
#2236=EDGE_LOOP('',(#764,#765,#766,#767));
#2237=EDGE_LOOP('',(#768,#769,#770,#771));
#2238=EDGE_LOOP('',(#772,#773,#774,#775));
#2239=EDGE_LOOP('',(#776,#777,#778,#779));
#2240=EDGE_LOOP('',(#780,#781,#782,#783));
#2241=EDGE_LOOP('',(#784,#785,#786,#787));
#2242=EDGE_LOOP('',(#788,#789,#790,#791));
#2243=EDGE_LOOP('',(#792,#793,#794,#795));
#2244=EDGE_LOOP('',(#796,#797,#798,#799));
#2245=EDGE_LOOP('',(#800,#801,#802,#803));
#2246=EDGE_LOOP('',(#804,#805,#806,#807));
#2247=EDGE_LOOP('',(#808,#809,#810,#811));
#2248=EDGE_LOOP('',(#812,#813,#814,#815));
#2249=EDGE_LOOP('',(#816,#817,#818,#819));
#2250=EDGE_LOOP('',(#820,#821,#822,#823));
#2251=EDGE_LOOP('',(#824,#825,#826,#827));
#2252=EDGE_LOOP('',(#828,#829,#830,#831));
#2253=EDGE_LOOP('',(#832,#833,#834,#835));
#2254=EDGE_LOOP('',(#836,#837,#838,#839));
#2255=EDGE_LOOP('',(#840,#841,#842,#843));
#2256=EDGE_LOOP('',(#844,#845,#846,#847));
#2257=EDGE_LOOP('',(#848,#849,#850,#851));
#2258=EDGE_LOOP('',(#852,#853,#854,#855));
#2259=EDGE_LOOP('',(#856,#857,#858,#859));
#2260=EDGE_LOOP('',(#860,#861,#862,#863));
#2261=EDGE_LOOP('',(#864,#865,#866,#867));
#2262=EDGE_LOOP('',(#868,#869,#870,#871));
#2263=EDGE_LOOP('',(#872,#873,#874,#875));
#2264=EDGE_LOOP('',(#876,#877,#878,#879));
#2265=EDGE_LOOP('',(#880,#881,#882,#883));
#2266=EDGE_LOOP('',(#884,#885,#886,#887));
#2267=EDGE_LOOP('',(#888,#889,#890,#891));
#2268=EDGE_LOOP('',(#892,#893,#894,#895,#896,#897,#898,#899,#900,#901,#902,
#903,#904,#905,#906,#907,#908,#909,#910,#911,#912,#913,#914,#915,#916));
#2269=EDGE_LOOP('',(#917,#918,#919,#920,#921,#922,#923,#924,#925,#926,#927,
#928,#929));
#2270=EDGE_LOOP('',(#930,#931,#932,#933,#934,#935,#936,#937,#938,#939,#940,
#941,#942,#943,#944,#945,#946,#947,#948,#949,#950,#951,#952,#953,#954));
#2271=FACE_BOUND('',#2104,.T.);
#2272=FACE_BOUND('',#2105,.T.);
#2273=FACE_BOUND('',#2106,.T.);
#2274=FACE_BOUND('',#2107,.T.);
#2275=FACE_BOUND('',#2108,.T.);
#2276=FACE_BOUND('',#2109,.T.);
#2277=FACE_BOUND('',#2110,.T.);
#2278=FACE_BOUND('',#2111,.T.);
#2279=FACE_BOUND('',#2112,.T.);
#2280=FACE_BOUND('',#2113,.T.);
#2281=FACE_BOUND('',#2114,.T.);
#2282=FACE_BOUND('',#2115,.T.);
#2283=FACE_BOUND('',#2116,.T.);
#2284=FACE_BOUND('',#2117,.T.);
#2285=FACE_BOUND('',#2118,.T.);
#2286=FACE_BOUND('',#2119,.T.);
#2287=FACE_BOUND('',#2120,.T.);
#2288=FACE_BOUND('',#2121,.T.);
#2289=FACE_BOUND('',#2122,.T.);
#2290=FACE_BOUND('',#2123,.T.);
#2291=FACE_BOUND('',#2124,.T.);
#2292=FACE_BOUND('',#2125,.T.);
#2293=FACE_BOUND('',#2126,.T.);
#2294=FACE_BOUND('',#2127,.T.);
#2295=FACE_BOUND('',#2128,.T.);
#2296=FACE_BOUND('',#2129,.T.);
#2297=FACE_BOUND('',#2130,.T.);
#2298=FACE_BOUND('',#2131,.T.);
#2299=FACE_BOUND('',#2132,.T.);
#2300=FACE_BOUND('',#2133,.T.);
#2301=FACE_BOUND('',#2134,.T.);
#2302=FACE_BOUND('',#2135,.T.);
#2303=FACE_BOUND('',#2136,.T.);
#2304=FACE_BOUND('',#2137,.T.);
#2305=FACE_BOUND('',#2138,.T.);
#2306=FACE_BOUND('',#2139,.T.);
#2307=FACE_BOUND('',#2140,.T.);
#2308=FACE_BOUND('',#2141,.T.);
#2309=FACE_BOUND('',#2142,.T.);
#2310=FACE_BOUND('',#2143,.T.);
#2311=FACE_BOUND('',#2144,.T.);
#2312=FACE_BOUND('',#2145,.T.);
#2313=FACE_BOUND('',#2146,.T.);
#2314=FACE_BOUND('',#2147,.T.);
#2315=FACE_BOUND('',#2148,.T.);
#2316=FACE_BOUND('',#2149,.T.);
#2317=FACE_BOUND('',#2150,.T.);
#2318=FACE_BOUND('',#2151,.T.);
#2319=FACE_BOUND('',#2152,.T.);
#2320=FACE_BOUND('',#2153,.T.);
#2321=FACE_BOUND('',#2154,.T.);
#2322=FACE_BOUND('',#2155,.T.);
#2323=FACE_BOUND('',#2156,.T.);
#2324=FACE_BOUND('',#2157,.T.);
#2325=FACE_BOUND('',#2158,.T.);
#2326=FACE_BOUND('',#2159,.T.);
#2327=FACE_BOUND('',#2160,.T.);
#2328=FACE_BOUND('',#2161,.T.);
#2329=FACE_BOUND('',#2162,.T.);
#2330=FACE_BOUND('',#2163,.T.);
#2331=FACE_BOUND('',#2164,.T.);
#2332=FACE_BOUND('',#2165,.T.);
#2333=FACE_BOUND('',#2166,.T.);
#2334=FACE_BOUND('',#2167,.T.);
#2335=FACE_BOUND('',#2168,.T.);
#2336=FACE_BOUND('',#2169,.T.);
#2337=FACE_BOUND('',#2170,.T.);
#2338=FACE_BOUND('',#2171,.T.);
#2339=FACE_BOUND('',#2172,.T.);
#2340=FACE_BOUND('',#2173,.T.);
#2341=FACE_BOUND('',#2174,.T.);
#2342=FACE_BOUND('',#2175,.T.);
#2343=FACE_BOUND('',#2176,.T.);
#2344=FACE_BOUND('',#2177,.T.);
#2345=FACE_BOUND('',#2178,.T.);
#2346=FACE_BOUND('',#2179,.T.);
#2347=FACE_BOUND('',#2180,.T.);
#2348=FACE_BOUND('',#2181,.T.);
#2349=FACE_BOUND('',#2182,.T.);
#2350=FACE_BOUND('',#2183,.T.);
#2351=FACE_BOUND('',#2184,.T.);
#2352=FACE_BOUND('',#2185,.T.);
#2353=FACE_BOUND('',#2186,.T.);
#2354=FACE_BOUND('',#2187,.T.);
#2355=FACE_BOUND('',#2188,.T.);
#2356=FACE_BOUND('',#2189,.T.);
#2357=FACE_BOUND('',#2190,.T.);
#2358=FACE_BOUND('',#2191,.T.);
#2359=FACE_BOUND('',#2192,.T.);
#2360=FACE_BOUND('',#2193,.T.);
#2361=FACE_BOUND('',#2194,.T.);
#2362=FACE_BOUND('',#2195,.T.);
#2363=FACE_BOUND('',#2196,.T.);
#2364=FACE_BOUND('',#2197,.T.);
#2365=FACE_BOUND('',#2198,.T.);
#2366=FACE_BOUND('',#2199,.T.);
#2367=FACE_BOUND('',#2200,.T.);
#2368=FACE_BOUND('',#2201,.T.);
#2369=FACE_BOUND('',#2202,.T.);
#2370=FACE_BOUND('',#2203,.T.);
#2371=FACE_BOUND('',#2204,.T.);
#2372=FACE_BOUND('',#2205,.T.);
#2373=FACE_BOUND('',#2206,.T.);
#2374=FACE_BOUND('',#2207,.T.);
#2375=FACE_BOUND('',#2208,.T.);
#2376=FACE_BOUND('',#2209,.T.);
#2377=FACE_BOUND('',#2210,.T.);
#2378=FACE_BOUND('',#2211,.T.);
#2379=FACE_BOUND('',#2212,.T.);
#2380=FACE_BOUND('',#2213,.T.);
#2381=FACE_BOUND('',#2214,.T.);
#2382=FACE_BOUND('',#2215,.T.);
#2383=FACE_BOUND('',#2216,.T.);
#2384=FACE_BOUND('',#2217,.T.);
#2385=FACE_BOUND('',#2218,.T.);
#2386=FACE_BOUND('',#2219,.T.);
#2387=FACE_BOUND('',#2220,.T.);
#2388=FACE_BOUND('',#2221,.T.);
#2389=FACE_BOUND('',#2222,.T.);
#2390=FACE_BOUND('',#2223,.T.);
#2391=FACE_BOUND('',#2224,.T.);
#2392=FACE_BOUND('',#2225,.T.);
#2393=FACE_BOUND('',#2226,.T.);
#2394=FACE_BOUND('',#2227,.T.);
#2395=FACE_BOUND('',#2228,.T.);
#2396=FACE_BOUND('',#2229,.T.);
#2397=FACE_BOUND('',#2230,.T.);
#2398=FACE_BOUND('',#2231,.T.);
#2399=FACE_BOUND('',#2232,.T.);
#2400=FACE_BOUND('',#2233,.T.);
#2401=FACE_BOUND('',#2234,.T.);
#2402=FACE_BOUND('',#2235,.T.);
#2403=FACE_BOUND('',#2236,.T.);
#2404=FACE_BOUND('',#2237,.T.);
#2405=FACE_BOUND('',#2238,.T.);
#2406=FACE_BOUND('',#2239,.T.);
#2407=FACE_BOUND('',#2240,.T.);
#2408=FACE_BOUND('',#2241,.T.);
#2409=FACE_BOUND('',#2242,.T.);
#2410=FACE_BOUND('',#2243,.T.);
#2411=FACE_BOUND('',#2244,.T.);
#2412=FACE_BOUND('',#2245,.T.);
#2413=FACE_BOUND('',#2246,.T.);
#2414=FACE_BOUND('',#2247,.T.);
#2415=FACE_BOUND('',#2248,.T.);
#2416=FACE_BOUND('',#2249,.T.);
#2417=FACE_BOUND('',#2250,.T.);
#2418=FACE_BOUND('',#2251,.T.);
#2419=FACE_BOUND('',#2252,.T.);
#2420=FACE_BOUND('',#2253,.T.);
#2421=FACE_BOUND('',#2254,.T.);
#2422=FACE_BOUND('',#2255,.T.);
#2423=FACE_BOUND('',#2256,.T.);
#2424=FACE_BOUND('',#2257,.T.);
#2425=FACE_BOUND('',#2258,.T.);
#2426=FACE_BOUND('',#2259,.T.);
#2427=FACE_BOUND('',#2260,.T.);
#2428=FACE_BOUND('',#2261,.T.);
#2429=FACE_BOUND('',#2262,.T.);
#2430=FACE_BOUND('',#2263,.T.);
#2431=FACE_BOUND('',#2264,.T.);
#2432=FACE_BOUND('',#2265,.T.);
#2433=FACE_BOUND('',#2266,.T.);
#2434=FACE_BOUND('',#2267,.T.);
#2435=FACE_BOUND('',#2268,.T.);
#2436=FACE_BOUND('',#2269,.T.);
#2437=FACE_BOUND('',#2270,.T.);
#2438=PLANE('',#2665);
#2439=PLANE('',#2677);
#2440=PLANE('',#2690);
#2441=PLANE('',#2700);
#2442=PLANE('',#2701);
#2443=PLANE('',#2702);
#2444=PLANE('',#2707);
#2445=PLANE('',#2711);
#2446=PLANE('',#2726);
#2447=PLANE('',#2735);
#2448=PLANE('',#2736);
#2449=PLANE('',#2737);
#2450=PLANE('',#2742);
#2451=PLANE('',#2743);
#2452=PLANE('',#2748);
#2453=PLANE('',#2749);
#2454=PLANE('',#2750);
#2455=PLANE('',#2751);
#2456=PLANE('',#2752);
#2457=PLANE('',#2753);
#2458=PLANE('',#2754);
#2459=PLANE('',#2755);
#2460=PLANE('',#2757);
#2461=PLANE('',#2758);
#2462=PLANE('',#2764);
#2463=PLANE('',#2766);
#2464=PLANE('',#2768);
#2465=PLANE('',#2769);
#2466=PLANE('',#2770);
#2467=PLANE('',#2779);
#2468=PLANE('',#2780);
#2469=PLANE('',#2782);
#2470=PLANE('',#2801);
#2471=PLANE('',#2802);
#2472=PLANE('',#2806);
#2473=PLANE('',#2808);
#2474=PLANE('',#2809);
#2475=PLANE('',#2811);
#2476=PLANE('',#2814);
#2477=PLANE('',#2815);
#2478=PLANE('',#2816);
#2479=PLANE('',#2817);
#2480=PLANE('',#2818);
#2481=PLANE('',#2819);
#2482=PLANE('',#2820);
#2483=PLANE('',#2821);
#2484=PLANE('',#2822);
#2485=PLANE('',#2823);
#2486=PLANE('',#2824);
#2487=PLANE('',#2825);
#2488=PLANE('',#2826);
#2489=PLANE('',#2827);
#2490=PLANE('',#2828);
#2491=PLANE('',#2829);
#2492=PLANE('',#2830);
#2493=PLANE('',#2831);
#2494=PLANE('',#2832);
#2495=PLANE('',#2833);
#2496=PLANE('',#2834);
#2497=PLANE('',#2835);
#2498=PLANE('',#2836);
#2499=PLANE('',#2837);
#2500=PLANE('',#2838);
#2501=PLANE('',#2841);
#2502=PLANE('',#2848);
#2503=PLANE('',#2855);
#2504=PLANE('',#2863);
#2505=PLANE('',#2867);
#2506=PLANE('',#2877);
#2507=PLANE('',#2881);
#2508=PLANE('',#2885);
#2509=PLANE('',#2895);
#2510=PLANE('',#2899);
#2511=PLANE('',#2903);
#2512=PLANE('',#2913);
#2513=PLANE('',#2916);
#2514=PLANE('',#2917);
#2515=ADVANCED_FACE('',(#2271,#2272,#2273),#2438,.F.);
#2516=ADVANCED_FACE('',(#2274,#2275),#2439,.T.);
#2517=ADVANCED_FACE('',(#2276,#2277),#2440,.F.);
#2518=ADVANCED_FACE('',(#2278),#2441,.T.);
#2519=ADVANCED_FACE('',(#2279),#2442,.F.);
#2520=ADVANCED_FACE('',(#2280,#2281),#2443,.T.);
#2521=ADVANCED_FACE('',(#2282),#55,.F.);
#2522=ADVANCED_FACE('',(#2283),#2444,.F.);
#2523=ADVANCED_FACE('',(#2284),#56,.T.);
#2524=ADVANCED_FACE('',(#2285,#2286,#2287),#2445,.T.);
#2525=ADVANCED_FACE('',(#2288,#2289,#2290,#2291,#2292,#2293,#2294,#2295,
#2296),#2446,.T.);
#2526=ADVANCED_FACE('',(#2297),#2447,.T.);
#2527=ADVANCED_FACE('',(#2298),#2448,.T.);
#2528=ADVANCED_FACE('',(#2299),#2449,.T.);
#2529=ADVANCED_FACE('',(#2300),#57,.F.);
#2530=ADVANCED_FACE('',(#2301),#58,.T.);
#2531=ADVANCED_FACE('',(#2302),#2450,.F.);
#2532=ADVANCED_FACE('',(#2303),#2451,.F.);
#2533=ADVANCED_FACE('',(#2304),#59,.F.);
#2534=ADVANCED_FACE('',(#2305),#60,.T.);
#2535=ADVANCED_FACE('',(#2306),#2452,.F.);
#2536=ADVANCED_FACE('',(#2307),#2453,.T.);
#2537=ADVANCED_FACE('',(#2308),#2454,.T.);
#2538=ADVANCED_FACE('',(#2309),#2455,.F.);
#2539=ADVANCED_FACE('',(#2310),#2456,.T.);
#2540=ADVANCED_FACE('',(#2311),#2457,.F.);
#2541=ADVANCED_FACE('',(#2312),#2458,.F.);
#2542=ADVANCED_FACE('',(#2313),#2459,.F.);
#2543=ADVANCED_FACE('',(#2314),#61,.T.);
#2544=ADVANCED_FACE('',(#2315),#2460,.F.);
#2545=ADVANCED_FACE('',(#2316),#2461,.T.);
#2546=ADVANCED_FACE('',(#2317),#2462,.T.);
#2547=ADVANCED_FACE('',(#2318),#19,.T.);
#2548=ADVANCED_FACE('',(#2319),#2463,.F.);
#2549=ADVANCED_FACE('',(#2320),#2464,.T.);
#2550=ADVANCED_FACE('',(#2321),#2465,.F.);
#2551=ADVANCED_FACE('',(#2322),#2466,.F.);
#2552=ADVANCED_FACE('',(#2323),#62,.T.);
#2553=ADVANCED_FACE('',(#2324),#63,.T.);
#2554=ADVANCED_FACE('',(#2325),#64,.F.);
#2555=ADVANCED_FACE('',(#2326),#65,.T.);
#2556=ADVANCED_FACE('',(#2327),#66,.T.);
#2557=ADVANCED_FACE('',(#2328),#67,.T.);
#2558=ADVANCED_FACE('',(#2329),#68,.T.);
#2559=ADVANCED_FACE('',(#2330),#69,.T.);
#2560=ADVANCED_FACE('',(#2331),#2467,.T.);
#2561=ADVANCED_FACE('',(#2332),#2468,.F.);
#2562=ADVANCED_FACE('',(#2333),#70,.F.);
#2563=ADVANCED_FACE('',(#2334),#2469,.T.);
#2564=ADVANCED_FACE('',(#2335,#2336),#71,.F.);
#2565=ADVANCED_FACE('',(#2337,#2338),#72,.F.);
#2566=ADVANCED_FACE('',(#2339,#2340),#73,.F.);
#2567=ADVANCED_FACE('',(#2341,#2342),#74,.F.);
#2568=ADVANCED_FACE('',(#2343,#2344),#75,.F.);
#2569=ADVANCED_FACE('',(#2345,#2346),#76,.F.);
#2570=ADVANCED_FACE('',(#2347,#2348),#20,.T.);
#2571=ADVANCED_FACE('',(#2349,#2350),#21,.T.);
#2572=ADVANCED_FACE('',(#2351,#2352),#22,.T.);
#2573=ADVANCED_FACE('',(#2353,#2354),#23,.T.);
#2574=ADVANCED_FACE('',(#2355,#2356),#24,.T.);
#2575=ADVANCED_FACE('',(#2357,#2358),#25,.T.);
#2576=ADVANCED_FACE('',(#2359),#2470,.F.);
#2577=ADVANCED_FACE('',(#2360),#2471,.F.);
#2578=ADVANCED_FACE('',(#2361),#77,.F.);
#2579=ADVANCED_FACE('',(#2362),#2472,.F.);
#2580=ADVANCED_FACE('',(#2363),#26,.F.);
#2581=ADVANCED_FACE('',(#2364),#2473,.F.);
#2582=ADVANCED_FACE('',(#2365),#2474,.T.);
#2583=ADVANCED_FACE('',(#2366),#27,.F.);
#2584=ADVANCED_FACE('',(#2367),#2475,.T.);
#2585=ADVANCED_FACE('',(#2368,#2369),#78,.F.);
#2586=ADVANCED_FACE('',(#2370,#2371),#79,.F.);
#2587=ADVANCED_FACE('',(#2372),#2476,.T.);
#2588=ADVANCED_FACE('',(#2373),#2477,.F.);
#2589=ADVANCED_FACE('',(#2374),#2478,.F.);
#2590=ADVANCED_FACE('',(#2375),#2479,.T.);
#2591=ADVANCED_FACE('',(#2376),#2480,.F.);
#2592=ADVANCED_FACE('',(#2377),#2481,.F.);
#2593=ADVANCED_FACE('',(#2378),#2482,.T.);
#2594=ADVANCED_FACE('',(#2379),#2483,.T.);
#2595=ADVANCED_FACE('',(#2380),#2484,.F.);
#2596=ADVANCED_FACE('',(#2381),#2485,.T.);
#2597=ADVANCED_FACE('',(#2382),#2486,.F.);
#2598=ADVANCED_FACE('',(#2383),#2487,.T.);
#2599=ADVANCED_FACE('',(#2384),#2488,.T.);
#2600=ADVANCED_FACE('',(#2385),#2489,.F.);
#2601=ADVANCED_FACE('',(#2386),#2490,.F.);
#2602=ADVANCED_FACE('',(#2387),#2491,.T.);
#2603=ADVANCED_FACE('',(#2388),#2492,.T.);
#2604=ADVANCED_FACE('',(#2389),#2493,.T.);
#2605=ADVANCED_FACE('',(#2390),#2494,.T.);
#2606=ADVANCED_FACE('',(#2391),#2495,.T.);
#2607=ADVANCED_FACE('',(#2392),#2496,.T.);
#2608=ADVANCED_FACE('',(#2393),#2497,.F.);
#2609=ADVANCED_FACE('',(#2394),#2498,.F.);
#2610=ADVANCED_FACE('',(#2395),#2499,.F.);
#2611=ADVANCED_FACE('',(#2396),#2500,.F.);
#2612=ADVANCED_FACE('',(#2397),#28,.T.);
#2613=ADVANCED_FACE('',(#2398),#2501,.T.);
#2614=ADVANCED_FACE('',(#2399),#29,.T.);
#2615=ADVANCED_FACE('',(#2400),#30,.F.);
#2616=ADVANCED_FACE('',(#2401),#31,.T.);
#2617=ADVANCED_FACE('',(#2402),#2502,.T.);
#2618=ADVANCED_FACE('',(#2403),#32,.T.);
#2619=ADVANCED_FACE('',(#2404),#33,.F.);
#2620=ADVANCED_FACE('',(#2405),#34,.T.);
#2621=ADVANCED_FACE('',(#2406),#2503,.T.);
#2622=ADVANCED_FACE('',(#2407),#35,.T.);
#2623=ADVANCED_FACE('',(#2408),#36,.T.);
#2624=ADVANCED_FACE('',(#2409),#37,.F.);
#2625=ADVANCED_FACE('',(#2410),#2504,.T.);
#2626=ADVANCED_FACE('',(#2411),#38,.F.);
#2627=ADVANCED_FACE('',(#2412),#2505,.T.);
#2628=ADVANCED_FACE('',(#2413),#39,.T.);
#2629=ADVANCED_FACE('',(#2414),#40,.F.);
#2630=ADVANCED_FACE('',(#2415),#41,.T.);
#2631=ADVANCED_FACE('',(#2416),#2506,.T.);
#2632=ADVANCED_FACE('',(#2417),#42,.F.);
#2633=ADVANCED_FACE('',(#2418),#2507,.T.);
#2634=ADVANCED_FACE('',(#2419),#43,.F.);
#2635=ADVANCED_FACE('',(#2420),#2508,.T.);
#2636=ADVANCED_FACE('',(#2421),#44,.T.);
#2637=ADVANCED_FACE('',(#2422),#45,.F.);
#2638=ADVANCED_FACE('',(#2423),#46,.T.);
#2639=ADVANCED_FACE('',(#2424),#2509,.T.);
#2640=ADVANCED_FACE('',(#2425),#47,.F.);
#2641=ADVANCED_FACE('',(#2426),#12,.F.);
#2642=ADVANCED_FACE('',(#2427),#2510,.T.);
#2643=ADVANCED_FACE('',(#2428),#48,.F.);
#2644=ADVANCED_FACE('',(#2429),#2511,.T.);
#2645=ADVANCED_FACE('',(#2430),#49,.T.);
#2646=ADVANCED_FACE('',(#2431),#50,.F.);
#2647=ADVANCED_FACE('',(#2432),#51,.T.);
#2648=ADVANCED_FACE('',(#2433),#2512,.T.);
#2649=ADVANCED_FACE('',(#2434),#52,.F.);
#2650=ADVANCED_FACE('',(#2435,#2436),#2513,.T.);
#2651=ADVANCED_FACE('',(#2437),#2514,.F.);
#2652=CLOSED_SHELL('',(#2515,#2516,#2517,#2518,#2519,#2520,#2521,#2522,
#2523,#2524,#2525,#2526,#2527,#2528,#2529,#2530,#2531,#2532,#2533,#2534,
#2535,#2536,#2537,#2538,#2539,#2540,#2541,#2542,#2543,#2544,#2545,#2546,
#2547,#2548,#2549,#2550,#2551,#2552,#2553,#2554,#2555,#2556,#2557,#2558,
#2559,#2560,#2561,#2562,#2563,#2564,#2565,#2566,#2567,#2568,#2569,#2570,
#2571,#2572,#2573,#2574,#2575,#2576,#2577,#2578,#2579,#2580,#2581,#2582,
#2583,#2584,#2585,#2586,#2587,#2588,#2589,#2590,#2591,#2592,#2593,#2594,
#2595,#2596,#2597,#2598,#2599,#2600,#2601,#2602,#2603,#2604,#2605,#2606,
#2607,#2608,#2609,#2610,#2611,#2612,#2613,#2614,#2615,#2616,#2617,#2618,
#2619,#2620,#2621,#2622,#2623,#2624,#2625,#2626,#2627,#2628,#2629,#2630,
#2631,#2632,#2633,#2634,#2635,#2636,#2637,#2638,#2639,#2640,#2641,#2642,
#2643,#2644,#2645,#2646,#2647,#2648,#2649,#2650,#2651));
#2653=STYLED_ITEM('',(#2654),#2661);
#2654=PRESENTATION_STYLE_ASSIGNMENT((#2655));
#2655=SURFACE_STYLE_USAGE(.BOTH.,#2656);
#2656=SURFACE_SIDE_STYLE('',(#2657));
#2657=SURFACE_STYLE_FILL_AREA(#2658);
#2658=FILL_AREA_STYLE('',(#2659));
#2659=FILL_AREA_STYLE_COLOUR('',#2660);
#2660=COLOUR_RGB('',0.768627450980392,0.886274509803922,0.952941176470588);
#2661=MANIFOLD_SOLID_BREP('Jackpot3 Lid',#2652);
#2662=SHAPE_DEFINITION_REPRESENTATION(#4499,#2663);
#2663=SHAPE_REPRESENTATION('Jackpot3 Lid',(#2664),#4494);
#2664=AXIS2_PLACEMENT_3D('',#3683,#2918,#2919);
#2665=AXIS2_PLACEMENT_3D('',#3684,#2920,#2921);
#2666=AXIS2_PLACEMENT_3D('',#3693,#2926,#2927);
#2667=AXIS2_PLACEMENT_3D('',#3695,#2928,#2929);
#2668=AXIS2_PLACEMENT_3D('',#3698,#2930,#2931);
#2669=AXIS2_PLACEMENT_3D('',#3700,#2932,#2933);
#2670=AXIS2_PLACEMENT_3D('',#3702,#2934,#2935);
#2671=AXIS2_PLACEMENT_3D('',#3706,#2937,#2938);
#2672=AXIS2_PLACEMENT_3D('',#3708,#2939,#2940);
#2673=AXIS2_PLACEMENT_3D('',#3710,#2941,#2942);
#2674=AXIS2_PLACEMENT_3D('',#3714,#2944,#2945);
#2675=AXIS2_PLACEMENT_3D('',#3716,#2946,#2947);
#2676=AXIS2_PLACEMENT_3D('',#3718,#2948,#2949);
#2677=AXIS2_PLACEMENT_3D('',#3721,#2951,#2952);
#2678=AXIS2_PLACEMENT_3D('',#3727,#2955,#2956);
#2679=AXIS2_PLACEMENT_3D('',#3731,#2958,#2959);
#2680=AXIS2_PLACEMENT_3D('',#3735,#2961,#2962);
#2681=AXIS2_PLACEMENT_3D('',#3743,#2966,#2967);
#2682=AXIS2_PLACEMENT_3D('',#3747,#2969,#2970);
#2683=AXIS2_PLACEMENT_3D('',#3751,#2972,#2973);
#2684=AXIS2_PLACEMENT_3D('',#3757,#2976,#2977);
#2685=AXIS2_PLACEMENT_3D('',#3761,#2979,#2980);
#2686=AXIS2_PLACEMENT_3D('',#3765,#2982,#2983);
#2687=AXIS2_PLACEMENT_3D('',#3769,#2985,#2986);
#2688=AXIS2_PLACEMENT_3D('',#3770,#2987,#2988);
#2689=AXIS2_PLACEMENT_3D('',#3774,#2990,#2991);
#2690=AXIS2_PLACEMENT_3D('',#3787,#2998,#2999);
#2691=AXIS2_PLACEMENT_3D('',#3797,#3004,#3005);
#2692=AXIS2_PLACEMENT_3D('',#3801,#3007,#3008);
#2693=AXIS2_PLACEMENT_3D('',#3805,#3010,#3011);
#2694=AXIS2_PLACEMENT_3D('',#3813,#3015,#3016);
#2695=AXIS2_PLACEMENT_3D('',#3817,#3018,#3019);
#2696=AXIS2_PLACEMENT_3D('',#3821,#3021,#3022);
#2697=AXIS2_PLACEMENT_3D('',#3829,#3026,#3027);
#2698=AXIS2_PLACEMENT_3D('',#3833,#3029,#3030);
#2699=AXIS2_PLACEMENT_3D('',#3837,#3032,#3033);
#2700=AXIS2_PLACEMENT_3D('',#3858,#3044,#3045);
#2701=AXIS2_PLACEMENT_3D('',#3880,#3057,#3058);
#2702=AXIS2_PLACEMENT_3D('',#3889,#3063,#3064);
#2703=AXIS2_PLACEMENT_3D('',#3890,#3065,#3066);
#2704=AXIS2_PLACEMENT_3D('',#3903,#3073,#3074);
#2705=AXIS2_PLACEMENT_3D('',#3904,#3075,#3076);
#2706=AXIS2_PLACEMENT_3D('',#3905,#3077,#3078);
#2707=AXIS2_PLACEMENT_3D('',#3906,#3079,#3080);
#2708=AXIS2_PLACEMENT_3D('',#3913,#3085,#3086);
#2709=AXIS2_PLACEMENT_3D('',#3917,#3088,#3089);
#2710=AXIS2_PLACEMENT_3D('',#3919,#3091,#3092);
#2711=AXIS2_PLACEMENT_3D('',#3920,#3093,#3094);
#2712=AXIS2_PLACEMENT_3D('',#3921,#3095,#3096);
#2713=AXIS2_PLACEMENT_3D('',#3932,#3102,#3103);
#2714=AXIS2_PLACEMENT_3D('',#3935,#3104,#3105);
#2715=AXIS2_PLACEMENT_3D('',#3936,#3106,#3107);
#2716=AXIS2_PLACEMENT_3D('',#3938,#3108,#3109);
#2717=AXIS2_PLACEMENT_3D('',#3940,#3110,#3111);
#2718=AXIS2_PLACEMENT_3D('',#3942,#3112,#3113);
#2719=AXIS2_PLACEMENT_3D('',#3943,#3114,#3115);
#2720=AXIS2_PLACEMENT_3D('',#3951,#3119,#3120);
#2721=AXIS2_PLACEMENT_3D('',#3953,#3121,#3122);
#2722=AXIS2_PLACEMENT_3D('',#3954,#3123,#3124);
#2723=AXIS2_PLACEMENT_3D('',#3955,#3125,#3126);
#2724=AXIS2_PLACEMENT_3D('',#3957,#3127,#3128);
#2725=AXIS2_PLACEMENT_3D('',#3959,#3129,#3130);
#2726=AXIS2_PLACEMENT_3D('',#3960,#3131,#3132);
#2727=AXIS2_PLACEMENT_3D('',#3961,#3133,#3134);
#2728=AXIS2_PLACEMENT_3D('',#3963,#3135,#3136);
#2729=AXIS2_PLACEMENT_3D('',#3965,#3137,#3138);
#2730=AXIS2_PLACEMENT_3D('',#3967,#3139,#3140);
#2731=AXIS2_PLACEMENT_3D('',#3969,#3141,#3142);
#2732=AXIS2_PLACEMENT_3D('',#3971,#3143,#3144);
#2733=AXIS2_PLACEMENT_3D('',#3973,#3145,#3146);
#2734=AXIS2_PLACEMENT_3D('',#3985,#3152,#3153);
#2735=AXIS2_PLACEMENT_3D('',#3988,#3155,#3156);
#2736=AXIS2_PLACEMENT_3D('',#3994,#3160,#3161);
#2737=AXIS2_PLACEMENT_3D('',#4000,#3165,#3166);
#2738=AXIS2_PLACEMENT_3D('',#4006,#3170,#3171);
#2739=AXIS2_PLACEMENT_3D('',#4007,#3172,#3173);
#2740=AXIS2_PLACEMENT_3D('',#4008,#3174,#3175);
#2741=AXIS2_PLACEMENT_3D('',#4009,#3176,#3177);
#2742=AXIS2_PLACEMENT_3D('',#4010,#3178,#3179);
#2743=AXIS2_PLACEMENT_3D('',#4019,#3185,#3186);
#2744=AXIS2_PLACEMENT_3D('',#4025,#3190,#3191);
#2745=AXIS2_PLACEMENT_3D('',#4026,#3192,#3193);
#2746=AXIS2_PLACEMENT_3D('',#4027,#3194,#3195);
#2747=AXIS2_PLACEMENT_3D('',#4030,#3197,#3198);
#2748=AXIS2_PLACEMENT_3D('',#4031,#3199,#3200);
#2749=AXIS2_PLACEMENT_3D('',#4035,#3203,#3204);
#2750=AXIS2_PLACEMENT_3D('',#4041,#3208,#3209);
#2751=AXIS2_PLACEMENT_3D('',#4048,#3214,#3215);
#2752=AXIS2_PLACEMENT_3D('',#4063,#3224,#3225);
#2753=AXIS2_PLACEMENT_3D('',#4066,#3228,#3229);
#2754=AXIS2_PLACEMENT_3D('',#4069,#3232,#3233);
#2755=AXIS2_PLACEMENT_3D('',#4071,#3235,#3236);
#2756=AXIS2_PLACEMENT_3D('',#4073,#3238,#3239);
#2757=AXIS2_PLACEMENT_3D('',#4075,#3241,#3242);
#2758=AXIS2_PLACEMENT_3D('',#4076,#3243,#3244);
#2759=AXIS2_PLACEMENT_3D('',#4077,#3245,#3246);
#2760=AXIS2_PLACEMENT_3D('',#4078,#3247,#3248);
#2761=AXIS2_PLACEMENT_3D('',#4083,#3251,#3252);
#2762=AXIS2_PLACEMENT_3D('',#4085,#3254,#3255);
#2763=AXIS2_PLACEMENT_3D('',#4086,#3256,#3257);
#2764=AXIS2_PLACEMENT_3D('',#4087,#3258,#3259);
#2765=AXIS2_PLACEMENT_3D('',#4090,#3262,#3263);
#2766=AXIS2_PLACEMENT_3D('',#4091,#3264,#3265);
#2767=AXIS2_PLACEMENT_3D('',#4092,#3266,#3267);
#2768=AXIS2_PLACEMENT_3D('',#4094,#3269,#3270);
#2769=AXIS2_PLACEMENT_3D('',#4095,#3271,#3272);
#2770=AXIS2_PLACEMENT_3D('',#4097,#3274,#3275);
#2771=AXIS2_PLACEMENT_3D('',#4098,#3276,#3277);
#2772=AXIS2_PLACEMENT_3D('',#4099,#3278,#3279);
#2773=AXIS2_PLACEMENT_3D('',#4100,#3280,#3281);
#2774=AXIS2_PLACEMENT_3D('',#4101,#3282,#3283);
#2775=AXIS2_PLACEMENT_3D('',#4102,#3284,#3285);
#2776=AXIS2_PLACEMENT_3D('',#4103,#3286,#3287);
#2777=AXIS2_PLACEMENT_3D('',#4104,#3288,#3289);
#2778=AXIS2_PLACEMENT_3D('',#4105,#3290,#3291);
#2779=AXIS2_PLACEMENT_3D('',#4106,#3292,#3293);
#2780=AXIS2_PLACEMENT_3D('',#4109,#3296,#3297);
#2781=AXIS2_PLACEMENT_3D('',#4111,#3299,#3300);
#2782=AXIS2_PLACEMENT_3D('',#4113,#3302,#3303);
#2783=AXIS2_PLACEMENT_3D('',#4114,#3304,#3305);
#2784=AXIS2_PLACEMENT_3D('',#4115,#3306,#3307);
#2785=AXIS2_PLACEMENT_3D('',#4117,#3308,#3309);
#2786=AXIS2_PLACEMENT_3D('',#4118,#3310,#3311);
#2787=AXIS2_PLACEMENT_3D('',#4120,#3312,#3313);
#2788=AXIS2_PLACEMENT_3D('',#4121,#3314,#3315);
#2789=AXIS2_PLACEMENT_3D('',#4123,#3316,#3317);
#2790=AXIS2_PLACEMENT_3D('',#4124,#3318,#3319);
#2791=AXIS2_PLACEMENT_3D('',#4126,#3320,#3321);
#2792=AXIS2_PLACEMENT_3D('',#4127,#3322,#3323);
#2793=AXIS2_PLACEMENT_3D('',#4129,#3324,#3325);
#2794=AXIS2_PLACEMENT_3D('',#4130,#3326,#3327);
#2795=AXIS2_PLACEMENT_3D('',#4132,#3328,#3329);
#2796=AXIS2_PLACEMENT_3D('',#4142,#3330,#3331);
#2797=AXIS2_PLACEMENT_3D('',#4143,#3332,#3333);
#2798=AXIS2_PLACEMENT_3D('',#4144,#3334,#3335);
#2799=AXIS2_PLACEMENT_3D('',#4154,#3336,#3337);
#2800=AXIS2_PLACEMENT_3D('',#4155,#3338,#3339);
#2801=AXIS2_PLACEMENT_3D('',#4156,#3340,#3341);
#2802=AXIS2_PLACEMENT_3D('',#4162,#3345,#3346);
#2803=AXIS2_PLACEMENT_3D('',#4168,#3350,#3351);
#2804=AXIS2_PLACEMENT_3D('',#4169,#3352,#3353);
#2805=AXIS2_PLACEMENT_3D('',#4170,#3354,#3355);
#2806=AXIS2_PLACEMENT_3D('',#4171,#3356,#3357);
#2807=AXIS2_PLACEMENT_3D('',#4173,#3359,#3360);
#2808=AXIS2_PLACEMENT_3D('',#4175,#3362,#3363);
#2809=AXIS2_PLACEMENT_3D('',#4176,#3364,#3365);
#2810=AXIS2_PLACEMENT_3D('',#4178,#3367,#3368);
#2811=AXIS2_PLACEMENT_3D('',#4180,#3370,#3371);
#2812=AXIS2_PLACEMENT_3D('',#4181,#3372,#3373);
#2813=AXIS2_PLACEMENT_3D('',#4182,#3374,#3375);
#2814=AXIS2_PLACEMENT_3D('',#4183,#3376,#3377);
#2815=AXIS2_PLACEMENT_3D('',#4190,#3382,#3383);
#2816=AXIS2_PLACEMENT_3D('',#4196,#3387,#3388);
#2817=AXIS2_PLACEMENT_3D('',#4200,#3391,#3392);
#2818=AXIS2_PLACEMENT_3D('',#4204,#3395,#3396);
#2819=AXIS2_PLACEMENT_3D('',#4212,#3401,#3402);
#2820=AXIS2_PLACEMENT_3D('',#4214,#3404,#3405);
#2821=AXIS2_PLACEMENT_3D('',#4220,#3409,#3410);
#2822=AXIS2_PLACEMENT_3D('',#4223,#3413,#3414);
#2823=AXIS2_PLACEMENT_3D('',#4224,#3415,#3416);
#2824=AXIS2_PLACEMENT_3D('',#4226,#3418,#3419);
#2825=AXIS2_PLACEMENT_3D('',#4230,#3422,#3423);
#2826=AXIS2_PLACEMENT_3D('',#4232,#3425,#3426);
#2827=AXIS2_PLACEMENT_3D('',#4233,#3427,#3428);
#2828=AXIS2_PLACEMENT_3D('',#4237,#3431,#3432);
#2829=AXIS2_PLACEMENT_3D('',#4241,#3435,#3436);
#2830=AXIS2_PLACEMENT_3D('',#4245,#3439,#3440);
#2831=AXIS2_PLACEMENT_3D('',#4249,#3443,#3444);
#2832=AXIS2_PLACEMENT_3D('',#4251,#3446,#3447);
#2833=AXIS2_PLACEMENT_3D('',#4254,#3450,#3451);
#2834=AXIS2_PLACEMENT_3D('',#4256,#3453,#3454);
#2835=AXIS2_PLACEMENT_3D('',#4258,#3456,#3457);
#2836=AXIS2_PLACEMENT_3D('',#4260,#3459,#3460);
#2837=AXIS2_PLACEMENT_3D('',#4262,#3462,#3463);
#2838=AXIS2_PLACEMENT_3D('',#4263,#3464,#3465);
#2839=AXIS2_PLACEMENT_3D('',#4264,#3466,#3467);
#2840=AXIS2_PLACEMENT_3D('',#4267,#3469,#3470);
#2841=AXIS2_PLACEMENT_3D('',#4270,#3472,#3473);
#2842=AXIS2_PLACEMENT_3D('',#4274,#3476,#3477);
#2843=AXIS2_PLACEMENT_3D('',#4277,#3479,#3480);
#2844=AXIS2_PLACEMENT_3D('',#4278,#3481,#3482);
#2845=AXIS2_PLACEMENT_3D('',#4281,#3484,#3485);
#2846=AXIS2_PLACEMENT_3D('',#4282,#3486,#3487);
#2847=AXIS2_PLACEMENT_3D('',#4285,#3489,#3490);
#2848=AXIS2_PLACEMENT_3D('',#4286,#3491,#3492);
#2849=AXIS2_PLACEMENT_3D('',#4290,#3495,#3496);
#2850=AXIS2_PLACEMENT_3D('',#4293,#3498,#3499);
#2851=AXIS2_PLACEMENT_3D('',#4294,#3500,#3501);
#2852=AXIS2_PLACEMENT_3D('',#4297,#3503,#3504);
#2853=AXIS2_PLACEMENT_3D('',#4298,#3505,#3506);
#2854=AXIS2_PLACEMENT_3D('',#4301,#3508,#3509);
#2855=AXIS2_PLACEMENT_3D('',#4302,#3510,#3511);
#2856=AXIS2_PLACEMENT_3D('',#4306,#3514,#3515);
#2857=AXIS2_PLACEMENT_3D('',#4309,#3517,#3518);
#2858=AXIS2_PLACEMENT_3D('',#4310,#3519,#3520);
#2859=AXIS2_PLACEMENT_3D('',#4313,#3522,#3523);
#2860=AXIS2_PLACEMENT_3D('',#4314,#3524,#3525);
#2861=AXIS2_PLACEMENT_3D('',#4315,#3526,#3527);
#2862=AXIS2_PLACEMENT_3D('',#4320,#3529,#3530);
#2863=AXIS2_PLACEMENT_3D('',#4323,#3532,#3533);
#2864=AXIS2_PLACEMENT_3D('',#4329,#3537,#3538);
#2865=AXIS2_PLACEMENT_3D('',#4330,#3539,#3540);
#2866=AXIS2_PLACEMENT_3D('',#4334,#3542,#3543);
#2867=AXIS2_PLACEMENT_3D('',#4335,#3544,#3545);
#2868=AXIS2_PLACEMENT_3D('',#4341,#3549,#3550);
#2869=AXIS2_PLACEMENT_3D('',#4342,#3551,#3552);
#2870=AXIS2_PLACEMENT_3D('',#4346,#3554,#3555);
#2871=AXIS2_PLACEMENT_3D('',#4347,#3556,#3557);
#2872=AXIS2_PLACEMENT_3D('',#4348,#3558,#3559);
#2873=AXIS2_PLACEMENT_3D('',#4352,#3561,#3562);
#2874=AXIS2_PLACEMENT_3D('',#4353,#3563,#3564);
#2875=AXIS2_PLACEMENT_3D('',#4354,#3565,#3566);
#2876=AXIS2_PLACEMENT_3D('',#4358,#3568,#3569);
#2877=AXIS2_PLACEMENT_3D('',#4359,#3570,#3571);
#2878=AXIS2_PLACEMENT_3D('',#4365,#3575,#3576);
#2879=AXIS2_PLACEMENT_3D('',#4366,#3577,#3578);
#2880=AXIS2_PLACEMENT_3D('',#4370,#3580,#3581);
#2881=AXIS2_PLACEMENT_3D('',#4371,#3582,#3583);
#2882=AXIS2_PLACEMENT_3D('',#4377,#3587,#3588);
#2883=AXIS2_PLACEMENT_3D('',#4378,#3589,#3590);
#2884=AXIS2_PLACEMENT_3D('',#4382,#3592,#3593);
#2885=AXIS2_PLACEMENT_3D('',#4383,#3594,#3595);
#2886=AXIS2_PLACEMENT_3D('',#4389,#3599,#3600);
#2887=AXIS2_PLACEMENT_3D('',#4390,#3601,#3602);
#2888=AXIS2_PLACEMENT_3D('',#4394,#3604,#3605);
#2889=AXIS2_PLACEMENT_3D('',#4395,#3606,#3607);
#2890=AXIS2_PLACEMENT_3D('',#4396,#3608,#3609);
#2891=AXIS2_PLACEMENT_3D('',#4400,#3611,#3612);
#2892=AXIS2_PLACEMENT_3D('',#4401,#3613,#3614);
#2893=AXIS2_PLACEMENT_3D('',#4402,#3615,#3616);
#2894=AXIS2_PLACEMENT_3D('',#4406,#3618,#3619);
#2895=AXIS2_PLACEMENT_3D('',#4407,#3620,#3621);
#2896=AXIS2_PLACEMENT_3D('',#4413,#3625,#3626);
#2897=AXIS2_PLACEMENT_3D('',#4414,#3627,#3628);
#2898=AXIS2_PLACEMENT_3D('',#4418,#3630,#3631);
#2899=AXIS2_PLACEMENT_3D('',#4450,#3633,#3634);
#2900=AXIS2_PLACEMENT_3D('',#4456,#3638,#3639);
#2901=AXIS2_PLACEMENT_3D('',#4457,#3640,#3641);
#2902=AXIS2_PLACEMENT_3D('',#4461,#3643,#3644);
#2903=AXIS2_PLACEMENT_3D('',#4462,#3645,#3646);
#2904=AXIS2_PLACEMENT_3D('',#4468,#3650,#3651);
#2905=AXIS2_PLACEMENT_3D('',#4469,#3652,#3653);
#2906=AXIS2_PLACEMENT_3D('',#4473,#3655,#3656);
#2907=AXIS2_PLACEMENT_3D('',#4474,#3657,#3658);
#2908=AXIS2_PLACEMENT_3D('',#4475,#3659,#3660);
#2909=AXIS2_PLACEMENT_3D('',#4479,#3662,#3663);
#2910=AXIS2_PLACEMENT_3D('',#4480,#3664,#3665);
#2911=AXIS2_PLACEMENT_3D('',#4481,#3666,#3667);
#2912=AXIS2_PLACEMENT_3D('',#4485,#3669,#3670);
#2913=AXIS2_PLACEMENT_3D('',#4486,#3671,#3672);
#2914=AXIS2_PLACEMENT_3D('',#4489,#3675,#3676);
#2915=AXIS2_PLACEMENT_3D('',#4490,#3677,#3678);
#2916=AXIS2_PLACEMENT_3D('',#4491,#3679,#3680);
#2917=AXIS2_PLACEMENT_3D('',#4492,#3681,#3682);
#2918=DIRECTION('',(0.,0.,1.));
#2919=DIRECTION('',(1.,0.,0.));
#2920=DIRECTION('',(0.17364817766693,0.,-0.984807753012208));
#2921=DIRECTION('',(-0.984807753012208,0.,-0.17364817766693));
#2922=DIRECTION('',(0.984807753012208,0.,0.17364817766693));
#2923=DIRECTION('',(0.,-1.,0.));
#2924=DIRECTION('',(0.984807753012208,0.,0.17364817766693));
#2925=DIRECTION('',(0.,-1.,0.));
#2926=DIRECTION('',(-0.17364817766693,0.,0.984807753012208));
#2927=DIRECTION('',(0.984807753012208,0.,0.17364817766693));
#2928=DIRECTION('',(0.17364817766693,0.,-0.984807753012208));
#2929=DIRECTION('',(-0.984807753012208,0.,-0.17364817766693));
#2930=DIRECTION('',(0.17364817766693,0.,-0.984807753012208));
#2931=DIRECTION('',(-0.984807753012208,0.,-0.17364817766693));
#2932=DIRECTION('',(0.17364817766693,0.,-0.984807753012208));
#2933=DIRECTION('',(-0.984807753012208,0.,-0.17364817766693));
#2934=DIRECTION('',(0.17364817766693,0.,-0.984807753012208));
#2935=DIRECTION('',(-0.984807753012208,0.,-0.17364817766693));
#2936=DIRECTION('',(0.984807752857655,-1.77164840384849E-5,0.173648177639679));
#2937=DIRECTION('',(0.17364817766693,0.,-0.984807753012208));
#2938=DIRECTION('',(-0.984807753012208,0.,-0.17364817766693));
#2939=DIRECTION('',(0.17364817766693,0.,-0.984807753012208));
#2940=DIRECTION('',(-0.984807753012208,0.,-0.17364817766693));
#2941=DIRECTION('',(0.17364817766693,0.,-0.984807753012208));
#2942=DIRECTION('',(-0.984807753012208,0.,-0.17364817766693));
#2943=DIRECTION('',(-0.492387423986363,-0.86603504897162,-0.0868211878103344));
#2944=DIRECTION('',(0.17364817766693,0.,-0.984807753012208));
#2945=DIRECTION('',(-0.984807753012208,0.,-0.17364817766693));
#2946=DIRECTION('',(0.17364817766693,0.,-0.984807753012208));
#2947=DIRECTION('',(-0.984807753012208,0.,-0.17364817766693));
#2948=DIRECTION('',(0.17364817766693,0.,-0.984807753012208));
#2949=DIRECTION('',(-0.984807753012208,0.,-0.17364817766693));
#2950=DIRECTION('',(-0.492403876506104,0.866025403784439,-0.0868240888334653));
#2951=DIRECTION('',(0.,-1.,0.));
#2952=DIRECTION('',(1.,0.,0.));
#2953=DIRECTION('',(0.984807753012214,0.,0.1736481776669));
#2954=DIRECTION('',(0.173648177666929,0.,-0.984807753012208));
#2955=DIRECTION('',(0.,-1.,0.));
#2956=DIRECTION('',(0.,0.,-1.));
#2957=DIRECTION('',(-0.766044443118978,0.,0.64278760968654));
#2958=DIRECTION('',(0.,-1.,0.));
#2959=DIRECTION('',(0.,0.,-1.));
#2960=DIRECTION('',(1.,0.,0.));
#2961=DIRECTION('',(0.,-1.,0.));
#2962=DIRECTION('',(0.,0.,-1.));
#2963=DIRECTION('',(0.5,0.,0.86602540378444));
#2964=DIRECTION('',(1.,0.,0.));
#2965=DIRECTION('',(0.,0.,1.));
#2966=DIRECTION('',(0.,-1.,0.));
#2967=DIRECTION('',(0.,0.,-1.));
#2968=DIRECTION('',(0.,0.,-1.));
#2969=DIRECTION('',(0.,-1.,0.));
#2970=DIRECTION('',(0.,0.,-1.));
#2971=DIRECTION('',(0.64278760968654,0.,0.766044443118978));
#2972=DIRECTION('',(0.,-1.,0.));
#2973=DIRECTION('',(0.,0.,-1.));
#2974=DIRECTION('',(-0.121869343405148,0.,0.992546151641322));
#2975=DIRECTION('',(-0.992546151641317,0.,-0.121869343405193));
#2976=DIRECTION('',(0.,-1.,0.));
#2977=DIRECTION('',(0.,0.,-1.));
#2978=DIRECTION('',(-0.121869343405147,0.,0.992546151641322));
#2979=DIRECTION('',(0.,-1.,0.));
#2980=DIRECTION('',(0.,0.,-1.));
#2981=DIRECTION('',(0.992546151641322,0.,0.121869343405151));
#2982=DIRECTION('',(0.,1.,0.));
#2983=DIRECTION('',(0.,0.,1.));
#2984=DIRECTION('',(-0.945518575599317,0.,-0.325568154457156));
#2985=DIRECTION('',(0.,1.,0.));
#2986=DIRECTION('',(0.,0.,1.));
#2987=DIRECTION('',(0.,-1.,0.));
#2988=DIRECTION('',(0.,0.,-1.));
#2989=DIRECTION('',(-0.173648177666932,0.,0.984807753012208));
#2990=DIRECTION('',(0.,-1.,0.));
#2991=DIRECTION('',(0.,0.,-1.));
#2992=DIRECTION('',(-0.984807753012208,0.,-0.17364817766693));
#2993=DIRECTION('',(-0.173648177666934,0.,0.984807753012208));
#2994=DIRECTION('',(-0.707106781186548,0.,-0.707106781186548));
#2995=DIRECTION('',(-1.,0.,0.));
#2996=DIRECTION('',(-0.707106781186548,0.,0.707106781186548));
#2997=DIRECTION('',(-0.46474484986466,0.,-0.88544464791667));
#2998=DIRECTION('',(0.,-1.,0.));
#2999=DIRECTION('',(1.,0.,0.));
#3000=DIRECTION('',(-0.17364817766693,0.,0.984807753012208));
#3001=DIRECTION('',(-0.984807753012208,0.,-0.17364817766693));
#3002=DIRECTION('',(-0.17364817766693,0.,0.984807753012208));
#3003=DIRECTION('',(-0.984807753012208,0.,-0.17364817766693));
#3004=DIRECTION('',(0.,-1.,0.));
#3005=DIRECTION('',(0.,0.,-1.));
#3006=DIRECTION('',(-0.945518575599317,0.,-0.325568154457156));
#3007=DIRECTION('',(0.,-1.,0.));
#3008=DIRECTION('',(0.,0.,-1.));
#3009=DIRECTION('',(-0.992546151641322,0.,-0.121869343405147));
#3010=DIRECTION('',(0.,-1.,0.));
#3011=DIRECTION('',(0.,0.,-1.));
#3012=DIRECTION('',(-0.121869343405146,0.,0.992546151641322));
#3013=DIRECTION('',(-0.992546151641317,0.,-0.121869343405193));
#3014=DIRECTION('',(-0.121869343405148,0.,0.992546151641322));
#3015=DIRECTION('',(0.,-1.,0.));
#3016=DIRECTION('',(0.,0.,-1.));
#3017=DIRECTION('',(0.64278760968654,0.,0.766044443118978));
#3018=DIRECTION('',(0.,-1.,0.));
#3019=DIRECTION('',(0.,0.,-1.));
#3020=DIRECTION('',(0.,0.,1.));
#3021=DIRECTION('',(0.,-1.,0.));
#3022=DIRECTION('',(0.,0.,-1.));
#3023=DIRECTION('',(0.,0.,-1.));
#3024=DIRECTION('',(1.,0.,0.));
#3025=DIRECTION('',(0.5,0.,0.86602540378444));
#3026=DIRECTION('',(0.,-1.,0.));
#3027=DIRECTION('',(0.,0.,-1.));
#3028=DIRECTION('',(1.,0.,0.));
#3029=DIRECTION('',(0.,-1.,0.));
#3030=DIRECTION('',(0.,0.,-1.));
#3031=DIRECTION('',(-0.766044443118978,0.,0.64278760968654));
#3032=DIRECTION('',(0.,-1.,0.));
#3033=DIRECTION('',(0.,0.,-1.));
#3034=DIRECTION('',(0.173648177666929,0.,-0.984807753012208));
#3035=DIRECTION('',(0.984807753012208,0.,0.17364817766693));
#3036=DIRECTION('',(-0.17364817766693,0.,0.984807753012208));
#3037=DIRECTION('',(-0.984807753012208,0.,-0.17364817766693));
#3038=DIRECTION('',(-0.173648177666934,0.,0.984807753012207));
#3039=DIRECTION('',(-0.984807753012208,0.,-0.17364817766693));
#3040=DIRECTION('',(-0.46474484986466,0.,-0.88544464791667));
#3041=DIRECTION('',(-0.707106781186548,0.,0.707106781186548));
#3042=DIRECTION('',(-1.,0.,0.));
#3043=DIRECTION('',(-0.707106781186548,0.,-0.707106781186548));
#3044=DIRECTION('',(0.984807753012208,0.,0.17364817766693));
#3045=DIRECTION('',(0.17364817766693,0.,-0.984807753012208));
#3046=DIRECTION('',(0.,1.,0.));
#3047=DIRECTION('',(-0.122787803968974,-0.707106781186541,0.696364240320025));
#3048=DIRECTION('',(0.17364817766693,0.,-0.984807753012208));
#3049=DIRECTION('',(0.,1.,0.));
#3050=DIRECTION('',(0.17364817766693,0.,-0.984807753012208));
#3051=DIRECTION('',(0.,1.,0.));
#3052=DIRECTION('',(-0.17364817766693,0.,0.984807753012208));
#3053=DIRECTION('',(-0.122787803968973,0.707106781186548,0.696364240320018));
#3054=DIRECTION('',(0.,1.,0.));
#3055=DIRECTION('',(-0.17364817766693,0.,0.984807753012208));
#3056=DIRECTION('',(0.,1.,0.));
#3057=DIRECTION('',(-0.984807753012208,0.,-0.173648177666931));
#3058=DIRECTION('',(-0.173648177666931,0.,0.984807753012208));
#3059=DIRECTION('',(-0.173648177666932,0.,0.984807753012208));
#3060=DIRECTION('',(0.,-1.,0.));
#3061=DIRECTION('',(-0.173648177666931,0.,0.984807753012208));
#3062=DIRECTION('',(0.,-1.,0.));
#3063=DIRECTION('',(0.17364817766693,0.,-0.984807753012208));
#3064=DIRECTION('',(-0.984807753012208,0.,-0.17364817766693));
#3065=DIRECTION('',(0.17364817766693,0.,-0.984807753012208));
#3066=DIRECTION('',(-0.984807753012208,0.,-0.17364817766693));
#3067=DIRECTION('',(-0.984807753012208,0.,-0.173648177666928));
#3068=DIRECTION('',(0.,-1.,0.));
#3069=DIRECTION('',(-0.984807753012208,0.,-0.173648177666929));
#3070=DIRECTION('',(0.,1.,0.));
#3071=DIRECTION('',(0.984807753012208,0.,0.17364817766693));
#3072=DIRECTION('',(0.,-1.,0.));
#3073=DIRECTION('',(0.,-1.,0.));
#3074=DIRECTION('',(0.,0.,-1.));
#3075=DIRECTION('',(0.,1.,0.));
#3076=DIRECTION('',(0.,0.,1.));
#3077=DIRECTION('',(0.,1.,0.));
#3078=DIRECTION('',(0.,0.,1.));
#3079=DIRECTION('',(0.,0.,1.));
#3080=DIRECTION('',(1.,0.,0.));
#3081=DIRECTION('',(-0.70710678118655,0.707106781186546,0.));
#3082=DIRECTION('',(0.,1.,0.));
#3083=DIRECTION('',(-0.70710678118655,-0.707106781186546,0.));
#3084=DIRECTION('',(0.,1.,0.));
#3085=DIRECTION('',(0.,1.,0.));
#3086=DIRECTION('',(0.,0.,1.));
#3087=DIRECTION('',(0.,1.,0.));
#3088=DIRECTION('',(0.707106781186546,-0.70710678118655,0.));
#3089=DIRECTION('',(0.70710678118655,0.707106781186546,0.));
#3090=DIRECTION('',(0.,1.,0.));
#3091=DIRECTION('',(-0.707106781186546,-0.70710678118655,0.));
#3092=DIRECTION('',(-0.70710678118655,0.707106781186546,0.));
#3093=DIRECTION('',(0.325568154457156,0.,-0.945518575599317));
#3094=DIRECTION('',(-0.945518575599317,0.,-0.325568154457156));
#3095=DIRECTION('',(0.325568154457156,0.,-0.945518575599317));
#3096=DIRECTION('',(-0.945518575599317,0.,-0.325568154457156));
#3097=DIRECTION('',(-0.945518575599318,0.,-0.325568154457153));
#3098=DIRECTION('',(0.,-1.,0.));
#3099=DIRECTION('',(0.,-1.,0.));
#3100=DIRECTION('',(0.945518575599317,0.,0.325568154457156));
#3101=DIRECTION('',(0.,1.,0.));
#3102=DIRECTION('',(0.325568154457156,0.,-0.945518575599317));
#3103=DIRECTION('',(-0.945518575599317,0.,-0.325568154457156));
#3104=DIRECTION('',(0.325568154457156,0.,-0.945518575599317));
#3105=DIRECTION('',(-0.945518575599317,0.,-0.325568154457156));
#3106=DIRECTION('',(0.325568154457156,0.,-0.945518575599317));
#3107=DIRECTION('',(-0.945518575599317,0.,-0.325568154457156));
#3108=DIRECTION('',(0.325568154457156,0.,-0.945518575599317));
#3109=DIRECTION('',(-0.945518575599317,0.,-0.325568154457156));
#3110=DIRECTION('',(0.325568154457156,0.,-0.945518575599317));
#3111=DIRECTION('',(-0.945518575599317,0.,-0.325568154457156));
#3112=DIRECTION('',(0.325568154457156,0.,-0.945518575599317));
#3113=DIRECTION('',(-0.945518575599317,0.,-0.325568154457156));
#3114=DIRECTION('',(0.325568154457156,0.,-0.945518575599317));
#3115=DIRECTION('',(-0.945518575599317,0.,-0.325568154457156));
#3116=DIRECTION('',(0.786838657722431,-0.554510335058826,0.270930277057608));
#3117=DIRECTION('',(-0.945518575599317,0.,-0.325568154457156));
#3118=DIRECTION('',(0.786838657722431,0.554510335058825,0.270930277057608));
#3119=DIRECTION('',(0.325568154457156,0.,-0.945518575599317));
#3120=DIRECTION('',(-0.945518575599317,0.,-0.325568154457156));
#3121=DIRECTION('',(0.325568154457156,0.,-0.945518575599317));
#3122=DIRECTION('',(-0.945518575599317,0.,-0.325568154457156));
#3123=DIRECTION('',(0.325568154457156,0.,-0.945518575599317));
#3124=DIRECTION('',(-0.945518575599317,0.,-0.325568154457156));
#3125=DIRECTION('',(0.325568154457156,0.,-0.945518575599317));
#3126=DIRECTION('',(-0.945518575599317,0.,-0.325568154457156));
#3127=DIRECTION('',(0.325568154457156,0.,-0.945518575599317));
#3128=DIRECTION('',(-0.945518575599317,0.,-0.325568154457156));
#3129=DIRECTION('',(0.325568154457156,0.,-0.945518575599317));
#3130=DIRECTION('',(-0.945518575599317,0.,-0.325568154457156));
#3131=DIRECTION('',(-0.325568154457156,0.,0.945518575599317));
#3132=DIRECTION('',(0.945518575599317,0.,0.325568154457156));
#3133=DIRECTION('',(-0.325568154457156,0.,0.945518575599317));
#3134=DIRECTION('',(0.945518575599317,0.,0.325568154457156));
#3135=DIRECTION('',(-0.325568154457156,0.,0.945518575599317));
#3136=DIRECTION('',(0.945518575599317,0.,0.325568154457156));
#3137=DIRECTION('',(-0.325568154457156,0.,0.945518575599317));
#3138=DIRECTION('',(0.945518575599317,0.,0.325568154457156));
#3139=DIRECTION('',(-0.325568154457156,0.,0.945518575599317));
#3140=DIRECTION('',(0.945518575599317,0.,0.325568154457156));
#3141=DIRECTION('',(-0.325568154457156,0.,0.945518575599317));
#3142=DIRECTION('',(0.945518575599317,0.,0.325568154457156));
#3143=DIRECTION('',(-0.325568154457156,0.,0.945518575599317));
#3144=DIRECTION('',(0.945518575599317,0.,0.325568154457156));
#3145=DIRECTION('',(-0.325568154457156,0.,0.945518575599317));
#3146=DIRECTION('',(0.945518575599317,0.,0.325568154457156));
#3147=DIRECTION('',(0.,-1.,0.));
#3148=DIRECTION('',(0.,-1.,0.));
#3149=DIRECTION('',(-0.945518575599317,0.,-0.325568154457156));
#3150=DIRECTION('',(-0.945518575599317,0.,-0.325568154457156));
#3151=DIRECTION('',(0.786838657722431,-0.554510335058826,0.270930277057607));
#3152=DIRECTION('',(-0.325568154457156,0.,0.945518575599317));
#3153=DIRECTION('',(0.945518575599317,0.,0.325568154457156));
#3154=DIRECTION('',(0.786838657722431,0.554510335058825,0.270930277057608));
#3155=DIRECTION('',(0.13302222155949,-0.642787609686535,-0.754406506735493));
#3156=DIRECTION('',(0.,0.76117099117012,-0.648551248708301));
#3157=DIRECTION('',(-0.35491350811026,0.67980024616558,-0.641800613176776));
#3158=DIRECTION('',(0.984807753012208,0.,0.17364817766693));
#3159=DIRECTION('',(0.111618897048949,0.766044443118982,-0.633022221559484));
#3160=DIRECTION('',(-0.992546151641322,0.,-0.121869343405146));
#3161=DIRECTION('',(-0.121869343405146,0.,0.992546151641322));
#3162=DIRECTION('',(0.,-1.,0.));
#3163=DIRECTION('',(-0.121869343405146,0.,0.992546151641322));
#3164=DIRECTION('',(0.,-1.,0.));
#3165=DIRECTION('',(0.121869343405147,0.,-0.992546151641322));
#3166=DIRECTION('',(-0.992546151641322,0.,-0.121869343405147));
#3167=DIRECTION('',(-0.992546151641322,0.,-0.121869343405147));
#3168=DIRECTION('',(0.,-1.,0.));
#3169=DIRECTION('',(0.,-1.,0.));
#3170=DIRECTION('',(0.,-1.,0.));
#3171=DIRECTION('',(0.,0.,-1.));
#3172=DIRECTION('',(0.,1.,0.));
#3173=DIRECTION('',(0.,0.,1.));
#3174=DIRECTION('',(0.,-1.,0.));
#3175=DIRECTION('',(0.,0.,-1.));
#3176=DIRECTION('',(0.,-1.,0.));
#3177=DIRECTION('',(0.173648177666915,0.,-0.984807753012211));
#3178=DIRECTION('',(-0.173648177666927,0.,0.984807753012209));
#3179=DIRECTION('',(0.984807753012209,0.,0.173648177666927));
#3180=DIRECTION('',(0.984807753012214,0.,0.1736481776669));
#3181=DIRECTION('',(0.,1.,0.));
#3182=DIRECTION('',(0.,-1.,0.));
#3183=DIRECTION('',(-0.984807753012209,0.,-0.173648177666927));
#3184=DIRECTION('',(0.,-1.,0.));
#3185=DIRECTION('',(0.984807753012208,0.,0.173648177666932));
#3186=DIRECTION('',(0.173648177666932,0.,-0.984807753012208));
#3187=DIRECTION('',(0.,-1.,0.));
#3188=DIRECTION('',(-0.173648177666932,0.,0.984807753012208));
#3189=DIRECTION('',(0.,-1.,0.));
#3190=DIRECTION('',(0.,-1.,0.));
#3191=DIRECTION('',(0.,0.,-1.));
#3192=DIRECTION('',(0.,1.,0.));
#3193=DIRECTION('',(0.,0.,1.));
#3194=DIRECTION('',(0.,-1.,0.));
#3195=DIRECTION('',(0.,0.,-1.));
#3196=DIRECTION('',(0.,-1.,0.));
#3197=DIRECTION('',(0.,1.,0.));
#3198=DIRECTION('',(0.,0.,1.));
#3199=DIRECTION('',(0.121869343405151,0.,-0.992546151641322));
#3200=DIRECTION('',(-0.992546151641322,0.,-0.121869343405151));
#3201=DIRECTION('',(0.,-1.,0.));
#3202=DIRECTION('',(0.992546151641322,0.,0.121869343405151));
#3203=DIRECTION('',(0.992546151641322,0.,0.121869343405147));
#3204=DIRECTION('',(0.121869343405147,0.,-0.992546151641322));
#3205=DIRECTION('',(-0.121869343405147,0.,0.992546151641322));
#3206=DIRECTION('',(0.,-1.,0.));
#3207=DIRECTION('',(0.,-1.,0.));
#3208=DIRECTION('',(0.12186934340515,0.,-0.992546151641322));
#3209=DIRECTION('',(-0.992546151641322,0.,-0.12186934340515));
#3210=DIRECTION('',(0.992546151641322,0.,0.12186934340515));
#3211=DIRECTION('',(0.,-1.,0.));
#3212=DIRECTION('',(0.,1.,0.));
#3213=DIRECTION('',(0.,-1.,0.));
#3214=DIRECTION('',(0.984807753012208,0.,0.173648177666929));
#3215=DIRECTION('',(0.173648177666929,0.,-0.984807753012208));
#3216=DIRECTION('',(0.17364817766693,0.,-0.984807753012208));
#3217=DIRECTION('',(0.,-1.,0.));
#3218=DIRECTION('',(0.122787803968972,-0.707106781186548,-0.696364240320018));
#3219=DIRECTION('',(0.17364817766693,0.,-0.984807753012208));
#3220=DIRECTION('',(0.,-1.,0.));
#3221=DIRECTION('',(0.111618897048949,0.766044443118978,-0.633022221559489));
#3222=DIRECTION('',(0.,-1.,0.));
#3223=DIRECTION('',(0.,1.,0.));
#3224=DIRECTION('',(-0.64278760968654,0.,-0.766044443118978));
#3225=DIRECTION('',(-0.766044443118978,0.,0.64278760968654));
#3226=DIRECTION('',(0.,1.,0.));
#3227=DIRECTION('',(0.,1.,0.));
#3228=DIRECTION('',(0.,0.,1.));
#3229=DIRECTION('',(1.,0.,0.));
#3230=DIRECTION('',(0.,1.,0.));
#3231=DIRECTION('',(0.,1.,0.));
#3232=DIRECTION('',(-0.86602540378444,0.,0.5));
#3233=DIRECTION('',(0.5,0.,0.86602540378444));
#3234=DIRECTION('',(0.,1.,0.));
#3235=DIRECTION('',(-0.766044443118978,0.,0.64278760968654));
#3236=DIRECTION('',(0.64278760968654,0.,0.766044443118978));
#3237=DIRECTION('',(0.,1.,0.));
#3238=DIRECTION('',(0.,1.,0.));
#3239=DIRECTION('',(0.,0.,1.));
#3240=DIRECTION('',(0.,1.,0.));
#3241=DIRECTION('',(-0.992546151641322,0.,-0.121869343405148));
#3242=DIRECTION('',(-0.121869343405148,0.,0.992546151641322));
#3243=DIRECTION('',(0.,1.,0.));
#3244=DIRECTION('',(-1.,0.,0.));
#3245=DIRECTION('',(0.,1.,0.));
#3246=DIRECTION('',(0.,0.,1.));
#3247=DIRECTION('',(0.,1.,0.));
#3248=DIRECTION('',(0.,0.,1.));
#3249=DIRECTION('',(-0.794344557175213,0.,0.607467467841788));
#3250=DIRECTION('',(0.945518575599317,0.,0.325568154457156));
#3251=DIRECTION('',(0.,-1.,0.));
#3252=DIRECTION('',(0.173648177666915,0.,-0.984807753012211));
#3253=DIRECTION('',(0.48393074209907,0.,0.87510630031525));
#3254=DIRECTION('',(0.,1.,0.));
#3255=DIRECTION('',(0.,0.,1.));
#3256=DIRECTION('',(0.,1.,0.));
#3257=DIRECTION('',(0.,0.,1.));
#3258=DIRECTION('',(0.249399675578407,-0.642787609686534,-0.724309250703632));
#3259=DIRECTION('',(0.,0.747943795067516,-0.663762065366802));
#3260=DIRECTION('',(0.563736657306538,0.704516286393319,-0.431112263123444));
#3261=DIRECTION('',(0.209271175793578,0.766044443118982,-0.6077676251237));
#3262=DIRECTION('',(0.,1.,0.));
#3263=DIRECTION('',(0.,0.,1.));
#3264=DIRECTION('',(0.,1.,0.));
#3265=DIRECTION('',(-1.,0.,0.));
#3266=DIRECTION('',(0.,1.,0.));
#3267=DIRECTION('',(0.,0.,1.));
#3268=DIRECTION('',(0.794344557175214,0.,-0.607467467841788));
#3269=DIRECTION('',(-0.607467467841788,0.,-0.794344557175214));
#3270=DIRECTION('',(-0.794344557175214,0.,0.607467467841788));
#3271=DIRECTION('',(0.,1.,0.));
#3272=DIRECTION('',(-1.,0.,0.));
#3273=DIRECTION('',(-0.48393074209907,0.,-0.87510630031525));
#3274=DIRECTION('',(-0.875106300315249,0.,0.48393074209907));
#3275=DIRECTION('',(0.48393074209907,0.,0.87510630031525));
#3276=DIRECTION('',(0.,-1.,0.));
#3277=DIRECTION('',(0.,0.,-1.));
#3278=DIRECTION('',(0.,-1.,0.));
#3279=DIRECTION('',(0.,0.,-1.));
#3280=DIRECTION('',(0.,1.,0.));
#3281=DIRECTION('',(0.,0.,1.));
#3282=DIRECTION('',(0.,-1.,0.));
#3283=DIRECTION('',(0.,0.,-1.));
#3284=DIRECTION('',(0.,-1.,0.));
#3285=DIRECTION('',(0.,0.,-1.));
#3286=DIRECTION('',(0.,1.,0.));
#3287=DIRECTION('',(0.,0.,1.));
#3288=DIRECTION('',(0.,1.,0.));
#3289=DIRECTION('',(0.,0.,1.));
#3290=DIRECTION('',(0.,-1.,0.));
#3291=DIRECTION('',(0.,0.,-1.));
#3292=DIRECTION('',(-0.524299822159921,-0.832176837164403,-0.180530906412521));
#3293=DIRECTION('',(0.846078488697326,-0.533058337298695,0.));
#3294=DIRECTION('',(-0.325568154457155,0.,0.945518575599317));
#3295=DIRECTION('',(-0.325568154457155,0.,0.945518575599317));
#3296=DIRECTION('',(0.,1.,0.));
#3297=DIRECTION('',(0.,0.,1.));
#3298=DIRECTION('',(-0.325568154457155,0.,0.945518575599317));
#3299=DIRECTION('',(-0.325568154457155,0.,0.945518575599317));
#3300=DIRECTION('',(0.945518575599317,0.,0.325568154457156));
#3301=DIRECTION('',(-0.325568154457155,0.,0.945518575599317));
#3302=DIRECTION('',(0.52429982215992,-0.832176837164403,0.180530906412521));
#3303=DIRECTION('',(0.846078488697326,0.533058337298694,0.));
#3304=DIRECTION('',(-0.325568154457156,0.,0.945518575599317));
#3305=DIRECTION('',(0.945518575599317,0.,0.325568154457156));
#3306=DIRECTION('',(-0.325568154457156,0.,0.945518575599317));
#3307=DIRECTION('',(0.945518575599317,0.,0.325568154457156));
#3308=DIRECTION('',(-0.325568154457156,0.,0.945518575599317));
#3309=DIRECTION('',(0.945518575599317,0.,0.325568154457156));
#3310=DIRECTION('',(-0.325568154457156,0.,0.945518575599317));
#3311=DIRECTION('',(0.945518575599317,0.,0.325568154457156));
#3312=DIRECTION('',(-0.325568154457156,0.,0.945518575599317));
#3313=DIRECTION('',(0.945518575599317,0.,0.325568154457156));
#3314=DIRECTION('',(-0.325568154457156,0.,0.945518575599317));
#3315=DIRECTION('',(0.945518575599317,0.,0.325568154457156));
#3316=DIRECTION('',(-0.325568154457156,0.,0.945518575599317));
#3317=DIRECTION('',(0.945518575599317,0.,0.325568154457156));
#3318=DIRECTION('',(-0.325568154457156,0.,0.945518575599317));
#3319=DIRECTION('',(0.945518575599317,0.,0.325568154457156));
#3320=DIRECTION('',(-0.325568154457156,0.,0.945518575599317));
#3321=DIRECTION('',(0.945518575599317,0.,0.325568154457156));
#3322=DIRECTION('',(-0.325568154457156,0.,0.945518575599317));
#3323=DIRECTION('',(0.945518575599317,0.,0.325568154457156));
#3324=DIRECTION('',(-0.325568154457156,0.,0.945518575599317));
#3325=DIRECTION('',(0.945518575599317,0.,0.325568154457156));
#3326=DIRECTION('',(-0.325568154457156,0.,0.945518575599317));
#3327=DIRECTION('',(0.945518575599317,0.,0.325568154457156));
#3328=DIRECTION('',(-0.325568154457156,0.,0.945518575599317));
#3329=DIRECTION('',(-0.945518575599317,0.,-0.325568154457156));
#3330=DIRECTION('',(-0.325568154457156,0.,0.945518575599317));
#3331=DIRECTION('',(-0.945518575599317,0.,-0.325568154457156));
#3332=DIRECTION('',(-0.325568154457156,0.,0.945518575599317));
#3333=DIRECTION('',(-0.945518575599317,0.,-0.325568154457156));
#3334=DIRECTION('',(-0.325568154457156,0.,0.945518575599317));
#3335=DIRECTION('',(-0.945518575599317,0.,-0.325568154457156));
#3336=DIRECTION('',(-0.325568154457156,0.,0.945518575599317));
#3337=DIRECTION('',(-0.945518575599317,0.,-0.325568154457156));
#3338=DIRECTION('',(-0.325568154457156,0.,0.945518575599317));
#3339=DIRECTION('',(-0.945518575599317,0.,-0.325568154457156));
#3340=DIRECTION('',(1.,0.,0.));
#3341=DIRECTION('',(0.,0.,-1.));
#3342=DIRECTION('',(0.,1.,0.));
#3343=DIRECTION('',(0.,0.,-1.));
#3344=DIRECTION('',(0.,0.,1.));
#3345=DIRECTION('',(-1.,0.,0.));
#3346=DIRECTION('',(0.,0.,1.));
#3347=DIRECTION('',(0.,0.,1.));
#3348=DIRECTION('',(0.,1.,0.));
#3349=DIRECTION('',(0.,0.,-1.));
#3350=DIRECTION('',(0.,1.,0.));
#3351=DIRECTION('',(0.,0.,1.));
#3352=DIRECTION('',(0.,-1.,0.));
#3353=DIRECTION('',(0.,0.,-1.));
#3354=DIRECTION('',(0.,-1.,0.));
#3355=DIRECTION('',(0.,0.,-1.));
#3356=DIRECTION('',(0.707106781186546,-0.70710678118655,0.));
#3357=DIRECTION('',(0.,0.,1.));
#3358=DIRECTION('',(-0.70710678118655,-0.707106781186546,0.));
#3359=DIRECTION('',(0.,1.,0.));
#3360=DIRECTION('',(0.,0.,1.));
#3361=DIRECTION('',(0.70710678118655,-0.707106781186546,0.));
#3362=DIRECTION('',(-0.707106781186546,-0.70710678118655,0.));
#3363=DIRECTION('',(0.,0.,-1.));
#3364=DIRECTION('',(0.707106781186546,-0.70710678118655,0.));
#3365=DIRECTION('',(0.,0.,-1.));
#3366=DIRECTION('',(0.70710678118655,0.707106781186546,0.));
#3367=DIRECTION('',(0.,-1.,0.));
#3368=DIRECTION('',(0.,0.,-1.));
#3369=DIRECTION('',(-0.70710678118655,0.707106781186546,0.));
#3370=DIRECTION('',(-0.707106781186546,-0.70710678118655,0.));
#3371=DIRECTION('',(0.,0.,1.));
#3372=DIRECTION('',(-0.17364817766693,0.,0.984807753012208));
#3373=DIRECTION('',(0.984807753012208,0.,0.17364817766693));
#3374=DIRECTION('',(-0.325568154457156,0.,0.945518575599317));
#3375=DIRECTION('',(0.945518575599317,0.,0.325568154457156));
#3376=DIRECTION('',(0.17364817766693,0.,-0.984807753012208));
#3377=DIRECTION('',(-0.984807753012208,0.,-0.17364817766693));
#3378=DIRECTION('',(0.53250150895371,0.841205080671408,0.0938943832965089));
#3379=DIRECTION('',(0.,-1.,0.));
#3380=DIRECTION('',(-0.984807753012208,0.,-0.17364817766693));
#3381=DIRECTION('',(0.,1.,0.));
#3382=DIRECTION('',(-0.696364240320018,0.707106781186549,-0.122787803968973));
#3383=DIRECTION('',(0.17364817766693,0.,-0.984807753012208));
#3384=DIRECTION('',(-0.69636424032002,-0.707106781186547,-0.122787803968973));
#3385=DIRECTION('',(0.17364817766693,0.,-0.984807753012208));
#3386=DIRECTION('',(-0.717098745999349,-0.678598344545846,0.158976964576003));
#3387=DIRECTION('',(-0.17364817766693,0.,0.984807753012208));
#3388=DIRECTION('',(0.984807753012208,0.,0.17364817766693));
#3389=DIRECTION('',(-0.984807753012208,0.,-0.17364817766693));
#3390=DIRECTION('',(0.,1.,0.));
#3391=DIRECTION('',(0.609540151486554,-0.5,0.615191680475077));
#3392=DIRECTION('',(0.122787803968973,-0.707106781186548,-0.696364240320018));
#3393=DIRECTION('',(-0.122787803968973,0.707106781186548,0.696364240320018));
#3394=DIRECTION('',(-0.786126276788184,-0.281084637714835,0.550451544991808));
#3395=DIRECTION('',(0.609540151486569,-0.49999999999999,0.61519168047507));
#3396=DIRECTION('',(0.122787803968972,-0.707106781186548,-0.696364240320018));
#3397=DIRECTION('',(-0.786126276788166,-0.28108463771479,0.550451544991856));
#3398=DIRECTION('',(-0.710362164650995,0.,0.703836341085307));
#3399=DIRECTION('',(0.122787803968972,-0.707106781186548,-0.696364240320018));
#3400=DIRECTION('',(-0.710362164650995,0.,0.703836341085307));
#3401=DIRECTION('',(0.573576436351081,0.,0.819152044288967));
#3402=DIRECTION('',(0.,-1.,0.));
#3403=DIRECTION('',(-0.819152044288968,0.,0.573576436351081));
#3404=DIRECTION('',(0.122787803968973,0.707106781186547,-0.69636424032002));
#3405=DIRECTION('',(0.984807753012208,0.,0.17364817766693));
#3406=DIRECTION('',(0.984807753012208,0.,0.17364817766693));
#3407=DIRECTION('',(0.122787803968973,-0.707106781186548,-0.696364240320018));
#3408=DIRECTION('',(0.984807753012208,0.,0.17364817766693));
#3409=DIRECTION('',(-0.573576436351077,0.,-0.81915204428897));
#3410=DIRECTION('',(0.,-1.,0.));
#3411=DIRECTION('',(-0.81915204428897,0.,0.573576436351077));
#3412=DIRECTION('',(-0.374894384572694,-0.889126490715995,0.262503874110311));
#3413=DIRECTION('',(0.790425155233252,-0.454519477672029,-0.410658152714927));
#3414=DIRECTION('',(0.111618897048949,0.766044443118978,-0.633022221559489));
#3415=DIRECTION('',(0.,1.,0.));
#3416=DIRECTION('',(0.,0.,1.));
#3417=DIRECTION('',(0.17364817766693,0.,-0.984807753012208));
#3418=DIRECTION('',(-0.573576436351038,0.,-0.819152044288998));
#3419=DIRECTION('',(0.,-1.,0.));
#3420=DIRECTION('',(0.819152044288998,0.,-0.573576436351038));
#3421=DIRECTION('',(0.,-1.,0.));
#3422=DIRECTION('',(0.984807753012208,0.,0.17364817766693));
#3423=DIRECTION('',(0.,1.,0.));
#3424=DIRECTION('',(0.17364817766693,0.,-0.984807753012208));
#3425=DIRECTION('',(0.,1.,0.));
#3426=DIRECTION('',(0.,0.,1.));
#3427=DIRECTION('',(0.984807753012208,0.,0.17364817766693));
#3428=DIRECTION('',(0.,1.,0.));
#3429=DIRECTION('',(0.17364817766693,0.,-0.984807753012208));
#3430=DIRECTION('',(0.,1.,0.));
#3431=DIRECTION('',(-0.17364817766693,0.,0.984807753012208));
#3432=DIRECTION('',(0.984807753012208,0.,0.17364817766693));
#3433=DIRECTION('',(-4.48644043394173E-16,1.,-7.91080495845321E-17));
#3434=DIRECTION('',(-0.984807753012208,0.,-0.17364817766693));
#3435=DIRECTION('',(-0.17364817766693,0.,0.984807753012208));
#3436=DIRECTION('',(0.984807753012208,0.,0.17364817766693));
#3437=DIRECTION('',(-4.48644043394173E-16,1.,-7.91080495845321E-17));
#3438=DIRECTION('',(-0.984807753012208,0.,-0.17364817766693));
#3439=DIRECTION('',(0.,1.,0.));
#3440=DIRECTION('',(0.,0.,1.));
#3441=DIRECTION('',(0.984807753012208,0.,0.17364817766693));
#3442=DIRECTION('',(0.17364817766693,0.,-0.984807753012208));
#3443=DIRECTION('',(0.984807753012208,4.55565100926466E-16,0.17364817766693));
#3444=DIRECTION('',(0.17364817766693,0.,-0.984807753012208));
#3445=DIRECTION('',(0.122787803968974,0.707106781186541,-0.696364240320025));
#3446=DIRECTION('',(-0.984807753012208,0.,-0.173648177666934));
#3447=DIRECTION('',(-0.173648177666934,0.,0.984807753012208));
#3448=DIRECTION('',(0.,1.,0.));
#3449=DIRECTION('',(0.,1.,0.));
#3450=DIRECTION('',(0.17364817766693,0.,-0.984807753012208));
#3451=DIRECTION('',(-0.984807753012208,0.,-0.17364817766693));
#3452=DIRECTION('',(0.,1.,0.));
#3453=DIRECTION('',(0.88544464791667,0.,-0.46474484986466));
#3454=DIRECTION('',(-0.46474484986466,0.,-0.88544464791667));
#3455=DIRECTION('',(0.,1.,0.));
#3456=DIRECTION('',(-0.707106781186548,0.,-0.707106781186548));
#3457=DIRECTION('',(-0.707106781186548,0.,0.707106781186548));
#3458=DIRECTION('',(0.,1.,0.));
#3459=DIRECTION('',(0.707106781186548,0.,-0.707106781186548));
#3460=DIRECTION('',(-0.707106781186548,0.,-0.707106781186548));
#3461=DIRECTION('',(0.,1.,0.));
#3462=DIRECTION('',(0.,0.,-1.));
#3463=DIRECTION('',(-1.,0.,0.));
#3464=DIRECTION('',(0.122787803968972,-0.707106781186554,-0.696364240320013));
#3465=DIRECTION('',(-0.984807753012208,0.,-0.17364817766693));
#3466=DIRECTION('',(0.173648177704493,-7.69160213624035E-12,-0.984807753005585));
#3467=DIRECTION('',(-0.977467374476891,0.121867448531088,-0.172353870921941));
#3468=DIRECTION('',(-0.480281318435215,-0.353553390593274,-0.802701597832053));
#3469=DIRECTION('',(-0.17364817766693,0.,0.984807753012208));
#3470=DIRECTION('',(0.984807753012208,0.,0.17364817766693));
#3471=DIRECTION('',(-0.384210851597178,0.484727183795165,-0.785761782479257));
#3472=DIRECTION('',(-0.725856926373162,-0.353553390593274,0.590026882807984));
#3473=DIRECTION('',(0.630765269843914,0.,0.775973694372905));
#3474=DIRECTION('',(-0.480281251867703,-0.353553507670175,-0.802701586094426));
#3475=DIRECTION('',(-0.492403876506104,0.866025403784439,-0.0868240888334653));
#3476=DIRECTION('',(0.173648177729155,1.36398674488106E-10,-0.984807753001236));
#3477=DIRECTION('',(-0.396123476254102,-0.915536756384308,-0.0698472567082434));
#3478=DIRECTION('',(0.282700848779877,-0.688209814062458,-0.668167255952621));
#3479=DIRECTION('',(-0.17364817766693,0.,0.984807753012208));
#3480=DIRECTION('',(0.984807753012208,0.,0.17364817766693));
#3481=DIRECTION('',(-0.173648177667734,-3.76523474247307E-11,0.984807753012066));
#3482=DIRECTION('',(7.08065148870102E-6,0.999999999974153,1.24854813173956E-6));
#3483=DIRECTION('',(-0.0371048613733269,-0.688214696354489,-0.724557631237271));
#3484=DIRECTION('',(-0.17364817766693,0.,0.984807753012208));
#3485=DIRECTION('',(0.984807753012208,0.,0.17364817766693));
#3486=DIRECTION('',(0.173648177678434,-3.08829765169443E-11,-0.98480775301018));
#3487=DIRECTION('',(0.384869782003233,-0.920472636250485,0.0678629266600496));
#3488=DIRECTION('',(0.725863642936606,-0.353541577436603,-0.590025698496631));
#3489=DIRECTION('',(-0.17364817766693,0.,0.984807753012208));
#3490=DIRECTION('',(0.984807753012208,0.,0.17364817766693));
#3491=DIRECTION('',(0.48028803499866,-0.353541577436604,0.802702782143406));
#3492=DIRECTION('',(0.858121273831575,0.,-0.513447056080444));
#3493=DIRECTION('',(0.725852835822198,-0.353560584835964,-0.59002760408249));
#3494=DIRECTION('',(-0.492387423986363,-0.86603504897162,-0.0868211878103344));
#3495=DIRECTION('',(0.17364817763836,-2.26867715399964E-13,-0.984807753017246));
#3496=DIRECTION('',(0.978215195786692,0.11551494714382,0.172485731926919));
#3497=DIRECTION('',(0.629783759417553,0.484730095764049,-0.606967174264366));
#3498=DIRECTION('',(-0.17364817766693,0.,0.984807753012208));
#3499=DIRECTION('',(0.984807753012208,0.,0.17364817766693));
#3500=DIRECTION('',(-0.173648177779172,-6.54400352269906E-11,0.984807752992417));
#3501=DIRECTION('',(-0.853999066043089,-0.498006357515412,-0.150583076976678));
#3502=DIRECTION('',(0.78970009025716,0.203468684153087,-0.578769610481447));
#3503=DIRECTION('',(-0.17364817766693,0.,0.984807753012208));
#3504=DIRECTION('',(0.984807753012208,0.,0.17364817766693));
#3505=DIRECTION('',(0.173648177641599,-3.34861663744685E-11,-0.984807753016675));
#3506=DIRECTION('',(0.587629135335649,0.802468664670267,0.103614871167198));
#3507=DIRECTION('',(0.122800141094922,0.707106781075577,-0.69636206495185));
#3508=DIRECTION('',(-0.17364817766693,0.,0.984807753012208));
#3509=DIRECTION('',(0.984807753012208,0.,0.17364817766693));
#3510=DIRECTION('',(-0.122775466843024,0.707106781075577,0.696366415688188));
#3511=DIRECTION('',(0.,-0.701674955967424,0.712497197305445));
#3512=DIRECTION('',(0.122768330230456,0.707106780910047,-0.696367674065545));
#3513=DIRECTION('',(0.984807752857655,-1.77164840384849E-5,0.173648177639679));
#3514=DIRECTION('',(0.173648177655346,5.0400017772029E-11,-0.984807753014251));
#3515=DIRECTION('',(-0.275936131935413,0.959943718939322,-0.048654984960082));
#3516=DIRECTION('',(-0.24758499177293,0.598797983391623,-0.761670957129733));
#3517=DIRECTION('',(-0.17364817766693,0.,0.984807753012208));
#3518=DIRECTION('',(0.984807753012208,0.,0.17364817766693));
#3519=DIRECTION('',(0.173648177694837,-1.58387651699879E-11,-0.984807753007287));
#3520=DIRECTION('',(-0.78294324923304,0.606581368204797,-0.138054019235975));
#3521=DIRECTION('',(-0.544121531953392,0.203478655010185,-0.813958349929491));
#3522=DIRECTION('',(-0.17364817766693,0.,0.984807753012208));
#3523=DIRECTION('',(0.984807753012208,0.,0.17364817766693));
#3524=DIRECTION('',(-0.173648177661406,1.21174677855827E-12,0.984807753013182));
#3525=DIRECTION('',(0.953158117119977,0.251481453770732,0.168067492923704));
#3526=DIRECTION('',(0.17364817766693,0.,-0.984807753012208));
#3527=DIRECTION('',(-0.984807753012208,0.,-0.17364817766693));
#3528=DIRECTION('',(-0.480258266254834,0.353593930988525,-0.802697533110688));
#3529=DIRECTION('',(-0.17364817766693,0.,0.984807753012208));
#3530=DIRECTION('',(0.984807753012208,0.,0.17364817766693));
#3531=DIRECTION('',(-0.225388085704653,-0.612376088317396,-0.757757043701658));
#3532=DIRECTION('',(-0.72583387419278,0.353593930988525,0.59003094752935));
#3533=DIRECTION('',(0.630779948566873,0.,0.775961762257634));
#3534=DIRECTION('',(0.492460338269187,0.86599230015986,0.0868340445656752));
#3535=DIRECTION('',(-0.480284747057037,0.353547360365797,-0.80270220239061));
#3536=DIRECTION('',(0.492460338269187,0.86599230015986,0.0868340445656752));
#3537=DIRECTION('',(-0.17364817765981,-2.0463063936753E-11,0.984807753013464));
#3538=DIRECTION('',(0.254963436684051,-0.965905026456083,0.0449569329595786));
#3539=DIRECTION('',(0.17364817766693,0.,-0.984807753012208));
#3540=DIRECTION('',(-0.984807753012208,0.,-0.17364817766693));
#3541=DIRECTION('',(0.470969283185698,0.61237281145271,-0.634970451351126));
#3542=DIRECTION('',(-0.17364817766693,0.,0.984807753012208));
#3543=DIRECTION('',(0.984807753012208,0.,0.17364817766693));
#3544=DIRECTION('',(0.225393675247752,0.61237281145271,0.757758029288911));
#3545=DIRECTION('',(0.,-0.777771831549805,0.628546719065227));
#3546=DIRECTION('',(0.852869055279801,-0.49999907958616,0.150383825457168));
#3547=DIRECTION('',(0.470962504470164,0.612376785459632,-0.634971646621578));
#3548=DIRECTION('',(0.852869055279801,-0.49999907958616,0.150383825457168));
#3549=DIRECTION('',(0.17364817766688,1.11080078957471E-11,-0.984807753012217));
#3550=DIRECTION('',(-0.00815021701634066,0.999965753762163,-0.00143710314733033));
#3551=DIRECTION('',(0.17364817766693,0.,-0.984807753012208));
#3552=DIRECTION('',(-0.984807753012208,0.,-0.17364817766693));
#3553=DIRECTION('',(-0.241714996415313,0.602500506129855,-0.760635918571569));
#3554=DIRECTION('',(-0.17364817766693,0.,0.984807753012208));
#3555=DIRECTION('',(0.984807753012208,0.,0.17364817766693));
#3556=DIRECTION('',(-0.173648177671411,1.09411539206065E-11,0.984807753011418));
#3557=DIRECTION('',(-0.00530957843659522,-0.999985465827047,-0.00093622192347458));
#3558=DIRECTION('',(0.17364817766693,0.,-0.984807753012208));
#3559=DIRECTION('',(-0.984807753012208,0.,-0.17364817766693));
#3560=DIRECTION('',(0.48730988228215,0.602488480253679,-0.63208916284949));
#3561=DIRECTION('',(-0.17364817766693,0.,0.984807753012208));
#3562=DIRECTION('',(0.984807753012208,0.,0.17364817766693));
#3563=DIRECTION('',(0.173648177664989,1.68452745067577E-12,-0.98480775301255));
#3564=DIRECTION('',(0.0186850381312956,0.999819991027243,0.0032946763597943));
#3565=DIRECTION('',(0.17364817766693,0.,-0.984807753012208));
#3566=DIRECTION('',(-0.984807753012208,0.,-0.17364817766693));
#3567=DIRECTION('',(-0.225394316191037,0.612372435695795,-0.757758142304506));
#3568=DIRECTION('',(-0.17364817766693,0.,0.984807753012208));
#3569=DIRECTION('',(0.984807753012208,0.,0.17364817766693));
#3570=DIRECTION('',(-0.470969924128983,0.612372435695795,0.634970338335532));
#3571=DIRECTION('',(0.,-0.719799201291246,0.694182331826794));
#3572=DIRECTION('',(0.852868531952443,0.5,0.150383733180435));
#3573=DIRECTION('',(-0.225394186948788,0.612372511464905,-0.757758119515628));
#3574=DIRECTION('',(0.852868531952443,0.5,0.150383733180435));
#3575=DIRECTION('',(-0.173648177669749,-6.55778722137084E-12,0.984807753011711));
#3576=DIRECTION('',(-0.254893751613521,-0.965923989875767,-0.0449446456306451));
#3577=DIRECTION('',(0.17364817766693,0.,-0.984807753012208));
#3578=DIRECTION('',(-0.984807753012208,0.,-0.17364817766693));
#3579=DIRECTION('',(0.725856926373163,0.353553390593271,-0.590026882807984));
#3580=DIRECTION('',(-0.17364817766693,0.,0.984807753012208));
#3581=DIRECTION('',(0.984807753012208,0.,0.17364817766693));
#3582=DIRECTION('',(0.480281318435217,0.353553390593271,0.802701597832054));
#3583=DIRECTION('',(0.858124103686727,0.,-0.51344232652933));
#3584=DIRECTION('',(0.4924038765061,-0.866025403784441,0.0868240888334647));
#3585=DIRECTION('',(0.725857000992171,0.35355325935551,-0.590026869650652));
#3586=DIRECTION('',(0.4924038765061,-0.866025403784441,0.0868240888334647));
#3587=DIRECTION('',(-0.173648177663334,-1.61048044511039E-12,0.984807753012842));
#3588=DIRECTION('',(-0.951225639026103,0.258916053394378,-0.167726744897948));
#3589=DIRECTION('',(0.17364817766693,0.,-0.984807753012208));
#3590=DIRECTION('',(-0.984807753012208,0.,-0.17364817766693));
#3591=DIRECTION('',(0.470969924128982,-0.612372435695795,-0.634970338335532));
#3592=DIRECTION('',(-0.17364817766693,0.,0.984807753012208));
#3593=DIRECTION('',(0.984807753012208,0.,0.17364817766693));
#3594=DIRECTION('',(0.225394316191036,-0.612372435695795,0.757758142304505));
#3595=DIRECTION('',(0.,-0.777772065924712,-0.628546429046579));
#3596=DIRECTION('',(-0.852868531952443,-0.5,-0.150383733180435));
#3597=DIRECTION('',(0.470970025817883,-0.61237237607996,-0.634970320405046));
#3598=DIRECTION('',(-0.852868531952443,-0.5,-0.150383733180435));
#3599=DIRECTION('',(0.173648177587464,4.80332793826924E-11,-0.98480775302622));
#3600=DIRECTION('',(0.859529522431446,-0.488097427070175,0.151558245424807));
#3601=DIRECTION('',(0.17364817766693,0.,-0.984807753012208));
#3602=DIRECTION('',(-0.984807753012208,0.,-0.17364817766693));
#3603=DIRECTION('',(0.818893075535018,0.0192825769059566,-0.573622099529529));
#3604=DIRECTION('',(-0.17364817766693,0.,0.984807753012208));
#3605=DIRECTION('',(0.984807753012208,0.,0.17364817766693));
#3606=DIRECTION('',(-0.173648177731349,3.11344573464735E-11,0.98480775300085));
#3607=DIRECTION('',(-0.852878753954219,0.499982021391975,-0.150385535668476));
#3608=DIRECTION('',(0.17364817766693,0.,-0.984807753012208));
#3609=DIRECTION('',(-0.984807753012208,0.,-0.17364817766693));
#3610=DIRECTION('',(0.454420578100979,-0.621771890054097,-0.637888434553354));
#3611=DIRECTION('',(-0.17364817766693,0.,0.984807753012208));
#3612=DIRECTION('',(0.984807753012208,0.,0.17364817766693));
#3613=DIRECTION('',(0.173648177673979,-4.22235123984442E-12,-0.984807753010965));
#3614=DIRECTION('',(0.843362336995644,-0.516358439177698,0.148707534534123));
#3615=DIRECTION('',(0.17364817766693,0.,-0.984807753012208));
#3616=DIRECTION('',(-0.984807753012208,0.,-0.17364817766693));
#3617=DIRECTION('',(0.819152044287645,-1.39097288157989E-6,-0.573576436351283));
#3618=DIRECTION('',(-0.17364817766693,0.,0.984807753012208));
#3619=DIRECTION('',(0.984807753012208,0.,0.17364817766693));
#3620=DIRECTION('',(0.573576436349699,-1.3909728815799E-6,0.819152044288754));
#3621=DIRECTION('',(0.819152044289547,0.,-0.573576436350254));
#3622=DIRECTION('',(-1.93724754797426E-6,-0.999999999998065,-3.4158901101918E-7));
#3623=DIRECTION('',(0.819152044028247,1.93497590014823E-5,-0.573576436397043));
#3624=DIRECTION('',(-1.93724754797426E-6,-0.999999999998065,-3.4158901101918E-7));
#3625=DIRECTION('',(-0.173648177666838,-5.05215089083877E-13,0.984807753012224));
#3626=DIRECTION('',(-0.841971617989837,0.518693296704714,-0.14846231324202));
#3627=DIRECTION('',(0.17364817766693,0.,-0.984807753012208));
#3628=DIRECTION('',(-0.984807753012208,0.,-0.17364817766693));
#3629=DIRECTION('',(0.455246383709939,-0.621317006171536,-0.637742822743669));
#3630=DIRECTION('',(-0.17364817766693,0.,0.984807753012208));
#3631=DIRECTION('',(0.984807753012208,0.,0.17364817766693));
#3632=DIRECTION('',(0.122701507947483,-0.707106775757,-0.696379456636936));
#3633=DIRECTION('',(-0.122874099990463,-0.707106775757,0.696349024003102));
#3634=DIRECTION('',(0.,-0.701666062249759,-0.712505955825576));
#3635=DIRECTION('',(-0.984807745450323,0.000123923683172782,-0.173648176333567));
#3636=DIRECTION('',(0.122792170849414,-0.707106781172625,-0.696363470321195));
#3637=DIRECTION('',(-0.984807745450323,0.000123923683172782,-0.173648176333567));
#3638=DIRECTION('',(-0.173648177657517,4.00764925758618E-12,0.984807753013868));
#3639=DIRECTION('',(0.696395517219249,0.707075020365899,0.122793318920444));
#3640=DIRECTION('',(0.17364817766693,0.,-0.984807753012208));
#3641=DIRECTION('',(-0.984807753012208,0.,-0.17364817766693));
#3642=DIRECTION('',(-0.573576436349529,1.47617064719517E-6,-0.819152044288724));
#3643=DIRECTION('',(-0.17364817766693,0.,0.984807753012208));
#3644=DIRECTION('',(0.984807753012208,0.,0.17364817766693));
#3645=DIRECTION('',(-0.819152044287475,1.47617064719517E-6,0.573576436351313));
#3646=DIRECTION('',(0.573576436351938,0.,0.819152044288367));
#3647=DIRECTION('',(2.05590490263354E-6,0.999999999997821,3.62511504105104E-7));
#3648=DIRECTION('',(-0.57357643610406,-1.88327651058205E-5,-0.819152044245445));
#3649=DIRECTION('',(2.05590490263354E-6,0.999999999997821,3.62511504105104E-7));
#3650=DIRECTION('',(0.173648177700094,1.936369747747E-11,-0.984807753006361));
#3651=DIRECTION('',(-0.848822639740457,-0.507049226017875,-0.14967033326186));
#3652=DIRECTION('',(0.17364817766693,0.,-0.984807753012208));
#3653=DIRECTION('',(-0.984807753012208,0.,-0.17364817766693));
#3654=DIRECTION('',(-0.208815320490861,-0.621788194957468,-0.754834818049507));
#3655=DIRECTION('',(-0.17364817766693,0.,0.984807753012208));
#3656=DIRECTION('',(0.984807753012208,0.,0.17364817766693));
#3657=DIRECTION('',(-0.173648177652041,6.12080923283207E-12,0.984807753014833));
#3658=DIRECTION('',(0.852868531954859,0.500000000000684,0.15038373316446));
#3659=DIRECTION('',(0.17364817766693,0.,-0.984807753012208));
#3660=DIRECTION('',(-0.984807753012208,0.,-0.17364817766693));
#3661=DIRECTION('',(-0.573317347935851,0.0192870304944829,-0.819106360011022));
#3662=DIRECTION('',(-0.17364817766693,0.,0.984807753012208));
#3663=DIRECTION('',(0.984807753012208,0.,0.17364817766693));
#3664=DIRECTION('',(0.173648177620882,-2.67450565523093E-11,-0.984807753020328));
#3665=DIRECTION('',(-0.859412746336413,-0.488309400529835,-0.15153765468918));
#3666=DIRECTION('',(0.17364817766693,0.,-0.984807753012208));
#3667=DIRECTION('',(-0.984807753012208,0.,-0.17364817766693));
#3668=DIRECTION('',(-0.225404153091991,-0.612366668636826,-0.75775987681555));
#3669=DIRECTION('',(-0.17364817766693,0.,0.984807753012208));
#3670=DIRECTION('',(0.984807753012208,0.,0.17364817766693));
#3671=DIRECTION('',(-0.470979761029937,-0.612366668636826,0.634968603824488));
#3672=DIRECTION('',(0.,-0.719801520404315,-0.694179927125264));
#3673=DIRECTION('',(-0.852860500005168,0.500014126085725,-0.150382316931424));
#3674=DIRECTION('',(-0.852860500005168,0.500014126085725,-0.150382316931424));
#3675=DIRECTION('',(-0.173648177756044,5.28750538039259E-11,0.984807752996495));
#3676=DIRECTION('',(0.852871764079221,-0.499994315355731,0.150384303198011));
#3677=DIRECTION('',(-0.17364817766693,0.,0.984807753012208));
#3678=DIRECTION('',(0.984807753012208,0.,0.17364817766693));
#3679=DIRECTION('',(-0.17364817766693,0.,0.984807753012208));
#3680=DIRECTION('',(0.984807753012208,0.,0.17364817766693));
#3681=DIRECTION('',(0.17364817766693,0.,-0.984807753012208));
#3682=DIRECTION('',(-0.984807753012208,0.,-0.17364817766693));
#3683=CARTESIAN_POINT('',(0.,0.,0.));
#3684=CARTESIAN_POINT('',(-0.166381103156526,0.141,0.103697002534627));
#3685=CARTESIAN_POINT('',(-0.166381103156526,0.146,0.103697002534627));
#3686=CARTESIAN_POINT('',(-0.196506607836382,0.146,0.0983850632521095));
#3687=CARTESIAN_POINT('',(-0.132808771341127,0.146,0.109616710438979));
#3688=CARTESIAN_POINT('',(-0.196506607836382,0.141,0.0983850632521095));
#3689=CARTESIAN_POINT('',(-0.196506607836382,0.0186,0.0983850632521095));
#3690=CARTESIAN_POINT('',(-0.166381103156526,0.0186,0.103697002534627));
#3691=CARTESIAN_POINT('',(-0.132808771341127,0.0186,0.109616710438979));
#3692=CARTESIAN_POINT('',(-0.132808771341127,0.141,0.109616710438979));
#3693=CARTESIAN_POINT('',(-0.192518136436682,0.1385,0.0990883383716605));
#3694=CARTESIAN_POINT('',(-0.190991684419513,0.1385,0.0993574930470442));
#3695=CARTESIAN_POINT('',(-0.190676675276418,0.0300757112143876,0.0994130376581418));
#3696=CARTESIAN_POINT('',(-0.191278713418521,0.0306512747506124,0.0993068820902734));
#3697=CARTESIAN_POINT('',(-0.191392837237708,0.0296559778325232,0.0992867589818094));
#3698=CARTESIAN_POINT('',(-0.215957577806092,0.0542459699642314,0.0949553324454995));
#3699=CARTESIAN_POINT('',(-0.183494812654509,0.0443415060830823,0.100679393810126));
#3700=CARTESIAN_POINT('',(-0.182704688205847,0.0441009662797404,0.100818714068543));
#3701=CARTESIAN_POINT('',(-0.183142786375781,0.0448106802949145,0.100741465540984));
#3702=CARTESIAN_POINT('',(-0.182703323739981,0.0441013974626815,0.100818954660689));
#3703=CARTESIAN_POINT('',(-0.182703038972153,0.044939387240192,0.100819004067702));
#3704=CARTESIAN_POINT('',(-0.190118271394795,0.0449395230177153,0.0995114993286043));
#3705=CARTESIAN_POINT('',(-0.177606044589877,0.0449393236034707,0.101717742503055));
#3706=CARTESIAN_POINT('',(-0.177606045875502,0.0440996683536408,0.101717742276365));
#3707=CARTESIAN_POINT('',(-0.176814281413846,0.0443414295232397,0.101857351713321));
#3708=CARTESIAN_POINT('',(-0.144346344327748,0.0542496017113551,0.107582325029545));
#3709=CARTESIAN_POINT('',(-0.169030243224022,0.0306512631089644,0.103229887665052));
#3710=CARTESIAN_POINT('',(-0.169632366972703,0.0300758264149756,0.103123717002434));
#3711=CARTESIAN_POINT('',(-0.168916267323105,0.0296559995576594,0.103249984691534));
#3712=CARTESIAN_POINT('',(-0.175172179853378,0.0186528458584034,0.102146898523495));
#3713=CARTESIAN_POINT('',(-0.171464693110027,0.0251737304689178,0.102800628466966));
#3714=CARTESIAN_POINT('',(-0.172180712752416,0.0255934620873797,0.102674374885296));
#3715=CARTESIAN_POINT('',(-0.172370513191231,0.0247763750574204,0.102640908888095));
#3716=CARTESIAN_POINT('',(-0.18015470830831,-0.00872300480021355,0.101268344324742));
#3717=CARTESIAN_POINT('',(-0.187938431620837,0.024776493479113,0.0998958638943745));
#3718=CARTESIAN_POINT('',(-0.188128320748542,0.0255937166695389,0.0998623813178168));
#3719=CARTESIAN_POINT('',(-0.188844358158702,0.0251737640016732,0.0997361246032091));
#3720=CARTESIAN_POINT('',(-0.190118577152988,0.0274148829636269,0.0995114454151853));
#3721=CARTESIAN_POINT('',(-0.134991518900467,0.0186,0.0928536989782098));
#3722=CARTESIAN_POINT('',(-0.195834502525499,0.0186,0.0889585634005695));
#3723=CARTESIAN_POINT('',(-0.197237853573542,0.0186,0.0887111147473941));
#3724=CARTESIAN_POINT('',(-0.195711401556372,0.0186,0.0889802694227778));
#3725=CARTESIAN_POINT('',(-0.19334617384883,0.0186,0.0755663965257354));
#3726=CARTESIAN_POINT('',(-0.191202155828956,0.0186,0.0634070661086914));
#3727=CARTESIAN_POINT('',(-0.187755328693413,0.0186,0.0640148347305257));
#3728=CARTESIAN_POINT('',(-0.190005085327316,0.0186,0.0613336791796093));
#3729=CARTESIAN_POINT('',(-0.187842045695574,0.0186,0.059518673422392));
#3730=CARTESIAN_POINT('',(-0.185679006063831,0.0186,0.0577036676651747));
#3731=CARTESIAN_POINT('',(-0.183429249429927,0.0186,0.0603848232160911));
#3732=CARTESIAN_POINT('',(-0.183429249429927,0.0186,0.0568848232160911));
#3733=CARTESIAN_POINT('',(-0.183016303127284,0.0186,0.0568848232160911));
#3734=CARTESIAN_POINT('',(-0.183350186946871,0.0186,0.0568848232160911));
#3735=CARTESIAN_POINT('',(-0.183350186946871,0.0186,0.0603848232160911));
#3736=CARTESIAN_POINT('',(-0.180319098033626,0.0186,0.0586348232160911));
#3737=CARTESIAN_POINT('',(-0.179669578980788,0.0186,0.0597598232160911));
#3738=CARTESIAN_POINT('',(-0.178009696956867,0.0186,0.0626348232160911));
#3739=CARTESIAN_POINT('',(-0.136509834313178,0.0186,0.0626348232160911));
#3740=CARTESIAN_POINT('',(-0.107625076715891,0.0186,0.0626348232160911));
#3741=CARTESIAN_POINT('',(-0.107625076715891,0.0186,0.0783505589072394));
#3742=CARTESIAN_POINT('',(-0.107625076715891,0.0186,0.0783505589072394));
#3743=CARTESIAN_POINT('',(-0.101025076715891,0.0186,0.0783505589072394));
#3744=CARTESIAN_POINT('',(-0.094425076715891,0.0186,0.0783505589072394));
#3745=CARTESIAN_POINT('',(-0.094425076715891,0.0186,0.0630307287689758));
#3746=CARTESIAN_POINT('',(-0.094425076715891,0.0186,0.0634264960150232));
#3747=CARTESIAN_POINT('',(-0.0966420484730309,0.0186,0.0661348232160911));
#3748=CARTESIAN_POINT('',(-0.0939608929221144,0.0186,0.0638850665821882));
#3749=CARTESIAN_POINT('',(-0.0833854228097091,0.0186,0.0764884210820199));
#3750=CARTESIAN_POINT('',(-0.0717608739499299,0.0186,0.0903420189479487));
#3751=CARTESIAN_POINT('',(-0.0774296028290103,0.0186,0.0950986472596292));
#3752=CARTESIAN_POINT('',(-0.0700847613068646,0.0186,0.0960004804008272));
#3753=CARTESIAN_POINT('',(-0.0715071717457468,0.0186,0.107585083777852));
#3754=CARTESIAN_POINT('',(-0.0729295821846291,0.0186,0.119169687154876));
#3755=CARTESIAN_POINT('',(-0.0728055139156739,0.0186,0.119184920822802));
#3756=CARTESIAN_POINT('',(-0.0713911356495851,0.0186,0.119358584637154));
#3757=CARTESIAN_POINT('',(-0.0715251919273307,0.0186,0.12045038540396));
#3758=CARTESIAN_POINT('',(-0.0704333911605253,0.0186,0.120584441681705));
#3759=CARTESIAN_POINT('',(-0.0708721207967838,0.0186,0.124157607827614));
#3760=CARTESIAN_POINT('',(-0.07101836400887,0.0186,0.125348663209584));
#3761=CARTESIAN_POINT('',(-0.0744922755396146,0.0186,0.124922120507666));
#3762=CARTESIAN_POINT('',(-0.0749188182415326,0.0186,0.12839603203841));
#3763=CARTESIAN_POINT('',(-0.0739262720898913,0.0186,0.128517901381816));
#3764=CARTESIAN_POINT('',(-0.0764076374689946,0.0186,0.128213228023303));
#3765=CARTESIAN_POINT('',(-0.0755058043277968,0.0186,0.120868386501157));
#3766=CARTESIAN_POINT('',(-0.0779150086707794,0.0186,0.127865223960592));
#3767=CARTESIAN_POINT('',(-0.101552973060762,0.0186,0.119726020099163));
#3768=CARTESIAN_POINT('',(-0.125190937450745,0.0186,0.111586816237734));
#3769=CARTESIAN_POINT('',(-0.141516138211389,0.0186,0.158998641867037));
#3770=CARTESIAN_POINT('',(-0.195898839214547,0.0186,0.0949382361165667));
#3771=CARTESIAN_POINT('',(-0.19934566635009,0.0186,0.0943304674947325));
#3772=CARTESIAN_POINT('',(-0.19913728853689,0.0186,0.0931486981911178));
#3773=CARTESIAN_POINT('',(-0.198512155097289,0.0186,0.0896033902802739));
#3774=CARTESIAN_POINT('',(-0.197428866568975,0.0186,0.0897944032757075));
#3775=CARTESIAN_POINT('',(-0.136102907313572,0.0186,0.0757298725190625));
#3776=CARTESIAN_POINT('',(-0.145351245929877,0.0186,0.0740991408942799));
#3777=CARTESIAN_POINT('',(-0.171236777797149,0.0186,0.0695348232160911));
#3778=CARTESIAN_POINT('',(-0.144948839752282,0.0186,0.0718169820551855));
#3779=CARTESIAN_POINT('',(-0.144546433574688,0.0186,0.0695348232160911));
#3780=CARTESIAN_POINT('',(-0.146796433574688,0.0186,0.0672848232160911));
#3781=CARTESIAN_POINT('',(-0.149046433574688,0.0186,0.0650348232160911));
#3782=CARTESIAN_POINT('',(-0.144597565342936,0.0186,0.0650348232160911));
#3783=CARTESIAN_POINT('',(-0.172196979241353,0.0186,0.0650348232160911));
#3784=CARTESIAN_POINT('',(-0.172656598649124,0.0186,0.0654944426238624));
#3785=CARTESIAN_POINT('',(-0.173116218056895,0.0186,0.0659540620316336));
#3786=CARTESIAN_POINT('',(-0.172176497927022,0.0186,0.0677444426238624));
#3787=CARTESIAN_POINT('',(-0.134991518900467,0.021,0.0928536989782098));
#3788=CARTESIAN_POINT('',(-0.138999711257757,0.021,0.0921469465217502));
#3789=CARTESIAN_POINT('',(-0.136139607787354,0.021,0.0759264937078281));
#3790=CARTESIAN_POINT('',(-0.136521633778221,0.021,0.078093070764455));
#3791=CARTESIAN_POINT('',(-0.136519664162715,0.021,0.0780934180608104));
#3792=CARTESIAN_POINT('',(-0.18970125244088,0.021,0.0687160691704408));
#3793=CARTESIAN_POINT('',(-0.192179329920417,0.021,0.0827699449277359));
#3794=CARTESIAN_POINT('',(-0.194563400192812,0.021,0.0962906793202639));
#3795=CARTESIAN_POINT('',(-0.16478257822651,0.021,0.101541841740598));
#3796=CARTESIAN_POINT('',(-0.132392015714726,0.021,0.10725317183175));
#3797=CARTESIAN_POINT('',(-0.141516138211387,0.021,0.158998641867031));
#3798=CARTESIAN_POINT('',(-0.124409573880048,0.021,0.109317571656296));
#3799=CARTESIAN_POINT('',(-0.100771609490065,0.021,0.117456775517725));
#3800=CARTESIAN_POINT('',(-0.0771336451000823,0.021,0.125595979379154));
#3801=CARTESIAN_POINT('',(-0.0755058043277969,0.021,0.120868386501158));
#3802=CARTESIAN_POINT('',(-0.0761151510448223,0.021,0.125831117259364));
#3803=CARTESIAN_POINT('',(-0.0748248410476885,0.021,0.12598954740579));
#3804=CARTESIAN_POINT('',(-0.0746263318173603,0.021,0.126013921274471));
#3805=CARTESIAN_POINT('',(-0.0744922755396146,0.021,0.124922120507666));
#3806=CARTESIAN_POINT('',(-0.0734004747728091,0.021,0.125056176785411));
#3807=CARTESIAN_POINT('',(-0.0731079883486368,0.021,0.122674066021472));
#3808=CARTESIAN_POINT('',(-0.0726814456467188,0.021,0.119200154490728));
#3809=CARTESIAN_POINT('',(-0.0728055139156739,0.021,0.119184920822802));
#3810=CARTESIAN_POINT('',(-0.0729295821846291,0.021,0.119169687154876));
#3811=CARTESIAN_POINT('',(-0.0715071717457468,0.021,0.107585083777852));
#3812=CARTESIAN_POINT('',(-0.0700847613068646,0.021,0.0960004804008272));
#3813=CARTESIAN_POINT('',(-0.0774296028290103,0.021,0.0950986472596292));
#3814=CARTESIAN_POINT('',(-0.0717608739499299,0.021,0.0903420189479487));
#3815=CARTESIAN_POINT('',(-0.0833854228097091,0.021,0.0764884210820199));
#3816=CARTESIAN_POINT('',(-0.0939608929221144,0.021,0.0638850665821882));
#3817=CARTESIAN_POINT('',(-0.0966420484730309,0.021,0.0661348232160911));
#3818=CARTESIAN_POINT('',(-0.094425076715891,0.021,0.0634264960150232));
#3819=CARTESIAN_POINT('',(-0.094425076715891,0.021,0.0928536989782098));
#3820=CARTESIAN_POINT('',(-0.094425076715891,0.021,0.0783505589072394));
#3821=CARTESIAN_POINT('',(-0.101025076715891,0.021,0.0783505589072394));
#3822=CARTESIAN_POINT('',(-0.107625076715891,0.021,0.0783505589072394));
#3823=CARTESIAN_POINT('',(-0.107625076715891,0.021,0.0928536989782098));
#3824=CARTESIAN_POINT('',(-0.107625076715891,0.021,0.0626348232160911));
#3825=CARTESIAN_POINT('',(-0.136509834313178,0.021,0.0626348232160911));
#3826=CARTESIAN_POINT('',(-0.178009696956867,0.021,0.0626348232160911));
#3827=CARTESIAN_POINT('',(-0.179669578980788,0.021,0.0597598232160911));
#3828=CARTESIAN_POINT('',(-0.180319098033626,0.021,0.0586348232160911));
#3829=CARTESIAN_POINT('',(-0.183350186946871,0.021,0.0603848232160911));
#3830=CARTESIAN_POINT('',(-0.183350186946871,0.021,0.0568848232160911));
#3831=CARTESIAN_POINT('',(-0.183016303127284,0.021,0.0568848232160911));
#3832=CARTESIAN_POINT('',(-0.183429249429927,0.021,0.0568848232160911));
#3833=CARTESIAN_POINT('',(-0.183429249429927,0.021,0.0603848232160911));
#3834=CARTESIAN_POINT('',(-0.185679006063831,0.021,0.0577036676651747));
#3835=CARTESIAN_POINT('',(-0.187842045695574,0.021,0.059518673422392));
#3836=CARTESIAN_POINT('',(-0.190005085327316,0.021,0.0613336791796093));
#3837=CARTESIAN_POINT('',(-0.187755328693413,0.021,0.0640148347305257));
#3838=CARTESIAN_POINT('',(-0.191202155828956,0.021,0.0634070661086914));
#3839=CARTESIAN_POINT('',(-0.19334617384883,0.021,0.0755663965257354));
#3840=CARTESIAN_POINT('',(-0.191795635149983,0.021,0.0667728545923526));
#3841=CARTESIAN_POINT('',(-0.132244285522805,0.021,0.0772733642692271));
#3842=CARTESIAN_POINT('',(-0.189432096542754,0.021,0.0671896102187533));
#3843=CARTESIAN_POINT('',(-0.192179329920417,0.021,0.0827699449277359));
#3844=CARTESIAN_POINT('',(-0.189319226450014,0.021,0.0665494921138139));
#3845=CARTESIAN_POINT('',(-0.136137638171848,0.021,0.0759268410041835));
#3846=CARTESIAN_POINT('',(-0.144948839752282,0.021,0.0718169820551855));
#3847=CARTESIAN_POINT('',(-0.144546433574688,0.021,0.0695348232160911));
#3848=CARTESIAN_POINT('',(-0.145351245929877,0.021,0.0740991408942799));
#3849=CARTESIAN_POINT('',(-0.136102907313572,0.021,0.0757298725190625));
#3850=CARTESIAN_POINT('',(-0.171236777797149,0.021,0.0695348232160911));
#3851=CARTESIAN_POINT('',(-0.172176497927022,0.021,0.0677444426238624));
#3852=CARTESIAN_POINT('',(-0.173116218056895,0.021,0.0659540620316336));
#3853=CARTESIAN_POINT('',(-0.172656598649124,0.021,0.0654944426238624));
#3854=CARTESIAN_POINT('',(-0.172196979241353,0.021,0.0650348232160911));
#3855=CARTESIAN_POINT('',(-0.144597565342936,0.021,0.0650348232160911));
#3856=CARTESIAN_POINT('',(-0.149046433574688,0.021,0.0650348232160911));
#3857=CARTESIAN_POINT('',(-0.146796433574688,0.021,0.0672848232160911));
#3858=CARTESIAN_POINT('',(-0.191897900665625,0.141,0.0811738803115266));
#3859=CARTESIAN_POINT('',(-0.18970125244088,0.0253813625425101,0.0687160691704408));
#3860=CARTESIAN_POINT('',(-0.18970125244088,0.02876272508502,0.0687160691704408));
#3861=CARTESIAN_POINT('',(-0.18970125244088,0.02876272508502,0.0687160691704408));
#3862=CARTESIAN_POINT('',(-0.189527604263213,0.0297627250850201,0.0677312614174285));
#3863=CARTESIAN_POINT('',(-0.189510239445447,0.0297627250850201,0.0676327806421273));
#3864=CARTESIAN_POINT('',(-0.189432096542754,0.0297627250850201,0.0671896102187533));
#3865=CARTESIAN_POINT('',(-0.189432096542754,0.141,0.0671896102187533));
#3866=CARTESIAN_POINT('',(-0.189432096542754,0.05795,0.0671896102187533));
#3867=CARTESIAN_POINT('',(-0.190847329190739,0.05795,0.0752157934058027));
#3868=CARTESIAN_POINT('',(-0.189631791947071,0.05795,0.0683221391347173));
#3869=CARTESIAN_POINT('',(-0.189631791947071,0.05735,0.0683221391347173));
#3870=CARTESIAN_POINT('',(-0.189631791947071,0.05555,0.0683221391347173));
#3871=CARTESIAN_POINT('',(-0.191897900665625,0.05555,0.0811738803115266));
#3872=CARTESIAN_POINT('',(-0.191957655182792,0.05555,0.0815127650183755));
#3873=CARTESIAN_POINT('',(-0.192661697061105,0.0596044155877284,0.085505584923104));
#3874=CARTESIAN_POINT('',(-0.192722729509543,0.0599558874503046,0.0858517171383346));
#3875=CARTESIAN_POINT('',(-0.192722729509543,0.141,0.0858517171383346));
#3876=CARTESIAN_POINT('',(-0.192722729509543,0.0607,0.0858517171383346));
#3877=CARTESIAN_POINT('',(-0.191897900665625,0.0607,0.0811738803115266));
#3878=CARTESIAN_POINT('',(-0.194563400192812,0.0607,0.0962906793202639));
#3879=CARTESIAN_POINT('',(-0.194563400192812,0.018598,0.0962906793202639));
#3880=CARTESIAN_POINT('',(-0.19656537211646,0.141,0.0923836845139038));
#3881=CARTESIAN_POINT('',(-0.196469865618743,0.0607,0.0918420402497471));
#3882=CARTESIAN_POINT('',(-0.195957603494626,0.0607,0.0889368573783611));
#3883=CARTESIAN_POINT('',(-0.196982127742861,0.0607,0.0947472231211331));
#3884=CARTESIAN_POINT('',(-0.195957603494626,0.141,0.0889368573783611));
#3885=CARTESIAN_POINT('',(-0.195957603494626,0.1446,0.0889368573783611));
#3886=CARTESIAN_POINT('',(-0.19656537211646,0.1446,0.0923836845139038));
#3887=CARTESIAN_POINT('',(-0.196982127742861,0.1446,0.0947472231211331));
#3888=CARTESIAN_POINT('',(-0.196982127742861,0.141,0.0947472231211331));
#3889=CARTESIAN_POINT('',(-0.16478257822651,0.141,0.101541841740598));
#3890=CARTESIAN_POINT('',(-0.192101380810281,0.1385,0.0967247997644312));
#3891=CARTESIAN_POINT('',(-0.19362783282745,0.1385,0.0964556450890475));
#3892=CARTESIAN_POINT('',(-0.195326626201396,0.0607,0.096156101982572));
#3893=CARTESIAN_POINT('',(-0.196089852209981,0.0607,0.0960215246448802));
#3894=CARTESIAN_POINT('',(-0.196089852209981,0.141,0.0960215246448802));
#3895=CARTESIAN_POINT('',(-0.196089852209981,0.1446,0.0960215246448802));
#3896=CARTESIAN_POINT('',(-0.194387683777014,0.1446,0.0963216628653224));
#3897=CARTESIAN_POINT('',(-0.191602226815734,0.1446,0.0968128140811983));
#3898=CARTESIAN_POINT('',(-0.191602226815734,-0.350830293672776,0.0968128140811983));
#3899=CARTESIAN_POINT('',(-0.191602226815734,0.14465,0.0968128140811983));
#3900=CARTESIAN_POINT('',(-0.197173140738294,0.14465,0.0958305116494465));
#3901=CARTESIAN_POINT('',(-0.132392015714726,0.14465,0.10725317183175));
#3902=CARTESIAN_POINT('',(-0.132392015714726,0.141,0.10725317183175));
#3903=CARTESIAN_POINT('',(-0.195898839214547,0.141,0.0949382361165667));
#3904=CARTESIAN_POINT('',(-0.195898839214547,0.0607,0.0949382361165667));
#3905=CARTESIAN_POINT('',(-0.195898839214547,0.1446,0.0949382361165667));
#3906=CARTESIAN_POINT('',(-0.136509834313178,0.0186,0.0626348232160911));
#3907=CARTESIAN_POINT('',(-0.107625076715891,0.021,0.0626348232160911));
#3908=CARTESIAN_POINT('',(-0.107025076715891,0.0204,0.0626348232160911));
#3909=CARTESIAN_POINT('',(-0.107025076715891,0.018598,0.0626348232160911));
#3910=CARTESIAN_POINT('',(-0.107025076715891,0.0192,0.0626348232160911));
#3911=CARTESIAN_POINT('',(-0.107625076715891,0.0186,0.0626348232160911));
#3912=CARTESIAN_POINT('',(-0.178009696956867,0.0186,0.0626348232160911));
#3913=CARTESIAN_POINT('',(-0.0966420484730309,0.0186,0.0661348232160911));
#3914=CARTESIAN_POINT('',(-0.095025076715891,0.018598,0.0630307287689758));
#3915=CARTESIAN_POINT('',(-0.095025076715891,0.0192,0.0630307287689758));
#3916=CARTESIAN_POINT('',(-0.095025076715891,0.0204,0.0630307287689758));
#3917=CARTESIAN_POINT('',(-0.0966420484730309,0.0187830282428601,0.0661348232160911));
#3918=CARTESIAN_POINT('',(-0.0939608929221144,0.0186,0.0638850665821882));
#3919=CARTESIAN_POINT('',(-0.0966420484730309,0.0208169717571399,0.0661348232160911));
#3920=CARTESIAN_POINT('',(-0.100771609490065,0.141,0.117456775517725));
#3921=CARTESIAN_POINT('',(-0.07930873994648,0.02425,0.124847034162015));
#3922=CARTESIAN_POINT('',(-0.0807742937386589,0.02425,0.124342403522606));
#3923=CARTESIAN_POINT('',(-0.078482095880689,0.1446,0.125131670540229));
#3924=CARTESIAN_POINT('',(-0.0771336451000823,0.1446,0.125595979379154));
#3925=CARTESIAN_POINT('',(-0.0798305466612957,0.1446,0.124667361701304));
#3926=CARTESIAN_POINT('',(-0.0771336451000823,0.141,0.125595979379154));
#3927=CARTESIAN_POINT('',(-0.124409573880048,0.141,0.109317571656296));
#3928=CARTESIAN_POINT('',(-0.124409573880048,0.14465,0.109317571656296));
#3929=CARTESIAN_POINT('',(-0.124409573880048,0.14465,0.109317571656296));
#3930=CARTESIAN_POINT('',(-0.0798305466612957,0.14465,0.124667361701304));
#3931=CARTESIAN_POINT('',(-0.0798305466612957,-0.350830293672776,0.124667361701304));
#3932=CARTESIAN_POINT('',(-0.100771609490065,0.0823,0.117456775517725));
#3933=CARTESIAN_POINT('',(-0.113474678824404,0.0688649711574556,0.113082757972379));
#3934=CARTESIAN_POINT('',(-0.0880685401557269,0.0688649711574556,0.12183079306307));
#3935=CARTESIAN_POINT('',(-0.0856433122804762,0.0663,0.122665865989039));
#3936=CARTESIAN_POINT('',(-0.100771609490065,0.0823,0.117456775517725));
#3937=CARTESIAN_POINT('',(-0.0880685401557269,0.0957350288425444,0.12183079306307));
#3938=CARTESIAN_POINT('',(-0.0856433122804762,0.0983,0.122665865989039));
#3939=CARTESIAN_POINT('',(-0.082220594187955,0.0985328239761363,0.1238444023408));
#3940=CARTESIAN_POINT('',(-0.080733557955033,0.101801570680628,0.124356429977758));
#3941=CARTESIAN_POINT('',(-0.0841562760475542,0.101568746704492,0.123177893625996));
#3942=CARTESIAN_POINT('',(-0.0856433122804762,0.0983,0.122665865989039));
#3943=CARTESIAN_POINT('',(-0.100771609490065,0.0823,0.117456775517725));
#3944=CARTESIAN_POINT('',(-0.0908099128690267,0.0981113599061236,0.120886862739563));
#3945=CARTESIAN_POINT('',(-0.0934269647405476,0.0999556799530618,0.119985739514786));
#3946=CARTESIAN_POINT('',(-0.0960440166120686,0.1018,0.11908461629001));
#3947=CARTESIAN_POINT('',(-0.098407813051067,0.1018,0.118270695903868));
#3948=CARTESIAN_POINT('',(-0.105499202368062,0.1018,0.115828934745439));
#3949=CARTESIAN_POINT('',(-0.108116254239583,0.0999556799530618,0.114927811520663));
#3950=CARTESIAN_POINT('',(-0.110733306111104,0.0981113599061237,0.114026688295887));
#3951=CARTESIAN_POINT('',(-0.100771609490065,0.0823,0.117456775517725));
#3952=CARTESIAN_POINT('',(-0.113474678824404,0.0957350288425444,0.113082757972379));
#3953=CARTESIAN_POINT('',(-0.115899906699654,0.0983,0.11224768504641));
#3954=CARTESIAN_POINT('',(-0.100771609490065,0.0823,0.117456775517725));
#3955=CARTESIAN_POINT('',(-0.115899906699654,0.0663,0.11224768504641));
#3956=CARTESIAN_POINT('',(-0.119329051753671,0.0663703511938602,0.111066935714336));
#3957=CARTESIAN_POINT('',(-0.120600931321607,0.0630015706806283,0.110628992458317));
#3958=CARTESIAN_POINT('',(-0.117171786267591,0.0629312194867681,0.111809741790391));
#3959=CARTESIAN_POINT('',(-0.115899906699654,0.0663,0.11224768504641));
#3960=CARTESIAN_POINT('',(-0.101552973060762,0.141,0.119726020099163));
#3961=CARTESIAN_POINT('',(-0.0800901035171772,0.02425,0.127116278743453));
#3962=CARTESIAN_POINT('',(-0.0786245497249983,0.02425,0.127620909382862));
#3963=CARTESIAN_POINT('',(-0.0815149215257302,0.101801570680628,0.126625674559196));
#3964=CARTESIAN_POINT('',(-0.0801911955198912,0.101801570680628,0.127081469975436));
#3965=CARTESIAN_POINT('',(-0.121382294892305,0.0630015706806283,0.112898237039755));
#3966=CARTESIAN_POINT('',(-0.120058568886466,0.0630015706806283,0.113354032455995));
#3967=CARTESIAN_POINT('',(-0.116681270270351,0.0663,0.114516929627849));
#3968=CARTESIAN_POINT('',(-0.115357544264512,0.0663,0.114972725044089));
#3969=CARTESIAN_POINT('',(-0.0864246758511733,0.0663,0.124935110570478));
#3970=CARTESIAN_POINT('',(-0.0851009498453343,0.0663,0.125390905986718));
#3971=CARTESIAN_POINT('',(-0.0864246758511733,0.0983,0.124935110570478));
#3972=CARTESIAN_POINT('',(-0.0851009498453343,0.0983,0.125390905986718));
#3973=CARTESIAN_POINT('',(-0.116681270270351,0.0983,0.114516929627849));
#3974=CARTESIAN_POINT('',(-0.115357544264512,0.0983,0.114972725044089));
#3975=CARTESIAN_POINT('',(-0.125190937450745,0.141,0.111586816237734));
#3976=CARTESIAN_POINT('',(-0.125190937450745,0.146,0.111586816237734));
#3977=CARTESIAN_POINT('',(-0.0779150086707794,0.141,0.127865223960592));
#3978=CARTESIAN_POINT('',(-0.0779150086707794,0.146,0.127865223960592));
#3979=CARTESIAN_POINT('',(-0.101552973060762,0.146,0.119726020099163));
#3980=CARTESIAN_POINT('',(-0.0991891766217641,0.1018,0.120539940485306));
#3981=CARTESIAN_POINT('',(-0.0968253801827658,0.1018,0.121353860871449));
#3982=CARTESIAN_POINT('',(-0.106280565938759,0.1018,0.118098179326877));
#3983=CARTESIAN_POINT('',(-0.0942083283112448,0.0999556799530618,0.122254984096225));
#3984=CARTESIAN_POINT('',(-0.0915912764397239,0.0981113599061236,0.123156107321001));
#3985=CARTESIAN_POINT('',(-0.101552973060762,0.0823,0.119726020099163));
#3986=CARTESIAN_POINT('',(-0.111514669681801,0.0981113599061237,0.116295932877325));
#3987=CARTESIAN_POINT('',(-0.10889761781028,0.0999556799530618,0.117197056102101));
#3988=CARTESIAN_POINT('',(-0.197074787756055,0.145325,0.0952727241693717));
#3989=CARTESIAN_POINT('',(-0.192805235118661,0.14695423841804,0.0946373785206124));
#3990=CARTESIAN_POINT('',(-0.192307041558964,0.146,0.0955382766966125));
#3991=CARTESIAN_POINT('',(-0.196976434773817,0.146,0.0947149366892969));
#3992=CARTESIAN_POINT('',(-0.132195309750249,0.146,0.1061375968716));
#3993=CARTESIAN_POINT('',(-0.132293662732488,0.145325,0.106695384351675));
#3994=CARTESIAN_POINT('',(-0.0731079883486368,0.141,0.122674066021472));
#3995=CARTESIAN_POINT('',(-0.0734004747728091,0.1446,0.125056176785411));
#3996=CARTESIAN_POINT('',(-0.0734004747728091,0.1446,0.125056176785411));
#3997=CARTESIAN_POINT('',(-0.0731079883486368,0.1446,0.122674066021472));
#3998=CARTESIAN_POINT('',(-0.0726814456467188,0.1446,0.119200154490728));
#3999=CARTESIAN_POINT('',(-0.0726814456467188,0.141,0.119200154490728));
#4000=CARTESIAN_POINT('',(-0.0748248410476885,0.141,0.12598954740579));
#4001=CARTESIAN_POINT('',(-0.0748248410476885,0.1446,0.12598954740579));
#4002=CARTESIAN_POINT('',(-0.0746263318173603,0.1446,0.126013921274471));
#4003=CARTESIAN_POINT('',(-0.0761151510448223,0.1446,0.125831117259364));
#4004=CARTESIAN_POINT('',(-0.0746263318173603,0.021,0.126013921274471));
#4005=CARTESIAN_POINT('',(-0.0761151510448223,0.141,0.125831117259364));
#4006=CARTESIAN_POINT('',(-0.0755058043277969,0.141,0.120868386501158));
#4007=CARTESIAN_POINT('',(-0.0755058043277976,0.1446,0.120868386501161));
#4008=CARTESIAN_POINT('',(-0.141516138211387,0.141,0.158998641867031));
#4009=CARTESIAN_POINT('',(-0.141516138211387,0.14465,0.158998641867031));
#4010=CARTESIAN_POINT('',(-0.197139372798241,0.141,0.0887284795651608));
#4011=CARTESIAN_POINT('',(-0.195834502525499,0.0607,0.0889585634005695));
#4012=CARTESIAN_POINT('',(-0.195711401556372,0.0607,0.0889802694227778));
#4013=CARTESIAN_POINT('',(-0.195711401556372,0.0186,0.0889802694227778));
#4014=CARTESIAN_POINT('',(-0.197237853573542,0.141,0.0887111147473941));
#4015=CARTESIAN_POINT('',(-0.197237853573542,0.146,0.0887111147473941));
#4016=CARTESIAN_POINT('',(-0.197139372798241,0.146,0.0887284795651608));
#4017=CARTESIAN_POINT('',(-0.195957603494626,0.146,0.0889368573783611));
#4018=CARTESIAN_POINT('',(-0.195957603494626,0.141,0.0889368573783611));
#4019=CARTESIAN_POINT('',(-0.19913728853689,0.141,0.0931486981911178));
#4020=CARTESIAN_POINT('',(-0.19934566635009,0.141,0.0943304674947325));
#4021=CARTESIAN_POINT('',(-0.19934566635009,0.146,0.0943304674947325));
#4022=CARTESIAN_POINT('',(-0.19913728853689,0.146,0.0931486981911178));
#4023=CARTESIAN_POINT('',(-0.198512155097289,0.146,0.0896033902802739));
#4024=CARTESIAN_POINT('',(-0.198512155097289,0.141,0.0896033902802739));
#4025=CARTESIAN_POINT('',(-0.141516138211389,0.141,0.158998641867037));
#4026=CARTESIAN_POINT('',(-0.141516138211389,0.146,0.158998641867037));
#4027=CARTESIAN_POINT('',(-0.0755058043277968,0.141,0.120868386501157));
#4028=CARTESIAN_POINT('',(-0.0764076374689946,0.141,0.128213228023303));
#4029=CARTESIAN_POINT('',(-0.0764076374689946,0.146,0.128213228023303));
#4030=CARTESIAN_POINT('',(-0.0755058043277968,0.146,0.120868386501157));
#4031=CARTESIAN_POINT('',(-0.0739262720898913,0.141,0.128517901381816));
#4032=CARTESIAN_POINT('',(-0.0749188182415326,0.146,0.12839603203841));
#4033=CARTESIAN_POINT('',(-0.0749188182415326,0.146,0.12839603203841));
#4034=CARTESIAN_POINT('',(-0.0739262720898913,0.146,0.128517901381816));
#4035=CARTESIAN_POINT('',(-0.0708721207967838,0.141,0.124157607827614));
#4036=CARTESIAN_POINT('',(-0.0708721207967838,0.146,0.124157607827614));
#4037=CARTESIAN_POINT('',(-0.0704333911605253,0.146,0.120584441681705));
#4038=CARTESIAN_POINT('',(-0.07101836400887,0.146,0.125348663209584));
#4039=CARTESIAN_POINT('',(-0.07101836400887,0.0186,0.125348663209584));
#4040=CARTESIAN_POINT('',(-0.0704333911605253,0.141,0.120584441681705));
#4041=CARTESIAN_POINT('',(-0.0714903902647492,0.141,0.119346397702814));
#4042=CARTESIAN_POINT('',(-0.0714903902647492,0.146,0.119346397702814));
#4043=CARTESIAN_POINT('',(-0.0726814456467188,0.146,0.119200154490728));
#4044=CARTESIAN_POINT('',(-0.0713911356495851,0.146,0.119358584637154));
#4045=CARTESIAN_POINT('',(-0.0713911356495851,0.141,0.119358584637154));
#4046=CARTESIAN_POINT('',(-0.0729295821846291,0.0186,0.119169687154876));
#4047=CARTESIAN_POINT('',(-0.0726814456467188,0.141,0.119200154490728));
#4048=CARTESIAN_POINT('',(-0.19334617384883,0.0186,0.0755663965257354));
#4049=CARTESIAN_POINT('',(-0.194391675406104,0.0607,0.0814957304998851));
#4050=CARTESIAN_POINT('',(-0.194843160668038,0.0607,0.084056230657717));
#4051=CARTESIAN_POINT('',(-0.194843160668038,0.141,0.0840562306577169));
#4052=CARTESIAN_POINT('',(-0.194843160668038,0.0605357864376269,0.0840562306577169));
#4053=CARTESIAN_POINT('',(-0.194271355761339,0.0572428932188134,0.0808133638859881));
#4054=CARTESIAN_POINT('',(-0.194394143565308,0.05795,0.0815097281263081));
#4055=CARTESIAN_POINT('',(-0.193210867797969,0.05795,0.0747990377794021));
#4056=CARTESIAN_POINT('',(-0.191925871283233,0.05795,0.0675114604071117));
#4057=CARTESIAN_POINT('',(-0.191925871283233,0.0365,0.0675114604071118));
#4058=CARTESIAN_POINT('',(-0.191925871283233,0.0337525225805453,0.0675114604071118));
#4059=CARTESIAN_POINT('',(-0.183582859957827,0.0910109047512972,0.0201958919564675));
#4060=CARTESIAN_POINT('',(-0.191795635149983,0.0346463377749907,0.0667728545923526));
#4061=CARTESIAN_POINT('',(-0.191795635149983,0.020125,0.0667728545923526));
#4062=CARTESIAN_POINT('',(-0.191202155828956,0.0186,0.0634070661086914));
#4063=CARTESIAN_POINT('',(-0.187842045695574,0.0186,0.059518673422392));
#4064=CARTESIAN_POINT('',(-0.190005085327316,0.021,0.0613336791796093));
#4065=CARTESIAN_POINT('',(-0.185679006063831,0.0186,0.0577036676651747));
#4066=CARTESIAN_POINT('',(-0.183016303127284,0.0186,0.0568848232160911));
#4067=CARTESIAN_POINT('',(-0.183429249429927,0.021,0.0568848232160911));
#4068=CARTESIAN_POINT('',(-0.183350186946871,0.0186,0.0568848232160911));
#4069=CARTESIAN_POINT('',(-0.179669578980788,0.0186,0.0597598232160911));
#4070=CARTESIAN_POINT('',(-0.180319098033626,0.0186,0.0586348232160911));
#4071=CARTESIAN_POINT('',(-0.0833854228097091,0.0186,0.0764884210820199));
#4072=CARTESIAN_POINT('',(-0.0717608739499299,0.0186,0.0903420189479487));
#4073=CARTESIAN_POINT('',(-0.0774296028290103,0.0186,0.0950986472596292));
#4074=CARTESIAN_POINT('',(-0.0700847613068646,0.0186,0.0960004804008272));
#4075=CARTESIAN_POINT('',(-0.0715071717457468,0.0186,0.107585083777852));
#4076=CARTESIAN_POINT('',(-0.13110382972863,0.146,0.1106598492339));
#4077=CARTESIAN_POINT('',(-0.0744922755396146,0.146,0.124922120507666));
#4078=CARTESIAN_POINT('',(-0.0715251919273307,0.146,0.12045038540396));
#4079=CARTESIAN_POINT('',(-0.0762559961540072,0.146,0.121933758096016));
#4080=CARTESIAN_POINT('',(-0.0787503097639205,0.146,0.123841260777227));
#4081=CARTESIAN_POINT('',(-0.124040775320305,0.146,0.108246502867419));
#4082=CARTESIAN_POINT('',(-0.124040775320305,0.146,0.108246502867418));
#4083=CARTESIAN_POINT('',(-0.141516138211387,0.146,0.158998641867031));
#4084=CARTESIAN_POINT('',(-0.19377991515518,0.146,0.0928748357297797));
#4085=CARTESIAN_POINT('',(-0.197428866568975,0.146,0.0897944032757075));
#4086=CARTESIAN_POINT('',(-0.195898839214547,0.146,0.0949382361165667));
#4087=CARTESIAN_POINT('',(-0.124225174600177,0.145325,0.108782037261857));
#4088=CARTESIAN_POINT('',(-0.0898103611993271,0.132177967560561,0.132299330237108));
#4089=CARTESIAN_POINT('',(-0.124225174600177,0.145325,0.108782037261858));
#4090=CARTESIAN_POINT('',(-0.141516138211387,0.14465,0.158998641867031));
#4091=CARTESIAN_POINT('',(-0.13110382972863,0.1446,0.1106598492339));
#4092=CARTESIAN_POINT('',(-0.0744922755396146,0.1446,0.124922120507666));
#4093=CARTESIAN_POINT('',(-0.0762559961540072,0.1446,0.121933758096016));
#4094=CARTESIAN_POINT('',(-0.0762559961540072,-0.350830293672776,0.121933758096016));
#4095=CARTESIAN_POINT('',(-0.13110382972863,0.1446,0.1106598492339));
#4096=CARTESIAN_POINT('',(-0.19377991515518,0.1446,0.0928748357297797));
#4097=CARTESIAN_POINT('',(-0.19377991515518,-0.350830293672776,0.0928748357297797));
#4098=CARTESIAN_POINT('',(-0.0715251919273307,0.141,0.12045038540396));
#4099=CARTESIAN_POINT('',(-0.197428866568975,0.141,0.0897944032757075));
#4100=CARTESIAN_POINT('',(-0.0744922755396146,0.141,0.124922120507666));
#4101=CARTESIAN_POINT('',(-0.187755328693413,0.0186,0.0640148347305257));
#4102=CARTESIAN_POINT('',(-0.183429249429927,0.0186,0.0603848232160911));
#4103=CARTESIAN_POINT('',(-0.183350186946871,0.0186,0.0603848232160911));
#4104=CARTESIAN_POINT('',(-0.0744922755396146,0.141,0.124922120507666));
#4105=CARTESIAN_POINT('',(-0.195898839214547,0.141,0.0949382361165667));
#4106=CARTESIAN_POINT('',(-0.0760506393643622,0.0999556799530618,0.0695212263432343));
#4107=CARTESIAN_POINT('',(-0.0734335874928413,0.0981113599061236,0.0704223495680103));
#4108=CARTESIAN_POINT('',(-0.0786676912358832,0.1018,0.0686201031184582));
#4109=CARTESIAN_POINT('',(-0.0810314876748815,0.1018,0.0678061827323153));
#4110=CARTESIAN_POINT('',(-0.0881228769918764,0.1018,0.0653644215738866));
#4111=CARTESIAN_POINT('',(-0.0833952841138798,0.0823,0.0669922623461724));
#4112=CARTESIAN_POINT('',(-0.0933569807349183,0.0981113599061237,0.0635621751243345));
#4113=CARTESIAN_POINT('',(-0.0907399288633974,0.0999556799530618,0.0644632983491106));
#4114=CARTESIAN_POINT('',(-0.0985235813234688,0.0983,0.061783171874858));
#4115=CARTESIAN_POINT('',(-0.115035675547249,0.0983,0.109737775532767));
#4116=CARTESIAN_POINT('',(-0.11371194954141,0.0983,0.110193570949007));
#4117=CARTESIAN_POINT('',(-0.0682669869042907,0.0983,0.0722013528174869));
#4118=CARTESIAN_POINT('',(-0.0847790811280706,0.0983,0.120155956475397));
#4119=CARTESIAN_POINT('',(-0.0834553551222316,0.0983,0.120611751891637));
#4120=CARTESIAN_POINT('',(-0.0682669869042907,0.0663,0.0722013528174869));
#4121=CARTESIAN_POINT('',(-0.0847790811280706,0.0663,0.120155956475397));
#4122=CARTESIAN_POINT('',(-0.0834553551222316,0.0663,0.120611751891637));
#4123=CARTESIAN_POINT('',(-0.0985235813234689,0.0663,0.061783171874858));
#4124=CARTESIAN_POINT('',(-0.115035675547249,0.0663,0.109737775532768));
#4125=CARTESIAN_POINT('',(-0.11371194954141,0.0663,0.110193570949008));
#4126=CARTESIAN_POINT('',(-0.11731269296159,0.0630015706806283,0.101079254844764));
#4127=CARTESIAN_POINT('',(-0.119736700169202,0.0630015706806283,0.108119082944674));
#4128=CARTESIAN_POINT('',(-0.118412974163363,0.0630015706806283,0.108574878360914));
#4129=CARTESIAN_POINT('',(-0.0774453195950157,0.101801570680628,0.114806692364205));
#4130=CARTESIAN_POINT('',(-0.0798693268026274,0.101801570680628,0.121846520464115));
#4131=CARTESIAN_POINT('',(-0.0785456007967884,0.101801570680628,0.122302315880355));
#4132=CARTESIAN_POINT('',(-0.0856433122804762,0.0983,0.122665865989039));
#4133=CARTESIAN_POINT('',(-0.0841562760475361,0.101568746704471,0.123177893625987));
#4134=CARTESIAN_POINT('',(-0.0837508158735979,0.101104721000546,0.122961462278043));
#4135=CARTESIAN_POINT('',(-0.0833394478162717,0.100589427748074,0.122834060798145));
#4136=CARTESIAN_POINT('',(-0.0829960134044429,0.100050785340887,0.122952314749311));
#4137=CARTESIAN_POINT('',(-0.0829960134040776,0.100050785340314,0.122952314749437));
#4138=CARTESIAN_POINT('',(-0.0822205941879527,0.0985328239761307,0.123844402340805));
#4139=CARTESIAN_POINT('',(-0.0824068527221859,0.0989968496800416,0.123424225902344));
#4140=CARTESIAN_POINT('',(-0.0826525789919658,0.0995121429324966,0.123070568701087));
#4141=CARTESIAN_POINT('',(-0.0829960134036593,0.100050785339658,0.122952314749581));
#4142=CARTESIAN_POINT('',(-0.080733557955033,0.101801570680628,0.124356429977758));
#4143=CARTESIAN_POINT('',(-0.115899906699654,0.0983,0.11224768504641));
#4144=CARTESIAN_POINT('',(-0.115899906699654,0.0663,0.11224768504641));
#4145=CARTESIAN_POINT('',(-0.117171786267576,0.0629312194867284,0.11180974179043));
#4146=CARTESIAN_POINT('',(-0.117358695813052,0.0634469868718178,0.111301581133093));
#4147=CARTESIAN_POINT('',(-0.117608223417811,0.0640254317511782,0.110847557842133));
#4148=CARTESIAN_POINT('',(-0.118000489207719,0.064650785340799,0.110712489899103));
#4149=CARTESIAN_POINT('',(-0.118000489207415,0.0646507853403142,0.110712489899208));
#4150=CARTESIAN_POINT('',(-0.119329051753673,0.0663703511938618,0.111066935714337));
#4151=CARTESIAN_POINT('',(-0.118868910081905,0.0658545838087901,0.110781572658332));
#4152=CARTESIAN_POINT('',(-0.118392754996932,0.0652761389294589,0.110577421956012));
#4153=CARTESIAN_POINT('',(-0.118000489207223,0.0646507853400089,0.110712489899274));
#4154=CARTESIAN_POINT('',(-0.120600931321607,0.0630015706806283,0.110628992458317));
#4155=CARTESIAN_POINT('',(-0.0856433122804762,0.0663,0.122665865989039));
#4156=CARTESIAN_POINT('',(-0.095025076715891,0.018598,0.0723505589072394));
#4157=CARTESIAN_POINT('',(-0.095025076715891,0.018598,0.0783505589072394));
#4158=CARTESIAN_POINT('',(-0.095025076715891,0.0192,0.0783505589072394));
#4159=CARTESIAN_POINT('',(-0.095025076715891,0.0204,0.0783505589072394));
#4160=CARTESIAN_POINT('',(-0.095025076715891,0.0204,0.0723505589072394));
#4161=CARTESIAN_POINT('',(-0.095025076715891,0.0192,0.0783505589072394));
#4162=CARTESIAN_POINT('',(-0.107025076715891,0.018598,0.0716926910616653));
#4163=CARTESIAN_POINT('',(-0.107025076715891,0.0204,0.0716926910616653));
#4164=CARTESIAN_POINT('',(-0.107025076715891,0.0204,0.0783505589072394));
#4165=CARTESIAN_POINT('',(-0.107025076715891,0.018598,0.0783505589072394));
#4166=CARTESIAN_POINT('',(-0.107025076715891,0.0192,0.0783505589072394));
#4167=CARTESIAN_POINT('',(-0.107025076715891,0.0192,0.0626348232160911));
#4168=CARTESIAN_POINT('',(-0.101025076715891,0.018598,0.0783505589072394));
#4169=CARTESIAN_POINT('',(-0.101025076715891,0.0204,0.0783505589072394));
#4170=CARTESIAN_POINT('',(-0.101025076715891,0.0192,0.0783505589072394));
#4171=CARTESIAN_POINT('',(-0.094425076715891,0.021,0.0928536989782098));
#4172=CARTESIAN_POINT('',(-0.094425076715891,0.021,0.0783505589072394));
#4173=CARTESIAN_POINT('',(-0.101025076715891,0.021,0.0783505589072394));
#4174=CARTESIAN_POINT('',(-0.107625076715891,0.021,0.0783505589072394));
#4175=CARTESIAN_POINT('',(-0.107625076715891,0.021,0.0928536989782098));
#4176=CARTESIAN_POINT('',(-0.107625076715891,0.0186,0.0928536989782098));
#4177=CARTESIAN_POINT('',(-0.107625076715891,0.0186,0.0783505589072394));
#4178=CARTESIAN_POINT('',(-0.101025076715891,0.0186,0.0783505589072394));
#4179=CARTESIAN_POINT('',(-0.094425076715891,0.0186,0.0783505589072394));
#4180=CARTESIAN_POINT('',(-0.094425076715891,0.0186,0.0928536989782098));
#4181=CARTESIAN_POINT('',(-0.183411799276519,0.1385,0.0474437339919197));
#4182=CARTESIAN_POINT('',(-0.0619449771153464,0.02425,0.0744190052704533));
#4183=CARTESIAN_POINT('',(-0.189134684601344,0.020125,0.0672420519684087));
#4184=CARTESIAN_POINT('',(-0.166547523345469,0.0745313701555536,0.0712247779154324));
#4185=CARTESIAN_POINT('',(-0.191057029335224,0.0358131306451362,0.0669030907256028));
#4186=CARTESIAN_POINT('',(-0.191057029335224,0.047225,0.0669030907256028));
#4187=CARTESIAN_POINT('',(-0.191057029335224,0.05795,0.0669030907256028));
#4188=CARTESIAN_POINT('',(-0.189430126927248,0.05795,0.0671899575151086));
#4189=CARTESIAN_POINT('',(-0.189432096542754,0.141,0.0671896102187533));
#4190=CARTESIAN_POINT('',(-0.189569797803154,0.05675,0.07488107745317));
#4191=CARTESIAN_POINT('',(-0.188597743806408,0.0566,0.0685044697212676));
#4192=CARTESIAN_POINT('',(-0.189336349621168,0.05585,0.0683742335880174));
#4193=CARTESIAN_POINT('',(-0.190456124780865,0.05585,0.0747247940932698));
#4194=CARTESIAN_POINT('',(-0.191640634627807,0.05585,0.0814424832533872));
#4195=CARTESIAN_POINT('',(-0.179827658546372,0.067028747777406,0.0788236095062045));
#4196=CARTESIAN_POINT('',(-0.189336349621168,0.05735,0.0683742335880174));
#4197=CARTESIAN_POINT('',(-0.189336349621168,0.05795,0.0683742335880174));
#4198=CARTESIAN_POINT('',(-0.189336349621168,0.05795,0.0683742335880174));
#4199=CARTESIAN_POINT('',(-0.189336349621168,0.05735,0.0683742335880174));
#4200=CARTESIAN_POINT('',(-0.199346896315027,0.0981029437251523,0.123419233912398));
#4201=CARTESIAN_POINT('',(-0.199014617647933,0.0983150757595083,0.123262419093602));
#4202=CARTESIAN_POINT('',(-0.192375192730339,0.0600801515190165,0.085608369265731));
#4203=CARTESIAN_POINT('',(-0.190504602787935,0.0607489932964744,0.0842985680871612));
#4204=CARTESIAN_POINT('',(-0.20137175998228,0.0981324914647586,0.121081757256149));
#4205=CARTESIAN_POINT('',(-0.206591979486453,0.056334918741608,0.0922828421594324));
#4206=CARTESIAN_POINT('',(-0.194383894742173,0.0607,0.0837346491943834));
#4207=CARTESIAN_POINT('',(-0.216582830994245,0.0607,0.105729652370434));
#4208=CARTESIAN_POINT('',(-0.193641292692942,0.0607,0.0829988691441186));
#4209=CARTESIAN_POINT('',(-0.193684704737359,0.06095,0.0832450710823716));
#4210=CARTESIAN_POINT('',(-0.193163760204358,0.05795,0.080290647823335));
#4211=CARTESIAN_POINT('',(-0.217700321271971,0.05795,0.10460180095623));
#4212=CARTESIAN_POINT('',(-0.194843160668038,0.141,0.0840562306577169));
#4213=CARTESIAN_POINT('',(-0.194843160668038,0.0607,0.0840562306577169));
#4214=CARTESIAN_POINT('',(-0.192304004267635,0.06095,0.0834885258274606));
#4215=CARTESIAN_POINT('',(-0.192260592223219,0.0607,0.0832423238892076));
#4216=CARTESIAN_POINT('',(-0.191967119512821,0.0607,0.0832940710461523));
#4217=CARTESIAN_POINT('',(-0.192010531557238,0.06095,0.0835402729844054));
#4218=CARTESIAN_POINT('',(-0.191489587024237,0.05795,0.0805858497253688));
#4219=CARTESIAN_POINT('',(-0.191785029350141,0.05795,0.0805337552720687));
#4220=CARTESIAN_POINT('',(-0.190767415352554,0.047225,0.0667003008317665));
#4221=CARTESIAN_POINT('',(-0.194820852654001,0.05795,0.0695385481858999));
#4222=CARTESIAN_POINT('',(-0.187192466883918,0.0449786049543867,0.0641970949653153));
#4223=CARTESIAN_POINT('',(-0.183582859957827,0.0910109047512972,0.0201958919564676));
#4224=CARTESIAN_POINT('',(-0.190845359575234,0.05795,0.0752161407021581));
#4225=CARTESIAN_POINT('',(-0.190551886864836,0.05795,0.0752678878591028));
#4226=CARTESIAN_POINT('',(-0.191332582392727,0.0642,0.0848783256479203));
#4227=CARTESIAN_POINT('',(-0.191332582392727,0.0607,0.0848783256479203));
#4228=CARTESIAN_POINT('',(-0.192375192730339,0.0607,0.085608369265731));
#4229=CARTESIAN_POINT('',(-0.192375192730339,0.0642,0.085608369265731));
#4230=CARTESIAN_POINT('',(-0.191194576059196,0.081,0.07891275940274));
#4231=CARTESIAN_POINT('',(-0.191732694472971,0.0607,0.0819645805795858));
#4232=CARTESIAN_POINT('',(-0.191730724857465,0.0607,0.0819649278759411));
#4233=CARTESIAN_POINT('',(-0.191941313321413,0.04085,0.0814200857170389));
#4234=CARTESIAN_POINT('',(-0.189510239445447,0.0297627250850201,0.0676327806421273));
#4235=CARTESIAN_POINT('',(-0.189319226450014,0.0297627250850201,0.0665494921138139));
#4236=CARTESIAN_POINT('',(-0.189319226450014,0.0253813625425101,0.0665494921138139));
#4237=CARTESIAN_POINT('',(-0.136137638171848,0.0253813625425101,0.0759268410041835));
#4238=CARTESIAN_POINT('',(-0.136139607787354,0.0253813625425101,0.0759264937078281));
#4239=CARTESIAN_POINT('',(-0.136139607787354,0.0297627250850201,0.0759264937078281));
#4240=CARTESIAN_POINT('',(-0.136137638171848,0.0297627250850201,0.0759268410041835));
#4241=CARTESIAN_POINT('',(-0.136519664162715,0.0253813625425101,0.0780934180608103));
#4242=CARTESIAN_POINT('',(-0.136521633778221,0.0253813625425101,0.078093070764455));
#4243=CARTESIAN_POINT('',(-0.136521633778221,0.02876272508502,0.078093070764455));
#4244=CARTESIAN_POINT('',(-0.136519664162715,0.02876272508502,0.0780934180608103));
#4245=CARTESIAN_POINT('',(-0.136328651167282,0.0297627250850201,0.0770101295324969));
#4246=CARTESIAN_POINT('',(-0.136346015985048,0.0297627250850201,0.0771086103077981));
#4247=CARTESIAN_POINT('',(-0.136347985600554,0.0297627250850201,0.0771082630114428));
#4248=CARTESIAN_POINT('',(-0.136330620782788,0.0297627250850201,0.0770097822361416));
#4249=CARTESIAN_POINT('',(-0.134218765118319,0.081,0.0650328536005851));
#4250=CARTESIAN_POINT('',(-0.130834745650634,0.0615122085751098,0.0458411255162688));
#4251=CARTESIAN_POINT('',(-0.144948839752282,0.018598,0.0718169820551855));
#4252=CARTESIAN_POINT('',(-0.145351245929877,0.018598,0.0740991408942799));
#4253=CARTESIAN_POINT('',(-0.144546433574688,0.018598,0.0695348232160911));
#4254=CARTESIAN_POINT('',(-0.136102907313572,0.018598,0.0757298725190625));
#4255=CARTESIAN_POINT('',(-0.171236777797149,0.018598,0.0695348232160911));
#4256=CARTESIAN_POINT('',(-0.172176497927022,0.018598,0.0677444426238624));
#4257=CARTESIAN_POINT('',(-0.173116218056895,0.018598,0.0659540620316336));
#4258=CARTESIAN_POINT('',(-0.172656598649124,0.018598,0.0654944426238624));
#4259=CARTESIAN_POINT('',(-0.172196979241353,0.018598,0.0650348232160911));
#4260=CARTESIAN_POINT('',(-0.146796433574688,0.018598,0.0672848232160911));
#4261=CARTESIAN_POINT('',(-0.149046433574688,0.018598,0.0650348232160911));
#4262=CARTESIAN_POINT('',(-0.144597565342936,0.018598,0.0650348232160911));
#4263=CARTESIAN_POINT('',(-0.136519664162715,0.02876272508502,0.0780934180608103));
#4264=CARTESIAN_POINT('',(-0.190757513057789,0.0300757112143976,0.0998714914976841));
#4265=CARTESIAN_POINT('',(-0.191392821818453,0.0296559868695511,0.0992867617006399));
#4266=CARTESIAN_POINT('',(-0.191121138866239,0.029855984300879,0.0997408420912541));
#4267=CARTESIAN_POINT('',(-0.190746134547515,0.0300757112143938,0.0998069607593414));
#4268=CARTESIAN_POINT('',(-0.191061364956094,0.03037706592657,0.0997513771331691));
#4269=CARTESIAN_POINT('',(-0.191278697905827,0.0306512599205985,0.0993068848255799));
#4270=CARTESIAN_POINT('',(-0.190118577152988,0.0274148829636269,0.0995114454151853));
#4271=CARTESIAN_POINT('',(-0.188844332487522,0.0251737790577027,0.0997361291297307));
#4272=CARTESIAN_POINT('',(-0.188572662900283,0.0253737682554157,0.100190202452553));
#4273=CARTESIAN_POINT('',(-0.189846889011274,0.0276148829636269,0.0999655220096623));
#4274=CARTESIAN_POINT('',(-0.188209158529952,0.0255937166693609,0.100320835157387));
#4275=CARTESIAN_POINT('',(-0.187938433465271,0.0247765014166531,0.0998958635691511));
#4276=CARTESIAN_POINT('',(-0.188098353250048,0.0251658118802983,0.100273835970714));
#4277=CARTESIAN_POINT('',(-0.188197780019659,0.0255937166694298,0.100256304419013));
#4278=CARTESIAN_POINT('',(-0.180154706224284,-0.00872300479891758,0.101268332505806));
#4279=CARTESIAN_POINT('',(-0.172370507158736,0.0247764003340613,0.102640909010674));
#4280=CARTESIAN_POINT('',(-0.172349522139701,0.0251656963124721,0.103050783984131));
#4281=CARTESIAN_POINT('',(-0.180224167579378,-0.00872300480024367,0.101662267425947));
#4282=CARTESIAN_POINT('',(-0.172261550533749,0.02559346208742,0.103132828724823));
#4283=CARTESIAN_POINT('',(-0.171464703405456,0.0251737365041114,0.102800626651604));
#4284=CARTESIAN_POINT('',(-0.171875312213794,0.0253737286142613,0.103134398134185));
#4285=CARTESIAN_POINT('',(-0.172250172023492,0.0255934620874044,0.103068297986499));
#4286=CARTESIAN_POINT('',(-0.175172179853378,0.0186528458584034,0.102146898523495));
#4287=CARTESIAN_POINT('',(-0.168916288981263,0.0296560122551612,0.103249980872616));
#4288=CARTESIAN_POINT('',(-0.169326878614382,0.029856007685135,0.103583753487053));
#4289=CARTESIAN_POINT('',(-0.175582790336688,0.0188528391758729,0.10248066746148));
#4290=CARTESIAN_POINT('',(-0.169713204753988,0.0300758264149759,0.103582170841989));
#4291=CARTESIAN_POINT('',(-0.169030252930903,0.0306512538410189,0.103229885953467));
#4292=CARTESIAN_POINT('',(-0.169386508667978,0.0303770526633467,0.103573239099742));
#4293=CARTESIAN_POINT('',(-0.169701826243747,0.0300758264149758,0.103517640103643));
#4294=CARTESIAN_POINT('',(-0.144346342240868,0.054249601713608,0.107582313216856));
#4295=CARTESIAN_POINT('',(-0.176814211701899,0.0443414507694551,0.101857364005418));
#4296=CARTESIAN_POINT('',(-0.177261011219945,0.0442263278229226,0.102184751840173));
#4297=CARTESIAN_POINT('',(-0.144415803598905,0.0542496017113028,0.107976248130734));
#4298=CARTESIAN_POINT('',(-0.177686883656791,0.0440996683536845,0.102176196115922));
#4299=CARTESIAN_POINT('',(-0.177606044589916,0.0449392979253906,0.101717742503048));
#4300=CARTESIAN_POINT('',(-0.177675512308462,0.044539306881453,0.102111672701619));
#4301=CARTESIAN_POINT('',(-0.177675505146548,0.0440996683536676,0.102111665377573));
#4302=CARTESIAN_POINT('',(-0.190118271394795,0.0449395230177153,0.0995114993286043));
#4303=CARTESIAN_POINT('',(-0.182703039109049,0.0449393896192484,0.100819004848802));
#4304=CARTESIAN_POINT('',(-0.182772487359254,0.0445393968058185,0.101212929893282));
#4305=CARTESIAN_POINT('',(-0.190187737644794,0.0445395230177781,0.0999054211992351));
#4306=CARTESIAN_POINT('',(-0.182784161521283,0.0441013974626158,0.101277408500212));
#4307=CARTESIAN_POINT('',(-0.183142797561948,0.0448106983512686,0.10074146374535));
#4308=CARTESIAN_POINT('',(-0.183002740835633,0.044471964911285,0.101172329077356));
#4309=CARTESIAN_POINT('',(-0.182772783011039,0.0441013974626412,0.101212877761895));
#4310=CARTESIAN_POINT('',(-0.182785525987205,0.044100966279761,0.101277167908087));
#4311=CARTESIAN_POINT('',(-0.18349481650173,0.044341507251879,0.100679393131757));
#4312=CARTESIAN_POINT('',(-0.183187025655168,0.0442264055808716,0.101139836162932));
#4313=CARTESIAN_POINT('',(-0.182774147476936,0.0441009662797531,0.101212637169744));
#4314=CARTESIAN_POINT('',(-0.172370215117173,0.0291775468076062,0.102640948320363));
#4315=CARTESIAN_POINT('',(-0.172370217200956,0.0291775468076062,0.102640960138054));
#4316=CARTESIAN_POINT('',(-0.171957006406569,0.0299045655911896,0.102713820349824));
#4317=CARTESIAN_POINT('',(-0.171654338501822,0.0287578674558289,0.102767188867626));
#4318=CARTESIAN_POINT('',(-0.17165440278592,0.0287579051385375,0.102767177532605));
#4319=CARTESIAN_POINT('',(-0.171382679434407,0.0285578587455028,0.103221212180763));
#4320=CARTESIAN_POINT('',(-0.172439676472009,0.0291775468076062,0.103034883239261));
#4321=CARTESIAN_POINT('',(-0.171829498304805,0.0302509942506418,0.103142474113142));
#4322=CARTESIAN_POINT('',(-0.171957025525415,0.0299045319452488,0.102713816978656));
#4323=CARTESIAN_POINT('',(-0.176844259492056,0.0196315337392841,0.101852065769303));
#4324=CARTESIAN_POINT('',(-0.176844259492056,0.0196315337392841,0.101852065769303));
#4325=CARTESIAN_POINT('',(-0.172067824070852,0.0280308449442578,0.102694280205672));
#4326=CARTESIAN_POINT('',(-0.172067848897897,0.0280308594829191,0.102694275827994));
#4327=CARTESIAN_POINT('',(-0.171796116129692,0.0278308378802616,0.103148360291032));
#4328=CARTESIAN_POINT('',(-0.176572584390624,0.0194315108061733,0.102306140064426));
#4329=CARTESIAN_POINT('',(-0.17278384015064,0.0284503320425433,0.102568015067077));
#4330=CARTESIAN_POINT('',(-0.17278384223441,0.0284503320425261,0.10256802688476));
#4331=CARTESIAN_POINT('',(-0.173197227916727,0.0277234401756165,0.102495135835529));
#4332=CARTESIAN_POINT('',(-0.173197208090093,0.0277234750345042,0.102495139331499));
#4333=CARTESIAN_POINT('',(-0.173463638135635,0.0273770383831696,0.102854299848167));
#4334=CARTESIAN_POINT('',(-0.172853301505471,0.0284503320425097,0.102961949985966));
#4335=CARTESIAN_POINT('',(-0.185756656390176,0.0350865192806007,0.100280569733381));
#4336=CARTESIAN_POINT('',(-0.185756656390176,0.0350865192806007,0.100280569733381));
#4337=CARTESIAN_POINT('',(-0.177469252529758,0.0302280001473341,0.101741862634001));
#4338=CARTESIAN_POINT('',(-0.177469259368682,0.0302279881177448,0.101741861428114));
#4339=CARTESIAN_POINT('',(-0.177735672496614,0.0298815821918116,0.102101058062161));
#4340=CARTESIAN_POINT('',(-0.186023076849273,0.0347401089065267,0.100639763262984));
#4341=CARTESIAN_POINT('',(-0.177963571650235,0.0295006912203209,0.102127408557423));
#4342=CARTESIAN_POINT('',(-0.177882733868915,0.0295006912203354,0.101668954717888));
#4343=CARTESIAN_POINT('',(-0.178315468098796,0.0302163356439632,0.101592649033734));
#4344=CARTESIAN_POINT('',(-0.178315475129055,0.0302163464195053,0.101592650758059));
#4345=CARTESIAN_POINT('',(-0.17817872866183,0.029875501138524,0.102022933494502));
#4346=CARTESIAN_POINT('',(-0.177952193139982,0.0295006912203265,0.102062877819093));
#4347=CARTESIAN_POINT('',(-0.180154807057394,0.0332567701547335,0.101268314727453));
#4348=CARTESIAN_POINT('',(-0.180154809141195,0.0332567701547725,0.101268326545184));
#4349=CARTESIAN_POINT('',(-0.181993814473811,0.0302161958880378,0.100944060287377));
#4350=CARTESIAN_POINT('',(-0.181993775469053,0.0302162604052965,0.100944067164969));
#4351=CARTESIAN_POINT('',(-0.182269480433365,0.0298753738603506,0.101301623585799));
#4352=CARTESIAN_POINT('',(-0.180224268412265,0.0332567701547813,0.101662249646389));
#4353=CARTESIAN_POINT('',(-0.182507326047119,0.029501168484044,0.101326222063543));
#4354=CARTESIAN_POINT('',(-0.182426488265802,0.029501168484044,0.100867768224004));
#4355=CARTESIAN_POINT('',(-0.182839783440431,0.0302280222067616,0.10079489313372));
#4356=CARTESIAN_POINT('',(-0.182839783440431,0.0302280222067616,0.10079489313372));
#4357=CARTESIAN_POINT('',(-0.182712281160896,0.0298816120452478,0.101223545870458));
#4358=CARTESIAN_POINT('',(-0.182495947536864,0.029501168484044,0.10126169132521));
#4359=CARTESIAN_POINT('',(-0.189498497693084,0.0263243055123439,0.0996207821541495));
#4360=CARTESIAN_POINT('',(-0.189498497693084,0.0263243055123439,0.0996207821541495));
#4361=CARTESIAN_POINT('',(-0.187111825132511,0.0277234751325186,0.100041610264691));
#4362=CARTESIAN_POINT('',(-0.187111840258935,0.0277234997285294,0.100041614253498));
#4363=CARTESIAN_POINT('',(-0.186984309050803,0.0273770385240898,0.100470272091128));
#4364=CARTESIAN_POINT('',(-0.189370995413548,0.0259778953508301,0.100049434890888));
#4365=CARTESIAN_POINT('',(-0.187525308463803,0.0284505456321712,0.0999686964681992));
#4366=CARTESIAN_POINT('',(-0.187525310547587,0.0284505456321712,0.0999687082858877));
#4367=CARTESIAN_POINT('',(-0.188241421148906,0.0280308194345371,0.0998424386657038));
#4368=CARTESIAN_POINT('',(-0.188241391881801,0.028030836586456,0.0998424438262841));
#4369=CARTESIAN_POINT('',(-0.188652018088072,0.0278308221533644,0.100176180165574));
#4370=CARTESIAN_POINT('',(-0.187594769818636,0.0284505456321712,0.100362631387096));
#4371=CARTESIAN_POINT('',(-0.188448024468571,0.0283942558809231,0.0998060089261429));
#4372=CARTESIAN_POINT('',(-0.188448024468571,0.0283942558809231,0.0998060089261429));
#4373=CARTESIAN_POINT('',(-0.18865477046993,0.0287578102828958,0.0997695462110191));
#4374=CARTESIAN_POINT('',(-0.188654743358359,0.0287578269625899,0.0997695588084512));
#4375=CARTESIAN_POINT('',(-0.189065403553813,0.0285577956882067,0.100103318980843));
#4376=CARTESIAN_POINT('',(-0.188858631152419,0.0281942558809231,0.100139778534076));
#4377=CARTESIAN_POINT('',(-0.187938851399219,0.0291775584533273,0.0998957776909978));
#4378=CARTESIAN_POINT('',(-0.187938853483001,0.0291775584533273,0.0998957895086929));
#4379=CARTESIAN_POINT('',(-0.18835200510232,0.0299046666831953,0.0998229343477928));
#4380=CARTESIAN_POINT('',(-0.188351994717752,0.0299046467852362,0.099822941562163));
#4381=CARTESIAN_POINT('',(-0.188618423323302,0.0302510783452352,0.100182108057601));
#4382=CARTESIAN_POINT('',(-0.188008312754058,0.0291775584533273,0.1002897126099));
#4383=CARTESIAN_POINT('',(-0.190738652151901,0.0285054525690507,0.0994021094628141));
#4384=CARTESIAN_POINT('',(-0.190738652151901,0.0285054525690507,0.0994021094628141));
#4385=CARTESIAN_POINT('',(-0.184079930457723,0.0324091561774639,0.100576221754526));
#4386=CARTESIAN_POINT('',(-0.184079937899249,0.0324091692634684,0.100576220442385));
#4387=CARTESIAN_POINT('',(-0.184346353682296,0.0327555696376427,0.100935417435858));
#4388=CARTESIAN_POINT('',(-0.19100507297357,0.0288518627305645,0.0997613029284856));
#4389=CARTESIAN_POINT('',(-0.184574144454431,0.0331360828334779,0.10096178621414));
#4390=CARTESIAN_POINT('',(-0.184493306673209,0.0331360828335406,0.100503332374553));
#4391=CARTESIAN_POINT('',(-0.183666966260492,0.0331590170566976,0.100649038091255));
#4392=CARTESIAN_POINT('',(-0.183666965183908,0.0331590170884832,0.100649038674396));
#4393=CARTESIAN_POINT('',(-0.184130206514509,0.0331481090653488,0.100973527373986));
#4394=CARTESIAN_POINT('',(-0.184562765944212,0.0331360828335022,0.100897255475769));
#4395=CARTESIAN_POINT('',(-0.180154717375816,0.0332565038647096,0.101268330540989));
#4396=CARTESIAN_POINT('',(-0.180154719459787,0.0332565038648207,0.101268342358436));
#4397=CARTESIAN_POINT('',(-0.181827836678115,0.036393784734148,0.100973326650957));
#4398=CARTESIAN_POINT('',(-0.181827832419105,0.0363937767475004,0.100973327401935));
#4399=CARTESIAN_POINT('',(-0.18208489844325,0.0367455170294882,0.10133417037081));
#4400=CARTESIAN_POINT('',(-0.180224178730906,0.0332565038648456,0.101662265459632));
#4401=CARTESIAN_POINT('',(-0.182302428190982,0.0371320966520565,0.101362351083867));
#4402=CARTESIAN_POINT('',(-0.182221590409674,0.0371320966520565,0.100903897244329));
#4403=CARTESIAN_POINT('',(-0.181394700179862,0.0371319537604453,0.101049700301934));
#4404=CARTESIAN_POINT('',(-0.181394709397815,0.0371319537620382,0.101049698676555));
#4405=CARTESIAN_POINT('',(-0.181858089574198,0.0371319545480269,0.101374165396353));
#4406=CARTESIAN_POINT('',(-0.182291049680726,0.0371320966520565,0.101297820345536));
#4407=CARTESIAN_POINT('',(-0.18139472822222,0.0274148655379227,0.101049695357304));
#4408=CARTESIAN_POINT('',(-0.18139472822222,0.0274148655379227,0.101049695357304));
#4409=CARTESIAN_POINT('',(-0.181394738260697,0.0421410378679961,0.101049697460313));
#4410=CARTESIAN_POINT('',(-0.181394699694088,0.0421409813034285,0.101049700387584));
#4411=CARTESIAN_POINT('',(-0.181858109681328,0.0421409703546357,0.101374159348414));
#4412=CARTESIAN_POINT('',(-0.181858110594491,0.0274148663247758,0.101374159187443));
#4413=CARTESIAN_POINT('',(-0.180568222698832,0.042141099235622,0.101195418395661));
#4414=CARTESIAN_POINT('',(-0.180568224782611,0.042141099235622,0.101195430213356));
#4415=CARTESIAN_POINT('',(-0.180961970259259,0.0428791299581489,0.101126002262291));
#4416=CARTESIAN_POINT('',(-0.180961970259259,0.042879129958149,0.101126002262291));
#4417=CARTESIAN_POINT('',(-0.181219496503285,0.0432305999328134,0.101486764081983));
#4418=CARTESIAN_POINT('',(-0.180637684053676,0.042141099235622,0.101589353314561));
#4419=CARTESIAN_POINT('',(-0.18096407897805,0.0428779665280279,0.101125630437724));
#4420=CARTESIAN_POINT('',(-0.18096337607167,0.04287835433791,0.101125754379084));
#4421=CARTESIAN_POINT('',(-0.180962673165291,0.042878742147792,0.101125878320444));
#4422=CARTESIAN_POINT('',(-0.180961970258911,0.0428791299576741,0.101126002261803));
#4423=CARTESIAN_POINT('',(-0.180844830869355,0.0429437584973551,0.101146657096691));
#4424=CARTESIAN_POINT('',(-0.18071064178515,0.0429805907791927,0.101170318252743));
#4425=CARTESIAN_POINT('',(-0.18056795233864,0.0429805905177907,0.10119547825203));
#4426=CARTESIAN_POINT('',(-0.180567085249685,0.0429805905162022,0.101195631143207));
#4427=CARTESIAN_POINT('',(-0.18056621816073,0.0429805905146137,0.101195784034385));
#4428=CARTESIAN_POINT('',(-0.180565351071775,0.0429805905130252,0.101195936925562));
#4429=CARTESIAN_POINT('',(-0.181222607820663,0.0432288833461996,0.101486215472781));
#4430=CARTESIAN_POINT('',(-0.18122157070179,0.0432294555489534,0.101486398344821));
#4431=CARTESIAN_POINT('',(-0.181220533582917,0.0432300277517072,0.10148658121686));
#4432=CARTESIAN_POINT('',(-0.181219496464043,0.043230599954461,0.1014867640889));
#4433=CARTESIAN_POINT('',(-0.181046660542719,0.0433259575770766,0.101517239725072));
#4434=CARTESIAN_POINT('',(-0.180847199580829,0.0433805909162166,0.101552410074244));
#4435=CARTESIAN_POINT('',(-0.18063741081242,0.0433805905183281,0.101589401494364));
#4436=CARTESIAN_POINT('',(-0.180636135977256,0.0433805905159102,0.1015896262822));
#4437=CARTESIAN_POINT('',(-0.180634861142091,0.0433805905134923,0.101589851070035));
#4438=CARTESIAN_POINT('',(-0.180633586306927,0.0433805905110745,0.10159007585787));
#4439=CARTESIAN_POINT('',(-0.180961970259259,0.042879129958149,0.101126002262291));
#4440=CARTESIAN_POINT('',(-0.180841360569601,0.0429456731435182,0.101147269004712));
#4441=CARTESIAN_POINT('',(-0.180705031695189,0.0429805907694605,0.101171307463521));
#4442=CARTESIAN_POINT('',(-0.180567952338734,0.0429805905183312,0.101195478252562));
#4443=CARTESIAN_POINT('',(-0.180567952338734,0.0429805905183312,0.101195478252562));
#4444=CARTESIAN_POINT('',(-0.180567952338734,0.0429805905183312,0.101195478252562));
#4445=CARTESIAN_POINT('',(-0.180637362793399,0.0433805905152598,0.101589409961416));
#4446=CARTESIAN_POINT('',(-0.181219496503285,0.0432305999328134,0.101486764081983));
#4447=CARTESIAN_POINT('',(-0.181041204579415,0.0433289677597001,0.101518201758604));
#4448=CARTESIAN_POINT('',(-0.180840264258953,0.0433805909030547,0.101553632958613));
#4449=CARTESIAN_POINT('',(-0.180637362793399,0.0433805905182393,0.101589409961416));
#4450=CARTESIAN_POINT('',(-0.190116677351755,0.0429817920860267,0.0995117804014006));
#4451=CARTESIAN_POINT('',(-0.190116677351755,0.0429817920860267,0.0995117804014006));
#4452=CARTESIAN_POINT('',(-0.179741064172673,0.0429805237641042,0.101341280946267));
#4453=CARTESIAN_POINT('',(-0.179741064157767,0.0429804864665207,0.101341280948895));
#4454=CARTESIAN_POINT('',(-0.17981052590702,0.043380541718026,0.101735203612269));
#4455=CARTESIAN_POINT('',(-0.19018608780642,0.0433817920829553,0.0999057121102542));
#4456=CARTESIAN_POINT('',(-0.179740883924321,0.0421413153164177,0.101341300543799));
#4457=CARTESIAN_POINT('',(-0.179740886008091,0.0421413153164211,0.10134131236149));
#4458=CARTESIAN_POINT('',(-0.178914421959706,0.0421410510769434,0.101487040271806));
#4459=CARTESIAN_POINT('',(-0.178914453606177,0.0421410510922893,0.101487034691679));
#4460=CARTESIAN_POINT('',(-0.178589960966228,0.0421410502518608,0.101950396457534));
#4461=CARTESIAN_POINT('',(-0.17981034527915,0.0421413153164243,0.101735235462696));
#4462=CARTESIAN_POINT('',(-0.178914483881827,0.0274148592129047,0.101487029353265));
#4463=CARTESIAN_POINT('',(-0.178914483881827,0.0274148592129047,0.101487029353265));
#4464=CARTESIAN_POINT('',(-0.178914478826304,0.0371320232007057,0.10148703024469));
#4465=CARTESIAN_POINT('',(-0.178914463904262,0.0371320232024522,0.101487032875849));
#4466=CARTESIAN_POINT('',(-0.178590008354886,0.03713203385407,0.101950414977771));
#4467=CARTESIAN_POINT('',(-0.178590020051691,0.0274148583778565,0.101950411725536));
#4468=CARTESIAN_POINT('',(-0.178168001186213,0.0371321200296974,0.102091362114593));
#4469=CARTESIAN_POINT('',(-0.178087163404847,0.0371321200297227,0.101632908275049));
#4470=CARTESIAN_POINT('',(-0.178481525513482,0.0363936418815787,0.101563371595128));
#4471=CARTESIAN_POINT('',(-0.178481528142674,0.0363936369286599,0.10156337113153));
#4472=CARTESIAN_POINT('',(-0.178363397742367,0.036745385877844,0.101990371353101));
#4473=CARTESIAN_POINT('',(-0.17815662267594,0.0371321200297072,0.102026831376249));
#4474=CARTESIAN_POINT('',(-0.180154503539347,0.0332563879298464,0.101268368245962));
#4475=CARTESIAN_POINT('',(-0.180154505623064,0.0332563879298682,0.10126838006362));
#4476=CARTESIAN_POINT('',(-0.176642354805515,0.0331589551042714,0.10188766664629));
#4477=CARTESIAN_POINT('',(-0.176642355934911,0.0331589551362284,0.101887666813928));
#4478=CARTESIAN_POINT('',(-0.176318033016979,0.0331480445815601,0.102351024339576));
#4479=CARTESIAN_POINT('',(-0.180223964894119,0.0332563879298731,0.101662303164827));
#4480=CARTESIAN_POINT('',(-0.175897009048503,0.0331361552246357,0.102491799301421));
#4481=CARTESIAN_POINT('',(-0.175816171267245,0.0331361552246008,0.102033345461885));
#4482=CARTESIAN_POINT('',(-0.176229169981777,0.032409185412343,0.101960522645515));
#4483=CARTESIAN_POINT('',(-0.17622916370138,0.0324091964672424,0.101960523752919));
#4484=CARTESIAN_POINT('',(-0.176101659623503,0.0327555983458683,0.102389182193067));
#4485=CARTESIAN_POINT('',(-0.175885630538275,0.0331361552246222,0.102427268563097));
#4486=CARTESIAN_POINT('',(-0.184516241058937,0.0372677351646246,0.100499288423563));
#4487=CARTESIAN_POINT('',(-0.184516241058937,0.0372677351646246,0.100499288423563));
#4488=CARTESIAN_POINT('',(-0.18438873321481,0.0376141420637972,0.100927942141489));
#4489=CARTESIAN_POINT('',(-0.215957575718636,0.0542459699624115,0.0949553206248855));
#4490=CARTESIAN_POINT('',(-0.21602703707723,0.0542459699642737,0.0953492555466918));
#4491=CARTESIAN_POINT('',(-0.164727148859821,0.0823,0.104394809946749));
#4492=CARTESIAN_POINT('',(-0.166381103156526,0.141,0.103697002534627));
#4493=MECHANICAL_DESIGN_GEOMETRIC_PRESENTATION_REPRESENTATION('',(#2653),
#4494);
#4494=(
GEOMETRIC_REPRESENTATION_CONTEXT(3)
GLOBAL_UNCERTAINTY_ASSIGNED_CONTEXT((#4495))
GLOBAL_UNIT_ASSIGNED_CONTEXT((#4498,#4497,#4496))
REPRESENTATION_CONTEXT('Jackpot3 Lid','TOP_LEVEL_ASSEMBLY_PART')
);
#4495=UNCERTAINTY_MEASURE_WITH_UNIT(LENGTH_MEASURE(2.E-5),#4498,
'DISTANCE_ACCURACY_VALUE','Maximum Tolerance applied to model');
#4496=(
NAMED_UNIT(*)
SI_UNIT($,.STERADIAN.)
SOLID_ANGLE_UNIT()
);
#4497=(
NAMED_UNIT(*)
PLANE_ANGLE_UNIT()
SI_UNIT($,.RADIAN.)
);
#4498=(
LENGTH_UNIT()
NAMED_UNIT(*)
SI_UNIT($,.METRE.)
);
#4499=PRODUCT_DEFINITION_SHAPE('','',#4500);
#4500=PRODUCT_DEFINITION('','',#4502,#4501);
#4501=PRODUCT_DEFINITION_CONTEXT('',#4508,'design');
#4502=PRODUCT_DEFINITION_FORMATION_WITH_SPECIFIED_SOURCE('','',#4504,
 .NOT_KNOWN.);
#4503=PRODUCT_RELATED_PRODUCT_CATEGORY('','',(#4504));
#4504=PRODUCT('Jackpot3 Lid','Jackpot3 Lid','Jackpot3 Lid',(#4506));
#4505=PRODUCT_CATEGORY('','');
#4506=PRODUCT_CONTEXT('',#4508,'mechanical');
#4507=APPLICATION_PROTOCOL_DEFINITION('international standard',
'ap242_managed_model_based_3d_engineering',2011,#4508);
#4508=APPLICATION_CONTEXT('managed model based 3d engineering');
ENDSEC;
END-ISO-10303-21;
